-- phpMyAdmin SQL Dump
-- version 5.2.1
-- https://www.phpmyadmin.net/
--
-- Servidor: localhost:3306
-- Tiempo de generaci칩n: 21-01-2025 a las 15:28:58
-- Versi칩n del servidor: 5.7.30
-- Versi칩n de PHP: 8.2.11

SET SQL_MODE = "NO_AUTO_VALUE_ON_ZERO";
START TRANSACTION;
SET time_zone = "+00:00";


/*!40101 SET @OLD_CHARACTER_SET_CLIENT=@@CHARACTER_SET_CLIENT */;
/*!40101 SET @OLD_CHARACTER_SET_RESULTS=@@CHARACTER_SET_RESULTS */;
/*!40101 SET @OLD_COLLATION_CONNECTION=@@COLLATION_CONNECTION */;
/*!40101 SET NAMES utf8mb4 */;

--
-- Base de datos: `mejicapp_scic`
--

-- --------------------------------------------------------

--
-- Estructura de tabla para la tabla `clientes`
--

CREATE TABLE `clientes` (
  `id` bigint(20) UNSIGNED NOT NULL,
  `numero` varchar(255) COLLATE utf8mb4_unicode_ci DEFAULT NULL,
  `nombre` varchar(255) COLLATE utf8mb4_unicode_ci NOT NULL,
  `telefono` varchar(255) COLLATE utf8mb4_unicode_ci DEFAULT NULL,
  `estado` varchar(255) COLLATE utf8mb4_unicode_ci DEFAULT NULL,
  `ciudad` varchar(255) COLLATE utf8mb4_unicode_ci DEFAULT NULL,
  `email` varchar(255) COLLATE utf8mb4_unicode_ci DEFAULT NULL,
  `empresa` varchar(255) COLLATE utf8mb4_unicode_ci DEFAULT NULL,
  `razon` varchar(255) COLLATE utf8mb4_unicode_ci DEFAULT NULL,
  `rfc` varchar(255) COLLATE utf8mb4_unicode_ci DEFAULT NULL,
  `created_at` timestamp NULL DEFAULT NULL,
  `updated_at` timestamp NULL DEFAULT NULL
) ENGINE=InnoDB DEFAULT CHARSET=utf8mb4 COLLATE=utf8mb4_unicode_ci;

--
-- Volcado de datos para la tabla `clientes`
--

INSERT INTO `clientes` (`id`, `numero`, `nombre`, `telefono`, `estado`, `ciudad`, `email`, `empresa`, `razon`, `rfc`, `created_at`, `updated_at`) VALUES
(14, 'Pruebas', 'yo', '476', 'gto', 'src', 'el duv', 'aydee', 'rif', 'gcsfg', '2024-11-15 01:33:14', '2024-11-15 01:33:14'),
(15, '1307', 'Alejandro Murillo', '4361088082', 'Purepero', 'Michoacan', NULL, NULL, NULL, NULL, '2024-12-02 23:25:40', '2024-12-02 23:25:40'),
(16, '274', 'Oscar Ricardo', '8442075669', 'Cohahuila', 'Saltillo', NULL, NULL, NULL, NULL, '2025-01-20 23:25:09', '2025-01-20 23:25:09'),
(17, '1220', 'Ribers', '4641766180', 'Guanajuato', 'Salamanca', NULL, NULL, NULL, NULL, '2025-01-21 05:46:08', '2025-01-21 05:46:08');

-- --------------------------------------------------------

--
-- Estructura de tabla para la tabla `consumibles`
--

CREATE TABLE `consumibles` (
  `id` bigint(20) UNSIGNED NOT NULL,
  `nombre` varchar(255) COLLATE utf8mb4_unicode_ci NOT NULL,
  `tipo` varchar(255) COLLATE utf8mb4_unicode_ci NOT NULL,
  `precio` decimal(10,2) UNSIGNED NOT NULL,
  `descripcion` varchar(255) COLLATE utf8mb4_unicode_ci DEFAULT NULL,
  `created_at` timestamp NULL DEFAULT NULL,
  `updated_at` timestamp NULL DEFAULT NULL
) ENGINE=InnoDB DEFAULT CHARSET=utf8mb4 COLLATE=utf8mb4_unicode_ci;

--
-- Volcado de datos para la tabla `consumibles`
--

INSERT INTO `consumibles` (`id`, `nombre`, `tipo`, `precio`, `descripcion`, `created_at`, `updated_at`) VALUES
(5, 'Etiqueta lengua Aydee', 'Marca', 1.41, NULL, '2024-11-15 00:41:55', '2024-11-15 00:41:55'),
(6, 'Sintetico', 'Control calidad', 1.41, 'Elvis', '2024-11-15 00:42:57', '2024-11-20 05:11:57'),
(7, 'Transfer Aydee', 'Marca plantilla', 0.50, NULL, '2024-11-15 00:43:29', '2024-11-15 00:43:29'),
(8, '361 90cm negra', 'Agujeta', 2.02, 'Kheter', '2024-11-20 05:04:45', '2024-11-20 05:09:03'),
(9, '361 110cm negra', 'Agujeta', 2.52, 'Kheter', '2024-11-20 05:05:33', '2024-11-20 05:08:42'),
(10, '361 130cm negra', 'Agujeta', 2.90, 'Kheter', '2024-11-20 05:06:09', '2024-11-20 05:08:55'),
(11, 'Americana plana 110cm Bca', 'Agujeta', 1.21, 'Kheter', '2024-11-20 05:06:43', '2024-11-20 05:09:36'),
(12, 'PVC Puma', 'Aplicacion', 10.00, 'CMD Moldes', '2024-11-20 05:08:27', '2024-11-20 05:08:27'),
(13, 'Textil', 'Control calidad', 1.41, NULL, '2024-11-20 05:10:35', '2024-11-20 05:11:47'),
(14, 'Etiqueta lengua autoaderente Aydee', 'Marca', 1.50, NULL, '2024-12-02 23:09:53', '2024-12-02 23:09:53'),
(15, 'PVC Fox - 60', 'Aplicacion', 16.00, 'CMD Moldes', '2024-12-02 23:10:41', '2024-12-02 23:10:41'),
(16, 'Gancho dielectrico', 'Ojillo', 15.00, 'Italatek', '2024-12-02 23:12:34', '2024-12-02 23:12:34'),
(17, 'PVC AD2-2200', 'Aplicacion', 12.00, 'CMD Moldes', '2025-01-21 05:06:09', '2025-01-21 05:06:09'),
(18, 'Bandera Ribers', 'Aplicacion plastisol', 2.00, 'CMD Moldes', '2025-01-21 05:08:15', '2025-01-21 05:08:15'),
(19, 'Marca Lengua RB', 'Aplicacion plastisol', 3.00, 'CMD Moldes', '2025-01-21 05:15:16', '2025-01-21 05:15:16'),
(20, 'Pala plastisol Xport', 'Aplicacion plastisol', 29.00, NULL, '2025-01-21 05:17:44', '2025-01-21 05:17:44');

-- --------------------------------------------------------

--
-- Estructura de tabla para la tabla `costes`
--

CREATE TABLE `costes` (
  `id` bigint(20) UNSIGNED NOT NULL,
  `nombre` varchar(255) COLLATE utf8mb4_unicode_ci NOT NULL,
  `monto` decimal(10,2) NOT NULL,
  `descripcion` varchar(255) COLLATE utf8mb4_unicode_ci DEFAULT NULL,
  `created_at` timestamp NULL DEFAULT NULL,
  `updated_at` timestamp NULL DEFAULT NULL
) ENGINE=InnoDB DEFAULT CHARSET=utf8mb4 COLLATE=utf8mb4_unicode_ci;

--
-- Volcado de datos para la tabla `costes`
--

INSERT INTO `costes` (`id`, `nombre`, `monto`, `descripcion`, `created_at`, `updated_at`) VALUES
(4, 'Celaste', 1.31, 'Corte', '2024-11-14 23:07:04', '2024-11-14 23:07:04'),
(5, 'Grapa 916-C', 0.05, 'Corte', '2024-11-14 23:07:46', '2024-11-14 23:07:46'),
(6, 'Casquillo 1443', 17.70, 'Montado', '2024-11-14 23:08:43', '2024-11-14 23:08:43'),
(7, 'Tachuelas 1.5', 0.07, 'Montado', '2024-11-14 23:09:13', '2024-11-14 23:09:13'),
(8, 'Pegamento SQ Ambar', 1.51, 'Montado', '2024-11-14 23:09:39', '2024-11-14 23:09:39'),
(9, 'Lavador Eva', 1.35, 'Ensuelado', '2024-11-14 23:10:18', '2024-11-14 23:10:18'),
(10, 'Primer Eva', 2.03, 'Ensuelado', '2024-11-14 23:10:54', '2024-11-14 23:10:54'),
(11, 'Fibra verde', 0.22, 'Ensuelado', '2024-11-14 23:11:43', '2024-11-14 23:11:43'),
(12, 'Cepillo halogenar #8', 0.04, 'Ensuelado', '2024-11-14 23:12:36', '2024-11-14 23:18:10'),
(13, 'Pegamento ensuelar ADH PVC-1600', 1.54, 'Ensuelado', '2024-11-14 23:13:25', '2024-11-14 23:13:25'),
(14, 'Desmoldante', 0.02, 'Ensuelado', '2024-11-14 23:14:01', '2024-11-14 23:14:01'),
(15, 'Pegamento guayul', 0.10, 'Adorno', '2024-11-14 23:14:33', '2024-11-14 23:14:33'),
(18, 'Etiqueta caja', 0.75, 'Adorno', '2024-11-14 23:16:30', '2024-11-14 23:16:30'),
(19, 'Lavador', 0.41, 'Adorno', '2024-11-14 23:16:49', '2024-11-14 23:16:49'),
(20, 'Quita rayas', 0.46, 'Adorno', '2024-11-14 23:17:12', '2024-11-14 23:17:12'),
(21, 'Alogenador', 0.25, 'Ensuelado', '2024-11-14 23:18:01', '2024-11-14 23:18:01'),
(26, 'Tijeras textileras', 0.02, 'Adorno', '2024-11-14 23:21:42', '2024-11-14 23:21:42'),
(27, 'Encendedor', 0.10, 'Adorno', '2024-11-14 23:22:13', '2024-11-14 23:22:13'),
(28, 'Goma crepe', 0.02, 'Adorno', '2024-11-14 23:22:38', '2024-11-14 23:22:38'),
(29, 'Kolaloka Green', 0.05, 'Adorno', '2024-11-14 23:22:58', '2024-11-14 23:22:58'),
(30, 'Soporte manzana', 0.63, 'Adorno', '2024-11-14 23:23:21', '2024-11-14 23:23:21'),
(31, 'Papel pa침al', 0.12, 'Adorno', '2024-11-14 23:23:43', '2024-11-14 23:23:43'),
(32, 'Caja SB cafe', 4.78, 'Adorno', '2024-11-14 23:24:23', '2024-11-14 23:24:23'),
(33, 'Caja 52z', 1.21, 'Embalaje', '2024-11-14 23:25:17', '2024-11-14 23:25:17'),
(34, 'Fleje', 0.30, 'Embalaje', '2024-11-14 23:25:54', '2024-11-14 23:25:54'),
(35, 'Rayador termico', 0.15, 'Ensuelado', '2024-11-14 23:26:21', '2024-11-14 23:26:21'),
(36, 'Rayador Holsten plata', 0.10, 'Rayado', '2024-11-14 23:26:50', '2024-11-14 23:26:50'),
(37, 'Rayador YHG', 0.05, 'Rayado', '2024-11-14 23:27:21', '2024-11-14 23:27:21'),
(38, 'Lapiz blanco Prismacolor', 1.50, 'Rayado', '2024-11-14 23:28:01', '2024-11-14 23:28:01'),
(39, 'Crayola Blanca', 0.02, 'Corte', '2024-11-14 23:28:40', '2024-11-14 23:28:40'),
(40, 'Cinta canela', 0.10, 'Embalaje', '2024-11-14 23:29:03', '2024-11-14 23:29:03');

-- --------------------------------------------------------

--
-- Estructura de tabla para la tabla `costos`
--

CREATE TABLE `costos` (
  `id` bigint(20) UNSIGNED NOT NULL,
  `nombre` varchar(255) COLLATE utf8mb4_unicode_ci NOT NULL,
  `total` decimal(10,2) NOT NULL,
  `descripcion` varchar(255) COLLATE utf8mb4_unicode_ci DEFAULT NULL,
  `created_at` timestamp NULL DEFAULT NULL,
  `updated_at` timestamp NULL DEFAULT NULL
) ENGINE=InnoDB DEFAULT CHARSET=utf8mb4 COLLATE=utf8mb4_unicode_ci;

--
-- Volcado de datos para la tabla `costos`
--

INSERT INTO `costos` (`id`, `nombre`, `total`, `descripcion`, `created_at`, `updated_at`) VALUES
(6, 'Mano de obra', 42.33, 'Gastos de produccion', '2024-11-14 22:59:58', '2025-01-21 05:26:30'),
(7, 'Pespunte 18', 18.00, NULL, '2024-11-14 23:01:07', '2024-11-14 23:01:07'),
(8, 'Pespunte 19', 19.00, NULL, '2024-11-14 23:01:21', '2024-11-14 23:01:21'),
(9, 'Pespunte 20', 20.00, NULL, '2024-11-14 23:01:32', '2024-11-14 23:01:32'),
(10, 'Pespunte 21', 21.00, NULL, '2024-11-14 23:01:43', '2024-11-14 23:01:43'),
(11, 'Pespunte 22', 22.00, NULL, '2024-11-14 23:01:56', '2024-11-14 23:01:56'),
(12, 'Pespunte 23', 23.00, NULL, '2024-11-14 23:02:30', '2024-11-14 23:02:30'),
(13, 'Pespunte 24', 24.00, NULL, '2024-11-14 23:02:43', '2024-11-14 23:02:43'),
(14, 'Pespunte 25', 25.00, NULL, '2024-11-14 23:02:55', '2024-11-14 23:02:55');

-- --------------------------------------------------------

--
-- Estructura de tabla para la tabla `cotizaciones`
--

CREATE TABLE `cotizaciones` (
  `id` bigint(20) UNSIGNED NOT NULL,
  `descripcion` varchar(255) COLLATE utf8mb4_unicode_ci DEFAULT NULL,
  `color` varchar(255) COLLATE utf8mb4_unicode_ci DEFAULT NULL,
  `precio` decimal(10,2) NOT NULL,
  `estado` varchar(255) COLLATE utf8mb4_unicode_ci NOT NULL,
  `idModelo` bigint(20) UNSIGNED NOT NULL,
  `idCliente` bigint(20) UNSIGNED DEFAULT NULL,
  `observaciones` varchar(255) COLLATE utf8mb4_unicode_ci DEFAULT NULL,
  `created_at` timestamp NULL DEFAULT NULL,
  `updated_at` timestamp NULL DEFAULT NULL
) ENGINE=InnoDB DEFAULT CHARSET=utf8mb4 COLLATE=utf8mb4_unicode_ci;

--
-- Volcado de datos para la tabla `cotizaciones`
--

INSERT INTO `cotizaciones` (`id`, `descripcion`, `color`, `precio`, `estado`, `idModelo`, `idCliente`, `observaciones`, `created_at`, `updated_at`) VALUES
(125, 'Modelo Default', 'Negro', 473.31, 'Nota', 86, 14, NULL, '2024-11-15 01:42:30', '2024-11-15 01:48:39'),
(127, 'Default', 'Negro', 315.10, 'Nota', 86, 14, NULL, '2024-11-15 05:24:21', '2024-11-15 05:24:37'),
(128, 'Corte microfibra', 'Negro', 333.76, 'Nota', 86, 14, NULL, '2024-11-20 04:53:36', '2024-11-20 04:54:03'),
(129, 'Default', 'Negro', 230.87, 'Nota', 71, 14, NULL, '2024-11-20 05:25:26', '2024-11-20 05:25:36'),
(130, 'Default', 'Negro', 230.15, 'Nota', 71, 14, NULL, '2024-11-30 04:30:31', '2024-11-30 04:38:24'),
(131, 'default', 'negro', 332.09, 'Nota', 86, 14, NULL, '2024-11-30 04:34:36', '2024-11-30 04:38:24'),
(132, 'Default', 'Negro', 280.83, 'Nota', 88, 15, NULL, '2024-12-02 23:28:42', '2024-12-02 23:29:18'),
(133, 'default', 'negro', 278.83, 'Nota', 88, 14, 'no sale la suela', '2024-12-03 05:24:14', '2024-12-03 05:24:36'),
(134, 'NA', 'Negro', 244.99, 'Nota', 71, 16, 'Suela 2 puntos arriba', '2025-01-20 23:30:58', '2025-01-20 23:31:54'),
(135, '-', 'Negro', 244.73, 'Nota', 75, 17, 'NA', '2025-01-21 05:50:25', '2025-01-21 06:08:08'),
(136, 'NA', 'Marino', 264.04, 'Nota', 75, 17, 'NA', '2025-01-21 05:53:43', '2025-01-21 06:08:08'),
(137, 'NA', 'Negro/Fiusha', 271.60, 'Nota', 90, 17, 'NA', '2025-01-21 06:03:35', '2025-01-21 06:08:08'),
(138, 'NA', 'Negro', 230.74, 'Nota', 72, 17, 'Se corta un punto abajo', '2025-01-21 06:07:37', '2025-01-21 06:08:08');

-- --------------------------------------------------------

--
-- Estructura de tabla para la tabla `cotizacion_has_consumibles`
--

CREATE TABLE `cotizacion_has_consumibles` (
  `id` bigint(20) UNSIGNED NOT NULL,
  `idCotizacion` bigint(20) UNSIGNED NOT NULL,
  `idConsumible` bigint(20) UNSIGNED NOT NULL,
  `created_at` timestamp NULL DEFAULT NULL,
  `updated_at` timestamp NULL DEFAULT NULL
) ENGINE=InnoDB DEFAULT CHARSET=utf8mb4 COLLATE=utf8mb4_unicode_ci;

--
-- Volcado de datos para la tabla `cotizacion_has_consumibles`
--

INSERT INTO `cotizacion_has_consumibles` (`id`, `idCotizacion`, `idConsumible`, `created_at`, `updated_at`) VALUES
(114, 125, 5, '2024-11-15 01:42:31', '2024-11-15 01:42:31'),
(115, 125, 6, '2024-11-15 01:42:31', '2024-11-15 01:42:31'),
(116, 125, 7, '2024-11-15 01:42:31', '2024-11-15 01:42:31'),
(120, 127, 5, '2024-11-15 05:24:21', '2024-11-15 05:24:21'),
(121, 127, 6, '2024-11-15 05:24:21', '2024-11-15 05:24:21'),
(122, 127, 7, '2024-11-15 05:24:21', '2024-11-15 05:24:21'),
(123, 128, 5, '2024-11-20 04:53:36', '2024-11-20 04:53:36'),
(124, 128, 6, '2024-11-20 04:53:36', '2024-11-20 04:53:36'),
(125, 128, 7, '2024-11-20 04:53:36', '2024-11-20 04:53:36'),
(126, 129, 8, '2024-11-20 05:25:26', '2024-11-20 05:25:26'),
(127, 129, 5, '2024-11-20 05:25:26', '2024-11-20 05:25:26'),
(128, 129, 12, '2024-11-20 05:25:26', '2024-11-20 05:25:26'),
(129, 129, 13, '2024-11-20 05:25:26', '2024-11-20 05:25:26'),
(130, 129, 7, '2024-11-20 05:25:26', '2024-11-20 05:25:26'),
(131, 130, 8, '2024-11-30 04:30:32', '2024-11-30 04:30:32'),
(132, 130, 5, '2024-11-30 04:30:32', '2024-11-30 04:30:32'),
(133, 130, 12, '2024-11-30 04:30:32', '2024-11-30 04:30:32'),
(134, 130, 13, '2024-11-30 04:30:32', '2024-11-30 04:30:32'),
(135, 130, 7, '2024-11-30 04:30:32', '2024-11-30 04:30:32'),
(136, 131, 5, '2024-11-30 04:34:36', '2024-11-30 04:34:36'),
(137, 131, 6, '2024-11-30 04:34:37', '2024-11-30 04:34:37'),
(138, 131, 7, '2024-11-30 04:34:37', '2024-11-30 04:34:37'),
(139, 132, 9, '2024-12-02 23:28:42', '2024-12-02 23:28:42'),
(140, 132, 14, '2024-12-02 23:28:42', '2024-12-02 23:28:42'),
(141, 132, 16, '2024-12-02 23:28:42', '2024-12-02 23:28:42'),
(142, 132, 15, '2024-12-02 23:28:42', '2024-12-02 23:28:42'),
(143, 132, 6, '2024-12-02 23:28:42', '2024-12-02 23:28:42'),
(144, 132, 7, '2024-12-02 23:28:42', '2024-12-02 23:28:42'),
(145, 133, 9, '2024-12-03 05:24:15', '2024-12-03 05:24:15'),
(146, 133, 16, '2024-12-03 05:24:15', '2024-12-03 05:24:15'),
(147, 133, 15, '2024-12-03 05:24:15', '2024-12-03 05:24:15'),
(148, 133, 6, '2024-12-03 05:24:15', '2024-12-03 05:24:15'),
(149, 134, 8, '2025-01-20 23:30:59', '2025-01-20 23:30:59'),
(150, 134, 5, '2025-01-20 23:30:59', '2025-01-20 23:30:59'),
(151, 134, 12, '2025-01-20 23:30:59', '2025-01-20 23:30:59'),
(152, 134, 13, '2025-01-20 23:30:59', '2025-01-20 23:30:59'),
(153, 135, 10, '2025-01-21 05:50:25', '2025-01-21 05:50:25'),
(154, 135, 19, '2025-01-21 05:50:25', '2025-01-21 05:50:25'),
(155, 135, 17, '2025-01-21 05:50:25', '2025-01-21 05:50:25'),
(156, 135, 13, '2025-01-21 05:50:25', '2025-01-21 05:50:25'),
(157, 136, 10, '2025-01-21 05:53:43', '2025-01-21 05:53:43'),
(158, 136, 19, '2025-01-21 05:53:43', '2025-01-21 05:53:43'),
(159, 136, 17, '2025-01-21 05:53:43', '2025-01-21 05:53:43'),
(160, 136, 13, '2025-01-21 05:53:43', '2025-01-21 05:53:43'),
(161, 137, 10, '2025-01-21 06:03:36', '2025-01-21 06:03:36'),
(162, 137, 19, '2025-01-21 06:03:36', '2025-01-21 06:03:36'),
(163, 137, 20, '2025-01-21 06:03:36', '2025-01-21 06:03:36'),
(164, 137, 13, '2025-01-21 06:03:36', '2025-01-21 06:03:36'),
(165, 138, 11, '2025-01-21 06:07:37', '2025-01-21 06:07:37'),
(166, 138, 19, '2025-01-21 06:07:37', '2025-01-21 06:07:37'),
(167, 138, 6, '2025-01-21 06:07:37', '2025-01-21 06:07:37');

-- --------------------------------------------------------

--
-- Estructura de tabla para la tabla `cotizacion_has_costes`
--

CREATE TABLE `cotizacion_has_costes` (
  `id` bigint(20) UNSIGNED NOT NULL,
  `idCotizacion` bigint(20) UNSIGNED NOT NULL,
  `idCoste` bigint(20) UNSIGNED NOT NULL,
  `created_at` timestamp NULL DEFAULT NULL,
  `updated_at` timestamp NULL DEFAULT NULL
) ENGINE=InnoDB DEFAULT CHARSET=utf8mb4 COLLATE=utf8mb4_unicode_ci;

--
-- Volcado de datos para la tabla `cotizacion_has_costes`
--

INSERT INTO `cotizacion_has_costes` (`id`, `idCotizacion`, `idCoste`, `created_at`, `updated_at`) VALUES
(72, 125, 4, '2024-11-15 01:42:31', '2024-11-15 01:42:31'),
(73, 125, 5, '2024-11-15 01:42:31', '2024-11-15 01:42:31'),
(74, 125, 6, '2024-11-15 01:42:31', '2024-11-15 01:42:31'),
(75, 125, 7, '2024-11-15 01:42:31', '2024-11-15 01:42:31'),
(76, 125, 8, '2024-11-15 01:42:31', '2024-11-15 01:42:31'),
(77, 125, 9, '2024-11-15 01:42:31', '2024-11-15 01:42:31'),
(78, 125, 10, '2024-11-15 01:42:31', '2024-11-15 01:42:31'),
(79, 125, 11, '2024-11-15 01:42:31', '2024-11-15 01:42:31'),
(80, 125, 12, '2024-11-15 01:42:31', '2024-11-15 01:42:31'),
(81, 125, 13, '2024-11-15 01:42:31', '2024-11-15 01:42:31'),
(82, 125, 14, '2024-11-15 01:42:31', '2024-11-15 01:42:31'),
(83, 125, 15, '2024-11-15 01:42:31', '2024-11-15 01:42:31'),
(84, 125, 18, '2024-11-15 01:42:31', '2024-11-15 01:42:31'),
(85, 125, 19, '2024-11-15 01:42:31', '2024-11-15 01:42:31'),
(86, 125, 20, '2024-11-15 01:42:31', '2024-11-15 01:42:31'),
(87, 125, 21, '2024-11-15 01:42:31', '2024-11-15 01:42:31'),
(89, 125, 26, '2024-11-15 01:42:31', '2024-11-15 01:42:31'),
(90, 125, 27, '2024-11-15 01:42:31', '2024-11-15 01:42:31'),
(91, 125, 28, '2024-11-15 01:42:31', '2024-11-15 01:42:31'),
(92, 125, 29, '2024-11-15 01:42:31', '2024-11-15 01:42:31'),
(93, 125, 30, '2024-11-15 01:42:31', '2024-11-15 01:42:31'),
(94, 125, 31, '2024-11-15 01:42:31', '2024-11-15 01:42:31'),
(95, 125, 32, '2024-11-15 01:42:31', '2024-11-15 01:42:31'),
(96, 125, 33, '2024-11-15 01:42:31', '2024-11-15 01:42:31'),
(97, 125, 34, '2024-11-15 01:42:31', '2024-11-15 01:42:31'),
(98, 125, 35, '2024-11-15 01:42:31', '2024-11-15 01:42:31'),
(99, 125, 36, '2024-11-15 01:42:31', '2024-11-15 01:42:31'),
(100, 125, 37, '2024-11-15 01:42:31', '2024-11-15 01:42:31'),
(101, 125, 39, '2024-11-15 01:42:31', '2024-11-15 01:42:31'),
(102, 125, 40, '2024-11-15 01:42:31', '2024-11-15 01:42:31'),
(134, 127, 4, '2024-11-15 05:24:21', '2024-11-15 05:24:21'),
(135, 127, 5, '2024-11-15 05:24:21', '2024-11-15 05:24:21'),
(136, 127, 6, '2024-11-15 05:24:21', '2024-11-15 05:24:21'),
(137, 127, 7, '2024-11-15 05:24:21', '2024-11-15 05:24:21'),
(138, 127, 8, '2024-11-15 05:24:21', '2024-11-15 05:24:21'),
(139, 127, 9, '2024-11-15 05:24:21', '2024-11-15 05:24:21'),
(140, 127, 10, '2024-11-15 05:24:21', '2024-11-15 05:24:21'),
(141, 127, 11, '2024-11-15 05:24:21', '2024-11-15 05:24:21'),
(142, 127, 12, '2024-11-15 05:24:21', '2024-11-15 05:24:21'),
(143, 127, 13, '2024-11-15 05:24:21', '2024-11-15 05:24:21'),
(144, 127, 14, '2024-11-15 05:24:21', '2024-11-15 05:24:21'),
(145, 127, 15, '2024-11-15 05:24:21', '2024-11-15 05:24:21'),
(146, 127, 18, '2024-11-15 05:24:21', '2024-11-15 05:24:21'),
(147, 127, 19, '2024-11-15 05:24:21', '2024-11-15 05:24:21'),
(148, 127, 20, '2024-11-15 05:24:21', '2024-11-15 05:24:21'),
(149, 127, 21, '2024-11-15 05:24:21', '2024-11-15 05:24:21'),
(151, 127, 26, '2024-11-15 05:24:21', '2024-11-15 05:24:21'),
(152, 127, 27, '2024-11-15 05:24:21', '2024-11-15 05:24:21'),
(153, 127, 28, '2024-11-15 05:24:21', '2024-11-15 05:24:21'),
(154, 127, 29, '2024-11-15 05:24:21', '2024-11-15 05:24:21'),
(155, 127, 30, '2024-11-15 05:24:21', '2024-11-15 05:24:21'),
(156, 127, 31, '2024-11-15 05:24:21', '2024-11-15 05:24:21'),
(157, 127, 32, '2024-11-15 05:24:21', '2024-11-15 05:24:21'),
(158, 127, 33, '2024-11-15 05:24:21', '2024-11-15 05:24:21'),
(159, 127, 34, '2024-11-15 05:24:21', '2024-11-15 05:24:21'),
(160, 127, 35, '2024-11-15 05:24:21', '2024-11-15 05:24:21'),
(161, 127, 36, '2024-11-15 05:24:21', '2024-11-15 05:24:21'),
(162, 127, 37, '2024-11-15 05:24:21', '2024-11-15 05:24:21'),
(163, 127, 39, '2024-11-15 05:24:21', '2024-11-15 05:24:21'),
(164, 127, 40, '2024-11-15 05:24:21', '2024-11-15 05:24:21'),
(165, 128, 4, '2024-11-20 04:53:36', '2024-11-20 04:53:36'),
(166, 128, 5, '2024-11-20 04:53:36', '2024-11-20 04:53:36'),
(167, 128, 6, '2024-11-20 04:53:36', '2024-11-20 04:53:36'),
(168, 128, 7, '2024-11-20 04:53:36', '2024-11-20 04:53:36'),
(169, 128, 8, '2024-11-20 04:53:36', '2024-11-20 04:53:36'),
(170, 128, 9, '2024-11-20 04:53:36', '2024-11-20 04:53:36'),
(171, 128, 10, '2024-11-20 04:53:36', '2024-11-20 04:53:36'),
(172, 128, 11, '2024-11-20 04:53:36', '2024-11-20 04:53:36'),
(173, 128, 12, '2024-11-20 04:53:36', '2024-11-20 04:53:36'),
(174, 128, 13, '2024-11-20 04:53:36', '2024-11-20 04:53:36'),
(175, 128, 14, '2024-11-20 04:53:36', '2024-11-20 04:53:36'),
(176, 128, 15, '2024-11-20 04:53:36', '2024-11-20 04:53:36'),
(177, 128, 18, '2024-11-20 04:53:36', '2024-11-20 04:53:36'),
(178, 128, 19, '2024-11-20 04:53:36', '2024-11-20 04:53:36'),
(179, 128, 20, '2024-11-20 04:53:36', '2024-11-20 04:53:36'),
(180, 128, 21, '2024-11-20 04:53:36', '2024-11-20 04:53:36'),
(182, 128, 26, '2024-11-20 04:53:36', '2024-11-20 04:53:36'),
(183, 128, 27, '2024-11-20 04:53:36', '2024-11-20 04:53:36'),
(184, 128, 28, '2024-11-20 04:53:36', '2024-11-20 04:53:36'),
(185, 128, 29, '2024-11-20 04:53:36', '2024-11-20 04:53:36'),
(186, 128, 30, '2024-11-20 04:53:36', '2024-11-20 04:53:36'),
(187, 128, 31, '2024-11-20 04:53:36', '2024-11-20 04:53:36'),
(188, 128, 32, '2024-11-20 04:53:36', '2024-11-20 04:53:36'),
(189, 128, 33, '2024-11-20 04:53:36', '2024-11-20 04:53:36'),
(190, 128, 34, '2024-11-20 04:53:36', '2024-11-20 04:53:36'),
(191, 128, 35, '2024-11-20 04:53:36', '2024-11-20 04:53:36'),
(192, 128, 36, '2024-11-20 04:53:36', '2024-11-20 04:53:36'),
(193, 128, 37, '2024-11-20 04:53:36', '2024-11-20 04:53:36'),
(194, 128, 39, '2024-11-20 04:53:36', '2024-11-20 04:53:36'),
(195, 128, 40, '2024-11-20 04:53:36', '2024-11-20 04:53:36'),
(196, 129, 4, '2024-11-20 05:25:26', '2024-11-20 05:25:26'),
(197, 129, 5, '2024-11-20 05:25:26', '2024-11-20 05:25:26'),
(198, 129, 6, '2024-11-20 05:25:26', '2024-11-20 05:25:26'),
(199, 129, 7, '2024-11-20 05:25:26', '2024-11-20 05:25:26'),
(200, 129, 8, '2024-11-20 05:25:26', '2024-11-20 05:25:26'),
(201, 129, 9, '2024-11-20 05:25:26', '2024-11-20 05:25:26'),
(202, 129, 10, '2024-11-20 05:25:26', '2024-11-20 05:25:26'),
(203, 129, 11, '2024-11-20 05:25:26', '2024-11-20 05:25:26'),
(204, 129, 12, '2024-11-20 05:25:26', '2024-11-20 05:25:26'),
(205, 129, 13, '2024-11-20 05:25:26', '2024-11-20 05:25:26'),
(206, 129, 14, '2024-11-20 05:25:26', '2024-11-20 05:25:26'),
(207, 129, 15, '2024-11-20 05:25:26', '2024-11-20 05:25:26'),
(208, 129, 18, '2024-11-20 05:25:26', '2024-11-20 05:25:26'),
(209, 129, 19, '2024-11-20 05:25:26', '2024-11-20 05:25:26'),
(210, 129, 20, '2024-11-20 05:25:26', '2024-11-20 05:25:26'),
(211, 129, 21, '2024-11-20 05:25:26', '2024-11-20 05:25:26'),
(212, 129, 26, '2024-11-20 05:25:26', '2024-11-20 05:25:26'),
(213, 129, 27, '2024-11-20 05:25:26', '2024-11-20 05:25:26'),
(214, 129, 28, '2024-11-20 05:25:26', '2024-11-20 05:25:26'),
(215, 129, 29, '2024-11-20 05:25:26', '2024-11-20 05:25:26'),
(216, 129, 30, '2024-11-20 05:25:26', '2024-11-20 05:25:26'),
(217, 129, 31, '2024-11-20 05:25:26', '2024-11-20 05:25:26'),
(218, 129, 32, '2024-11-20 05:25:26', '2024-11-20 05:25:26'),
(219, 129, 33, '2024-11-20 05:25:26', '2024-11-20 05:25:26'),
(220, 129, 34, '2024-11-20 05:25:26', '2024-11-20 05:25:26'),
(221, 129, 35, '2024-11-20 05:25:26', '2024-11-20 05:25:26'),
(222, 129, 36, '2024-11-20 05:25:26', '2024-11-20 05:25:26'),
(223, 129, 37, '2024-11-20 05:25:26', '2024-11-20 05:25:26'),
(224, 129, 38, '2024-11-20 05:25:26', '2024-11-20 05:25:26'),
(225, 129, 39, '2024-11-20 05:25:26', '2024-11-20 05:25:26'),
(226, 129, 40, '2024-11-20 05:25:26', '2024-11-20 05:25:26'),
(227, 130, 4, '2024-11-30 04:30:31', '2024-11-30 04:30:31'),
(228, 130, 5, '2024-11-30 04:30:31', '2024-11-30 04:30:31'),
(229, 130, 6, '2024-11-30 04:30:31', '2024-11-30 04:30:31'),
(230, 130, 7, '2024-11-30 04:30:31', '2024-11-30 04:30:31'),
(231, 130, 8, '2024-11-30 04:30:31', '2024-11-30 04:30:31'),
(232, 130, 9, '2024-11-30 04:30:31', '2024-11-30 04:30:31'),
(233, 130, 10, '2024-11-30 04:30:31', '2024-11-30 04:30:31'),
(234, 130, 11, '2024-11-30 04:30:31', '2024-11-30 04:30:31'),
(235, 130, 12, '2024-11-30 04:30:31', '2024-11-30 04:30:31'),
(236, 130, 13, '2024-11-30 04:30:31', '2024-11-30 04:30:31'),
(237, 130, 14, '2024-11-30 04:30:31', '2024-11-30 04:30:31'),
(238, 130, 15, '2024-11-30 04:30:31', '2024-11-30 04:30:31'),
(239, 130, 18, '2024-11-30 04:30:31', '2024-11-30 04:30:31'),
(240, 130, 19, '2024-11-30 04:30:31', '2024-11-30 04:30:31'),
(241, 130, 20, '2024-11-30 04:30:31', '2024-11-30 04:30:31'),
(242, 130, 21, '2024-11-30 04:30:31', '2024-11-30 04:30:31'),
(243, 130, 26, '2024-11-30 04:30:31', '2024-11-30 04:30:31'),
(244, 130, 27, '2024-11-30 04:30:31', '2024-11-30 04:30:31'),
(245, 130, 28, '2024-11-30 04:30:31', '2024-11-30 04:30:31'),
(246, 130, 29, '2024-11-30 04:30:31', '2024-11-30 04:30:31'),
(247, 130, 30, '2024-11-30 04:30:31', '2024-11-30 04:30:31'),
(248, 130, 31, '2024-11-30 04:30:32', '2024-11-30 04:30:32'),
(249, 130, 32, '2024-11-30 04:30:32', '2024-11-30 04:30:32'),
(250, 130, 33, '2024-11-30 04:30:32', '2024-11-30 04:30:32'),
(251, 130, 34, '2024-11-30 04:30:32', '2024-11-30 04:30:32'),
(252, 130, 35, '2024-11-30 04:30:32', '2024-11-30 04:30:32'),
(253, 130, 36, '2024-11-30 04:30:32', '2024-11-30 04:30:32'),
(254, 130, 37, '2024-11-30 04:30:32', '2024-11-30 04:30:32'),
(255, 130, 38, '2024-11-30 04:30:32', '2024-11-30 04:30:32'),
(256, 130, 39, '2024-11-30 04:30:32', '2024-11-30 04:30:32'),
(257, 130, 40, '2024-11-30 04:30:32', '2024-11-30 04:30:32'),
(258, 131, 4, '2024-11-30 04:34:36', '2024-11-30 04:34:36'),
(259, 131, 5, '2024-11-30 04:34:36', '2024-11-30 04:34:36'),
(260, 131, 6, '2024-11-30 04:34:36', '2024-11-30 04:34:36'),
(261, 131, 7, '2024-11-30 04:34:36', '2024-11-30 04:34:36'),
(262, 131, 8, '2024-11-30 04:34:36', '2024-11-30 04:34:36'),
(263, 131, 9, '2024-11-30 04:34:36', '2024-11-30 04:34:36'),
(264, 131, 10, '2024-11-30 04:34:36', '2024-11-30 04:34:36'),
(265, 131, 11, '2024-11-30 04:34:36', '2024-11-30 04:34:36'),
(266, 131, 12, '2024-11-30 04:34:36', '2024-11-30 04:34:36'),
(267, 131, 13, '2024-11-30 04:34:36', '2024-11-30 04:34:36'),
(268, 131, 14, '2024-11-30 04:34:36', '2024-11-30 04:34:36'),
(269, 131, 15, '2024-11-30 04:34:36', '2024-11-30 04:34:36'),
(270, 131, 18, '2024-11-30 04:34:36', '2024-11-30 04:34:36'),
(271, 131, 19, '2024-11-30 04:34:36', '2024-11-30 04:34:36'),
(272, 131, 20, '2024-11-30 04:34:36', '2024-11-30 04:34:36'),
(273, 131, 21, '2024-11-30 04:34:36', '2024-11-30 04:34:36'),
(274, 131, 26, '2024-11-30 04:34:36', '2024-11-30 04:34:36'),
(275, 131, 27, '2024-11-30 04:34:36', '2024-11-30 04:34:36'),
(276, 131, 28, '2024-11-30 04:34:36', '2024-11-30 04:34:36'),
(277, 131, 29, '2024-11-30 04:34:36', '2024-11-30 04:34:36'),
(278, 131, 30, '2024-11-30 04:34:36', '2024-11-30 04:34:36'),
(279, 131, 31, '2024-11-30 04:34:36', '2024-11-30 04:34:36'),
(280, 131, 32, '2024-11-30 04:34:36', '2024-11-30 04:34:36'),
(281, 131, 33, '2024-11-30 04:34:36', '2024-11-30 04:34:36'),
(282, 131, 34, '2024-11-30 04:34:36', '2024-11-30 04:34:36'),
(283, 131, 35, '2024-11-30 04:34:36', '2024-11-30 04:34:36'),
(284, 131, 36, '2024-11-30 04:34:36', '2024-11-30 04:34:36'),
(285, 131, 37, '2024-11-30 04:34:36', '2024-11-30 04:34:36'),
(286, 131, 39, '2024-11-30 04:34:36', '2024-11-30 04:34:36'),
(287, 131, 40, '2024-11-30 04:34:36', '2024-11-30 04:34:36'),
(288, 132, 4, '2024-12-02 23:28:42', '2024-12-02 23:28:42'),
(289, 132, 5, '2024-12-02 23:28:42', '2024-12-02 23:28:42'),
(290, 132, 6, '2024-12-02 23:28:42', '2024-12-02 23:28:42'),
(291, 132, 7, '2024-12-02 23:28:42', '2024-12-02 23:28:42'),
(292, 132, 8, '2024-12-02 23:28:42', '2024-12-02 23:28:42'),
(293, 132, 9, '2024-12-02 23:28:42', '2024-12-02 23:28:42'),
(294, 132, 10, '2024-12-02 23:28:42', '2024-12-02 23:28:42'),
(295, 132, 11, '2024-12-02 23:28:42', '2024-12-02 23:28:42'),
(296, 132, 12, '2024-12-02 23:28:42', '2024-12-02 23:28:42'),
(297, 132, 13, '2024-12-02 23:28:42', '2024-12-02 23:28:42'),
(298, 132, 14, '2024-12-02 23:28:42', '2024-12-02 23:28:42'),
(299, 132, 15, '2024-12-02 23:28:42', '2024-12-02 23:28:42'),
(300, 132, 18, '2024-12-02 23:28:42', '2024-12-02 23:28:42'),
(301, 132, 19, '2024-12-02 23:28:42', '2024-12-02 23:28:42'),
(302, 132, 20, '2024-12-02 23:28:42', '2024-12-02 23:28:42'),
(303, 132, 21, '2024-12-02 23:28:42', '2024-12-02 23:28:42'),
(304, 132, 26, '2024-12-02 23:28:42', '2024-12-02 23:28:42'),
(305, 132, 27, '2024-12-02 23:28:42', '2024-12-02 23:28:42'),
(306, 132, 28, '2024-12-02 23:28:42', '2024-12-02 23:28:42'),
(307, 132, 29, '2024-12-02 23:28:42', '2024-12-02 23:28:42'),
(308, 132, 30, '2024-12-02 23:28:42', '2024-12-02 23:28:42'),
(309, 132, 31, '2024-12-02 23:28:42', '2024-12-02 23:28:42'),
(310, 132, 32, '2024-12-02 23:28:42', '2024-12-02 23:28:42'),
(311, 132, 33, '2024-12-02 23:28:42', '2024-12-02 23:28:42'),
(312, 132, 34, '2024-12-02 23:28:42', '2024-12-02 23:28:42'),
(313, 132, 35, '2024-12-02 23:28:42', '2024-12-02 23:28:42'),
(314, 132, 36, '2024-12-02 23:28:42', '2024-12-02 23:28:42'),
(315, 132, 37, '2024-12-02 23:28:42', '2024-12-02 23:28:42'),
(316, 132, 38, '2024-12-02 23:28:42', '2024-12-02 23:28:42'),
(317, 132, 39, '2024-12-02 23:28:42', '2024-12-02 23:28:42'),
(318, 132, 40, '2024-12-02 23:28:42', '2024-12-02 23:28:42'),
(319, 133, 4, '2024-12-03 05:24:14', '2024-12-03 05:24:14'),
(320, 133, 5, '2024-12-03 05:24:14', '2024-12-03 05:24:14'),
(321, 133, 6, '2024-12-03 05:24:14', '2024-12-03 05:24:14'),
(322, 133, 7, '2024-12-03 05:24:14', '2024-12-03 05:24:14'),
(323, 133, 8, '2024-12-03 05:24:14', '2024-12-03 05:24:14'),
(324, 133, 9, '2024-12-03 05:24:14', '2024-12-03 05:24:14'),
(325, 133, 10, '2024-12-03 05:24:14', '2024-12-03 05:24:14'),
(326, 133, 11, '2024-12-03 05:24:15', '2024-12-03 05:24:15'),
(327, 133, 12, '2024-12-03 05:24:15', '2024-12-03 05:24:15'),
(328, 133, 13, '2024-12-03 05:24:15', '2024-12-03 05:24:15'),
(329, 133, 14, '2024-12-03 05:24:15', '2024-12-03 05:24:15'),
(330, 133, 15, '2024-12-03 05:24:15', '2024-12-03 05:24:15'),
(331, 133, 18, '2024-12-03 05:24:15', '2024-12-03 05:24:15'),
(332, 133, 19, '2024-12-03 05:24:15', '2024-12-03 05:24:15'),
(333, 133, 20, '2024-12-03 05:24:15', '2024-12-03 05:24:15'),
(334, 133, 21, '2024-12-03 05:24:15', '2024-12-03 05:24:15'),
(335, 133, 26, '2024-12-03 05:24:15', '2024-12-03 05:24:15'),
(336, 133, 27, '2024-12-03 05:24:15', '2024-12-03 05:24:15'),
(337, 133, 28, '2024-12-03 05:24:15', '2024-12-03 05:24:15'),
(338, 133, 29, '2024-12-03 05:24:15', '2024-12-03 05:24:15'),
(339, 133, 30, '2024-12-03 05:24:15', '2024-12-03 05:24:15'),
(340, 133, 31, '2024-12-03 05:24:15', '2024-12-03 05:24:15'),
(341, 133, 32, '2024-12-03 05:24:15', '2024-12-03 05:24:15'),
(342, 133, 33, '2024-12-03 05:24:15', '2024-12-03 05:24:15'),
(343, 133, 34, '2024-12-03 05:24:15', '2024-12-03 05:24:15'),
(344, 133, 35, '2024-12-03 05:24:15', '2024-12-03 05:24:15'),
(345, 133, 36, '2024-12-03 05:24:15', '2024-12-03 05:24:15'),
(346, 133, 37, '2024-12-03 05:24:15', '2024-12-03 05:24:15'),
(347, 133, 38, '2024-12-03 05:24:15', '2024-12-03 05:24:15'),
(348, 133, 39, '2024-12-03 05:24:15', '2024-12-03 05:24:15'),
(349, 133, 40, '2024-12-03 05:24:15', '2024-12-03 05:24:15'),
(350, 134, 4, '2025-01-20 23:30:58', '2025-01-20 23:30:58'),
(351, 134, 5, '2025-01-20 23:30:58', '2025-01-20 23:30:58'),
(352, 134, 6, '2025-01-20 23:30:58', '2025-01-20 23:30:58'),
(353, 134, 7, '2025-01-20 23:30:58', '2025-01-20 23:30:58'),
(354, 134, 8, '2025-01-20 23:30:58', '2025-01-20 23:30:58'),
(355, 134, 9, '2025-01-20 23:30:58', '2025-01-20 23:30:58'),
(356, 134, 10, '2025-01-20 23:30:58', '2025-01-20 23:30:58'),
(357, 134, 11, '2025-01-20 23:30:58', '2025-01-20 23:30:58'),
(358, 134, 12, '2025-01-20 23:30:58', '2025-01-20 23:30:58'),
(359, 134, 13, '2025-01-20 23:30:58', '2025-01-20 23:30:58'),
(360, 134, 14, '2025-01-20 23:30:58', '2025-01-20 23:30:58'),
(361, 134, 15, '2025-01-20 23:30:58', '2025-01-20 23:30:58'),
(362, 134, 18, '2025-01-20 23:30:58', '2025-01-20 23:30:58'),
(363, 134, 19, '2025-01-20 23:30:58', '2025-01-20 23:30:58'),
(364, 134, 20, '2025-01-20 23:30:58', '2025-01-20 23:30:58'),
(365, 134, 21, '2025-01-20 23:30:58', '2025-01-20 23:30:58'),
(366, 134, 26, '2025-01-20 23:30:58', '2025-01-20 23:30:58'),
(367, 134, 27, '2025-01-20 23:30:58', '2025-01-20 23:30:58'),
(368, 134, 28, '2025-01-20 23:30:58', '2025-01-20 23:30:58'),
(369, 134, 29, '2025-01-20 23:30:58', '2025-01-20 23:30:58'),
(370, 134, 30, '2025-01-20 23:30:58', '2025-01-20 23:30:58'),
(371, 134, 31, '2025-01-20 23:30:58', '2025-01-20 23:30:58'),
(372, 134, 32, '2025-01-20 23:30:58', '2025-01-20 23:30:58'),
(373, 134, 33, '2025-01-20 23:30:58', '2025-01-20 23:30:58'),
(374, 134, 34, '2025-01-20 23:30:58', '2025-01-20 23:30:58'),
(375, 134, 35, '2025-01-20 23:30:58', '2025-01-20 23:30:58'),
(376, 134, 36, '2025-01-20 23:30:58', '2025-01-20 23:30:58'),
(377, 134, 37, '2025-01-20 23:30:58', '2025-01-20 23:30:58'),
(378, 134, 38, '2025-01-20 23:30:59', '2025-01-20 23:30:59'),
(379, 134, 39, '2025-01-20 23:30:59', '2025-01-20 23:30:59'),
(380, 134, 40, '2025-01-20 23:30:59', '2025-01-20 23:30:59'),
(381, 135, 4, '2025-01-21 05:50:25', '2025-01-21 05:50:25'),
(382, 135, 5, '2025-01-21 05:50:25', '2025-01-21 05:50:25'),
(383, 135, 6, '2025-01-21 05:50:25', '2025-01-21 05:50:25'),
(384, 135, 7, '2025-01-21 05:50:25', '2025-01-21 05:50:25'),
(385, 135, 8, '2025-01-21 05:50:25', '2025-01-21 05:50:25'),
(386, 135, 9, '2025-01-21 05:50:25', '2025-01-21 05:50:25'),
(387, 135, 10, '2025-01-21 05:50:25', '2025-01-21 05:50:25'),
(388, 135, 11, '2025-01-21 05:50:25', '2025-01-21 05:50:25'),
(389, 135, 12, '2025-01-21 05:50:25', '2025-01-21 05:50:25'),
(390, 135, 13, '2025-01-21 05:50:25', '2025-01-21 05:50:25'),
(391, 135, 14, '2025-01-21 05:50:25', '2025-01-21 05:50:25'),
(392, 135, 15, '2025-01-21 05:50:25', '2025-01-21 05:50:25'),
(393, 135, 18, '2025-01-21 05:50:25', '2025-01-21 05:50:25'),
(394, 135, 19, '2025-01-21 05:50:25', '2025-01-21 05:50:25'),
(395, 135, 20, '2025-01-21 05:50:25', '2025-01-21 05:50:25'),
(396, 135, 21, '2025-01-21 05:50:25', '2025-01-21 05:50:25'),
(397, 135, 26, '2025-01-21 05:50:25', '2025-01-21 05:50:25'),
(398, 135, 27, '2025-01-21 05:50:25', '2025-01-21 05:50:25'),
(399, 135, 28, '2025-01-21 05:50:25', '2025-01-21 05:50:25'),
(400, 135, 29, '2025-01-21 05:50:25', '2025-01-21 05:50:25'),
(401, 135, 30, '2025-01-21 05:50:25', '2025-01-21 05:50:25'),
(402, 135, 31, '2025-01-21 05:50:25', '2025-01-21 05:50:25'),
(403, 135, 32, '2025-01-21 05:50:25', '2025-01-21 05:50:25'),
(404, 135, 33, '2025-01-21 05:50:25', '2025-01-21 05:50:25'),
(405, 135, 34, '2025-01-21 05:50:25', '2025-01-21 05:50:25'),
(406, 135, 35, '2025-01-21 05:50:25', '2025-01-21 05:50:25'),
(407, 135, 36, '2025-01-21 05:50:25', '2025-01-21 05:50:25'),
(408, 135, 37, '2025-01-21 05:50:25', '2025-01-21 05:50:25'),
(409, 135, 38, '2025-01-21 05:50:25', '2025-01-21 05:50:25'),
(410, 135, 39, '2025-01-21 05:50:25', '2025-01-21 05:50:25'),
(411, 135, 40, '2025-01-21 05:50:25', '2025-01-21 05:50:25'),
(412, 136, 4, '2025-01-21 05:53:43', '2025-01-21 05:53:43'),
(413, 136, 5, '2025-01-21 05:53:43', '2025-01-21 05:53:43'),
(414, 136, 6, '2025-01-21 05:53:43', '2025-01-21 05:53:43'),
(415, 136, 7, '2025-01-21 05:53:43', '2025-01-21 05:53:43'),
(416, 136, 8, '2025-01-21 05:53:43', '2025-01-21 05:53:43'),
(417, 136, 9, '2025-01-21 05:53:43', '2025-01-21 05:53:43'),
(418, 136, 10, '2025-01-21 05:53:43', '2025-01-21 05:53:43'),
(419, 136, 11, '2025-01-21 05:53:43', '2025-01-21 05:53:43'),
(420, 136, 12, '2025-01-21 05:53:43', '2025-01-21 05:53:43'),
(421, 136, 13, '2025-01-21 05:53:43', '2025-01-21 05:53:43'),
(422, 136, 14, '2025-01-21 05:53:43', '2025-01-21 05:53:43'),
(423, 136, 15, '2025-01-21 05:53:43', '2025-01-21 05:53:43'),
(424, 136, 18, '2025-01-21 05:53:43', '2025-01-21 05:53:43'),
(425, 136, 19, '2025-01-21 05:53:43', '2025-01-21 05:53:43'),
(426, 136, 20, '2025-01-21 05:53:43', '2025-01-21 05:53:43'),
(427, 136, 21, '2025-01-21 05:53:43', '2025-01-21 05:53:43'),
(428, 136, 26, '2025-01-21 05:53:43', '2025-01-21 05:53:43'),
(429, 136, 27, '2025-01-21 05:53:43', '2025-01-21 05:53:43'),
(430, 136, 28, '2025-01-21 05:53:43', '2025-01-21 05:53:43'),
(431, 136, 29, '2025-01-21 05:53:43', '2025-01-21 05:53:43'),
(432, 136, 30, '2025-01-21 05:53:43', '2025-01-21 05:53:43'),
(433, 136, 31, '2025-01-21 05:53:43', '2025-01-21 05:53:43'),
(434, 136, 32, '2025-01-21 05:53:43', '2025-01-21 05:53:43'),
(435, 136, 33, '2025-01-21 05:53:43', '2025-01-21 05:53:43'),
(436, 136, 34, '2025-01-21 05:53:43', '2025-01-21 05:53:43'),
(437, 136, 35, '2025-01-21 05:53:43', '2025-01-21 05:53:43'),
(438, 136, 36, '2025-01-21 05:53:43', '2025-01-21 05:53:43'),
(439, 136, 37, '2025-01-21 05:53:43', '2025-01-21 05:53:43'),
(440, 136, 38, '2025-01-21 05:53:43', '2025-01-21 05:53:43'),
(441, 136, 39, '2025-01-21 05:53:43', '2025-01-21 05:53:43'),
(442, 136, 40, '2025-01-21 05:53:43', '2025-01-21 05:53:43'),
(443, 137, 4, '2025-01-21 06:03:35', '2025-01-21 06:03:35'),
(444, 137, 5, '2025-01-21 06:03:35', '2025-01-21 06:03:35'),
(445, 137, 6, '2025-01-21 06:03:35', '2025-01-21 06:03:35'),
(446, 137, 7, '2025-01-21 06:03:35', '2025-01-21 06:03:35'),
(447, 137, 8, '2025-01-21 06:03:35', '2025-01-21 06:03:35'),
(448, 137, 9, '2025-01-21 06:03:35', '2025-01-21 06:03:35'),
(449, 137, 10, '2025-01-21 06:03:35', '2025-01-21 06:03:35'),
(450, 137, 11, '2025-01-21 06:03:36', '2025-01-21 06:03:36'),
(451, 137, 12, '2025-01-21 06:03:36', '2025-01-21 06:03:36'),
(452, 137, 13, '2025-01-21 06:03:36', '2025-01-21 06:03:36'),
(453, 137, 14, '2025-01-21 06:03:36', '2025-01-21 06:03:36'),
(454, 137, 15, '2025-01-21 06:03:36', '2025-01-21 06:03:36'),
(455, 137, 18, '2025-01-21 06:03:36', '2025-01-21 06:03:36'),
(456, 137, 19, '2025-01-21 06:03:36', '2025-01-21 06:03:36'),
(457, 137, 20, '2025-01-21 06:03:36', '2025-01-21 06:03:36'),
(458, 137, 21, '2025-01-21 06:03:36', '2025-01-21 06:03:36'),
(459, 137, 26, '2025-01-21 06:03:36', '2025-01-21 06:03:36'),
(460, 137, 27, '2025-01-21 06:03:36', '2025-01-21 06:03:36'),
(461, 137, 28, '2025-01-21 06:03:36', '2025-01-21 06:03:36'),
(462, 137, 29, '2025-01-21 06:03:36', '2025-01-21 06:03:36'),
(463, 137, 30, '2025-01-21 06:03:36', '2025-01-21 06:03:36'),
(464, 137, 31, '2025-01-21 06:03:36', '2025-01-21 06:03:36'),
(465, 137, 32, '2025-01-21 06:03:36', '2025-01-21 06:03:36'),
(466, 137, 33, '2025-01-21 06:03:36', '2025-01-21 06:03:36'),
(467, 137, 34, '2025-01-21 06:03:36', '2025-01-21 06:03:36'),
(468, 137, 35, '2025-01-21 06:03:36', '2025-01-21 06:03:36'),
(469, 137, 36, '2025-01-21 06:03:36', '2025-01-21 06:03:36'),
(470, 137, 37, '2025-01-21 06:03:36', '2025-01-21 06:03:36'),
(471, 137, 38, '2025-01-21 06:03:36', '2025-01-21 06:03:36'),
(472, 137, 39, '2025-01-21 06:03:36', '2025-01-21 06:03:36'),
(473, 137, 40, '2025-01-21 06:03:36', '2025-01-21 06:03:36'),
(474, 138, 4, '2025-01-21 06:07:37', '2025-01-21 06:07:37'),
(475, 138, 5, '2025-01-21 06:07:37', '2025-01-21 06:07:37'),
(476, 138, 6, '2025-01-21 06:07:37', '2025-01-21 06:07:37'),
(477, 138, 7, '2025-01-21 06:07:37', '2025-01-21 06:07:37'),
(478, 138, 8, '2025-01-21 06:07:37', '2025-01-21 06:07:37'),
(479, 138, 9, '2025-01-21 06:07:37', '2025-01-21 06:07:37'),
(480, 138, 10, '2025-01-21 06:07:37', '2025-01-21 06:07:37'),
(481, 138, 11, '2025-01-21 06:07:37', '2025-01-21 06:07:37'),
(482, 138, 12, '2025-01-21 06:07:37', '2025-01-21 06:07:37'),
(483, 138, 13, '2025-01-21 06:07:37', '2025-01-21 06:07:37'),
(484, 138, 14, '2025-01-21 06:07:37', '2025-01-21 06:07:37'),
(485, 138, 15, '2025-01-21 06:07:37', '2025-01-21 06:07:37'),
(486, 138, 18, '2025-01-21 06:07:37', '2025-01-21 06:07:37'),
(487, 138, 19, '2025-01-21 06:07:37', '2025-01-21 06:07:37'),
(488, 138, 20, '2025-01-21 06:07:37', '2025-01-21 06:07:37'),
(489, 138, 21, '2025-01-21 06:07:37', '2025-01-21 06:07:37'),
(490, 138, 26, '2025-01-21 06:07:37', '2025-01-21 06:07:37'),
(491, 138, 27, '2025-01-21 06:07:37', '2025-01-21 06:07:37'),
(492, 138, 28, '2025-01-21 06:07:37', '2025-01-21 06:07:37'),
(493, 138, 29, '2025-01-21 06:07:37', '2025-01-21 06:07:37'),
(494, 138, 30, '2025-01-21 06:07:37', '2025-01-21 06:07:37'),
(495, 138, 31, '2025-01-21 06:07:37', '2025-01-21 06:07:37'),
(496, 138, 32, '2025-01-21 06:07:37', '2025-01-21 06:07:37'),
(497, 138, 33, '2025-01-21 06:07:37', '2025-01-21 06:07:37'),
(498, 138, 34, '2025-01-21 06:07:37', '2025-01-21 06:07:37'),
(499, 138, 35, '2025-01-21 06:07:37', '2025-01-21 06:07:37'),
(500, 138, 36, '2025-01-21 06:07:37', '2025-01-21 06:07:37'),
(501, 138, 37, '2025-01-21 06:07:37', '2025-01-21 06:07:37'),
(502, 138, 38, '2025-01-21 06:07:37', '2025-01-21 06:07:37'),
(503, 138, 39, '2025-01-21 06:07:37', '2025-01-21 06:07:37'),
(504, 138, 40, '2025-01-21 06:07:37', '2025-01-21 06:07:37');

-- --------------------------------------------------------

--
-- Estructura de tabla para la tabla `cotizacion_has_costos`
--

CREATE TABLE `cotizacion_has_costos` (
  `id` bigint(20) UNSIGNED NOT NULL,
  `idCotizacion` bigint(20) UNSIGNED NOT NULL,
  `idCosto` bigint(20) UNSIGNED NOT NULL,
  `created_at` timestamp NULL DEFAULT NULL,
  `updated_at` timestamp NULL DEFAULT NULL
) ENGINE=InnoDB DEFAULT CHARSET=utf8mb4 COLLATE=utf8mb4_unicode_ci;

--
-- Volcado de datos para la tabla `cotizacion_has_costos`
--

INSERT INTO `cotizacion_has_costos` (`id`, `idCotizacion`, `idCosto`, `created_at`, `updated_at`) VALUES
(112, 125, 6, '2024-11-15 01:42:31', '2024-11-15 01:42:31'),
(113, 125, 14, '2024-11-15 01:42:31', '2024-11-15 01:42:31'),
(116, 127, 6, '2024-11-15 05:24:21', '2024-11-15 05:24:21'),
(117, 127, 14, '2024-11-15 05:24:21', '2024-11-15 05:24:21'),
(118, 128, 6, '2024-11-20 04:53:36', '2024-11-20 04:53:36'),
(119, 128, 14, '2024-11-20 04:53:36', '2024-11-20 04:53:36'),
(120, 129, 6, '2024-11-20 05:25:26', '2024-11-20 05:25:26'),
(121, 129, 7, '2024-11-20 05:25:26', '2024-11-20 05:25:26'),
(122, 130, 6, '2024-11-30 04:30:31', '2024-11-30 04:30:31'),
(123, 130, 7, '2024-11-30 04:30:31', '2024-11-30 04:30:31'),
(124, 131, 6, '2024-11-30 04:34:36', '2024-11-30 04:34:36'),
(125, 131, 14, '2024-11-30 04:34:36', '2024-11-30 04:34:36'),
(126, 132, 6, '2024-12-02 23:28:42', '2024-12-02 23:28:42'),
(127, 132, 13, '2024-12-02 23:28:42', '2024-12-02 23:28:42'),
(128, 133, 6, '2024-12-03 05:24:14', '2024-12-03 05:24:14'),
(129, 133, 13, '2024-12-03 05:24:14', '2024-12-03 05:24:14'),
(130, 134, 6, '2025-01-20 23:30:58', '2025-01-20 23:30:58'),
(131, 134, 7, '2025-01-20 23:30:58', '2025-01-20 23:30:58'),
(132, 135, 6, '2025-01-21 05:50:25', '2025-01-21 05:50:25'),
(133, 135, 7, '2025-01-21 05:50:25', '2025-01-21 05:50:25'),
(134, 136, 6, '2025-01-21 05:53:43', '2025-01-21 05:53:43'),
(135, 136, 7, '2025-01-21 05:53:43', '2025-01-21 05:53:43'),
(136, 137, 6, '2025-01-21 06:03:35', '2025-01-21 06:03:35'),
(137, 137, 14, '2025-01-21 06:03:35', '2025-01-21 06:03:35'),
(138, 138, 6, '2025-01-21 06:07:37', '2025-01-21 06:07:37'),
(139, 138, 9, '2025-01-21 06:07:37', '2025-01-21 06:07:37');

-- --------------------------------------------------------

--
-- Estructura de tabla para la tabla `cotizacion_has_numeraciones`
--

CREATE TABLE `cotizacion_has_numeraciones` (
  `id` bigint(20) UNSIGNED NOT NULL,
  `idCotizacion` bigint(20) UNSIGNED NOT NULL,
  `idNumeracion` bigint(20) UNSIGNED NOT NULL,
  `cantidad` bigint(20) UNSIGNED NOT NULL,
  `created_at` timestamp NULL DEFAULT NULL,
  `updated_at` timestamp NULL DEFAULT NULL
) ENGINE=InnoDB DEFAULT CHARSET=utf8mb4 COLLATE=utf8mb4_unicode_ci;

--
-- Volcado de datos para la tabla `cotizacion_has_numeraciones`
--

INSERT INTO `cotizacion_has_numeraciones` (`id`, `idCotizacion`, `idNumeracion`, `cantidad`, `created_at`, `updated_at`) VALUES
(207, 125, 26, 10, '2024-11-15 01:49:41', '2024-11-15 01:49:41'),
(208, 125, 27, 20, '2024-11-15 01:49:41', '2024-11-15 01:49:41'),
(209, 125, 28, 20, '2024-11-15 01:49:41', '2024-11-15 01:49:41'),
(210, 125, 29, 10, '2024-11-15 01:49:41', '2024-11-15 01:49:41'),
(211, 125, 30, 5, '2024-11-15 01:49:41', '2024-11-15 01:49:41'),
(212, 127, 26, 10, '2024-11-15 05:25:18', '2024-11-15 05:25:18'),
(213, 127, 27, 20, '2024-11-15 05:25:18', '2024-11-15 05:25:18'),
(214, 127, 28, 20, '2024-11-15 05:25:18', '2024-11-15 05:25:18'),
(215, 127, 29, 10, '2024-11-15 05:25:18', '2024-11-15 05:25:18'),
(216, 127, 30, 5, '2024-11-15 05:25:18', '2024-11-15 05:25:18'),
(217, 128, 26, 3, '2024-11-20 04:55:16', '2024-11-20 04:55:16'),
(218, 128, 27, 9, '2024-11-20 04:55:16', '2024-11-20 04:55:16'),
(219, 128, 28, 9, '2024-11-20 04:55:16', '2024-11-20 04:55:16'),
(220, 128, 29, 6, '2024-11-20 04:55:16', '2024-11-20 04:55:16'),
(221, 128, 30, 3, '2024-11-20 04:55:16', '2024-11-20 04:55:16'),
(222, 129, 24, 2, '2024-11-20 05:27:25', '2024-11-20 05:27:25'),
(223, 129, 25, 5, '2024-11-20 05:27:25', '2024-11-20 05:27:25'),
(224, 129, 26, 1, '2024-11-20 05:27:25', '2024-11-20 05:27:25'),
(225, 129, 27, 10, '2024-11-20 05:27:25', '2024-11-20 05:27:25'),
(226, 129, 28, 15, '2024-11-20 05:27:25', '2024-11-20 05:27:25'),
(227, 129, 29, 15, '2024-11-20 05:27:25', '2024-11-20 05:27:25'),
(228, 129, 30, 10, '2024-11-20 05:27:25', '2024-11-20 05:27:25'),
(229, 129, 31, 5, '2024-11-20 05:27:25', '2024-11-20 05:27:25'),
(230, 129, 32, 2, '2024-11-20 05:27:25', '2024-11-20 05:27:25'),
(231, 129, 33, 1, '2024-11-20 05:27:25', '2024-11-20 05:27:25'),
(232, 130, 24, 5, '2024-11-30 04:39:18', '2024-11-30 04:39:18'),
(233, 130, 25, 5, '2024-11-30 04:39:18', '2024-11-30 04:39:18'),
(234, 130, 26, 10, '2024-11-30 04:39:18', '2024-11-30 04:39:18'),
(235, 130, 27, 15, '2024-11-30 04:39:18', '2024-11-30 04:39:18'),
(236, 130, 28, 20, '2024-11-30 04:39:18', '2024-11-30 04:39:18'),
(237, 130, 29, 15, '2024-11-30 04:39:18', '2024-11-30 04:39:18'),
(238, 130, 30, 20, '2024-11-30 04:39:18', '2024-11-30 04:39:18'),
(239, 130, 31, 10, '2024-11-30 04:39:18', '2024-11-30 04:39:18'),
(240, 130, 32, 5, '2024-11-30 04:39:18', '2024-11-30 04:39:18'),
(241, 130, 33, 5, '2024-11-30 04:39:18', '2024-11-30 04:39:18'),
(242, 131, 26, 10, '2024-11-30 04:39:18', '2024-11-30 04:39:18'),
(243, 131, 27, 20, '2024-11-30 04:39:18', '2024-11-30 04:39:18'),
(244, 131, 28, 20, '2024-11-30 04:39:18', '2024-11-30 04:39:18'),
(245, 131, 29, 10, '2024-11-30 04:39:18', '2024-11-30 04:39:18'),
(246, 131, 30, 5, '2024-11-30 04:39:18', '2024-11-30 04:39:18'),
(247, 132, 24, 0, '2024-12-02 23:30:20', '2024-12-02 23:30:20'),
(248, 132, 25, 0, '2024-12-02 23:30:20', '2024-12-02 23:30:20'),
(249, 132, 26, 0, '2024-12-02 23:30:20', '2024-12-02 23:30:20'),
(250, 132, 27, 3, '2024-12-02 23:30:20', '2024-12-02 23:30:20'),
(251, 132, 28, 4, '2024-12-02 23:30:20', '2024-12-02 23:30:20'),
(252, 132, 29, 3, '2024-12-02 23:30:20', '2024-12-02 23:30:20'),
(253, 132, 30, 2, '2024-12-02 23:30:20', '2024-12-02 23:30:20'),
(254, 133, 24, 0, '2024-12-03 05:25:10', '2024-12-03 05:25:10'),
(255, 133, 25, 0, '2024-12-03 05:25:10', '2024-12-03 05:25:10'),
(256, 133, 26, 0, '2024-12-03 05:25:10', '2024-12-03 05:25:10'),
(257, 133, 27, 3, '2024-12-03 05:25:10', '2024-12-03 05:25:10'),
(258, 133, 28, 4, '2024-12-03 05:25:10', '2024-12-03 05:25:10'),
(259, 133, 29, 3, '2024-12-03 05:25:10', '2024-12-03 05:25:10'),
(260, 133, 30, 2, '2024-12-03 05:25:10', '2024-12-03 05:25:10'),
(261, 134, 24, 25, '2025-01-20 23:34:45', '2025-01-20 23:34:45'),
(262, 134, 25, 50, '2025-01-20 23:34:45', '2025-01-20 23:34:45'),
(263, 134, 26, 50, '2025-01-20 23:34:45', '2025-01-20 23:34:45'),
(264, 134, 27, 60, '2025-01-20 23:34:45', '2025-01-20 23:34:45'),
(265, 134, 28, 80, '2025-01-20 23:34:45', '2025-01-20 23:34:45'),
(266, 134, 29, 60, '2025-01-20 23:34:45', '2025-01-20 23:34:45'),
(267, 134, 30, 24, '2025-01-20 23:34:45', '2025-01-20 23:34:45'),
(268, 134, 31, 5, '2025-01-20 23:34:45', '2025-01-20 23:34:45'),
(269, 134, 32, 2, '2025-01-20 23:34:45', '2025-01-20 23:34:45'),
(270, 134, 33, 0, '2025-01-20 23:34:45', '2025-01-20 23:34:45'),
(271, 138, 23, 0, '2025-01-21 06:11:22', '2025-01-21 06:11:22'),
(272, 138, 24, 0, '2025-01-21 06:11:22', '2025-01-21 06:11:22'),
(273, 138, 25, 0, '2025-01-21 06:11:22', '2025-01-21 06:11:22'),
(274, 138, 26, 6, '2025-01-21 06:11:22', '2025-01-21 06:11:22'),
(275, 138, 27, 6, '2025-01-21 06:11:22', '2025-01-21 06:11:22'),
(276, 138, 28, 6, '2025-01-21 06:11:22', '2025-01-21 06:11:22'),
(277, 138, 29, 6, '2025-01-21 06:11:22', '2025-01-21 06:11:22'),
(278, 138, 30, 0, '2025-01-21 06:11:22', '2025-01-21 06:11:22'),
(279, 137, 24, 15, '2025-01-21 06:11:22', '2025-01-21 06:11:22'),
(280, 137, 25, 20, '2025-01-21 06:11:22', '2025-01-21 06:11:22'),
(281, 137, 26, 15, '2025-01-21 06:11:22', '2025-01-21 06:11:22'),
(282, 137, 27, 6, '2025-01-21 06:11:22', '2025-01-21 06:11:22'),
(283, 137, 28, 0, '2025-01-21 06:11:22', '2025-01-21 06:11:22'),
(284, 137, 29, 0, '2025-01-21 06:11:22', '2025-01-21 06:11:22'),
(285, 137, 30, 0, '2025-01-21 06:11:22', '2025-01-21 06:11:22'),
(286, 135, 23, 0, '2025-01-21 06:11:22', '2025-01-21 06:11:22'),
(287, 135, 24, 0, '2025-01-21 06:11:22', '2025-01-21 06:11:22'),
(288, 135, 25, 0, '2025-01-21 06:11:22', '2025-01-21 06:11:22'),
(289, 135, 26, 0, '2025-01-21 06:11:22', '2025-01-21 06:11:22'),
(290, 135, 27, 15, '2025-01-21 06:11:22', '2025-01-21 06:11:22'),
(291, 135, 28, 40, '2025-01-21 06:11:22', '2025-01-21 06:11:22'),
(292, 135, 29, 40, '2025-01-21 06:11:22', '2025-01-21 06:11:22'),
(293, 135, 30, 20, '2025-01-21 06:11:22', '2025-01-21 06:11:22'),
(294, 136, 23, 0, '2025-01-21 06:11:22', '2025-01-21 06:11:22'),
(295, 136, 24, 0, '2025-01-21 06:11:22', '2025-01-21 06:11:22'),
(296, 136, 25, 0, '2025-01-21 06:11:22', '2025-01-21 06:11:22'),
(297, 136, 26, 0, '2025-01-21 06:11:22', '2025-01-21 06:11:22'),
(298, 136, 27, 0, '2025-01-21 06:11:22', '2025-01-21 06:11:22'),
(299, 136, 28, 0, '2025-01-21 06:11:22', '2025-01-21 06:11:22'),
(300, 136, 29, 10, '2025-01-21 06:11:22', '2025-01-21 06:11:22'),
(301, 136, 30, 10, '2025-01-21 06:11:22', '2025-01-21 06:11:22');

-- --------------------------------------------------------

--
-- Estructura de tabla para la tabla `cotizacion_has_piezas`
--

CREATE TABLE `cotizacion_has_piezas` (
  `id` bigint(20) UNSIGNED NOT NULL,
  `idCotizacion` bigint(20) UNSIGNED NOT NULL,
  `idPieza` bigint(20) UNSIGNED NOT NULL,
  `idMaterial` bigint(20) UNSIGNED NOT NULL,
  `colorMaterial` varchar(255) COLLATE utf8mb4_unicode_ci DEFAULT NULL,
  `created_at` timestamp NULL DEFAULT NULL,
  `updated_at` timestamp NULL DEFAULT NULL
) ENGINE=InnoDB DEFAULT CHARSET=utf8mb4 COLLATE=utf8mb4_unicode_ci;

--
-- Volcado de datos para la tabla `cotizacion_has_piezas`
--

INSERT INTO `cotizacion_has_piezas` (`id`, `idCotizacion`, `idPieza`, `idMaterial`, `colorMaterial`, `created_at`, `updated_at`) VALUES
(502, 125, 112, 12, 'Negro', '2024-11-15 01:42:30', '2024-11-15 01:42:30'),
(503, 125, 123, 22, 'Negro', '2024-11-15 01:42:30', '2024-11-15 01:42:30'),
(504, 125, 108, 17, 'Negro', '2024-11-15 01:42:30', '2024-11-15 01:42:30'),
(505, 125, 122, 21, 'Ambar', '2024-11-15 01:42:30', '2024-11-15 01:42:30'),
(506, 125, 121, 19, 'Ambar', '2024-11-15 01:42:30', '2024-11-15 01:42:30'),
(507, 125, 106, 13, 'Negro', '2024-11-15 01:42:30', '2024-11-15 01:42:30'),
(508, 125, 119, 11, 'Negro', '2024-11-15 01:42:30', '2024-11-15 01:42:30'),
(509, 125, 118, 11, 'Negro', '2024-11-15 01:42:30', '2024-11-15 01:42:30'),
(510, 125, 120, 11, 'Negro', '2024-11-15 01:42:30', '2024-11-15 01:42:30'),
(511, 125, 107, 13, 'Negro', '2024-11-15 01:42:30', '2024-11-15 01:42:30'),
(512, 125, 109, 17, 'Negro', '2024-11-15 01:42:30', '2024-11-15 01:42:30'),
(513, 125, 110, 17, 'Negro', '2024-11-15 01:42:30', '2024-11-15 01:42:30'),
(514, 125, 117, 13, 'Negro', '2024-11-15 01:42:30', '2024-11-15 01:42:30'),
(515, 125, 114, 18, 'Amarillo', '2024-11-15 01:42:30', '2024-11-15 01:42:30'),
(516, 125, 111, 17, 'Negro', '2024-11-15 01:42:30', '2024-11-15 01:42:30'),
(517, 125, 124, 16, 'Rosa', '2024-11-15 01:42:30', '2024-11-15 01:42:30'),
(518, 125, 125, 16, 'Rosa', '2024-11-15 01:42:30', '2024-11-15 01:42:30'),
(519, 125, 113, 15, 'Negro', '2024-11-15 01:42:30', '2024-11-15 01:42:30'),
(520, 125, 116, 18, 'Amarillo', '2024-11-15 01:42:30', '2024-11-15 01:42:30'),
(521, 125, 115, 18, 'Amarillo', '2024-11-15 01:42:30', '2024-11-15 01:42:30'),
(542, 127, 112, 12, 'Negro', '2024-11-15 05:24:21', '2024-11-15 05:24:21'),
(543, 127, 123, 22, 'Negro', '2024-11-15 05:24:21', '2024-11-15 05:24:21'),
(544, 127, 108, 17, 'Negro', '2024-11-15 05:24:21', '2024-11-15 05:24:21'),
(545, 127, 122, 21, 'Ambar', '2024-11-15 05:24:21', '2024-11-15 05:24:21'),
(546, 127, 121, 19, 'Ambar', '2024-11-15 05:24:21', '2024-11-15 05:24:21'),
(547, 127, 106, 13, 'Negro', '2024-11-15 05:24:21', '2024-11-15 05:24:21'),
(548, 127, 119, 11, 'Negro', '2024-11-15 05:24:21', '2024-11-15 05:24:21'),
(549, 127, 118, 11, 'Negro', '2024-11-15 05:24:21', '2024-11-15 05:24:21'),
(550, 127, 120, 11, 'Negro', '2024-11-15 05:24:21', '2024-11-15 05:24:21'),
(551, 127, 107, 13, 'Negro', '2024-11-15 05:24:21', '2024-11-15 05:24:21'),
(552, 127, 109, 17, 'Negro', '2024-11-15 05:24:21', '2024-11-15 05:24:21'),
(553, 127, 110, 17, 'Negro', '2024-11-15 05:24:21', '2024-11-15 05:24:21'),
(554, 127, 117, 13, 'Negro', '2024-11-15 05:24:21', '2024-11-15 05:24:21'),
(555, 127, 114, 18, 'Amarillo', '2024-11-15 05:24:21', '2024-11-15 05:24:21'),
(556, 127, 111, 17, 'Negro', '2024-11-15 05:24:21', '2024-11-15 05:24:21'),
(557, 127, 124, 16, 'Rosa', '2024-11-15 05:24:21', '2024-11-15 05:24:21'),
(558, 127, 125, 23, 'Negro', '2024-11-15 05:24:21', '2024-11-15 05:24:21'),
(559, 127, 113, 15, 'Negro', '2024-11-15 05:24:21', '2024-11-15 05:24:21'),
(560, 127, 116, 18, 'Amarillo', '2024-11-15 05:24:21', '2024-11-15 05:24:21'),
(561, 127, 115, 18, 'Amarillo', '2024-11-15 05:24:21', '2024-11-15 05:24:21'),
(562, 128, 112, 12, 'Negro', '2024-11-20 04:53:36', '2024-11-20 04:53:36'),
(563, 128, 123, 22, 'Negro', '2024-11-20 04:53:36', '2024-11-20 04:53:36'),
(564, 128, 108, 14, 'Negro', '2024-11-20 04:53:36', '2024-11-20 04:53:36'),
(565, 128, 122, 21, 'Ambar', '2024-11-20 04:53:36', '2024-11-20 04:53:36'),
(566, 128, 121, 19, 'Ambar', '2024-11-20 04:53:36', '2024-11-20 04:53:36'),
(567, 128, 106, 13, 'Negro', '2024-11-20 04:53:36', '2024-11-20 04:53:36'),
(568, 128, 119, 11, 'Negro', '2024-11-20 04:53:36', '2024-11-20 04:53:36'),
(569, 128, 118, 11, 'Negro', '2024-11-20 04:53:36', '2024-11-20 04:53:36'),
(570, 128, 120, 11, 'Negro', '2024-11-20 04:53:36', '2024-11-20 04:53:36'),
(571, 128, 107, 13, 'Negro', '2024-11-20 04:53:36', '2024-11-20 04:53:36'),
(572, 128, 109, 14, 'Negro', '2024-11-20 04:53:36', '2024-11-20 04:53:36'),
(573, 128, 110, 14, 'Negro', '2024-11-20 04:53:36', '2024-11-20 04:53:36'),
(574, 128, 117, 13, 'Negro', '2024-11-20 04:53:36', '2024-11-20 04:53:36'),
(575, 128, 114, 18, 'Amarillo', '2024-11-20 04:53:36', '2024-11-20 04:53:36'),
(576, 128, 111, 14, 'Negro', '2024-11-20 04:53:36', '2024-11-20 04:53:36'),
(577, 128, 124, 16, 'Rosa', '2024-11-20 04:53:36', '2024-11-20 04:53:36'),
(578, 128, 125, 23, 'Negro', '2024-11-20 04:53:36', '2024-11-20 04:53:36'),
(579, 128, 113, 15, 'Negro', '2024-11-20 04:53:36', '2024-11-20 04:53:36'),
(580, 128, 116, 18, 'Amarillo', '2024-11-20 04:53:36', '2024-11-20 04:53:36'),
(581, 128, 115, 18, 'Amarillo', '2024-11-20 04:53:36', '2024-11-20 04:53:36'),
(582, 129, 126, 24, 'Negro', '2024-11-20 05:25:26', '2024-11-20 05:25:26'),
(583, 129, 129, 11, 'Negro', '2024-11-20 05:25:26', '2024-11-20 05:25:26'),
(584, 129, 130, 11, 'Negro', '2024-11-20 05:25:26', '2024-11-20 05:25:26'),
(585, 129, 128, 24, 'Negro', '2024-11-20 05:25:26', '2024-11-20 05:25:26'),
(586, 129, 131, 23, 'Negro', '2024-11-20 05:25:26', '2024-11-20 05:25:26'),
(587, 129, 132, 23, 'Negro', '2024-11-20 05:25:26', '2024-11-20 05:25:26'),
(588, 129, 127, 24, 'Negro', '2024-11-20 05:25:26', '2024-11-20 05:25:26'),
(589, 130, 126, 24, 'Negro', '2024-11-30 04:30:31', '2024-11-30 04:30:31'),
(590, 130, 129, 11, 'Negro', '2024-11-30 04:30:31', '2024-11-30 04:30:31'),
(591, 130, 130, 11, 'Negro', '2024-11-30 04:30:31', '2024-11-30 04:30:31'),
(592, 130, 128, 24, 'Negro', '2024-11-30 04:30:31', '2024-11-30 04:30:31'),
(593, 130, 131, 16, 'Rosa', '2024-11-30 04:30:31', '2024-11-30 04:30:31'),
(594, 130, 132, 23, 'Negro', '2024-11-30 04:30:31', '2024-11-30 04:30:31'),
(595, 130, 127, 24, 'Negro', '2024-11-30 04:30:31', '2024-11-30 04:30:31'),
(596, 131, 112, 12, 'Negro', '2024-11-30 04:34:36', '2024-11-30 04:34:36'),
(597, 131, 123, 22, 'Negro', '2024-11-30 04:34:36', '2024-11-30 04:34:36'),
(598, 131, 108, 14, 'Negro', '2024-11-30 04:34:36', '2024-11-30 04:34:36'),
(599, 131, 122, 21, 'Ambar', '2024-11-30 04:34:36', '2024-11-30 04:34:36'),
(600, 131, 121, 19, 'Ambar', '2024-11-30 04:34:36', '2024-11-30 04:34:36'),
(601, 131, 106, 13, 'Negro', '2024-11-30 04:34:36', '2024-11-30 04:34:36'),
(602, 131, 119, 11, 'Negro', '2024-11-30 04:34:36', '2024-11-30 04:34:36'),
(603, 131, 118, 11, 'Negro', '2024-11-30 04:34:36', '2024-11-30 04:34:36'),
(604, 131, 120, 11, 'Negro', '2024-11-30 04:34:36', '2024-11-30 04:34:36'),
(605, 131, 107, 13, 'Negro', '2024-11-30 04:34:36', '2024-11-30 04:34:36'),
(606, 131, 109, 14, 'Negro', '2024-11-30 04:34:36', '2024-11-30 04:34:36'),
(607, 131, 110, 14, 'Negro', '2024-11-30 04:34:36', '2024-11-30 04:34:36'),
(608, 131, 117, 13, 'Negro', '2024-11-30 04:34:36', '2024-11-30 04:34:36'),
(609, 131, 114, 18, 'Amarillo', '2024-11-30 04:34:36', '2024-11-30 04:34:36'),
(610, 131, 111, 14, 'Negro', '2024-11-30 04:34:36', '2024-11-30 04:34:36'),
(611, 131, 124, 16, 'Rosa', '2024-11-30 04:34:36', '2024-11-30 04:34:36'),
(612, 131, 125, 23, 'Negro', '2024-11-30 04:34:36', '2024-11-30 04:34:36'),
(613, 131, 113, 12, 'Negro', '2024-11-30 04:34:36', '2024-11-30 04:34:36'),
(614, 131, 116, 18, 'Amarillo', '2024-11-30 04:34:36', '2024-11-30 04:34:36'),
(615, 131, 115, 18, 'Amarillo', '2024-11-30 04:34:36', '2024-11-30 04:34:36'),
(616, 132, 136, 12, 'Negro', '2024-12-02 23:28:42', '2024-12-02 23:28:42'),
(617, 132, 144, 22, 'Negro', '2024-12-02 23:28:42', '2024-12-02 23:28:42'),
(618, 132, 137, 14, 'Negro', '2024-12-02 23:28:42', '2024-12-02 23:28:42'),
(619, 132, 143, 21, 'Ambar', '2024-12-02 23:28:42', '2024-12-02 23:28:42'),
(620, 132, 142, 19, 'Ambar', '2024-12-02 23:28:42', '2024-12-02 23:28:42'),
(621, 132, 133, 13, 'Negro', '2024-12-02 23:28:42', '2024-12-02 23:28:42'),
(622, 132, 140, 8, 'Negro', '2024-12-02 23:28:42', '2024-12-02 23:28:42'),
(623, 132, 141, 8, 'Negro', '2024-12-02 23:28:42', '2024-12-02 23:28:42'),
(624, 132, 139, 8, 'Negro', '2024-12-02 23:28:42', '2024-12-02 23:28:42'),
(625, 132, 135, 13, 'Negro', '2024-12-02 23:28:42', '2024-12-02 23:28:42'),
(626, 132, 134, 13, 'Negro', '2024-12-02 23:28:42', '2024-12-02 23:28:42'),
(627, 132, 145, 16, 'Rosa', '2024-12-02 23:28:42', '2024-12-02 23:28:42'),
(628, 132, 146, 23, 'Negro', '2024-12-02 23:28:42', '2024-12-02 23:28:42'),
(629, 132, 138, 25, 'Negro', '2024-12-02 23:28:42', '2024-12-02 23:28:42'),
(630, 133, 136, 12, 'Negro', '2024-12-03 05:24:14', '2024-12-03 05:24:14'),
(631, 133, 144, 22, 'Negro', '2024-12-03 05:24:14', '2024-12-03 05:24:14'),
(632, 133, 137, 14, 'Negro', '2024-12-03 05:24:14', '2024-12-03 05:24:14'),
(633, 133, 143, 21, 'Ambar', '2024-12-03 05:24:14', '2024-12-03 05:24:14'),
(634, 133, 142, 19, 'Ambar', '2024-12-03 05:24:14', '2024-12-03 05:24:14'),
(635, 133, 133, 13, 'Negro', '2024-12-03 05:24:14', '2024-12-03 05:24:14'),
(636, 133, 140, 8, 'Negro', '2024-12-03 05:24:14', '2024-12-03 05:24:14'),
(637, 133, 141, 8, 'Negro', '2024-12-03 05:24:14', '2024-12-03 05:24:14'),
(638, 133, 139, 8, 'Negro', '2024-12-03 05:24:14', '2024-12-03 05:24:14'),
(639, 133, 135, 13, 'Negro', '2024-12-03 05:24:14', '2024-12-03 05:24:14'),
(640, 133, 134, 13, 'Negro', '2024-12-03 05:24:14', '2024-12-03 05:24:14'),
(641, 133, 145, 16, 'Rosa', '2024-12-03 05:24:14', '2024-12-03 05:24:14'),
(642, 133, 146, 23, 'Negro', '2024-12-03 05:24:14', '2024-12-03 05:24:14'),
(643, 133, 138, 25, 'Negro', '2024-12-03 05:24:14', '2024-12-03 05:24:14'),
(644, 134, 126, 24, 'Negro', '2025-01-20 23:30:58', '2025-01-20 23:30:58'),
(645, 134, 129, 11, 'Negro', '2025-01-20 23:30:58', '2025-01-20 23:30:58'),
(646, 134, 130, 11, 'Negro', '2025-01-20 23:30:58', '2025-01-20 23:30:58'),
(647, 134, 128, 24, 'Negro', '2025-01-20 23:30:58', '2025-01-20 23:30:58'),
(648, 134, 131, 16, 'Rosa', '2025-01-20 23:30:58', '2025-01-20 23:30:58'),
(649, 134, 132, 23, 'Negro', '2025-01-20 23:30:58', '2025-01-20 23:30:58'),
(650, 134, 127, 24, 'Negro', '2025-01-20 23:30:58', '2025-01-20 23:30:58'),
(651, 135, 177, 12, 'Negro', '2025-01-21 05:50:25', '2025-01-21 05:50:25'),
(652, 135, 181, 19, 'Ambar', '2025-01-21 05:50:25', '2025-01-21 05:50:25'),
(653, 135, 179, 11, 'Negro', '2025-01-21 05:50:25', '2025-01-21 05:50:25'),
(654, 135, 180, 11, 'Negro', '2025-01-21 05:50:25', '2025-01-21 05:50:25'),
(655, 135, 178, 11, 'Negro', '2025-01-21 05:50:25', '2025-01-21 05:50:25'),
(656, 135, 176, 29, 'Negro', '2025-01-21 05:50:25', '2025-01-21 05:50:25'),
(658, 135, 182, 23, 'Negro', '2025-01-21 05:50:25', '2025-01-21 05:50:25'),
(659, 136, 177, 12, 'Negro', '2025-01-21 05:53:43', '2025-01-21 05:53:43'),
(660, 136, 181, 19, 'Ambar', '2025-01-21 05:53:43', '2025-01-21 05:53:43'),
(661, 136, 179, 11, 'Negro', '2025-01-21 05:53:43', '2025-01-21 05:53:43'),
(662, 136, 180, 11, 'Negro', '2025-01-21 05:53:43', '2025-01-21 05:53:43'),
(663, 136, 178, 11, 'Negro', '2025-01-21 05:53:43', '2025-01-21 05:53:43'),
(664, 136, 176, 29, 'Negro', '2025-01-21 05:53:43', '2025-01-21 05:53:43'),
(666, 136, 182, 23, 'Negro', '2025-01-21 05:53:43', '2025-01-21 05:53:43'),
(667, 137, 184, 26, 'Negro', '2025-01-21 06:03:35', '2025-01-21 06:03:35'),
(668, 137, 194, 21, 'Ambar', '2025-01-21 06:03:35', '2025-01-21 06:03:35'),
(669, 137, 193, 20, 'Ambar', '2025-01-21 06:03:35', '2025-01-21 06:03:35'),
(670, 137, 191, 11, 'Negro', '2025-01-21 06:03:35', '2025-01-21 06:03:35'),
(671, 137, 190, 11, 'Negro', '2025-01-21 06:03:35', '2025-01-21 06:03:35'),
(672, 137, 186, 26, 'Negro', '2025-01-21 06:03:35', '2025-01-21 06:03:35'),
(673, 137, 185, 26, 'Negro', '2025-01-21 06:03:35', '2025-01-21 06:03:35'),
(674, 137, 188, 28, 'Negro', '2025-01-21 06:03:35', '2025-01-21 06:03:35'),
(676, 137, 196, 16, 'Rosa', '2025-01-21 06:03:35', '2025-01-21 06:03:35'),
(677, 137, 197, 23, 'Negro', '2025-01-21 06:03:35', '2025-01-21 06:03:35'),
(678, 137, 192, 31, 'Negro', '2025-01-21 06:03:35', '2025-01-21 06:03:35'),
(679, 137, 195, 31, 'Negro', '2025-01-21 06:03:35', '2025-01-21 06:03:35'),
(680, 137, 187, 26, 'Negro', '2025-01-21 06:03:35', '2025-01-21 06:03:35'),
(681, 137, 189, 26, 'Negro', '2025-01-21 06:03:35', '2025-01-21 06:03:35'),
(682, 138, 212, 30, 'Negro', '2025-01-21 06:07:37', '2025-01-21 06:07:37'),
(683, 138, 222, 30, 'Negro', '2025-01-21 06:07:37', '2025-01-21 06:07:37'),
(684, 138, 224, 19, 'Ambar', '2025-01-21 06:07:37', '2025-01-21 06:07:37'),
(685, 138, 208, 30, 'Negro', '2025-01-21 06:07:37', '2025-01-21 06:07:37'),
(686, 138, 209, 31, 'Negro', '2025-01-21 06:07:37', '2025-01-21 06:07:37'),
(687, 138, 220, 11, 'Negro', '2025-01-21 06:07:37', '2025-01-21 06:07:37'),
(688, 138, 221, 11, 'Negro', '2025-01-21 06:07:37', '2025-01-21 06:07:37'),
(689, 138, 223, 11, 'Negro', '2025-01-21 06:07:37', '2025-01-21 06:07:37'),
(690, 138, 210, 30, 'Negro', '2025-01-21 06:07:37', '2025-01-21 06:07:37'),
(691, 138, 215, 30, 'Negro', '2025-01-21 06:07:37', '2025-01-21 06:07:37'),
(692, 138, 216, 31, 'Negro', '2025-01-21 06:07:37', '2025-01-21 06:07:37'),
(693, 138, 211, 31, 'Negro', '2025-01-21 06:07:37', '2025-01-21 06:07:37'),
(694, 138, 217, 30, 'Negro', '2025-01-21 06:07:37', '2025-01-21 06:07:37'),
(695, 138, 213, 30, 'Negro', '2025-01-21 06:07:37', '2025-01-21 06:07:37'),
(696, 138, 225, 16, 'Rosa', '2025-01-21 06:07:37', '2025-01-21 06:07:37'),
(697, 138, 226, 23, 'Negro', '2025-01-21 06:07:37', '2025-01-21 06:07:37'),
(698, 138, 214, 30, 'Negro', '2025-01-21 06:07:37', '2025-01-21 06:07:37');

-- --------------------------------------------------------

--
-- Estructura de tabla para la tabla `cotizacion_has_suelas`
--

CREATE TABLE `cotizacion_has_suelas` (
  `id` bigint(20) UNSIGNED NOT NULL,
  `idCotizacion` bigint(20) UNSIGNED NOT NULL,
  `idSuela` bigint(20) UNSIGNED NOT NULL,
  `created_at` timestamp NULL DEFAULT NULL,
  `updated_at` timestamp NULL DEFAULT NULL
) ENGINE=InnoDB DEFAULT CHARSET=utf8mb4 COLLATE=utf8mb4_unicode_ci;

--
-- Volcado de datos para la tabla `cotizacion_has_suelas`
--

INSERT INTO `cotizacion_has_suelas` (`id`, `idCotizacion`, `idSuela`, `created_at`, `updated_at`) VALUES
(98, 125, 5, '2024-11-15 01:42:31', '2024-11-15 01:42:31'),
(100, 127, 5, '2024-11-15 05:24:21', '2024-11-15 05:24:21'),
(101, 128, 5, '2024-11-20 04:53:36', '2024-11-20 04:53:36'),
(102, 129, 6, '2024-11-20 05:25:26', '2024-11-20 05:25:26'),
(103, 130, 6, '2024-11-30 04:30:32', '2024-11-30 04:30:32'),
(104, 131, 5, '2024-11-30 04:34:37', '2024-11-30 04:34:37'),
(105, 132, 7, '2024-12-02 23:28:42', '2024-12-02 23:28:42'),
(106, 133, 7, '2024-12-03 05:24:15', '2024-12-03 05:24:15'),
(107, 134, 6, '2025-01-20 23:30:59', '2025-01-20 23:30:59'),
(108, 135, 8, '2025-01-21 05:50:25', '2025-01-21 05:50:25'),
(109, 136, 8, '2025-01-21 05:53:43', '2025-01-21 05:53:43'),
(110, 137, 10, '2025-01-21 06:03:36', '2025-01-21 06:03:36'),
(111, 138, 11, '2025-01-21 06:07:37', '2025-01-21 06:07:37');

-- --------------------------------------------------------

--
-- Estructura de tabla para la tabla `failed_jobs`
--

CREATE TABLE `failed_jobs` (
  `id` bigint(20) UNSIGNED NOT NULL,
  `uuid` varchar(255) COLLATE utf8mb4_unicode_ci NOT NULL,
  `connection` text COLLATE utf8mb4_unicode_ci NOT NULL,
  `queue` text COLLATE utf8mb4_unicode_ci NOT NULL,
  `payload` longtext COLLATE utf8mb4_unicode_ci NOT NULL,
  `exception` longtext COLLATE utf8mb4_unicode_ci NOT NULL,
  `failed_at` timestamp NOT NULL DEFAULT CURRENT_TIMESTAMP
) ENGINE=InnoDB DEFAULT CHARSET=utf8mb4 COLLATE=utf8mb4_unicode_ci;

-- --------------------------------------------------------

--
-- Estructura de tabla para la tabla `materiales`
--

CREATE TABLE `materiales` (
  `id` bigint(20) UNSIGNED NOT NULL,
  `nombre` varchar(255) COLLATE utf8mb4_unicode_ci NOT NULL,
  `concepto` varchar(255) COLLATE utf8mb4_unicode_ci NOT NULL,
  `precio` decimal(10,2) NOT NULL,
  `unidades` decimal(10,2) DEFAULT NULL,
  `color` varchar(255) COLLATE utf8mb4_unicode_ci DEFAULT NULL,
  `hexColor` varchar(255) COLLATE utf8mb4_unicode_ci DEFAULT NULL,
  `created_at` timestamp NULL DEFAULT NULL,
  `updated_at` timestamp NULL DEFAULT NULL
) ENGINE=InnoDB DEFAULT CHARSET=utf8mb4 COLLATE=utf8mb4_unicode_ci;

--
-- Volcado de datos para la tabla `materiales`
--

INSERT INTO `materiales` (`id`, `nombre`, `concepto`, `precio`, `unidades`, `color`, `hexColor`, `created_at`, `updated_at`) VALUES
(8, 'Estonia', 'Forro', 69.60, 135.00, 'Negro', '#000000', '2024-11-15 00:12:19', '2024-11-15 00:12:19'),
(9, 'Eko', 'Forro', 54.52, 135.00, 'Gris claro', '#e4e2e2', '2024-11-15 00:13:34', '2024-11-15 00:13:34'),
(10, 'Eko', 'Forro', 54.52, 135.00, 'Blanco', '#ffffff', '2024-11-15 00:14:05', '2024-11-15 00:14:05'),
(11, 'N3-28', 'Forro', 40.00, 135.00, 'Negro', '#000000', '2024-11-15 00:14:55', '2024-11-15 00:14:55'),
(12, 'Seul 1.6', 'Microfibra', 166.00, 135.00, 'Negro', '#000000', '2024-11-15 00:17:02', '2024-11-15 00:17:02'),
(13, '997 b/c Flis', 'Malla', 143.84, 135.00, 'Negro', '#000000', '2024-11-15 00:18:00', '2024-11-15 00:18:00'),
(14, 'Micronike', 'Microfibra', 290.00, 135.00, 'Negro', '#000000', '2024-11-15 00:18:55', '2024-11-15 00:18:55'),
(15, 'Antiderrapante rugoso', 'Refuerzo', 92.92, 137.00, 'Negro', '#000000', '2024-11-15 00:20:59', '2025-01-21 20:35:15'),
(16, 'Celteck rosa', 'Planta', 38.00, 90.00, 'Rosa', '#f7b5e2', '2024-11-15 00:24:48', '2024-11-15 00:24:48'),
(17, 'Nairobi bondeado', 'Sintetico', 123.00, 135.00, 'Negro', '#000000', '2024-11-15 00:28:04', '2024-11-15 00:28:04'),
(18, 'Charol 0.8', 'Sintetico', 87.00, 135.00, 'Amarillo', '#fbff00', '2024-11-15 00:29:16', '2024-11-15 00:29:16'),
(19, '15/30', 'Esponja', 55.00, 90.00, 'Ambar', '#f8ffc7', '2024-11-15 00:30:28', '2024-11-15 00:30:28'),
(20, '9/30', 'Esponja', 49.00, 90.00, 'Ambar', '#fafebe', '2024-11-15 00:31:20', '2024-11-15 00:31:20'),
(21, '5/50', 'Esponja', 47.00, 90.00, 'Ambar', '#f1f9b4', '2024-11-15 00:31:59', '2024-11-15 01:58:45'),
(22, '14 mm', 'Cintilla', 2.50, 1.00, 'Negro', '#000000', '2024-11-15 00:33:35', '2024-11-15 00:33:35'),
(23, 'Eva 5mm', 'Plantilla', 75.00, 135.00, 'Negro', '#000000', '2024-11-15 01:59:35', '2024-11-15 01:59:35'),
(24, 'Mila', 'Malla', 82.00, 138.00, 'Negro', '#000000', '2024-11-20 05:13:11', '2024-11-20 05:13:11'),
(25, 'Antiderrapante rombos', 'Piel', 200.00, 130.00, 'Negro', '#000000', '2024-12-02 23:08:03', '2024-12-02 23:09:05'),
(26, 'Masedonia', 'Sintetico', 147.32, 135.00, 'Negro', '#000000', '2025-01-21 05:31:43', '2025-01-21 05:32:15'),
(27, 'Crono con TST', 'Malla', 122.50, 135.00, 'Marino', '#1b18e2', '2025-01-21 05:33:26', '2025-01-21 22:31:04'),
(28, 'M.V.P', 'Malla', 126.44, 135.00, 'Negro', '#000000', '2025-01-21 05:34:11', '2025-01-21 22:31:18'),
(29, 'Sandwich Bondeada Poro chico', 'Malla', 80.00, 135.00, 'Negro', '#000000', '2025-01-21 05:34:47', '2025-01-21 22:31:44'),
(30, 'Capri', 'Microfibra', 123.00, 135.00, 'Negro', '#000000', '2025-01-21 05:35:18', '2025-01-21 22:47:32'),
(31, 'Plantilla EVA 1.5mm', 'Refuerzo', 34.12, 135.00, 'Negro', '#000000', '2025-01-21 05:58:44', '2025-01-21 05:59:29'),
(32, 'Action Later', 'Piel', 451.01, 135.00, 'Negro', '#000000', '2025-01-21 20:29:13', '2025-01-21 20:29:13'),
(33, 'Amazona Multicolor', 'Sintetico', 114.84, 135.00, 'Negro', '#000000', '2025-01-21 20:31:59', '2025-01-21 20:31:59'),
(34, 'Antiderrapante rugoso', 'Refuerzo', 92.92, 135.00, 'Negro', '#000000', '2025-01-21 20:35:52', '2025-01-21 20:35:52'),
(35, 'Atmosfera Multi', 'Sintetico', 287.10, 135.00, 'Negro', '#000000', '2025-01-21 20:38:44', '2025-01-21 20:38:44'),
(36, 'Azteca', 'Sintetico', 196.04, 135.00, 'Negro', '#000000', '2025-01-21 20:39:40', '2025-01-21 20:39:40'),
(37, 'Bies Elastico', 'Cintilla', 5.50, 135.00, 'Negro', '#000000', '2025-01-21 20:42:32', '2025-01-21 20:45:58'),
(38, 'Bruselas Multicolor', 'Sintetico', 407.16, 135.00, 'Negro', '#000000', '2025-01-21 20:51:57', '2025-01-21 20:51:57'),
(39, 'Buck', 'Sintetico', 95.70, 135.00, 'Negro', '#000000', '2025-01-21 20:53:22', '2025-01-21 20:53:22'),
(40, 'Buck Bondeado', 'Sintetico', 133.70, 135.00, 'Negro', '#000000', '2025-01-21 20:54:27', '2025-01-21 20:54:27'),
(41, 'Cabra Bondeado', 'Sintetico', 141.24, 135.00, 'Negro', '#000000', '2025-01-21 20:55:59', '2025-01-21 20:55:59'),
(42, 'Cabra', 'Sintetico', 103.24, 135.00, 'Negro', '#000000', '2025-01-21 20:58:11', '2025-01-21 20:58:11'),
(43, 'Carey caf칠', 'Sintetico', 128.76, 135.00, 'Cafe', '#5b4848', '2025-01-21 20:59:30', '2025-01-21 20:59:30'),
(44, 'Carnaza', 'Sintetico', 167.04, 135.00, 'Negro', '#000000', '2025-01-21 21:03:44', '2025-01-21 21:03:44'),
(45, 'Carnaza', 'Sintetico', 119.61, 135.00, 'Negro', '#000000', '2025-01-21 21:05:51', '2025-01-21 21:05:51'),
(46, 'Champion', 'Semi Microfibra', 137.75, 135.00, 'Negro', '#000000', '2025-01-21 21:09:17', '2025-01-21 22:47:51'),
(47, 'Charlot multicolor', 'Sintetico', 140.00, 135.00, 'Negro', '#000000', '2025-01-21 21:10:16', '2025-01-21 21:10:16'),
(48, 'Charol', 'Sintetico', 147.32, 135.00, 'Negro', '#000000', '2025-01-21 21:13:58', '2025-01-21 21:13:58'),
(49, 'Charol Blanco', 'Sintetico', 87.00, 135.00, 'Blanco', '#ffffff', '2025-01-21 21:15:40', '2025-01-21 21:15:40'),
(50, 'Charol Vetro Lazer', 'Sintetico', 141.64, 135.00, 'Negro', '#000000', '2025-01-21 21:17:27', '2025-01-21 21:17:27'),
(51, 'Cintilla 10mm', 'Cintilla', 1.38, 135.00, 'Negro', '#000000', '2025-01-21 21:18:48', '2025-01-21 21:18:48'),
(52, 'Cintilla 16mm', 'Cintilla', 1.74, 135.00, 'Negro', '#000000', '2025-01-21 21:19:27', '2025-01-21 21:19:27'),
(53, 'Cintilla 19mm', 'Cintilla', 1.74, 135.00, 'Negro', '#000000', '2025-01-21 21:19:58', '2025-01-21 21:19:58'),
(54, 'Cintilla pesada 25mm', 'Cintilla', 4.20, 135.00, 'Negro', '#000000', '2025-01-21 21:21:52', '2025-01-21 21:21:52'),
(55, 'Cintilla Ribers', 'Cintilla', 4.00, 135.00, 'Negro', '#000000', '2025-01-21 21:22:48', '2025-01-21 21:22:48'),
(56, 'Cobra Rey Plata', 'Sintetico', 121.80, 135.00, 'Plata', '#b5b5b5', '2025-01-21 21:23:59', '2025-01-21 21:23:59'),
(57, 'Cremona', 'Sintetico', 143.26, 135.00, 'Negro', '#000000', '2025-01-21 21:26:18', '2025-01-21 21:26:18'),
(58, 'Cremona bondeado', 'Sintetico', 143.26, 135.00, 'Negro', '#000000', '2025-01-21 21:27:34', '2025-01-21 21:27:34'),
(59, 'Cuello de toro', 'Sintetico', 75.00, 135.00, 'Negro', '#000000', '2025-01-21 21:29:30', '2025-01-21 21:29:30'),
(60, 'D43', 'Sintetico', 65.00, 135.00, 'Negro', '#000000', '2025-01-21 21:30:20', '2025-01-21 21:30:20'),
(61, 'D43', 'Sintetico', 83.52, 135.00, 'Negro', '#000000', '2025-01-21 21:32:10', '2025-01-21 21:32:10'),
(62, 'Dakar (tipo gamuza)', 'Sintetico', 107.88, 135.00, 'Negro', '#000000', '2025-01-21 21:32:56', '2025-01-21 21:32:56'),
(63, 'Drilo', 'Sintetico', 129.92, 135.00, 'Negro', '#000000', '2025-01-21 21:33:44', '2025-01-21 21:33:44'),
(64, 'Durazno', 'Sintetico', 73.08, 135.00, 'Negro', '#000000', '2025-01-21 21:35:06', '2025-01-21 21:35:06'),
(65, 'Durazno bondeado', 'Sintetico', 93.00, 135.00, 'Negro', '#000000', '2025-01-21 21:35:56', '2025-01-21 21:35:56'),
(66, 'Cola de rata negro 200 mts', 'Elastico', 2.05, 135.00, 'Negro', '#000000', '2025-01-21 21:36:50', '2025-01-21 21:41:44'),
(67, 'Everest', 'Sintetico', 110.20, 135.00, 'Negro', '#000000', '2025-01-21 21:43:57', '2025-01-21 21:43:57'),
(68, 'Forro alpha', 'Forro', 44.87, 135.00, 'Negro', '#000000', '2025-01-21 21:45:15', '2025-01-21 21:45:15'),
(69, 'Forro eko', 'Forro', 54.52, 135.00, 'Negro', '#000000', '2025-01-21 21:47:13', '2025-01-21 21:47:13'),
(70, 'Forro estonia', 'Forro', 69.60, 135.00, 'Negro', '#000000', '2025-01-21 21:47:38', '2025-01-21 21:47:38'),
(71, 'N3-28 Color', 'Forro', 40.00, 135.00, 'Negro', '#cedce8', '2025-01-21 21:50:21', '2025-01-21 21:50:21'),
(72, 'Forro new arauka', 'Forro', 59.83, 135.00, 'Negro', '#000000', '2025-01-21 21:51:15', '2025-01-21 21:51:15'),
(73, 'Forro Perla', 'Forro', 41.60, 135.00, 'Perla', '#f0f0f0', '2025-01-21 21:53:48', '2025-01-21 21:53:48'),
(74, 'Full Protect Metatarcio', 'Casquillo', 46.28, 135.00, 'Negro', '#000000', '2025-01-21 21:55:37', '2025-01-21 21:55:37'),
(75, 'Gamusa', 'Piel', 422.82, 135.00, 'Negro', '#000000', '2025-01-21 22:13:00', '2025-01-21 22:13:00'),
(76, 'Gari ahorcador y bellota', 'Plastico', 0.75, 135.00, 'Negro', '#000000', '2025-01-21 22:14:19', '2025-01-21 22:15:23'),
(77, 'Hotmail', 'Sintetico', 170.00, 135.00, 'Negro', '#000000', '2025-01-21 22:16:22', '2025-01-21 22:16:22'),
(78, 'Injection', 'Sintetico', 133.40, 135.00, 'Negro', '#000000', '2025-01-21 22:19:03', '2025-01-21 22:19:03'),
(79, 'Lagarto Arma침ac', 'Sintetico', 114.84, 135.00, 'Negro', '#000000', '2025-01-21 22:21:09', '2025-01-21 22:21:09'),
(80, 'Licra Sport', 'Malla', 80.04, 135.00, 'Negro', '#000000', '2025-01-21 22:21:40', '2025-01-21 22:21:40'),
(81, 'Lince camel', 'Sintetico', 114.84, 135.00, 'Negro', '#000000', '2025-01-21 22:23:38', '2025-01-21 22:23:38'),
(82, '2520D Bondeada', 'Lona', 138.00, 135.00, 'Negro', '#000000', '2025-01-21 22:24:56', '2025-01-21 22:24:56'),
(83, 'Lona algod칩n', 'Lona', 95.00, 135.00, 'Negro', '#000000', '2025-01-21 22:26:35', '2025-01-21 22:26:35'),
(84, 'Lona Lux  esponja y pellon', 'Lona', 137.58, 135.00, 'Negro', '#000000', '2025-01-21 22:27:06', '2025-01-21 22:27:06'),
(85, '997 bondeada con flis', 'Malla', 143.84, 135.00, 'Negra', '#000000', '2025-01-21 22:27:42', '2025-01-21 22:27:42'),
(86, 'Crono con tst', 'Malla', 122.50, 135.00, 'Negro', '#000000', '2025-01-21 22:28:13', '2025-01-21 22:28:13'),
(87, 'Flow con forro GIO', 'Malla', 171.10, 135.00, 'Negro', '#000000', '2025-01-21 22:29:22', '2025-01-21 22:29:22'),
(88, 'Higtec', 'Malla', 61.00, 135.00, 'Negro', '#000000', '2025-01-21 22:30:38', '2025-01-21 22:30:38'),
(89, 'Mila', 'Malla', 92.00, 135.00, 'Negro', '#000000', '2025-01-21 22:34:36', '2025-01-21 22:34:36'),
(90, 'Net 1', 'Malla', 90.48, 135.00, 'Negro', '#000000', '2025-01-21 22:36:49', '2025-01-21 22:36:49'),
(91, 'Sandwich Bondeada Poro Grande', 'Malla', 80.00, 135.00, 'Negro', '#000000', '2025-01-21 22:38:08', '2025-01-21 22:38:08'),
(92, 'Sandwich/Tst/Espuma', 'Malla', 85.00, 135.00, 'Negro', '#000000', '2025-01-21 22:39:31', '2025-01-21 22:39:31'),
(93, 'Sandwich/Tst/Espuma/Forro', 'Malla', 133.50, 135.00, 'Negro', '#000000', '2025-01-21 22:40:18', '2025-01-21 22:40:18'),
(94, 'Uno', 'Malla', 84.45, 135.00, 'Negro', '#000000', '2025-01-21 22:41:03', '2025-01-21 22:41:03'),
(95, 'Mangle late', 'Sintetico', 109.04, 135.00, 'Negro', '#000000', '2025-01-21 22:41:50', '2025-01-21 22:41:50'),
(96, 'Marsella', 'Sintetico', 89.32, 135.00, 'Negro', '#000000', '2025-01-21 22:42:18', '2025-01-21 22:42:18'),
(97, 'Micro Malla', 'Malla', 96.28, 135.00, 'Negro', '#000000', '2025-01-21 22:45:28', '2025-01-21 22:45:28'),
(98, 'Diamante p/puntera', 'Microfibra', 591.60, 135.00, 'Negro', '#000000', '2025-01-21 22:46:42', '2025-01-21 22:47:09'),
(99, 'Micronike Hus', 'Micro Piel', 285.00, 135.00, 'Negro', '#000000', '2025-01-21 22:48:43', '2025-01-21 22:48:43'),
(100, 'Micronike Rev', 'Micro Piel', 290.00, 135.00, 'Negro', '#000000', '2025-01-21 22:49:29', '2025-01-21 22:49:29'),
(101, 'Nairobi virgen', 'Sintetico', 85.00, 135.00, 'Negro', '#000000', '2025-01-21 22:50:54', '2025-01-21 22:50:54'),
(102, 'Oggi Cielo', 'Sintetico', 111.36, 135.00, 'Negro', '#000000', '2025-01-21 22:51:55', '2025-01-21 22:51:55'),
(103, 'Oggi Cielo bondeado', 'Sintetico', 111.36, 135.00, 'Negro', '#000000', '2025-01-21 23:35:42', '2025-01-21 23:35:42'),
(104, 'Gancho T-19 Metalico', 'Ojillo', 0.38, 135.00, 'Negro', '#000000', '2025-01-21 23:37:32', '2025-01-21 23:37:32'),
(105, 'Gancho C/Clavo Cerrado', 'Ojillo', 1.61, 135.00, 'Negro', '#000000', '2025-01-21 23:38:34', '2025-01-21 23:38:34'),
(106, 'K19 c/Arandela', 'Ojillo', 0.26, 135.00, 'Negro', '#000000', '2025-01-21 23:40:56', '2025-01-21 23:40:56'),
(107, 'K19 Sin Arandela', 'Ojillo', 0.13, 135.00, 'Negro', '#000000', '2025-01-21 23:41:34', '2025-01-21 23:41:34'),
(108, 'Oropal 300', 'Refuerzo', 26.33, 135.00, 'Negro', '#000000', '2025-01-21 23:42:15', '2025-01-21 23:42:15'),
(109, 'Alpha', 'Pala', 74.00, 135.00, 'Negro', '#000000', '2025-01-21 23:42:50', '2025-01-21 23:42:50'),
(110, 'Bota Silverado', 'Pala', 84.00, 135.00, 'Negro', '#000000', '2025-01-21 23:44:00', '2025-01-21 23:44:00'),
(111, 'Calceta Bota', 'Pala', 82.00, 135.00, 'Negro', '#000000', '2025-01-21 23:45:53', '2025-01-21 23:45:53'),
(112, 'Epic', 'Pala', 58.00, 135.00, 'Negro', '#000000', '2025-01-21 23:47:42', '2025-01-21 23:47:42'),
(113, 'Omar', 'Pala', 60.00, 135.00, 'Negro', '#000000', '2025-01-21 23:48:10', '2025-01-21 23:51:13'),
(114, 'Marti/Barracuda/Rombos', 'Pala', 66.00, 135.00, 'Negro', '#000000', '2025-01-21 23:50:45', '2025-01-21 23:50:45'),
(115, 'Ragnar 2.0', 'Pala', 80.00, 135.00, 'Negro', '#000000', '2025-01-21 23:52:30', '2025-01-21 23:52:30'),
(116, 'Piel Flor', 'Forro', 438.48, 135.00, 'Negro', '#000000', '2025-01-21 23:53:16', '2025-01-21 23:53:53'),
(117, 'Arizona fol.ottanio', 'Piel', 923.94, 135.00, 'Marino', '#2205ff', '2025-01-21 23:54:41', '2025-01-21 23:54:41'),
(118, 'Napa Ford N치car', 'Piel', 861.30, 135.00, 'Rosa', '#ffc2e2', '2025-01-21 23:55:32', '2025-01-21 23:55:32'),
(119, 'Nobuk', 'Piel', 391.50, 135.00, 'Negro', '#000000', '2025-01-21 23:57:01', '2025-01-21 23:57:01'),
(120, 'Cafe', 'Piel', 704.70, 135.00, 'Cafe', '#8f6200', '2025-01-21 23:58:19', '2025-01-21 23:58:19'),
(121, 'Napa de Res', 'Piel', 297.00, 135.00, 'Negro', '#000000', '2025-01-21 23:59:16', '2025-01-21 23:59:16'),
(122, 'Nobuk', 'Piel', 451.01, 135.00, 'Negro', '#000000', '2025-01-22 00:00:00', '2025-01-22 00:00:00'),
(123, 'Piton Negro', 'Sintetico', 113.68, 135.00, 'Negro', '#000000', '2025-01-22 00:01:39', '2025-01-22 00:01:39'),
(124, 'Celfil Especial #4', 'Planta', 52.40, 135.00, 'Gris', '#d1d1d1', '2025-01-22 00:07:46', '2025-01-22 00:07:46'),
(125, 'Celktel', 'Planta', 38.00, 135.00, 'Rosa', '#f2caca', '2025-01-22 00:08:45', '2025-01-22 00:08:45'),
(126, 'Kevlar', 'Planta', 591.60, 135.00, 'Negro', '#000000', '2025-01-22 00:11:32', '2025-01-22 00:11:32'),
(127, '2.5 mm', 'Plantilla', 42.00, 135.00, 'Negro', '#000000', '2025-01-22 00:12:20', '2025-01-22 00:12:20'),
(128, '5 mm', 'Plantilla', 75.00, 135.00, 'Negro', '#000000', '2025-01-22 00:15:58', '2025-01-22 00:15:58'),
(129, 'Memory', 'Plantilla', 172.96, 135.00, 'Negro', '#000000', '2025-01-22 00:16:45', '2025-01-22 00:16:45'),
(130, 'Preformada', 'Plantilla', 42.00, 135.00, 'Negro', '#000000', '2025-01-22 00:18:33', '2025-01-22 00:21:18'),
(131, 'AYDE칄 (bota)', 'Plastisol', 2.00, 135.00, 'Negro', '#000000', '2025-01-22 00:22:04', '2025-01-22 00:22:04'),
(132, 'AYDE칄 (Suela)', 'Plastisol', 1.50, 135.00, 'Negro', '#000000', '2025-01-22 00:24:14', '2025-01-22 00:24:14'),
(133, 'Extraduro (RUDERS) par sencillo', 'Plastisol', 9.00, 135.00, 'Negro', '#000000', '2025-01-22 00:25:25', '2025-01-22 00:25:25'),
(134, 'Feeling', 'Plastisol', 1.50, 135.00, 'Negro', '#000000', '2025-01-22 00:26:14', '2025-01-22 00:26:14'),
(135, 'MKT', 'Plastisol', 1.50, 135.00, 'Negro', '#000000', '2025-01-22 00:27:00', '2025-01-22 00:27:00'),
(136, 'Pala (RIBERS)', 'Plastisol', 29.00, 135.00, 'Negro', '#000000', '2025-01-22 00:30:51', '2025-01-22 00:30:51'),
(137, 'Strada Sport', 'Plastisol', 1.50, 135.00, 'Negro', '#000000', '2025-01-22 00:31:52', '2025-01-22 00:31:52'),
(138, 'Lamina 06', 'Poliflex', 76.00, 135.00, 'Negro', '#000000', '2025-01-22 00:32:38', '2025-01-22 00:32:38'),
(139, 'Tela 06', 'Poliflex', 76.00, 135.00, 'Negro', '#000000', '2025-01-22 00:33:16', '2025-01-22 00:33:16'),
(140, 'Puntera', 'Sintetico', 151.96, 135.00, 'Negro', '#000000', '2025-01-22 00:35:01', '2025-01-22 00:35:01'),
(141, 'Cristal 3 pasa agujetas (para el panal)', 'PVC', 10.00, 135.00, 'Negro', '#000000', '2025-01-22 00:36:06', '2025-01-22 00:36:06'),
(142, 'Cristal Alpha (3400)', 'PVC', 18.00, 135.00, 'Negro', '#000000', '2025-01-22 00:37:19', '2025-01-22 00:37:19'),
(143, 'Cristal Dybala (Puma)', 'PVC', 10.00, 135.00, 'Negro', '#000000', '2025-01-22 00:38:14', '2025-01-22 00:38:14'),
(144, 'Cristal Huarache', 'PVC', 6.00, 135.00, 'Negro', '#000000', '2025-01-22 00:38:44', '2025-01-22 00:38:44'),
(145, 'Cristal Huarache Completo', 'PVC', 14.00, 135.00, 'Negro', '#000000', '2025-01-22 00:39:25', '2025-01-22 00:39:25'),
(146, 'Cristal Pegassus (3800) CHICO', 'PVC', 10.00, 135.00, 'Negro', '#000000', '2025-01-22 00:39:48', '2025-01-22 00:39:48'),
(147, 'Cristal Pegassus (3800) GRANDE', 'PVC', 11.75, 135.00, 'Negro', '#000000', '2025-01-22 00:41:07', '2025-01-22 00:41:07'),
(148, 'Cristal Ultra (AD2 2200)', 'PVC', 12.00, 135.00, 'Negro', '#000000', '2025-01-22 00:41:40', '2025-01-22 00:41:40'),
(149, 'PM 1127-1-2 (Par Completo)', 'PVC', 16.70, 135.00, 'Negro', '#000000', '2025-01-22 00:42:43', '2025-01-22 00:42:43'),
(150, 'PM 1194-1-2 (Par Completo)', 'PVC', 9.66, 135.00, 'Negro', '#000000', '2025-01-22 00:43:48', '2025-01-22 00:43:48'),
(151, 'R8', 'Sintetico', 74.24, 135.00, 'Negro', '#000000', '2025-01-22 00:45:12', '2025-01-22 00:45:12'),
(152, 'Real Lyk', 'Sintetico', 120.00, 135.00, 'Negro', '#000000', '2025-01-22 00:49:33', '2025-01-22 00:49:33'),
(153, 'Selma', 'Sintetico', 125.94, 135.00, 'Negro', '#000000', '2025-01-22 00:50:11', '2025-01-22 00:50:11'),
(154, 'Snake Beige', 'Sintetico', 74.39, 135.00, 'Beige', '#e6d5b7', '2025-01-22 00:53:36', '2025-01-22 00:53:36'),
(155, 'STICKER C/ TST', 'Sintetico', 38.00, 135.00, 'Negro', '#000000', '2025-01-22 00:56:18', '2025-01-22 00:56:18'),
(156, 'T90', 'Sintetico', 110.00, 135.00, 'Negro', '#000000', '2025-01-22 00:57:55', '2025-01-22 00:57:55'),
(157, 'Tamboreado', 'Sintetico', 184.44, 135.00, 'Negro', '#000000', '2025-01-22 00:58:28', '2025-01-22 00:58:28'),
(158, 'Tamboreado Sultana', 'Sintetico', 116.00, 135.00, 'Negro', '#000000', '2025-01-22 00:59:45', '2025-01-22 00:59:45'),
(159, 'Tejido omar', 'Tejido', 155.00, 135.00, 'Negro', '#000000', '2025-01-22 01:00:14', '2025-01-22 01:00:14'),
(160, 'Tenis', 'Sintetico', 144.00, 135.00, 'Negro', '#000000', '2025-01-22 01:02:21', '2025-01-22 01:02:21'),
(161, 'Tenis', 'Sintetico', 155.44, 135.00, 'Negro', '#000000', '2025-01-22 01:05:37', '2025-01-22 01:05:37'),
(162, 'Textil Oggi Cielo Bondeado', 'Sintetico', 149.50, 135.00, 'Negro', '#000000', '2025-01-22 01:06:11', '2025-01-22 01:06:11'),
(163, 'Tiger', 'Sintetico', 125.30, 135.00, 'Negro', '#000000', '2025-01-22 01:07:50', '2025-01-22 01:07:50'),
(164, 'Tiza', 'Sintetico', 145.00, 135.00, 'Negro', '#000000', '2025-01-22 01:08:42', '2025-01-22 01:08:42'),
(165, 'Tiza Bondeado', 'Sintetico', 183.00, 135.00, 'Negro', '#000000', '2025-01-22 01:09:19', '2025-01-22 01:09:19'),
(166, 'Toga Sirena', 'Sintetico', 186.00, 135.00, 'Negro', '#000000', '2025-01-22 01:09:45', '2025-01-22 01:09:45'),
(167, 'Toga Sport', 'Sintetico', 278.54, 135.00, 'Negro', '#000000', '2025-01-22 01:10:14', '2025-01-22 01:10:14'),
(168, 'Contactel escolar', 'Refuerzo', 10.00, 135.00, 'Negro', '#000000', '2025-01-22 01:11:38', '2025-01-22 01:11:38');

-- --------------------------------------------------------

--
-- Estructura de tabla para la tabla `migrations`
--

CREATE TABLE `migrations` (
  `id` int(10) UNSIGNED NOT NULL,
  `migration` varchar(255) COLLATE utf8mb4_unicode_ci NOT NULL,
  `batch` int(11) NOT NULL
) ENGINE=InnoDB DEFAULT CHARSET=utf8mb4 COLLATE=utf8mb4_unicode_ci;

-- --------------------------------------------------------

--
-- Estructura de tabla para la tabla `modelos`
--

CREATE TABLE `modelos` (
  `id` bigint(20) UNSIGNED NOT NULL,
  `nombre` varchar(255) COLLATE utf8mb4_unicode_ci NOT NULL,
  `numero` varchar(255) COLLATE utf8mb4_unicode_ci NOT NULL,
  `horma` varchar(255) COLLATE utf8mb4_unicode_ci DEFAULT NULL,
  `descripcion` varchar(255) COLLATE utf8mb4_unicode_ci DEFAULT NULL,
  `variante` varchar(2032) COLLATE utf8mb4_unicode_ci DEFAULT NULL,
  `puntoMenor` varchar(255) COLLATE utf8mb4_unicode_ci DEFAULT NULL,
  `created_at` timestamp NULL DEFAULT NULL,
  `updated_at` timestamp NULL DEFAULT NULL
) ENGINE=InnoDB DEFAULT CHARSET=utf8mb4 COLLATE=utf8mb4_unicode_ci;

--
-- Volcado de datos para la tabla `modelos`
--

INSERT INTO `modelos` (`id`, `nombre`, `numero`, `horma`, `descripcion`, `variante`, `puntoMenor`, `created_at`, `updated_at`) VALUES
(69, 'Advantage', '800', 'AyD', 'Modelo libre', '|Advantage|800|Lateral|Lengua|Forro lengua|Floreta|Paloma|Oropal Lateral|Oropal Floreta|Forro Talon|Esponja|Poliflex|Remate|Cuello Corto|Planta|Plantilla', NULL, '2024-11-14 21:52:44', '2025-01-20 22:43:40'),
(70, 'Advantage Kids', '900', 'Brasil', 'Modelo libre', '|Advantage Kids|900|Floreta|Lateral|Paloma|Lengua|Oropal Lateral|Forro Atras|Forro Lengua|Remate|Planta|Plantilla|Poliflex|Esponja', NULL, '2024-11-14 21:54:23', '2025-01-21 01:34:47'),
(71, 'Dybala Casco', '1400', 'Sketch', 'Modelo libre', NULL, NULL, '2024-11-14 21:56:26', '2024-11-14 21:57:45'),
(72, 'Air Casco', '1800', 'Sketch', 'Modelo libre', '|Air Casco|1800|Floreta|Floreta Refuerzo|Lateral|Lateral Refuerzo|Chinela|Paloma|Remate|Lateral Atras|Lateral Atras Refuerzo|Lengua|Pipa|Forro Delantero|Forro Delantero Refuerzo|Forro Lengua|Cuello|Forro Trasero|Esponja|Planta|Plantilla|Americana plana 110cm Bca|Marca Lengua RB|Sintetico|Air Force Blanco', NULL, '2024-11-14 21:57:25', '2025-01-21 05:43:12'),
(73, 'Dybala', '1450', 'Element', 'Modelo libre', '|Dybala|1450|Floreta|Remate|Lengua|Poliflex|Forro Delantero|Forro Trasero', NULL, '2024-11-14 21:58:23', '2025-01-21 02:03:56'),
(74, 'Air', '1850', 'AyD', 'Modelo libre', NULL, NULL, '2024-11-14 22:06:36', '2024-11-14 22:09:19'),
(75, 'Ultra Protec', '2200', 'Sketch', 'Exclusivo Ribers', '|Ultra Protec|2200|Lengua|Chinela|Forro Trasero|Forro Delantero|Forro Lengua|Esponja|Plantilla|Planta|361 130cm negra|Marca Lengua RB|PVC AD2-2200|Textil|Pegaso Negro', NULL, '2024-11-14 22:07:53', '2025-01-21 20:15:28'),
(76, 'Element', '2400', 'Sketch', 'Modelo libre', NULL, NULL, '2024-11-14 22:08:33', '2024-11-14 22:08:33'),
(77, 'Duke', '3200', 'AyD', 'Modelo libre', NULL, NULL, '2024-11-14 22:09:09', '2024-11-14 22:09:09'),
(78, 'Xport', '3300', 'sketch', 'Exclusivo Ribers', '|Xport|3300|Refuerzo Pala|Pala|Lengua|Chilena|Forro Trasero|Forro Delantero|Forro Lengua|Esponja|Planta|Plantilla', NULL, '2024-11-14 22:42:31', '2025-01-21 00:18:37'),
(79, 'Mopar', '3600', 'Sketch', 'Exclusivo Ribers', '|Mopar|3600|Pala|Lengua|Chinela|Forro Trasero|Forro Delantero|Forro Lengua|Esponja|Planta|Plantilla', NULL, '2024-11-14 22:43:57', '2025-01-21 00:58:09'),
(80, 'Blast', '4000', 'Sketch', 'Modelo Libre', NULL, NULL, '2024-11-14 22:45:27', '2024-11-14 22:45:27'),
(81, 'Silverado', '4300', 'Sketch', 'Exclusivo Ribers', NULL, NULL, '2024-11-14 22:46:39', '2024-11-14 22:46:39'),
(82, 'Bota BJ', '4500', 'Sketch', 'Modelo libre', NULL, NULL, '2024-11-14 22:47:20', '2024-11-14 22:47:20'),
(83, 'Raptor', '5500', 'Sketch', 'Exclusivo Barracuda', NULL, NULL, '2024-11-14 22:48:37', '2024-11-14 22:48:37'),
(84, 'Air Barracuda', '4100', 'Sketch', 'Exclusivo Barracuda', NULL, NULL, '2024-11-14 22:49:31', '2024-11-14 22:49:31'),
(85, 'ATX', '4900', 'Sketch', 'Modelo libre', '|ATX|4900|Pala|Lateral|Vista Lateral (Marca)|Talon|Lengua Sup|Paloma (Talon Sup)|Chinela|Lengua Baja|Esponja Paloma|Esponja Lengua|Forro Lengua|Forro Floreta|Forro Talon|Planta|Plantilla|Refuerzo Lateral|Refuerzo Pala|Refuerzo Talon|Refuerzo Vista Lateral (Marca)', NULL, '2024-11-14 22:50:24', '2025-01-21 04:06:40'),
(86, 'Puma', '5100', 'Sketch', 'Modelo libre', NULL, 'Desactivado', '2024-11-14 22:51:42', '2024-11-15 00:44:06'),
(87, 'Shein', '5900', 'Sketch', 'Modelo libre', NULL, NULL, '2024-11-14 22:52:29', '2024-11-14 22:52:29'),
(88, 'Fox', '6000', 'Skecth', 'Modelo libre', '|Fox|6000|Floreta Malla|Paloma malla|Lengua|Chinela|Cuello|Talon|Forro talon|Forro floreta|Forro lengua|Esponja talon|Esponja lengua|Cintilla|Planta|Plantilla|361 110cm negra|Etiqueta lengua autoaderente Aydee|Gancho dielectrico|PVC Fox - 60|Sintetico|Transfer Aydee|City|Caiman', NULL, '2024-11-14 22:52:53', '2024-12-02 23:23:10'),
(89, 'Aurora', '850', 'AyD', 'Modelo libre', '|Aurora|850|Floreta|Lateral|Paloma Aurora|Lengua|Oropal Lateral|Forro Talon|Poliflex|Forro Lengua|Remate|Esponja|Planta|Plantilla', NULL, '2025-01-20 22:44:43', '2025-01-20 22:57:50'),
(90, 'Maxi', '5600', 'Sketch', 'Exclusivo Ribers', '|Maxi|5600|Chinela|Lateral Superior|Lateral Inferior|Talon|Lengua|Tobillera (brasitos)|Forro Talon|Forro Lengua|Refuerzo Floreta|Esponja talon 10 mm Doble Dencidad|Esponja lengua 10 mm sencilla|Refuerzo Lateral|Planta|Plantilla|361 130cm negra|Marca Lengua RB|Pala plastisol Xport|Textil|Luna Blanca', NULL, '2025-01-20 23:54:58', '2025-01-21 20:15:12'),
(91, 'Kalua', '1300', '23 - 26', 'Modelo Libre', NULL, NULL, '2025-01-21 02:08:17', '2025-01-21 02:08:17'),
(92, 'Falcon', '1700', NULL, 'Modelo Libre', NULL, NULL, '2025-01-21 02:37:38', '2025-01-21 02:37:38'),
(93, 'Neo', '1900', NULL, 'Modelo Libre', '|Neo|1900|Pala|Chinela|Lateral|Lateral Brazitos|Cuello|Paloma|Forro Delantero|Forro Trasero|Esponja|Poliflex|Lengua|Forro Lengua', NULL, '2025-01-21 02:41:14', '2025-01-21 02:59:37'),
(94, 'Valentina', '2000', NULL, 'Modelo Libre', '|Valentina|2000|Pala|Chinela|Cuello Alto|Lateral Trasero (Brasito)|Cuello Bajo|Cuello|Paloma|Remate (talon)|Forro Delantero (Suaje Up)|Lengua|Vista Remate|Vista Chinela|Forro Trasero|Poliflex|Esponja|Planta|Plantilla', NULL, '2025-01-21 04:11:42', '2025-01-21 04:46:37'),
(95, 'Valentina Casco', '2000', 'Sketch', 'Modelo Libre', '|Valentina Casco|2000|Pala|Chinela|Cuello Alto|Cuello Bajo|Lateral Trasero (Brasito)|Cuello|Paloma|Remate (Talon)|Forro Delantero (Suaje Up)|Lengua|Vista Remate|Vista Chinela|Forro trasero', NULL, '2025-01-21 04:48:10', '2025-01-21 05:04:27');

-- --------------------------------------------------------

--
-- Estructura de tabla para la tabla `modelo_has_consumibles`
--

CREATE TABLE `modelo_has_consumibles` (
  `id` bigint(20) UNSIGNED NOT NULL,
  `idModelo` bigint(20) UNSIGNED NOT NULL,
  `idConsumible` bigint(20) UNSIGNED NOT NULL,
  `created_at` timestamp NULL DEFAULT NULL,
  `updated_at` timestamp NULL DEFAULT NULL
) ENGINE=InnoDB DEFAULT CHARSET=utf8mb4 COLLATE=utf8mb4_unicode_ci;

--
-- Volcado de datos para la tabla `modelo_has_consumibles`
--

INSERT INTO `modelo_has_consumibles` (`id`, `idModelo`, `idConsumible`, `created_at`, `updated_at`) VALUES
(49, 86, 5, '2024-11-15 01:30:33', '2024-11-15 01:30:33'),
(50, 86, 6, '2024-11-15 01:30:33', '2024-11-15 01:30:33'),
(51, 86, 7, '2024-11-15 01:30:33', '2024-11-15 01:30:33'),
(52, 71, 8, '2024-11-20 05:16:06', '2024-11-20 05:16:06'),
(53, 71, 5, '2024-11-20 05:16:06', '2024-11-20 05:16:06'),
(54, 71, 12, '2024-11-20 05:16:06', '2024-11-20 05:16:06'),
(55, 71, 13, '2024-11-20 05:16:06', '2024-11-20 05:16:06'),
(56, 71, 7, '2024-11-20 05:16:06', '2024-11-20 05:16:06'),
(57, 88, 9, '2024-12-02 23:22:08', '2024-12-02 23:22:08'),
(58, 88, 14, '2024-12-02 23:22:08', '2024-12-02 23:22:08'),
(59, 88, 16, '2024-12-02 23:22:08', '2024-12-02 23:22:08'),
(60, 88, 15, '2024-12-02 23:22:08', '2024-12-02 23:22:08'),
(61, 88, 6, '2024-12-02 23:22:08', '2024-12-02 23:22:08'),
(62, 88, 7, '2024-12-02 23:22:08', '2024-12-02 23:22:08'),
(63, 75, 10, '2025-01-21 05:37:52', '2025-01-21 05:37:52'),
(64, 75, 19, '2025-01-21 05:37:52', '2025-01-21 05:37:52'),
(65, 75, 17, '2025-01-21 05:37:52', '2025-01-21 05:37:52'),
(66, 75, 13, '2025-01-21 05:37:52', '2025-01-21 05:37:52'),
(67, 90, 10, '2025-01-21 05:40:01', '2025-01-21 05:40:01'),
(68, 90, 19, '2025-01-21 05:40:01', '2025-01-21 05:40:01'),
(69, 90, 20, '2025-01-21 05:40:01', '2025-01-21 05:40:01'),
(70, 90, 13, '2025-01-21 05:40:01', '2025-01-21 05:40:01'),
(71, 72, 11, '2025-01-21 05:41:58', '2025-01-21 05:41:58'),
(72, 72, 19, '2025-01-21 05:41:58', '2025-01-21 05:41:58'),
(73, 72, 6, '2025-01-21 05:41:58', '2025-01-21 05:41:58'),
(74, 79, 10, '2025-01-21 05:44:06', '2025-01-21 05:44:06'),
(75, 79, 19, '2025-01-21 05:44:06', '2025-01-21 05:44:06'),
(76, 79, 13, '2025-01-21 05:44:06', '2025-01-21 05:44:06');

-- --------------------------------------------------------

--
-- Estructura de tabla para la tabla `modelo_has_costes`
--

CREATE TABLE `modelo_has_costes` (
  `id` bigint(20) UNSIGNED NOT NULL,
  `idModelo` bigint(20) UNSIGNED NOT NULL,
  `idCoste` bigint(20) UNSIGNED NOT NULL,
  `created_at` timestamp NULL DEFAULT NULL,
  `updated_at` timestamp NULL DEFAULT NULL
) ENGINE=InnoDB DEFAULT CHARSET=utf8mb4 COLLATE=utf8mb4_unicode_ci;

--
-- Volcado de datos para la tabla `modelo_has_costes`
--

INSERT INTO `modelo_has_costes` (`id`, `idModelo`, `idCoste`, `created_at`, `updated_at`) VALUES
(30, 86, 4, '2024-11-15 01:30:09', '2024-11-15 01:30:09'),
(31, 86, 5, '2024-11-15 01:30:09', '2024-11-15 01:30:09'),
(32, 86, 6, '2024-11-15 01:30:09', '2024-11-15 01:30:09'),
(33, 86, 7, '2024-11-15 01:30:09', '2024-11-15 01:30:09'),
(34, 86, 8, '2024-11-15 01:30:09', '2024-11-15 01:30:09'),
(35, 86, 9, '2024-11-15 01:30:09', '2024-11-15 01:30:09'),
(36, 86, 10, '2024-11-15 01:30:09', '2024-11-15 01:30:09'),
(37, 86, 11, '2024-11-15 01:30:09', '2024-11-15 01:30:09'),
(38, 86, 12, '2024-11-15 01:30:09', '2024-11-15 01:30:09'),
(39, 86, 13, '2024-11-15 01:30:09', '2024-11-15 01:30:09'),
(40, 86, 14, '2024-11-15 01:30:09', '2024-11-15 01:30:09'),
(41, 86, 15, '2024-11-15 01:30:09', '2024-11-15 01:30:09'),
(42, 86, 18, '2024-11-15 01:30:09', '2024-11-15 01:30:09'),
(43, 86, 19, '2024-11-15 01:30:09', '2024-11-15 01:30:09'),
(44, 86, 20, '2024-11-15 01:30:09', '2024-11-15 01:30:09'),
(45, 86, 21, '2024-11-15 01:30:09', '2024-11-15 01:30:09'),
(48, 86, 26, '2024-11-15 01:30:09', '2024-11-15 01:30:09'),
(49, 86, 27, '2024-11-15 01:30:09', '2024-11-15 01:30:09'),
(50, 86, 28, '2024-11-15 01:30:09', '2024-11-15 01:30:09'),
(51, 86, 29, '2024-11-15 01:30:09', '2024-11-15 01:30:09'),
(52, 86, 30, '2024-11-15 01:30:09', '2024-11-15 01:30:09'),
(53, 86, 31, '2024-11-15 01:30:09', '2024-11-15 01:30:09'),
(54, 86, 32, '2024-11-15 01:30:09', '2024-11-15 01:30:09'),
(55, 86, 33, '2024-11-15 01:30:09', '2024-11-15 01:30:09'),
(56, 86, 34, '2024-11-15 01:30:09', '2024-11-15 01:30:09'),
(57, 86, 35, '2024-11-15 01:30:09', '2024-11-15 01:30:09'),
(58, 86, 36, '2024-11-15 01:30:09', '2024-11-15 01:30:09'),
(59, 86, 37, '2024-11-15 01:30:09', '2024-11-15 01:30:09'),
(60, 86, 39, '2024-11-15 01:30:09', '2024-11-15 01:30:09'),
(61, 86, 40, '2024-11-15 01:30:09', '2024-11-15 01:30:09'),
(62, 71, 4, '2024-11-20 05:15:45', '2024-11-20 05:15:45'),
(63, 71, 5, '2024-11-20 05:15:45', '2024-11-20 05:15:45'),
(64, 71, 6, '2024-11-20 05:15:45', '2024-11-20 05:15:45'),
(65, 71, 7, '2024-11-20 05:15:45', '2024-11-20 05:15:45'),
(66, 71, 8, '2024-11-20 05:15:45', '2024-11-20 05:15:45'),
(67, 71, 9, '2024-11-20 05:15:45', '2024-11-20 05:15:45'),
(68, 71, 10, '2024-11-20 05:15:45', '2024-11-20 05:15:45'),
(69, 71, 11, '2024-11-20 05:15:45', '2024-11-20 05:15:45'),
(70, 71, 12, '2024-11-20 05:15:45', '2024-11-20 05:15:45'),
(71, 71, 13, '2024-11-20 05:15:45', '2024-11-20 05:15:45'),
(72, 71, 14, '2024-11-20 05:15:45', '2024-11-20 05:15:45'),
(73, 71, 15, '2024-11-20 05:15:45', '2024-11-20 05:15:45'),
(74, 71, 18, '2024-11-20 05:15:45', '2024-11-20 05:15:45'),
(75, 71, 19, '2024-11-20 05:15:45', '2024-11-20 05:15:45'),
(76, 71, 20, '2024-11-20 05:15:45', '2024-11-20 05:15:45'),
(77, 71, 21, '2024-11-20 05:15:45', '2024-11-20 05:15:45'),
(78, 71, 26, '2024-11-20 05:15:45', '2024-11-20 05:15:45'),
(79, 71, 27, '2024-11-20 05:15:45', '2024-11-20 05:15:45'),
(80, 71, 28, '2024-11-20 05:15:45', '2024-11-20 05:15:45'),
(81, 71, 29, '2024-11-20 05:15:45', '2024-11-20 05:15:45'),
(82, 71, 30, '2024-11-20 05:15:45', '2024-11-20 05:15:45'),
(83, 71, 31, '2024-11-20 05:15:45', '2024-11-20 05:15:45'),
(84, 71, 32, '2024-11-20 05:15:45', '2024-11-20 05:15:45'),
(85, 71, 33, '2024-11-20 05:15:45', '2024-11-20 05:15:45'),
(86, 71, 34, '2024-11-20 05:15:45', '2024-11-20 05:15:45'),
(87, 71, 35, '2024-11-20 05:15:45', '2024-11-20 05:15:45'),
(88, 71, 36, '2024-11-20 05:15:45', '2024-11-20 05:15:45'),
(89, 71, 37, '2024-11-20 05:15:45', '2024-11-20 05:15:45'),
(90, 71, 38, '2024-11-20 05:15:45', '2024-11-20 05:15:45'),
(91, 71, 39, '2024-11-20 05:15:45', '2024-11-20 05:15:45'),
(92, 71, 40, '2024-11-20 05:15:46', '2024-11-20 05:15:46'),
(93, 88, 4, '2024-12-02 23:21:19', '2024-12-02 23:21:19'),
(94, 88, 5, '2024-12-02 23:21:19', '2024-12-02 23:21:19'),
(95, 88, 6, '2024-12-02 23:21:19', '2024-12-02 23:21:19'),
(96, 88, 7, '2024-12-02 23:21:19', '2024-12-02 23:21:19'),
(97, 88, 8, '2024-12-02 23:21:19', '2024-12-02 23:21:19'),
(98, 88, 9, '2024-12-02 23:21:19', '2024-12-02 23:21:19'),
(99, 88, 10, '2024-12-02 23:21:19', '2024-12-02 23:21:19'),
(100, 88, 11, '2024-12-02 23:21:19', '2024-12-02 23:21:19'),
(101, 88, 12, '2024-12-02 23:21:19', '2024-12-02 23:21:19'),
(102, 88, 13, '2024-12-02 23:21:19', '2024-12-02 23:21:19'),
(103, 88, 14, '2024-12-02 23:21:19', '2024-12-02 23:21:19'),
(104, 88, 15, '2024-12-02 23:21:19', '2024-12-02 23:21:19'),
(105, 88, 18, '2024-12-02 23:21:19', '2024-12-02 23:21:19'),
(106, 88, 19, '2024-12-02 23:21:19', '2024-12-02 23:21:19'),
(107, 88, 20, '2024-12-02 23:21:19', '2024-12-02 23:21:19'),
(108, 88, 21, '2024-12-02 23:21:19', '2024-12-02 23:21:19'),
(109, 88, 26, '2024-12-02 23:21:19', '2024-12-02 23:21:19'),
(110, 88, 27, '2024-12-02 23:21:19', '2024-12-02 23:21:19'),
(111, 88, 28, '2024-12-02 23:21:19', '2024-12-02 23:21:19'),
(112, 88, 29, '2024-12-02 23:21:19', '2024-12-02 23:21:19'),
(113, 88, 30, '2024-12-02 23:21:19', '2024-12-02 23:21:19'),
(114, 88, 31, '2024-12-02 23:21:19', '2024-12-02 23:21:19'),
(115, 88, 32, '2024-12-02 23:21:19', '2024-12-02 23:21:19'),
(116, 88, 33, '2024-12-02 23:21:19', '2024-12-02 23:21:19'),
(117, 88, 34, '2024-12-02 23:21:19', '2024-12-02 23:21:19'),
(118, 88, 35, '2024-12-02 23:21:19', '2024-12-02 23:21:19'),
(119, 88, 36, '2024-12-02 23:21:19', '2024-12-02 23:21:19'),
(120, 88, 37, '2024-12-02 23:21:19', '2024-12-02 23:21:19'),
(121, 88, 38, '2024-12-02 23:21:19', '2024-12-02 23:21:19'),
(122, 88, 39, '2024-12-02 23:21:19', '2024-12-02 23:21:19'),
(123, 88, 40, '2024-12-02 23:21:19', '2024-12-02 23:21:19'),
(124, 75, 4, '2025-01-21 05:36:46', '2025-01-21 05:36:46'),
(125, 75, 5, '2025-01-21 05:36:46', '2025-01-21 05:36:46'),
(126, 75, 6, '2025-01-21 05:36:46', '2025-01-21 05:36:46'),
(127, 75, 7, '2025-01-21 05:36:46', '2025-01-21 05:36:46'),
(128, 75, 8, '2025-01-21 05:36:46', '2025-01-21 05:36:46'),
(129, 75, 9, '2025-01-21 05:36:46', '2025-01-21 05:36:46'),
(130, 75, 10, '2025-01-21 05:36:46', '2025-01-21 05:36:46'),
(131, 75, 11, '2025-01-21 05:36:46', '2025-01-21 05:36:46'),
(132, 75, 12, '2025-01-21 05:36:46', '2025-01-21 05:36:46'),
(133, 75, 13, '2025-01-21 05:36:46', '2025-01-21 05:36:46'),
(134, 75, 14, '2025-01-21 05:36:46', '2025-01-21 05:36:46'),
(135, 75, 15, '2025-01-21 05:36:46', '2025-01-21 05:36:46'),
(136, 75, 18, '2025-01-21 05:36:46', '2025-01-21 05:36:46'),
(137, 75, 19, '2025-01-21 05:36:46', '2025-01-21 05:36:46'),
(138, 75, 20, '2025-01-21 05:36:46', '2025-01-21 05:36:46'),
(139, 75, 21, '2025-01-21 05:36:46', '2025-01-21 05:36:46'),
(140, 75, 26, '2025-01-21 05:36:46', '2025-01-21 05:36:46'),
(141, 75, 27, '2025-01-21 05:36:46', '2025-01-21 05:36:46'),
(142, 75, 28, '2025-01-21 05:36:46', '2025-01-21 05:36:46'),
(143, 75, 29, '2025-01-21 05:36:46', '2025-01-21 05:36:46'),
(144, 75, 30, '2025-01-21 05:36:46', '2025-01-21 05:36:46'),
(145, 75, 31, '2025-01-21 05:36:46', '2025-01-21 05:36:46'),
(146, 75, 32, '2025-01-21 05:36:46', '2025-01-21 05:36:46'),
(147, 75, 33, '2025-01-21 05:36:46', '2025-01-21 05:36:46'),
(148, 75, 34, '2025-01-21 05:36:46', '2025-01-21 05:36:46'),
(149, 75, 35, '2025-01-21 05:36:46', '2025-01-21 05:36:46'),
(150, 75, 36, '2025-01-21 05:36:47', '2025-01-21 05:36:47'),
(151, 75, 37, '2025-01-21 05:36:47', '2025-01-21 05:36:47'),
(152, 75, 38, '2025-01-21 05:36:47', '2025-01-21 05:36:47'),
(153, 75, 39, '2025-01-21 05:36:47', '2025-01-21 05:36:47'),
(154, 75, 40, '2025-01-21 05:36:47', '2025-01-21 05:36:47'),
(155, 90, 4, '2025-01-21 05:39:21', '2025-01-21 05:39:21'),
(156, 90, 5, '2025-01-21 05:39:21', '2025-01-21 05:39:21'),
(157, 90, 6, '2025-01-21 05:39:21', '2025-01-21 05:39:21'),
(158, 90, 7, '2025-01-21 05:39:21', '2025-01-21 05:39:21'),
(159, 90, 8, '2025-01-21 05:39:21', '2025-01-21 05:39:21'),
(160, 90, 9, '2025-01-21 05:39:21', '2025-01-21 05:39:21'),
(161, 90, 10, '2025-01-21 05:39:21', '2025-01-21 05:39:21'),
(162, 90, 11, '2025-01-21 05:39:21', '2025-01-21 05:39:21'),
(163, 90, 12, '2025-01-21 05:39:21', '2025-01-21 05:39:21'),
(164, 90, 13, '2025-01-21 05:39:21', '2025-01-21 05:39:21'),
(165, 90, 14, '2025-01-21 05:39:21', '2025-01-21 05:39:21'),
(166, 90, 15, '2025-01-21 05:39:21', '2025-01-21 05:39:21'),
(167, 90, 18, '2025-01-21 05:39:21', '2025-01-21 05:39:21'),
(168, 90, 19, '2025-01-21 05:39:21', '2025-01-21 05:39:21'),
(169, 90, 20, '2025-01-21 05:39:21', '2025-01-21 05:39:21'),
(170, 90, 21, '2025-01-21 05:39:21', '2025-01-21 05:39:21'),
(171, 90, 26, '2025-01-21 05:39:21', '2025-01-21 05:39:21'),
(172, 90, 27, '2025-01-21 05:39:21', '2025-01-21 05:39:21'),
(173, 90, 28, '2025-01-21 05:39:21', '2025-01-21 05:39:21'),
(174, 90, 29, '2025-01-21 05:39:21', '2025-01-21 05:39:21'),
(175, 90, 30, '2025-01-21 05:39:21', '2025-01-21 05:39:21'),
(176, 90, 31, '2025-01-21 05:39:21', '2025-01-21 05:39:21'),
(177, 90, 32, '2025-01-21 05:39:21', '2025-01-21 05:39:21'),
(178, 90, 33, '2025-01-21 05:39:21', '2025-01-21 05:39:21'),
(179, 90, 34, '2025-01-21 05:39:21', '2025-01-21 05:39:21'),
(180, 90, 35, '2025-01-21 05:39:21', '2025-01-21 05:39:21'),
(181, 90, 36, '2025-01-21 05:39:21', '2025-01-21 05:39:21'),
(182, 90, 37, '2025-01-21 05:39:21', '2025-01-21 05:39:21'),
(183, 90, 38, '2025-01-21 05:39:21', '2025-01-21 05:39:21'),
(184, 90, 39, '2025-01-21 05:39:21', '2025-01-21 05:39:21'),
(185, 90, 40, '2025-01-21 05:39:21', '2025-01-21 05:39:21'),
(186, 72, 4, '2025-01-21 05:41:22', '2025-01-21 05:41:22'),
(187, 72, 5, '2025-01-21 05:41:22', '2025-01-21 05:41:22'),
(188, 72, 6, '2025-01-21 05:41:22', '2025-01-21 05:41:22'),
(189, 72, 7, '2025-01-21 05:41:22', '2025-01-21 05:41:22'),
(190, 72, 8, '2025-01-21 05:41:22', '2025-01-21 05:41:22'),
(191, 72, 9, '2025-01-21 05:41:22', '2025-01-21 05:41:22'),
(192, 72, 10, '2025-01-21 05:41:22', '2025-01-21 05:41:22'),
(193, 72, 11, '2025-01-21 05:41:22', '2025-01-21 05:41:22'),
(194, 72, 12, '2025-01-21 05:41:22', '2025-01-21 05:41:22'),
(195, 72, 13, '2025-01-21 05:41:22', '2025-01-21 05:41:22'),
(196, 72, 14, '2025-01-21 05:41:22', '2025-01-21 05:41:22'),
(197, 72, 15, '2025-01-21 05:41:22', '2025-01-21 05:41:22'),
(198, 72, 18, '2025-01-21 05:41:22', '2025-01-21 05:41:22'),
(199, 72, 19, '2025-01-21 05:41:22', '2025-01-21 05:41:22'),
(200, 72, 20, '2025-01-21 05:41:22', '2025-01-21 05:41:22'),
(201, 72, 21, '2025-01-21 05:41:22', '2025-01-21 05:41:22'),
(202, 72, 26, '2025-01-21 05:41:22', '2025-01-21 05:41:22'),
(203, 72, 27, '2025-01-21 05:41:22', '2025-01-21 05:41:22'),
(204, 72, 28, '2025-01-21 05:41:22', '2025-01-21 05:41:22'),
(205, 72, 29, '2025-01-21 05:41:22', '2025-01-21 05:41:22'),
(206, 72, 30, '2025-01-21 05:41:22', '2025-01-21 05:41:22'),
(207, 72, 31, '2025-01-21 05:41:22', '2025-01-21 05:41:22'),
(208, 72, 32, '2025-01-21 05:41:22', '2025-01-21 05:41:22'),
(209, 72, 33, '2025-01-21 05:41:22', '2025-01-21 05:41:22'),
(210, 72, 34, '2025-01-21 05:41:22', '2025-01-21 05:41:22'),
(211, 72, 35, '2025-01-21 05:41:22', '2025-01-21 05:41:22'),
(212, 72, 36, '2025-01-21 05:41:22', '2025-01-21 05:41:22'),
(213, 72, 37, '2025-01-21 05:41:22', '2025-01-21 05:41:22'),
(214, 72, 38, '2025-01-21 05:41:22', '2025-01-21 05:41:22'),
(215, 72, 39, '2025-01-21 05:41:22', '2025-01-21 05:41:22'),
(216, 72, 40, '2025-01-21 05:41:22', '2025-01-21 05:41:22'),
(217, 79, 4, '2025-01-21 05:43:46', '2025-01-21 05:43:46'),
(218, 79, 5, '2025-01-21 05:43:46', '2025-01-21 05:43:46'),
(219, 79, 6, '2025-01-21 05:43:46', '2025-01-21 05:43:46'),
(220, 79, 7, '2025-01-21 05:43:46', '2025-01-21 05:43:46'),
(221, 79, 8, '2025-01-21 05:43:46', '2025-01-21 05:43:46'),
(222, 79, 9, '2025-01-21 05:43:46', '2025-01-21 05:43:46'),
(223, 79, 10, '2025-01-21 05:43:46', '2025-01-21 05:43:46'),
(224, 79, 11, '2025-01-21 05:43:46', '2025-01-21 05:43:46'),
(225, 79, 12, '2025-01-21 05:43:46', '2025-01-21 05:43:46'),
(226, 79, 13, '2025-01-21 05:43:46', '2025-01-21 05:43:46'),
(227, 79, 14, '2025-01-21 05:43:46', '2025-01-21 05:43:46'),
(228, 79, 15, '2025-01-21 05:43:46', '2025-01-21 05:43:46'),
(229, 79, 18, '2025-01-21 05:43:46', '2025-01-21 05:43:46'),
(230, 79, 19, '2025-01-21 05:43:46', '2025-01-21 05:43:46'),
(231, 79, 20, '2025-01-21 05:43:46', '2025-01-21 05:43:46'),
(232, 79, 21, '2025-01-21 05:43:46', '2025-01-21 05:43:46'),
(233, 79, 26, '2025-01-21 05:43:46', '2025-01-21 05:43:46'),
(234, 79, 27, '2025-01-21 05:43:46', '2025-01-21 05:43:46'),
(235, 79, 28, '2025-01-21 05:43:46', '2025-01-21 05:43:46'),
(236, 79, 29, '2025-01-21 05:43:46', '2025-01-21 05:43:46'),
(237, 79, 30, '2025-01-21 05:43:46', '2025-01-21 05:43:46'),
(238, 79, 31, '2025-01-21 05:43:46', '2025-01-21 05:43:46'),
(239, 79, 32, '2025-01-21 05:43:46', '2025-01-21 05:43:46'),
(240, 79, 33, '2025-01-21 05:43:46', '2025-01-21 05:43:46'),
(241, 79, 34, '2025-01-21 05:43:46', '2025-01-21 05:43:46'),
(242, 79, 35, '2025-01-21 05:43:46', '2025-01-21 05:43:46'),
(243, 79, 36, '2025-01-21 05:43:46', '2025-01-21 05:43:46'),
(244, 79, 37, '2025-01-21 05:43:46', '2025-01-21 05:43:46'),
(245, 79, 38, '2025-01-21 05:43:46', '2025-01-21 05:43:46'),
(246, 79, 39, '2025-01-21 05:43:46', '2025-01-21 05:43:46'),
(247, 79, 40, '2025-01-21 05:43:46', '2025-01-21 05:43:46');

-- --------------------------------------------------------

--
-- Estructura de tabla para la tabla `modelo_has_costos`
--

CREATE TABLE `modelo_has_costos` (
  `id` bigint(20) UNSIGNED NOT NULL,
  `idModelo` bigint(20) UNSIGNED NOT NULL,
  `idCosto` bigint(20) UNSIGNED NOT NULL,
  `created_at` timestamp NULL DEFAULT NULL,
  `updated_at` timestamp NULL DEFAULT NULL
) ENGINE=InnoDB DEFAULT CHARSET=utf8mb4 COLLATE=utf8mb4_unicode_ci;

--
-- Volcado de datos para la tabla `modelo_has_costos`
--

INSERT INTO `modelo_has_costos` (`id`, `idModelo`, `idCosto`, `created_at`, `updated_at`) VALUES
(46, 86, 6, '2024-11-15 01:28:34', '2024-11-15 01:28:34'),
(47, 86, 14, '2024-11-15 01:28:34', '2024-11-15 01:28:34'),
(48, 71, 6, '2024-11-20 05:15:21', '2024-11-20 05:15:21'),
(49, 71, 7, '2024-11-20 05:15:21', '2024-11-20 05:15:21'),
(50, 88, 6, '2024-12-02 23:20:56', '2024-12-02 23:20:56'),
(51, 88, 13, '2024-12-02 23:20:56', '2024-12-02 23:20:56'),
(52, 75, 6, '2025-01-21 05:36:22', '2025-01-21 05:36:22'),
(53, 75, 7, '2025-01-21 05:36:22', '2025-01-21 05:36:22'),
(54, 90, 6, '2025-01-21 05:39:15', '2025-01-21 05:39:15'),
(55, 90, 14, '2025-01-21 05:39:15', '2025-01-21 05:39:15'),
(56, 72, 6, '2025-01-21 05:41:18', '2025-01-21 05:41:18'),
(57, 72, 9, '2025-01-21 05:41:18', '2025-01-21 05:41:18'),
(58, 79, 6, '2025-01-21 05:43:42', '2025-01-21 05:43:42'),
(59, 79, 7, '2025-01-21 05:43:42', '2025-01-21 05:43:42');

-- --------------------------------------------------------

--
-- Estructura de tabla para la tabla `modelo_has_ganancias`
--

CREATE TABLE `modelo_has_ganancias` (
  `id` bigint(20) UNSIGNED NOT NULL,
  `ganancia` decimal(10,2) NOT NULL,
  `created_at` timestamp NULL DEFAULT NULL,
  `updated_at` timestamp NULL DEFAULT NULL
) ENGINE=InnoDB DEFAULT CHARSET=utf8mb4 COLLATE=utf8mb4_unicode_ci;

--
-- Volcado de datos para la tabla `modelo_has_ganancias`
--

INSERT INTO `modelo_has_ganancias` (`id`, `ganancia`, `created_at`, `updated_at`) VALUES
(1, 40.00, '2024-10-26 08:12:05', '2024-11-14 21:52:58');

-- --------------------------------------------------------

--
-- Estructura de tabla para la tabla `modelo_has_numeraciones`
--

CREATE TABLE `modelo_has_numeraciones` (
  `id` bigint(20) UNSIGNED NOT NULL,
  `idModelo` bigint(20) UNSIGNED NOT NULL,
  `idNumeracion` bigint(20) UNSIGNED NOT NULL,
  `created_at` timestamp NULL DEFAULT NULL,
  `updated_at` timestamp NULL DEFAULT NULL
) ENGINE=InnoDB DEFAULT CHARSET=utf8mb4 COLLATE=utf8mb4_unicode_ci;

--
-- Volcado de datos para la tabla `modelo_has_numeraciones`
--

INSERT INTO `modelo_has_numeraciones` (`id`, `idModelo`, `idNumeracion`, `created_at`, `updated_at`) VALUES
(218, 86, 26, '2024-11-15 01:30:59', '2024-11-15 01:30:59'),
(219, 86, 27, '2024-11-15 01:30:59', '2024-11-15 01:30:59'),
(220, 86, 28, '2024-11-15 01:30:59', '2024-11-15 01:30:59'),
(221, 86, 29, '2024-11-15 01:30:59', '2024-11-15 01:30:59'),
(222, 86, 30, '2024-11-15 01:30:59', '2024-11-15 01:30:59'),
(233, 88, 24, '2024-12-02 23:22:49', '2024-12-02 23:22:49'),
(234, 88, 25, '2024-12-02 23:22:49', '2024-12-02 23:22:49'),
(235, 88, 26, '2024-12-02 23:22:49', '2024-12-02 23:22:49'),
(236, 88, 27, '2024-12-02 23:22:49', '2024-12-02 23:22:49'),
(237, 88, 28, '2024-12-02 23:22:49', '2024-12-02 23:22:49'),
(238, 88, 29, '2024-12-02 23:22:49', '2024-12-02 23:22:49'),
(239, 88, 30, '2024-12-02 23:22:49', '2024-12-02 23:22:49'),
(240, 71, 23, '2025-01-20 23:35:41', '2025-01-20 23:35:41'),
(241, 71, 24, '2025-01-20 23:35:41', '2025-01-20 23:35:41'),
(242, 71, 25, '2025-01-20 23:35:41', '2025-01-20 23:35:41'),
(243, 71, 26, '2025-01-20 23:35:41', '2025-01-20 23:35:41'),
(244, 71, 27, '2025-01-20 23:35:41', '2025-01-20 23:35:41'),
(245, 71, 28, '2025-01-20 23:35:41', '2025-01-20 23:35:41'),
(246, 71, 29, '2025-01-20 23:35:41', '2025-01-20 23:35:41'),
(247, 71, 30, '2025-01-20 23:35:41', '2025-01-20 23:35:41'),
(248, 71, 31, '2025-01-20 23:35:41', '2025-01-20 23:35:41'),
(249, 71, 32, '2025-01-20 23:35:41', '2025-01-20 23:35:41'),
(250, 71, 33, '2025-01-20 23:35:41', '2025-01-20 23:35:41'),
(251, 75, 23, '2025-01-21 05:38:22', '2025-01-21 05:38:22'),
(252, 75, 24, '2025-01-21 05:38:22', '2025-01-21 05:38:22'),
(253, 75, 25, '2025-01-21 05:38:22', '2025-01-21 05:38:22'),
(254, 75, 26, '2025-01-21 05:38:22', '2025-01-21 05:38:22'),
(255, 75, 27, '2025-01-21 05:38:22', '2025-01-21 05:38:22'),
(256, 75, 28, '2025-01-21 05:38:22', '2025-01-21 05:38:22'),
(257, 75, 29, '2025-01-21 05:38:22', '2025-01-21 05:38:22'),
(258, 75, 30, '2025-01-21 05:38:22', '2025-01-21 05:38:22'),
(259, 90, 24, '2025-01-21 05:40:37', '2025-01-21 05:40:37'),
(260, 90, 25, '2025-01-21 05:40:37', '2025-01-21 05:40:37'),
(261, 90, 26, '2025-01-21 05:40:37', '2025-01-21 05:40:37'),
(262, 90, 27, '2025-01-21 05:40:37', '2025-01-21 05:40:37'),
(263, 90, 28, '2025-01-21 05:40:37', '2025-01-21 05:40:37'),
(264, 90, 29, '2025-01-21 05:40:37', '2025-01-21 05:40:37'),
(265, 90, 30, '2025-01-21 05:40:37', '2025-01-21 05:40:37'),
(266, 72, 23, '2025-01-21 05:43:06', '2025-01-21 05:43:06'),
(267, 72, 24, '2025-01-21 05:43:06', '2025-01-21 05:43:06'),
(268, 72, 25, '2025-01-21 05:43:06', '2025-01-21 05:43:06'),
(269, 72, 26, '2025-01-21 05:43:06', '2025-01-21 05:43:06'),
(270, 72, 27, '2025-01-21 05:43:06', '2025-01-21 05:43:06'),
(271, 72, 28, '2025-01-21 05:43:06', '2025-01-21 05:43:06'),
(272, 72, 29, '2025-01-21 05:43:06', '2025-01-21 05:43:06'),
(273, 72, 30, '2025-01-21 05:43:06', '2025-01-21 05:43:06'),
(274, 79, 23, '2025-01-21 05:44:30', '2025-01-21 05:44:30'),
(275, 79, 24, '2025-01-21 05:44:30', '2025-01-21 05:44:30'),
(276, 79, 25, '2025-01-21 05:44:30', '2025-01-21 05:44:30'),
(277, 79, 26, '2025-01-21 05:44:30', '2025-01-21 05:44:30'),
(278, 79, 27, '2025-01-21 05:44:30', '2025-01-21 05:44:30'),
(279, 79, 28, '2025-01-21 05:44:30', '2025-01-21 05:44:30'),
(280, 79, 29, '2025-01-21 05:44:30', '2025-01-21 05:44:30'),
(281, 79, 30, '2025-01-21 05:44:30', '2025-01-21 05:44:30');

-- --------------------------------------------------------

--
-- Estructura de tabla para la tabla `modelo_has_suelas`
--

CREATE TABLE `modelo_has_suelas` (
  `id` bigint(20) UNSIGNED NOT NULL,
  `idModelo` bigint(20) UNSIGNED NOT NULL,
  `idSuela` bigint(20) UNSIGNED NOT NULL,
  `created_at` timestamp NULL DEFAULT NULL,
  `updated_at` timestamp NULL DEFAULT NULL
) ENGINE=InnoDB DEFAULT CHARSET=utf8mb4 COLLATE=utf8mb4_unicode_ci;

--
-- Volcado de datos para la tabla `modelo_has_suelas`
--

INSERT INTO `modelo_has_suelas` (`id`, `idModelo`, `idSuela`, `created_at`, `updated_at`) VALUES
(31, 86, 5, '2024-11-15 01:30:41', '2024-11-15 01:30:41'),
(32, 71, 6, '2024-11-20 05:20:32', '2024-11-20 05:20:32'),
(33, 88, 5, '2024-12-02 23:22:28', '2024-12-02 23:22:28'),
(34, 88, 7, '2024-12-02 23:22:28', '2024-12-02 23:22:28'),
(35, 75, 8, '2025-01-21 05:38:01', '2025-01-21 05:38:01'),
(36, 90, 10, '2025-01-21 05:40:14', '2025-01-21 05:40:14'),
(37, 72, 11, '2025-01-21 05:42:39', '2025-01-21 05:42:39'),
(38, 79, 13, '2025-01-21 05:44:17', '2025-01-21 05:44:17');

-- --------------------------------------------------------

--
-- Estructura de tabla para la tabla `model_has_permissions`
--

CREATE TABLE `model_has_permissions` (
  `permission_id` bigint(20) UNSIGNED NOT NULL,
  `model_type` varchar(255) COLLATE utf8mb4_unicode_ci NOT NULL,
  `model_id` bigint(20) UNSIGNED NOT NULL
) ENGINE=InnoDB DEFAULT CHARSET=utf8mb4 COLLATE=utf8mb4_unicode_ci;

-- --------------------------------------------------------

--
-- Estructura de tabla para la tabla `model_has_piezas`
--

CREATE TABLE `model_has_piezas` (
  `id` bigint(20) UNSIGNED NOT NULL,
  `idModelo` bigint(20) UNSIGNED NOT NULL,
  `idPieza` bigint(20) UNSIGNED NOT NULL,
  `cantidad` bigint(20) UNSIGNED NOT NULL,
  `created_at` timestamp NULL DEFAULT NULL,
  `updated_at` timestamp NULL DEFAULT NULL
) ENGINE=InnoDB DEFAULT CHARSET=utf8mb4 COLLATE=utf8mb4_unicode_ci;

-- --------------------------------------------------------

--
-- Estructura de tabla para la tabla `model_has_roles`
--

CREATE TABLE `model_has_roles` (
  `role_id` bigint(20) UNSIGNED NOT NULL,
  `model_type` varchar(255) COLLATE utf8mb4_unicode_ci NOT NULL,
  `model_id` bigint(20) UNSIGNED NOT NULL
) ENGINE=InnoDB DEFAULT CHARSET=utf8mb4 COLLATE=utf8mb4_unicode_ci;

-- --------------------------------------------------------

--
-- Estructura de tabla para la tabla `notas`
--

CREATE TABLE `notas` (
  `id` bigint(20) UNSIGNED NOT NULL,
  `idCliente` bigint(20) UNSIGNED NOT NULL,
  `pares` bigint(20) UNSIGNED NOT NULL,
  `total` decimal(10,2) NOT NULL,
  `estado` varchar(255) COLLATE utf8mb4_unicode_ci NOT NULL,
  `iva` varchar(255) COLLATE utf8mb4_unicode_ci DEFAULT NULL,
  `envio` varchar(255) COLLATE utf8mb4_unicode_ci DEFAULT NULL,
  `fecha_entrega` varchar(255) COLLATE utf8mb4_unicode_ci DEFAULT NULL,
  `created_at` timestamp NULL DEFAULT NULL,
  `updated_at` timestamp NULL DEFAULT NULL
) ENGINE=InnoDB DEFAULT CHARSET=utf8mb4 COLLATE=utf8mb4_unicode_ci;

--
-- Volcado de datos para la tabla `notas`
--

INSERT INTO `notas` (`id`, `idCliente`, `pares`, `total`, `estado`, `iva`, `envio`, `fecha_entrega`, `created_at`, `updated_at`) VALUES
(80, 14, 65, 30765.15, 'Pagada', 'True', '700', '2024-12-05 19:49:30', '2024-11-15 01:48:39', '2024-11-20 04:41:56'),
(81, 14, 65, 20351.50, 'Pagada', 'True', '400', '2024-11-14 23:25:12', '2024-11-15 05:24:36', '2024-11-20 04:42:08'),
(82, 14, 96, 25250.22, 'Pagada', 'True', 'Por cobrar', '2024-12-10 23:27:25', '2024-11-20 04:54:03', '2024-11-30 04:27:42'),
(83, 14, 175, 46902.35, 'Abierta', 'True', '3000', '2024-12-13 22:39:13', '2024-11-30 04:38:24', '2024-11-30 04:40:20'),
(84, 15, 12, 3369.96, 'Abierta', 'False', '0', '2024-12-16 17:29:18', '2024-12-02 23:29:18', '2024-12-02 23:30:36'),
(85, 14, 12, 3345.96, 'Abierta', 'False', '0', '2024-12-16 23:24:36', '2024-12-03 05:24:36', '2024-12-03 05:25:30'),
(86, 16, 356, 87216.44, 'Abierta', 'False', '0', '2025-02-10 17:31:54', '2025-01-20 23:31:54', '2025-01-20 23:36:07'),
(87, 17, 215, 54172.11, 'Abierta', 'False', '0', '2025-02-11 00:08:08', '2025-01-21 06:08:08', '2025-01-21 06:12:09');

-- --------------------------------------------------------

--
-- Estructura de tabla para la tabla `nota_has_cotizaciones`
--

CREATE TABLE `nota_has_cotizaciones` (
  `id` bigint(20) UNSIGNED NOT NULL,
  `idNota` bigint(20) UNSIGNED NOT NULL,
  `idCotizacion` bigint(20) UNSIGNED NOT NULL,
  `totalPares` bigint(20) UNSIGNED NOT NULL,
  `monto` decimal(10,2) NOT NULL,
  `descuento` decimal(10,2) DEFAULT NULL,
  `created_at` timestamp NULL DEFAULT NULL,
  `updated_at` timestamp NULL DEFAULT NULL
) ENGINE=InnoDB DEFAULT CHARSET=utf8mb4 COLLATE=utf8mb4_unicode_ci;

--
-- Volcado de datos para la tabla `nota_has_cotizaciones`
--

INSERT INTO `nota_has_cotizaciones` (`id`, `idNota`, `idCotizacion`, `totalPares`, `monto`, `descuento`, `created_at`, `updated_at`) VALUES
(34, 80, 125, 65, 30765.15, 0.00, '2024-11-15 01:48:39', '2024-11-15 01:49:41'),
(35, 81, 127, 65, 20351.50, 2.00, '2024-11-15 05:24:37', '2024-11-15 05:25:18'),
(36, 82, 128, 30, 10012.80, 0.00, '2024-11-20 04:54:03', '2024-11-20 05:31:47'),
(37, 82, 129, 66, 15237.42, 0.00, '2024-11-20 05:25:36', '2024-11-20 05:31:47'),
(38, 83, 130, 110, 25316.50, 0.00, '2024-11-30 04:38:24', '2024-11-30 04:39:18'),
(39, 83, 131, 65, 21585.85, 0.00, '2024-11-30 04:38:24', '2024-11-30 04:39:18'),
(40, 84, 132, 12, 3369.96, 0.00, '2024-12-02 23:29:18', '2024-12-02 23:30:20'),
(41, 85, 133, 12, 3345.96, 0.00, '2024-12-03 05:24:36', '2024-12-03 05:25:10'),
(42, 86, 134, 356, 87216.44, 0.00, '2025-01-20 23:31:54', '2025-01-20 23:34:45'),
(43, 87, 135, 115, 28143.95, 0.00, '2025-01-21 06:08:08', '2025-01-21 06:11:22'),
(44, 87, 136, 20, 5280.80, 0.00, '2025-01-21 06:08:08', '2025-01-21 06:11:22'),
(45, 87, 137, 56, 15209.60, 0.00, '2025-01-21 06:08:08', '2025-01-21 06:11:22'),
(46, 87, 138, 24, 5537.76, 0.00, '2025-01-21 06:08:08', '2025-01-21 06:11:22');

-- --------------------------------------------------------

--
-- Estructura de tabla para la tabla `numeraciones`
--

CREATE TABLE `numeraciones` (
  `id` bigint(20) UNSIGNED NOT NULL,
  `numero` decimal(10,2) NOT NULL,
  `created_at` timestamp NULL DEFAULT NULL,
  `updated_at` timestamp NULL DEFAULT NULL
) ENGINE=InnoDB DEFAULT CHARSET=utf8mb4 COLLATE=utf8mb4_unicode_ci;

--
-- Volcado de datos para la tabla `numeraciones`
--

INSERT INTO `numeraciones` (`id`, `numero`, `created_at`, `updated_at`) VALUES
(13, 12.00, '2024-11-14 22:53:19', '2024-11-14 22:53:19'),
(14, 13.00, '2024-11-14 22:53:55', '2024-11-14 22:53:55'),
(15, 14.00, '2024-11-14 22:54:16', '2024-11-14 22:54:16'),
(16, 15.00, '2024-11-14 22:54:23', '2024-11-14 22:54:23'),
(17, 16.00, '2024-11-14 22:54:29', '2024-11-14 22:54:29'),
(18, 17.00, '2024-11-14 22:54:37', '2024-11-14 22:54:37'),
(19, 18.00, '2024-11-14 22:54:43', '2024-11-14 22:54:43'),
(20, 19.00, '2024-11-14 22:54:48', '2024-11-14 22:54:48'),
(21, 20.00, '2024-11-14 22:54:54', '2024-11-14 22:54:54'),
(22, 21.00, '2024-11-14 22:54:59', '2024-11-14 22:54:59'),
(23, 22.00, '2024-11-14 22:55:06', '2024-11-14 22:55:06'),
(24, 23.00, '2024-11-14 22:55:12', '2024-11-14 22:55:12'),
(25, 24.00, '2024-11-14 22:55:18', '2024-11-14 22:55:18'),
(26, 25.00, '2024-11-14 22:55:24', '2024-11-14 22:55:24'),
(27, 26.00, '2024-11-14 22:55:31', '2024-11-14 22:55:31'),
(28, 27.00, '2024-11-14 22:55:36', '2024-11-14 22:55:36'),
(29, 28.00, '2024-11-14 22:55:40', '2024-11-14 22:55:40'),
(30, 29.00, '2024-11-14 22:55:46', '2024-11-14 22:55:46'),
(31, 30.00, '2024-11-14 22:55:52', '2024-11-14 22:55:52'),
(32, 31.00, '2024-11-14 22:55:57', '2024-11-14 22:55:57'),
(33, 32.00, '2024-11-14 22:56:02', '2024-11-14 22:56:02');

-- --------------------------------------------------------

--
-- Estructura de tabla para la tabla `password_resets`
--

CREATE TABLE `password_resets` (
  `email` varchar(255) COLLATE utf8mb4_unicode_ci NOT NULL,
  `token` varchar(255) COLLATE utf8mb4_unicode_ci NOT NULL,
  `created_at` timestamp NULL DEFAULT NULL
) ENGINE=InnoDB DEFAULT CHARSET=utf8mb4 COLLATE=utf8mb4_unicode_ci;

-- --------------------------------------------------------

--
-- Estructura de tabla para la tabla `password_reset_tokens`
--

CREATE TABLE `password_reset_tokens` (
  `email` varchar(255) COLLATE utf8mb4_unicode_ci NOT NULL,
  `token` varchar(255) COLLATE utf8mb4_unicode_ci NOT NULL,
  `created_at` timestamp NULL DEFAULT NULL
) ENGINE=InnoDB DEFAULT CHARSET=utf8mb4 COLLATE=utf8mb4_unicode_ci;

-- --------------------------------------------------------

--
-- Estructura de tabla para la tabla `permissions`
--

CREATE TABLE `permissions` (
  `id` bigint(20) UNSIGNED NOT NULL,
  `name` varchar(255) COLLATE utf8mb4_unicode_ci NOT NULL,
  `guard_name` varchar(255) COLLATE utf8mb4_unicode_ci NOT NULL,
  `created_at` timestamp NULL DEFAULT NULL,
  `updated_at` timestamp NULL DEFAULT NULL
) ENGINE=InnoDB DEFAULT CHARSET=utf8mb4 COLLATE=utf8mb4_unicode_ci;

-- --------------------------------------------------------

--
-- Estructura de tabla para la tabla `personal_access_tokens`
--

CREATE TABLE `personal_access_tokens` (
  `id` bigint(20) UNSIGNED NOT NULL,
  `tokenable_type` varchar(255) COLLATE utf8mb4_unicode_ci NOT NULL,
  `tokenable_id` bigint(20) UNSIGNED NOT NULL,
  `name` varchar(255) COLLATE utf8mb4_unicode_ci NOT NULL,
  `token` varchar(64) COLLATE utf8mb4_unicode_ci NOT NULL,
  `abilities` text COLLATE utf8mb4_unicode_ci,
  `last_used_at` timestamp NULL DEFAULT NULL,
  `expires_at` timestamp NULL DEFAULT NULL,
  `created_at` timestamp NULL DEFAULT NULL,
  `updated_at` timestamp NULL DEFAULT NULL
) ENGINE=InnoDB DEFAULT CHARSET=utf8mb4 COLLATE=utf8mb4_unicode_ci;

-- --------------------------------------------------------

--
-- Estructura de tabla para la tabla `piezas`
--

CREATE TABLE `piezas` (
  `id` bigint(20) UNSIGNED NOT NULL,
  `nombre` varchar(255) COLLATE utf8mb4_unicode_ci NOT NULL,
  `alto` decimal(10,2) NOT NULL,
  `largo` decimal(10,2) NOT NULL,
  `descripcion` varchar(255) COLLATE utf8mb4_unicode_ci DEFAULT NULL,
  `idModelo` bigint(20) UNSIGNED DEFAULT NULL,
  `cantidad` bigint(20) UNSIGNED DEFAULT NULL,
  `suaje` varchar(255) COLLATE utf8mb4_unicode_ci DEFAULT NULL,
  `created_at` timestamp NULL DEFAULT NULL,
  `updated_at` timestamp NULL DEFAULT NULL
) ENGINE=InnoDB DEFAULT CHARSET=utf8mb4 COLLATE=utf8mb4_unicode_ci;

--
-- Volcado de datos para la tabla `piezas`
--

INSERT INTO `piezas` (`id`, `nombre`, `alto`, `largo`, `descripcion`, `idModelo`, `cantidad`, `suaje`, `created_at`, `updated_at`) VALUES
(106, 'Floreta', 10.00, 12.00, NULL, 86, 2, '51-A', '2024-11-15 00:47:20', '2024-11-15 00:47:20'),
(107, 'Lateral', 13.00, 8.00, NULL, 86, 4, '51-B', '2024-11-15 00:48:02', '2024-11-15 00:48:02'),
(108, 'Cuello', 6.00, 20.00, NULL, 86, 4, '51-C', '2024-11-15 00:48:54', '2024-11-15 00:48:54'),
(109, 'Lateral bajo', 5.00, 22.00, NULL, 86, 4, '51-D', '2024-11-15 00:55:48', '2024-11-15 00:55:48'),
(110, 'Lateral tracero', 4.00, 13.00, NULL, 86, 4, '51-E', '2024-11-15 00:56:26', '2024-11-15 00:56:26'),
(111, 'Paloma', 10.00, 19.00, NULL, 86, 2, '51-F', '2024-11-15 01:00:01', '2024-11-15 01:00:01'),
(112, 'Chinela', 18.00, 13.00, NULL, 86, 2, '51-G', '2024-11-15 01:01:01', '2024-11-15 01:01:01'),
(113, 'Talon', 8.00, 14.00, NULL, 86, 2, '51-H', '2024-11-15 01:01:49', '2024-11-15 01:01:49'),
(114, 'Medio circulo cuello', 3.00, 5.00, NULL, 86, 2, '51-I', '2024-11-15 01:02:31', '2024-11-15 01:02:31'),
(115, 'Vivo cuello bajo', 4.00, 9.00, NULL, 86, 2, '51-J', '2024-11-15 01:03:52', '2024-11-15 01:03:52'),
(116, 'Vivo cuello alto', 7.00, 4.00, NULL, 86, 4, '51-K', '2024-11-15 01:04:44', '2024-11-15 01:04:44'),
(117, 'Lengua', 14.00, 11.00, NULL, 86, 2, '51-L', '2024-11-15 01:05:33', '2024-11-15 01:05:33'),
(118, 'Forro lengua', 14.00, 11.00, NULL, 86, 2, '51-L', '2024-11-15 01:20:58', '2024-11-15 01:20:58'),
(119, 'Forro delantero', 26.00, 23.00, NULL, 86, 2, '51-M', '2024-11-15 01:21:40', '2024-11-15 01:21:40'),
(120, 'Forro talon', 13.00, 30.00, NULL, 86, 2, '51-N', '2024-11-15 01:22:54', '2024-11-15 01:22:54'),
(121, 'Esponja talon', 7.00, 26.00, NULL, 86, 2, '51-O', '2024-11-15 01:23:46', '2024-11-15 01:23:46'),
(122, 'Esponja lengua', 14.00, 11.00, NULL, 86, 2, '51-L', '2024-11-15 01:24:31', '2024-11-15 01:24:31'),
(123, 'Cintilla talon', 5.00, 1.00, NULL, 86, 2, 'X', '2024-11-15 01:25:13', '2024-11-15 01:25:13'),
(124, 'Planta', 27.00, 10.00, NULL, 86, 2, 'Planta', '2024-11-15 01:27:32', '2024-11-15 01:27:32'),
(125, 'Plantilla', 27.00, 11.00, NULL, 86, 2, 'Plantilla', '2024-11-15 01:27:53', '2024-11-15 01:27:53'),
(126, 'Floreta', 25.00, 30.00, NULL, 71, 2, '14-A', '2024-11-20 04:57:17', '2024-11-20 04:57:17'),
(127, 'Remate', 28.00, 14.00, NULL, 71, 2, '14-B', '2024-11-20 04:57:53', '2024-11-20 04:57:53'),
(128, 'Lengua', 10.00, 12.00, NULL, 71, 2, '14-C', '2024-11-20 04:58:38', '2024-11-20 04:58:38'),
(129, 'Forro floreta', 24.00, 18.00, NULL, 71, 2, '14-E', '2024-11-20 04:59:47', '2024-11-20 04:59:47'),
(130, 'Forro talon', 20.00, 37.00, NULL, 71, 2, '14-D', '2024-11-20 05:00:13', '2024-11-20 05:00:13'),
(131, 'Planta', 27.00, 10.00, NULL, 71, 2, 'Planta', '2024-11-20 05:00:44', '2024-11-20 05:00:44'),
(132, 'Plantilla', 27.00, 11.00, NULL, 71, 2, 'Plantilla', '2024-11-20 05:01:06', '2024-11-20 05:01:06'),
(133, 'Floreta Malla', 17.00, 18.00, NULL, 88, 2, '60-A', '2024-11-30 02:29:35', '2024-11-30 02:29:35'),
(134, 'Paloma malla', 13.00, 31.00, NULL, 88, 2, '60-B', '2024-12-02 22:48:43', '2024-12-02 22:48:43'),
(135, 'Lengua', 18.00, 11.00, NULL, 88, 2, '60-C', '2024-12-02 22:49:10', '2024-12-02 22:49:10'),
(136, 'Chinela', 22.00, 14.00, NULL, 88, 2, '60-D', '2024-12-02 23:15:24', '2024-12-02 23:15:24'),
(137, 'Cuello', 13.00, 5.00, NULL, 88, 2, '60-E', '2024-12-02 23:15:56', '2024-12-02 23:15:56'),
(138, 'Talon', 12.00, 10.00, NULL, 88, 2, '60-F', '2024-12-02 23:16:38', '2024-12-02 23:16:38'),
(139, 'Forro talon', 16.00, 26.00, NULL, 88, 2, '60-G', '2024-12-02 23:17:11', '2024-12-02 23:17:11'),
(140, 'Forro floreta', 16.00, 26.00, NULL, 88, 2, '60-H', '2024-12-02 23:17:34', '2024-12-02 23:17:34'),
(141, 'Forro lengua', 11.00, 18.00, NULL, 88, 2, '60-I', '2024-12-02 23:18:11', '2024-12-02 23:18:11'),
(142, 'Esponja talon', 7.00, 22.00, NULL, 88, 2, '60-J', '2024-12-02 23:18:42', '2024-12-02 23:18:42'),
(143, 'Esponja lengua', 16.00, 11.00, NULL, 88, 2, '60-K', '2024-12-02 23:19:15', '2024-12-02 23:19:15'),
(144, 'Cintilla', 1.00, 6.00, NULL, 88, 2, 'X', '2024-12-02 23:19:49', '2024-12-02 23:19:49'),
(145, 'Planta', 27.00, 10.00, NULL, 88, 2, 'Planta', '2024-12-02 23:20:09', '2024-12-02 23:20:09'),
(146, 'Plantilla', 27.00, 11.00, NULL, 88, 2, 'Plantilla', '2024-12-02 23:20:27', '2024-12-02 23:20:27'),
(147, 'Lateral', 10.50, 24.50, NULL, 69, 4, '08-B', '2025-01-20 22:16:46', '2025-01-20 22:16:46'),
(148, 'Lengua', 12.00, 10.50, NULL, 69, 2, '08-D', '2025-01-20 22:17:43', '2025-01-20 22:17:43'),
(149, 'Forro lengua', 12.00, 10.50, NULL, 69, 2, '08-D', '2025-01-20 22:18:15', '2025-01-20 22:18:15'),
(150, 'Floreta', 15.50, 10.50, NULL, 69, 2, '08-A', '2025-01-20 22:23:24', '2025-01-20 22:23:24'),
(151, 'Paloma', 5.50, 14.00, NULL, 69, 2, '08-C', '2025-01-20 22:25:46', '2025-01-20 22:25:46'),
(152, 'Oropal Lateral', 25.00, 10.00, NULL, 69, 4, '08-E', '2025-01-20 22:34:11', '2025-01-20 22:34:11'),
(153, 'Oropal Floreta', 10.50, 15.50, NULL, 69, 2, '08-A', '2025-01-20 22:35:54', '2025-01-20 22:35:54'),
(154, 'Forro Talon', 10.00, 26.50, NULL, 69, 2, '08-F', '2025-01-20 22:38:20', '2025-01-20 22:38:20'),
(155, 'Esponja', 19.00, 4.00, NULL, 69, 2, 'Y1', '2025-01-20 22:39:03', '2025-01-20 22:39:03'),
(156, 'Poliflex', 8.00, 5.00, NULL, 69, 2, 'W2', '2025-01-20 22:39:46', '2025-01-20 22:39:46'),
(157, 'Remate', 6.00, 1.50, NULL, 69, 2, 'V1', '2025-01-20 22:40:21', '2025-01-20 22:40:46'),
(158, 'Cuello Corto', 13.00, 2.50, NULL, 69, 4, '08-G', '2025-01-20 22:41:30', '2025-01-20 22:41:30'),
(159, 'Planta', 27.00, 10.00, NULL, 69, 2, 'Planta', '2025-01-20 22:42:40', '2025-01-20 22:42:40'),
(160, 'Plantilla', 27.00, 11.00, NULL, 69, 2, 'Plantilla', '2025-01-20 22:42:59', '2025-01-20 22:42:59'),
(161, 'Floreta', 15.50, 10.50, NULL, 89, 2, '08-A', '2025-01-20 22:46:03', '2025-01-20 22:46:03'),
(162, 'Lateral', 10.50, 24.50, NULL, 89, 4, '08-B', '2025-01-20 22:48:23', '2025-01-20 22:48:23'),
(163, 'Paloma Aurora', 5.50, 24.50, NULL, 89, 2, '08-C.1', '2025-01-20 22:49:38', '2025-01-20 22:49:38'),
(164, 'Lengua', 12.00, 10.50, NULL, 89, 2, '08-D', '2025-01-20 22:50:26', '2025-01-20 22:50:26'),
(165, 'Oropal Lateral', 10.00, 25.00, NULL, 89, 4, '08-E', '2025-01-20 22:51:31', '2025-01-20 22:51:31'),
(166, 'Forro Talon', 26.50, 10.00, NULL, 89, 2, '08-F', '2025-01-20 22:52:31', '2025-01-20 22:55:17'),
(167, 'Poliflex', 5.00, 8.00, NULL, 89, 2, 'W2', '2025-01-20 22:54:58', '2025-01-20 22:54:58'),
(168, 'Forro Lengua', 12.00, 10.50, NULL, 89, 2, '08-D', '2025-01-20 22:55:42', '2025-01-20 22:55:42'),
(169, 'Remate', 1.50, 6.00, NULL, 89, 2, 'V1', '2025-01-20 22:56:19', '2025-01-20 22:56:19'),
(170, 'Esponja', 19.00, 6.00, NULL, 89, 2, 'Y1', '2025-01-20 22:56:56', '2025-01-20 22:56:56'),
(171, 'Planta', 27.00, 10.00, NULL, 89, 2, 'Planta', '2025-01-20 22:57:16', '2025-01-20 22:57:16'),
(172, 'Plantilla', 29.50, 10.00, NULL, 89, 2, 'Plantilla', '2025-01-20 22:57:41', '2025-01-20 22:57:41'),
(173, 'Floreta', 14.50, 9.00, NULL, 70, 2, '08-A', '2025-01-20 23:02:39', '2025-01-20 23:02:39'),
(174, 'Lateral', 10.00, 24.00, NULL, 70, 4, '08-B', '2025-01-20 23:03:55', '2025-01-21 01:17:03'),
(176, 'Lengua', 14.00, 12.00, NULL, 75, 2, '22-B', '2025-01-20 23:46:43', '2025-01-20 23:46:43'),
(177, 'Chinela', 7.50, 25.00, NULL, 75, 2, '22-C', '2025-01-20 23:47:22', '2025-01-20 23:47:22'),
(178, 'Forro Trasero', 12.00, 30.00, NULL, 75, 2, '22-D', '2025-01-20 23:47:55', '2025-01-20 23:47:55'),
(179, 'Forro Delantero', 27.00, 24.50, NULL, 75, 2, '22-E', '2025-01-20 23:49:11', '2025-01-20 23:49:11'),
(180, 'Forro Lengua', 13.00, 10.00, NULL, 75, 2, '22-B', '2025-01-20 23:49:38', '2025-01-20 23:49:38'),
(181, 'Esponja', 9.00, 23.00, NULL, 75, 2, 'Y2', '2025-01-20 23:50:20', '2025-01-20 23:50:20'),
(182, 'Plantilla', 29.50, 10.00, NULL, 75, 2, 'Plantilla', '2025-01-20 23:51:39', '2025-01-20 23:51:39'),
(184, 'Chinela', 22.00, 15.00, NULL, 90, 2, '56-B', '2025-01-20 23:56:01', '2025-01-20 23:56:01'),
(185, 'Lateral Superior', 11.00, 10.00, NULL, 90, 4, '56-C', '2025-01-20 23:56:22', '2025-01-20 23:56:22'),
(186, 'Lateral Inferior', 9.00, 10.00, NULL, 90, 4, '56-D', '2025-01-20 23:57:10', '2025-01-20 23:57:10'),
(187, 'Talon', 16.00, 8.00, NULL, 90, 2, '56-E', '2025-01-20 23:57:39', '2025-01-20 23:57:39'),
(188, 'Lengua', 17.00, 13.00, NULL, 90, 2, '56-F', '2025-01-20 23:57:57', '2025-01-20 23:57:57'),
(189, 'Tobillera (brasitos)', 12.00, 6.00, NULL, 90, 4, '56-G', '2025-01-20 23:58:48', '2025-01-20 23:58:48'),
(190, 'Forro Talon', 12.00, 29.00, NULL, 90, 2, '56-H', '2025-01-20 23:59:18', '2025-01-20 23:59:18'),
(191, 'Forro Lengua', 13.00, 17.00, NULL, 90, 2, '56-I', '2025-01-20 23:59:56', '2025-01-20 23:59:56'),
(192, 'Refuerzo Floreta', 31.00, 23.00, NULL, 90, 2, '56-J', '2025-01-21 00:00:37', '2025-01-21 00:00:37'),
(193, 'Esponja talon 10 mm Doble Dencidad', 8.00, 25.00, NULL, 90, 2, '56-L', '2025-01-21 00:01:12', '2025-01-21 00:03:56'),
(194, 'Esponja lengua 10 mm sencilla', 16.00, 12.00, NULL, 90, 3, '56-M', '2025-01-21 00:01:41', '2025-01-21 00:03:27'),
(195, 'Refuerzo Lateral', 31.00, 23.00, NULL, 90, 2, '56-K', '2025-01-21 00:02:38', '2025-01-21 00:02:38'),
(196, 'Planta', 27.00, 10.00, NULL, 90, 2, 'Planta', '2025-01-21 00:05:04', '2025-01-21 00:05:04'),
(197, 'Plantilla', 29.50, 10.00, NULL, 90, 2, 'Plantilla', '2025-01-21 00:05:32', '2025-01-21 00:05:32'),
(198, 'Refuerzo Pala', 26.00, 28.00, NULL, 78, 2, '22-A', '2025-01-21 00:11:35', '2025-01-21 00:11:35'),
(199, 'Pala', 33.00, 33.00, NULL, 78, 2, 'Cuadrado', '2025-01-21 00:11:54', '2025-01-21 00:11:54'),
(200, 'Lengua', 14.00, 12.00, NULL, 78, 2, '22-B', '2025-01-21 00:12:39', '2025-01-21 00:12:39'),
(201, 'Chilena', 7.50, 25.00, NULL, 78, 2, '22-C', '2025-01-21 00:13:22', '2025-01-21 00:13:22'),
(202, 'Forro Trasero', 12.00, 30.00, NULL, 78, 2, '22-D', '2025-01-21 00:13:58', '2025-01-21 00:13:58'),
(203, 'Forro Delantero', 27.00, 24.50, NULL, 78, 2, '22-E', '2025-01-21 00:14:28', '2025-01-21 00:14:28'),
(204, 'Forro Lengua', 13.00, 10.00, NULL, 78, 2, '22-B', '2025-01-21 00:15:08', '2025-01-21 00:15:08'),
(205, 'Esponja', 9.00, 23.00, NULL, 78, 2, 'Y2', '2025-01-21 00:16:23', '2025-01-21 00:16:23'),
(206, 'Planta', 27.00, 10.00, NULL, 78, 2, 'Planta', '2025-01-21 00:16:53', '2025-01-21 00:16:53'),
(207, 'Plantilla', 29.50, 10.00, NULL, 78, 2, 'Plantilla', '2025-01-21 00:17:16', '2025-01-21 00:17:16'),
(208, 'Floreta', 14.00, 10.00, NULL, 72, 2, '18-A', '2025-01-21 00:24:36', '2025-01-21 00:24:36'),
(209, 'Floreta Refuerzo', 14.00, 10.00, NULL, 72, 2, '18-A', '2025-01-21 00:25:46', '2025-01-21 00:25:46'),
(210, 'Lateral', 12.50, 10.50, NULL, 72, 4, '18-B', '2025-01-21 00:26:17', '2025-01-21 00:26:17'),
(211, 'Lateral Refuerzo', 12.50, 10.50, NULL, 72, 4, '18-B', '2025-01-21 00:27:05', '2025-01-21 00:27:05'),
(212, 'Chinela', 12.00, 29.00, NULL, 72, 2, '18-C', '2025-01-21 00:27:33', '2025-01-21 00:27:33'),
(213, 'Paloma', 5.50, 11.00, NULL, 72, 2, '18-D', '2025-01-21 00:28:22', '2025-01-21 00:28:22'),
(214, 'Remate', 2.00, 7.00, NULL, 72, 2, 'V1', '2025-01-21 00:28:52', '2025-01-21 00:28:52'),
(215, 'Lateral Atras', 12.00, 14.50, NULL, 72, 4, '18-E', '2025-01-21 00:29:47', '2025-01-21 00:29:47'),
(216, 'Lateral Atras Refuerzo', 12.00, 14.50, NULL, 72, 4, '18-E', '2025-01-21 00:30:21', '2025-01-21 00:31:42'),
(217, 'Lengua', 10.50, 14.00, NULL, 72, 2, '18-F', '2025-01-21 00:33:09', '2025-01-21 00:33:09'),
(218, 'Pipa', 5.50, 16.00, NULL, 72, 3, '18-H', '2025-01-21 00:34:32', '2025-01-21 00:34:32'),
(219, 'Forro Delantero', 27.00, 24.50, NULL, 72, 2, '22-E', '2025-01-21 00:35:45', '2025-01-21 00:35:45'),
(220, 'Forro Delantero Refuerzo', 27.00, 24.50, NULL, 72, 4, '22-E', '2025-01-21 00:36:32', '2025-01-21 00:36:32'),
(221, 'Forro Lengua', 10.50, 14.00, NULL, 72, 2, '18-F', '2025-01-21 00:38:29', '2025-01-21 00:38:29'),
(222, 'Cuello', 7.50, 13.50, NULL, 72, 2, '18-G', '2025-01-21 00:39:42', '2025-01-21 00:39:42'),
(223, 'Forro Trasero', 9.50, 28.00, NULL, 72, 2, '18-I', '2025-01-21 00:41:27', '2025-01-21 00:41:27'),
(224, 'Esponja', 5.00, 22.50, NULL, 72, 2, 'Y1', '2025-01-21 00:43:04', '2025-01-21 00:43:04'),
(225, 'Planta', 27.00, 10.00, NULL, 72, 2, 'Planta', '2025-01-21 00:43:25', '2025-01-21 00:43:25'),
(226, 'Plantilla', 29.50, 10.00, NULL, 72, 2, 'Plantilla', '2025-01-21 00:43:47', '2025-01-21 00:43:47'),
(227, 'Pala', 28.00, 30.00, NULL, 79, 2, '22-A', '2025-01-21 00:52:15', '2025-01-21 00:52:15'),
(228, 'Lengua', 14.00, 12.00, NULL, 79, 2, '22-B', '2025-01-21 00:52:57', '2025-01-21 00:52:57'),
(229, 'Chinela', 7.50, 25.00, NULL, 79, 2, '22-C', '2025-01-21 00:53:25', '2025-01-21 00:53:25'),
(230, 'Forro Trasero', 12.00, 30.00, NULL, 79, 2, '22-D', '2025-01-21 00:54:07', '2025-01-21 00:54:07'),
(231, 'Forro Delantero', 27.00, 24.50, NULL, 79, 2, '22-E', '2025-01-21 00:54:57', '2025-01-21 00:54:57'),
(232, 'Forro Lengua', 13.00, 10.00, NULL, 79, 2, '22-B', '2025-01-21 00:55:47', '2025-01-21 00:55:47'),
(233, 'Esponja', 9.00, 23.00, NULL, 79, 2, 'Y2', '2025-01-21 00:56:17', '2025-01-21 00:56:17'),
(234, 'Planta', 27.00, 10.00, NULL, 79, 2, 'Planta', '2025-01-21 00:57:46', '2025-01-21 00:57:46'),
(235, 'Plantilla', 29.50, 10.00, NULL, 79, 2, 'Plantilla', '2025-01-21 00:58:05', '2025-01-21 00:58:05'),
(236, 'Paloma', 4.50, 11.50, NULL, 70, 2, '08-C', '2025-01-21 01:09:23', '2025-01-21 01:09:23'),
(237, 'Lengua', 9.50, 11.50, NULL, 70, 2, '08-D', '2025-01-21 01:10:22', '2025-01-21 01:10:22'),
(238, 'Oropal Lateral', 24.00, 10.00, NULL, 70, 4, '08-E', '2025-01-21 01:15:23', '2025-01-21 01:31:29'),
(239, 'Forro Atras', 10.50, 24.50, NULL, 70, 2, '08-F', '2025-01-21 01:16:04', '2025-01-21 01:16:04'),
(240, 'Forro Lengua', 9.50, 11.50, NULL, 70, 2, '08-D', '2025-01-21 01:17:58', '2025-01-21 01:17:58'),
(241, 'Remate', 2.00, 6.50, NULL, 70, 2, 'V1', '2025-01-21 01:18:39', '2025-01-21 01:18:39'),
(242, 'Planta', 8.00, 5.00, NULL, 70, 2, 'Planta', '2025-01-21 01:21:10', '2025-01-21 01:21:10'),
(243, 'Plantilla', 23.00, 10.00, NULL, 70, 2, 'Plantilla', '2025-01-21 01:21:40', '2025-01-21 01:21:40'),
(244, 'Poliflex', 5.00, 8.00, NULL, 70, 2, 'W2', '2025-01-21 01:27:52', '2025-01-21 01:27:52'),
(245, 'Esponja', 4.00, 19.00, NULL, 70, 2, 'Y1', '2025-01-21 01:34:04', '2025-01-21 01:34:04'),
(246, 'Floreta', 30.00, 25.00, NULL, 73, 2, '14-A', '2025-01-21 01:54:29', '2025-01-21 01:54:29'),
(247, 'Remate', 14.00, 28.00, NULL, 73, 2, '14-B', '2025-01-21 01:56:02', '2025-01-21 01:56:02'),
(248, 'Lengua', 12.00, 10.00, NULL, 73, 2, '14-C', '2025-01-21 01:57:00', '2025-01-21 01:57:00'),
(249, 'Poliflex', 15.00, 8.00, NULL, 73, 2, 'W3', '2025-01-21 01:58:04', '2025-01-21 01:58:04'),
(250, 'Forro Delantero', 18.00, 24.00, NULL, 73, 2, '14-E', '2025-01-21 01:58:55', '2025-01-21 01:58:55'),
(251, 'Forro Trasero', 20.00, 37.00, NULL, 73, 2, '14-D', '2025-01-21 02:01:08', '2025-01-21 02:01:08'),
(252, 'Floreta', 10.50, 13.50, NULL, 91, 2, '13-A', '2025-01-21 02:12:17', '2025-01-21 02:12:17'),
(253, 'Chinela', 13.50, 29.50, NULL, 91, 2, '13-B', '2025-01-21 02:13:06', '2025-01-21 02:13:06'),
(254, 'Lateral', 10.50, 14.50, NULL, 91, 4, '13-C', '2025-01-21 02:15:10', '2025-01-21 02:15:10'),
(255, 'Cuello', 7.00, 12.50, NULL, 91, 2, '13-D', '2025-01-21 02:15:55', '2025-01-21 02:15:55'),
(256, 'Lengua', 12.50, 10.50, NULL, 91, 2, '13-E', '2025-01-21 02:16:56', '2025-01-21 02:16:56'),
(257, 'Forro Lengua', 12.50, 10.50, NULL, 91, 2, '13-E', '2025-01-21 02:18:47', '2025-01-21 02:18:47'),
(258, 'Esponja', 6.00, 22.50, NULL, 91, 2, 'Y1', '2025-01-21 02:19:17', '2025-01-21 02:19:17'),
(259, 'Poliflex', 7.50, 22.00, NULL, 91, 2, 'W1', '2025-01-21 02:20:56', '2025-01-21 02:20:56'),
(260, 'Forro', 28.50, 12.30, NULL, 91, 2, '13-G', '2025-01-21 02:24:44', '2025-01-21 02:24:44'),
(261, 'Paloma (brasitos)', 13.00, 7.00, NULL, 91, 4, '13-I', '2025-01-21 02:25:36', '2025-01-21 02:25:36'),
(262, 'Talon', 18.00, 7.00, NULL, 91, 2, '13-J', '2025-01-21 02:27:24', '2025-01-21 02:27:24'),
(263, 'Oropal', 22.00, 21.00, NULL, 91, 2, 'Z1', '2025-01-21 02:28:06', '2025-01-21 02:28:06'),
(264, 'Planta', 27.00, 10.00, NULL, 91, 2, 'Planta', '2025-01-21 02:28:58', '2025-01-21 02:28:58'),
(265, 'Plantilla', 29.50, 10.00, NULL, 91, 2, 'Plantilla', '2025-01-21 02:30:41', '2025-01-21 02:30:41'),
(266, 'Pala', 27.00, 27.00, NULL, 93, 2, '19-A', '2025-01-21 02:42:25', '2025-01-21 02:42:25'),
(267, 'Chinela', 7.00, 13.00, NULL, 93, 2, '19-B', '2025-01-21 02:42:50', '2025-01-21 02:42:50'),
(268, 'Lateral', 11.00, 5.00, NULL, 93, 4, '19-C', '2025-01-21 02:45:32', '2025-01-21 02:45:32'),
(269, 'Lateral Brazitos', 10.00, 12.00, NULL, 93, 4, '19-D', '2025-01-21 02:46:32', '2025-01-21 02:46:32'),
(270, 'Cuello', 7.50, 13.50, NULL, 93, 2, '19-E', '2025-01-21 02:47:10', '2025-01-21 02:47:10'),
(271, 'Paloma', 5.00, 7.00, NULL, 93, 2, '19-G', '2025-01-21 02:51:15', '2025-01-21 02:51:15'),
(272, 'Forro Delantero', 22.00, 23.00, NULL, 93, 2, '19-H', '2025-01-21 02:52:57', '2025-01-21 02:52:57'),
(273, 'Forro Trasero', 11.50, 26.50, NULL, 93, 2, '19-I', '2025-01-21 02:54:37', '2025-01-21 02:54:37'),
(274, 'Esponja', 4.00, 19.00, NULL, 93, 2, 'Y1', '2025-01-21 02:56:42', '2025-01-21 02:56:42'),
(275, 'Poliflex', 5.00, 8.00, NULL, 93, 2, 'W2', '2025-01-21 02:57:13', '2025-01-21 02:57:13'),
(276, 'Lengua', 14.00, 10.00, NULL, 93, 2, '19-J', '2025-01-21 02:57:45', '2025-01-21 02:59:01'),
(277, 'Forro Lengua', 14.00, 10.00, NULL, 93, 2, '19-J', '2025-01-21 02:58:42', '2025-01-21 02:58:42'),
(278, 'Pala', 20.00, 24.00, NULL, 85, 2, '49-A', '2025-01-21 03:01:50', '2025-01-21 03:01:50'),
(279, 'Lateral', 17.00, 10.00, NULL, 85, 4, '49-B', '2025-01-21 03:02:30', '2025-01-21 03:02:30'),
(280, 'Vista Lateral (Marca)', 9.00, 5.00, NULL, 85, 4, '49-C', '2025-01-21 03:03:18', '2025-01-21 03:03:18'),
(281, 'Talon', 20.00, 11.00, NULL, 85, 2, '49-D', '2025-01-21 03:05:23', '2025-01-21 03:05:23'),
(282, 'Lengua Sup', 12.00, 12.00, NULL, 85, 2, '49-E', '2025-01-21 03:05:56', '2025-01-21 03:05:56'),
(283, 'Paloma (Talon Sup)', 25.00, 7.00, NULL, 85, 2, '49-F', '2025-01-21 03:06:40', '2025-01-21 03:06:40'),
(284, 'Chinela', 10.50, 27.00, NULL, 85, 2, '49-G', '2025-01-21 03:07:14', '2025-01-21 03:07:14'),
(285, 'Lengua Baja', 8.00, 10.00, NULL, 85, 2, '49-H', '2025-01-21 03:08:03', '2025-01-21 03:08:03'),
(286, 'Esponja Paloma', 20.00, 6.00, NULL, 85, 2, '49-I', '2025-01-21 03:47:16', '2025-01-21 03:47:16'),
(287, 'Esponja Lengua', 18.00, 12.00, NULL, 85, 2, '49-J', '2025-01-21 03:47:52', '2025-01-21 03:47:52'),
(288, 'Forro Lengua', 18.00, 12.00, NULL, 85, 2, '49-K', '2025-01-21 03:48:23', '2025-01-21 03:48:23'),
(289, 'Forro Floreta', 17.00, 22.00, NULL, 85, 2, '49-L', '2025-01-21 03:48:50', '2025-01-21 03:49:46'),
(290, 'Forro Talon', 19.00, 37.00, NULL, 85, 2, '49-M', '2025-01-21 03:49:34', '2025-01-21 03:49:34'),
(291, 'Planta', 29.50, 10.00, NULL, 85, 2, 'Planta', '2025-01-21 03:50:19', '2025-01-21 03:50:19'),
(292, 'Plantilla', 29.50, 10.00, NULL, 85, 2, 'Plantilla', '2025-01-21 03:50:44', '2025-01-21 03:50:44'),
(293, 'Refuerzo Lateral', 9.00, 16.00, NULL, 85, 4, '49-N', '2025-01-21 03:53:47', '2025-01-21 03:53:47'),
(294, 'Refuerzo Pala', 20.00, 22.00, NULL, 85, 2, '49-A', '2025-01-21 03:54:32', '2025-01-21 03:54:32'),
(295, 'Refuerzo Talon', 19.00, 10.00, NULL, 85, 2, '49-O', '2025-01-21 03:54:58', '2025-01-21 03:54:58'),
(296, 'Refuerzo Vista Lateral (Marca)', 9.00, 5.00, NULL, 85, 4, '49-C', '2025-01-21 04:04:11', '2025-01-21 04:04:11'),
(297, 'Pala', 20.00, 23.00, NULL, 94, 2, '20-A', '2025-01-21 04:13:33', '2025-01-21 04:13:33'),
(298, 'Chinela', 14.00, 31.00, NULL, 94, 2, '20-B', '2025-01-21 04:15:07', '2025-01-21 04:15:07'),
(299, 'Cuello Alto', 3.00, 5.00, NULL, 94, 4, '20-C', '2025-01-21 04:15:39', '2025-01-21 04:15:39'),
(300, 'Lateral Trasero (Brasito)', 10.00, 10.00, NULL, 94, 4, '20-E', '2025-01-21 04:16:56', '2025-01-21 04:16:56'),
(301, 'Cuello Bajo', 6.00, 7.00, NULL, 94, 2, '20-D', '2025-01-21 04:20:40', '2025-01-21 04:20:40'),
(302, 'Cuello', 13.00, 8.00, NULL, 94, 2, '20-F', '2025-01-21 04:21:38', '2025-01-21 04:21:38'),
(303, 'Paloma', 9.00, 12.00, NULL, 94, 2, '20-G', '2025-01-21 04:23:24', '2025-01-21 04:23:24'),
(304, 'Remate (talon)', 7.50, 10.50, NULL, 94, 2, '20-H', '2025-01-21 04:25:32', '2025-01-21 04:25:32'),
(305, 'Forro Delantero (Suaje Up)', 21.00, 18.50, NULL, 94, 2, '22-E', '2025-01-21 04:26:43', '2025-01-21 04:26:43'),
(306, 'Lengua', 11.00, 13.50, NULL, 94, 2, '20-I', '2025-01-21 04:33:02', '2025-01-21 04:33:02'),
(307, 'Vista Remate', 6.00, 7.00, NULL, 94, 4, '20-J', '2025-01-21 04:34:39', '2025-01-21 04:34:39'),
(308, 'Vista Chinela', 5.00, 10.00, NULL, 94, 2, '20-K', '2025-01-21 04:37:05', '2025-01-21 04:37:05'),
(309, 'Forro Trasero', 11.50, 28.00, NULL, 94, 2, '20-L', '2025-01-21 04:39:18', '2025-01-21 04:39:18'),
(310, 'Poliflex', 6.00, 24.00, NULL, 94, 2, 'W1', '2025-01-21 04:44:19', '2025-01-21 04:44:19'),
(311, 'Esponja', 7.50, 21.00, NULL, 94, 2, 'Y2', '2025-01-21 04:45:09', '2025-01-21 04:45:09'),
(312, 'Planta', 27.00, 10.00, NULL, 94, 2, 'Planta', '2025-01-21 04:45:47', '2025-01-21 04:45:47'),
(313, 'Plantilla', 29.50, 10.00, NULL, 94, 2, 'Plantilla', '2025-01-21 04:46:34', '2025-01-21 04:46:34'),
(314, 'Pala', 20.00, 23.00, NULL, 95, 2, '20-A', '2025-01-21 04:49:43', '2025-01-21 04:49:43'),
(315, 'Chinela', 16.00, 31.00, NULL, 95, 2, '20-B.1', '2025-01-21 04:51:14', '2025-01-21 04:51:14'),
(316, 'Cuello Alto', 3.00, 5.00, NULL, 95, 4, '20-C', '2025-01-21 04:52:05', '2025-01-21 04:52:05'),
(317, 'Cuello Bajo', 6.00, 7.00, NULL, 95, 2, '20-D', '2025-01-21 04:52:50', '2025-01-21 04:52:50'),
(318, 'Lateral Trasero (Brasito)', 10.00, 10.00, NULL, 95, 4, '20-E', '2025-01-21 04:53:28', '2025-01-21 04:53:28'),
(319, 'Cuello', 13.00, 8.00, NULL, 95, 2, '20-F', '2025-01-21 04:54:03', '2025-01-21 04:54:03'),
(320, 'Paloma', 9.00, 12.00, NULL, 95, 2, '20-G', '2025-01-21 04:54:32', '2025-01-21 04:54:32'),
(321, 'Remate (Talon)', 7.50, 10.50, NULL, 95, 2, '20-H', '2025-01-21 04:55:19', '2025-01-21 04:55:19'),
(322, 'Forro Delantero (Suaje Up)', 21.00, 18.50, NULL, 95, 4, '22-E', '2025-01-21 04:56:14', '2025-01-21 05:00:56'),
(323, 'Lengua', 11.00, 13.50, NULL, 95, 2, '20-I', '2025-01-21 04:56:51', '2025-01-21 04:56:51'),
(324, 'Vista Remate', 6.00, 7.00, NULL, 95, 4, '20-J', '2025-01-21 04:58:05', '2025-01-21 04:58:05'),
(325, 'Vista Chinela', 5.00, 10.00, NULL, 95, 2, '20-K', '2025-01-21 04:59:01', '2025-01-21 04:59:01'),
(326, 'Forro trasero', 11.50, 28.00, NULL, 95, 2, '20-L', '2025-01-21 05:04:05', '2025-01-21 05:04:05'),
(327, 'Planta', 27.00, 10.00, NULL, 75, 2, 'Planta', '2025-01-21 20:14:15', '2025-01-21 20:14:15');

-- --------------------------------------------------------

--
-- Estructura de tabla para la tabla `proveedores`
--

CREATE TABLE `proveedores` (
  `id` bigint(20) UNSIGNED NOT NULL,
  `nombre` varchar(255) COLLATE utf8mb4_unicode_ci NOT NULL,
  `telefono` varchar(255) COLLATE utf8mb4_unicode_ci DEFAULT NULL,
  `direccion` varchar(255) COLLATE utf8mb4_unicode_ci DEFAULT NULL,
  `created_at` timestamp NULL DEFAULT NULL,
  `updated_at` timestamp NULL DEFAULT NULL
) ENGINE=InnoDB DEFAULT CHARSET=utf8mb4 COLLATE=utf8mb4_unicode_ci;

--
-- Volcado de datos para la tabla `proveedores`
--

INSERT INTO `proveedores` (`id`, `nombre`, `telefono`, `direccion`, `created_at`, `updated_at`) VALUES
(4, 'Acopol', NULL, NULL, '2024-11-15 00:05:59', '2024-11-15 00:05:59'),
(5, 'La Sultana', NULL, NULL, '2024-11-15 00:06:11', '2024-11-15 00:06:11'),
(6, 'Gusgor', NULL, NULL, '2024-11-15 00:06:22', '2024-11-15 00:06:22'),
(7, 'Italatek', NULL, NULL, '2024-11-15 00:06:55', '2024-11-15 00:06:55'),
(8, 'Revilla', NULL, NULL, '2024-11-15 00:07:06', '2024-11-15 00:07:06'),
(9, 'Casa Venegas', NULL, NULL, '2024-11-15 00:07:15', '2024-11-15 00:07:15'),
(10, 'Garsan', NULL, NULL, '2024-11-15 00:07:33', '2024-11-15 00:07:33'),
(11, 'Casa Blanca', NULL, NULL, '2024-11-15 00:08:20', '2024-11-15 00:08:20'),
(12, 'Wellbonding', NULL, NULL, '2024-11-15 00:08:47', '2024-11-15 00:08:47'),
(13, 'Curtidos RL', NULL, NULL, '2024-12-02 23:08:37', '2024-12-02 23:08:37'),
(14, 'Nexpelle', NULL, NULL, '2025-01-21 05:31:57', '2025-01-21 05:31:57'),
(15, 'Gujama', NULL, NULL, '2025-01-21 05:58:56', '2025-01-21 05:59:08'),
(16, 'Produtec', NULL, NULL, '2025-01-21 20:45:14', '2025-01-21 20:45:14'),
(17, 'Zadar', NULL, NULL, '2025-01-21 21:17:51', '2025-01-21 21:17:51'),
(18, 'Kether', NULL, NULL, '2025-01-21 21:39:17', '2025-01-21 21:39:17'),
(19, 'Leather', NULL, NULL, '2025-01-21 22:05:53', '2025-01-21 22:05:53'),
(20, 'Husujan', NULL, NULL, '2025-01-21 22:06:17', '2025-01-21 22:06:17'),
(21, 'Eurolatina', NULL, NULL, '2025-01-21 22:07:32', '2025-01-21 22:07:32'),
(22, 'Rala', NULL, NULL, '2025-01-21 22:07:40', '2025-01-21 22:07:40'),
(23, 'La Luz', NULL, NULL, '2025-01-21 22:08:00', '2025-01-21 22:08:00'),
(24, 'CMD', NULL, NULL, '2025-01-21 22:08:37', '2025-01-21 22:08:37'),
(25, 'Plasticos Mu침oz', NULL, NULL, '2025-01-21 22:08:54', '2025-01-21 22:08:54'),
(26, 'Omar', NULL, NULL, '2025-01-21 22:09:15', '2025-01-21 22:09:15'),
(27, 'Plymont', NULL, NULL, '2025-01-21 22:09:36', '2025-01-21 22:09:36'),
(28, 'N/a', NULL, NULL, '2025-01-21 23:53:27', '2025-01-21 23:53:27'),
(29, 'Sport Marysol', NULL, NULL, '2025-01-22 00:19:08', '2025-01-22 00:19:08');

-- --------------------------------------------------------

--
-- Estructura de tabla para la tabla `proveedor_has_materiales`
--

CREATE TABLE `proveedor_has_materiales` (
  `id` bigint(20) UNSIGNED NOT NULL,
  `idProveedor` bigint(20) UNSIGNED NOT NULL,
  `idMaterial` bigint(20) UNSIGNED NOT NULL,
  `created_at` timestamp NULL DEFAULT NULL,
  `updated_at` timestamp NULL DEFAULT NULL
) ENGINE=InnoDB DEFAULT CHARSET=utf8mb4 COLLATE=utf8mb4_unicode_ci;

--
-- Volcado de datos para la tabla `proveedor_has_materiales`
--

INSERT INTO `proveedor_has_materiales` (`id`, `idProveedor`, `idMaterial`, `created_at`, `updated_at`) VALUES
(8, 4, 8, '2024-11-15 00:12:19', '2024-11-15 00:12:19'),
(9, 4, 9, '2024-11-15 00:13:34', '2024-11-15 00:13:34'),
(10, 4, 10, '2024-11-15 00:14:05', '2024-11-15 00:14:05'),
(11, 10, 11, '2024-11-15 00:14:55', '2024-11-15 00:14:55'),
(12, 5, 12, '2024-11-15 00:17:02', '2024-11-15 00:17:02'),
(13, 4, 13, '2024-11-15 00:18:00', '2024-11-15 00:18:00'),
(14, 8, 14, '2024-11-15 00:18:55', '2024-11-15 00:18:55'),
(15, 5, 15, '2024-11-15 00:20:59', '2025-01-21 20:35:15'),
(16, 6, 16, '2024-11-15 00:24:48', '2024-11-15 00:24:48'),
(17, 5, 17, '2024-11-15 00:28:04', '2024-11-15 00:28:04'),
(18, 5, 18, '2024-11-15 00:29:16', '2024-11-15 00:29:16'),
(19, 9, 19, '2024-11-15 00:30:28', '2024-11-15 00:30:28'),
(20, 9, 20, '2024-11-15 00:31:20', '2024-11-15 00:31:20'),
(21, 9, 21, '2024-11-15 00:31:59', '2024-11-15 01:58:45'),
(22, 4, 22, '2024-11-15 00:33:35', '2024-11-15 00:33:35'),
(23, 10, 23, '2024-11-15 01:59:35', '2024-11-15 01:59:35'),
(24, 5, 24, '2024-11-20 05:13:11', '2024-11-20 05:13:11'),
(25, 13, 25, '2024-12-02 23:08:03', '2024-12-02 23:09:05'),
(26, 14, 26, '2025-01-21 05:31:43', '2025-01-21 05:32:15'),
(27, 4, 27, '2025-01-21 05:33:26', '2025-01-21 22:31:04'),
(28, 14, 28, '2025-01-21 05:34:11', '2025-01-21 22:31:18'),
(29, 11, 29, '2025-01-21 05:34:47', '2025-01-21 22:31:44'),
(30, 5, 30, '2025-01-21 05:35:18', '2025-01-21 22:47:32'),
(31, 15, 31, '2025-01-21 05:58:44', '2025-01-21 05:59:29'),
(32, 8, 32, '2025-01-21 20:29:13', '2025-01-21 20:29:13'),
(33, 5, 33, '2025-01-21 20:31:59', '2025-01-21 20:31:59'),
(34, 5, 34, '2025-01-21 20:35:52', '2025-01-21 20:35:52'),
(35, 5, 35, '2025-01-21 20:38:44', '2025-01-21 20:38:44'),
(36, 5, 36, '2025-01-21 20:39:40', '2025-01-21 20:39:40'),
(37, 16, 37, '2025-01-21 20:42:32', '2025-01-21 20:45:58'),
(38, 5, 38, '2025-01-21 20:51:57', '2025-01-21 20:51:57'),
(39, 5, 39, '2025-01-21 20:53:22', '2025-01-21 20:53:22'),
(40, 5, 40, '2025-01-21 20:54:27', '2025-01-21 20:54:27'),
(41, 5, 41, '2025-01-21 20:55:59', '2025-01-21 20:55:59'),
(42, 5, 42, '2025-01-21 20:58:11', '2025-01-21 20:58:11'),
(43, 5, 43, '2025-01-21 20:59:30', '2025-01-21 20:59:30'),
(44, 5, 44, '2025-01-21 21:03:44', '2025-01-21 21:03:44'),
(45, 14, 45, '2025-01-21 21:05:51', '2025-01-21 21:05:51'),
(46, 14, 46, '2025-01-21 21:09:17', '2025-01-21 22:47:51'),
(47, 5, 47, '2025-01-21 21:10:16', '2025-01-21 21:10:16'),
(48, 5, 48, '2025-01-21 21:13:58', '2025-01-21 21:13:58'),
(49, 5, 49, '2025-01-21 21:15:40', '2025-01-21 21:15:40'),
(50, 5, 50, '2025-01-21 21:17:27', '2025-01-21 21:17:27'),
(51, 17, 51, '2025-01-21 21:18:48', '2025-01-21 21:18:48'),
(52, 17, 52, '2025-01-21 21:19:27', '2025-01-21 21:19:27'),
(53, 17, 53, '2025-01-21 21:19:58', '2025-01-21 21:19:58'),
(54, 16, 54, '2025-01-21 21:21:52', '2025-01-21 21:21:52'),
(55, 16, 55, '2025-01-21 21:22:48', '2025-01-21 21:22:48'),
(56, 5, 56, '2025-01-21 21:23:59', '2025-01-21 21:23:59'),
(57, 14, 57, '2025-01-21 21:26:18', '2025-01-21 21:26:18'),
(58, 14, 58, '2025-01-21 21:27:34', '2025-01-21 21:27:34'),
(59, 5, 59, '2025-01-21 21:29:30', '2025-01-21 21:29:30'),
(60, 11, 60, '2025-01-21 21:30:20', '2025-01-21 21:30:20'),
(61, 5, 61, '2025-01-21 21:32:10', '2025-01-21 21:32:10'),
(62, 4, 62, '2025-01-21 21:32:56', '2025-01-21 21:32:56'),
(63, 5, 63, '2025-01-21 21:33:44', '2025-01-21 21:33:44'),
(64, 5, 64, '2025-01-21 21:35:06', '2025-01-21 21:35:06'),
(65, 5, 65, '2025-01-21 21:35:56', '2025-01-21 21:35:56'),
(66, 18, 66, '2025-01-21 21:36:50', '2025-01-21 21:41:44'),
(67, 5, 67, '2025-01-21 21:43:57', '2025-01-21 21:43:57'),
(68, 4, 68, '2025-01-21 21:45:15', '2025-01-21 21:45:15'),
(69, 4, 69, '2025-01-21 21:47:13', '2025-01-21 21:47:13'),
(70, 4, 70, '2025-01-21 21:47:38', '2025-01-21 21:47:38'),
(71, 10, 71, '2025-01-21 21:50:21', '2025-01-21 21:50:21'),
(72, 4, 72, '2025-01-21 21:51:15', '2025-01-21 21:51:15'),
(73, 6, 73, '2025-01-21 21:53:48', '2025-01-21 21:53:48'),
(74, 6, 74, '2025-01-21 21:55:37', '2025-01-21 21:55:37'),
(75, 19, 75, '2025-01-21 22:13:00', '2025-01-21 22:13:00'),
(76, 18, 76, '2025-01-21 22:14:19', '2025-01-21 22:15:23'),
(77, 11, 77, '2025-01-21 22:16:22', '2025-01-21 22:16:22'),
(78, 5, 78, '2025-01-21 22:19:03', '2025-01-21 22:19:03'),
(79, 5, 79, '2025-01-21 22:21:09', '2025-01-21 22:21:09'),
(80, 4, 80, '2025-01-21 22:21:40', '2025-01-21 22:21:40'),
(81, 5, 81, '2025-01-21 22:23:38', '2025-01-21 22:23:38'),
(82, 12, 82, '2025-01-21 22:24:56', '2025-01-21 22:24:56'),
(83, 11, 83, '2025-01-21 22:26:35', '2025-01-21 22:26:35'),
(84, 4, 84, '2025-01-21 22:27:06', '2025-01-21 22:27:06'),
(85, 4, 85, '2025-01-21 22:27:42', '2025-01-21 22:27:42'),
(86, 4, 86, '2025-01-21 22:28:13', '2025-01-21 22:28:13'),
(87, 4, 87, '2025-01-21 22:29:22', '2025-01-21 22:29:22'),
(88, 12, 88, '2025-01-21 22:30:38', '2025-01-21 22:30:38'),
(89, 14, 89, '2025-01-21 22:34:36', '2025-01-21 22:34:36'),
(90, 4, 90, '2025-01-21 22:36:49', '2025-01-21 22:36:49'),
(91, 4, 91, '2025-01-21 22:38:08', '2025-01-21 22:38:08'),
(92, 14, 92, '2025-01-21 22:39:31', '2025-01-21 22:39:31'),
(93, 14, 93, '2025-01-21 22:40:18', '2025-01-21 22:40:18'),
(94, 14, 94, '2025-01-21 22:41:03', '2025-01-21 22:41:03'),
(95, 5, 95, '2025-01-21 22:41:50', '2025-01-21 22:41:50'),
(96, 5, 96, '2025-01-21 22:42:18', '2025-01-21 22:42:18'),
(97, 5, 97, '2025-01-21 22:45:28', '2025-01-21 22:45:28'),
(98, 7, 98, '2025-01-21 22:46:42', '2025-01-21 22:47:09'),
(99, 20, 99, '2025-01-21 22:48:43', '2025-01-21 22:48:43'),
(100, 8, 100, '2025-01-21 22:49:29', '2025-01-21 22:49:29'),
(101, 5, 101, '2025-01-21 22:50:54', '2025-01-21 22:50:54'),
(102, 5, 102, '2025-01-21 22:51:55', '2025-01-21 22:51:55'),
(103, 5, 103, '2025-01-21 23:35:42', '2025-01-21 23:35:42'),
(104, 18, 104, '2025-01-21 23:37:32', '2025-01-21 23:37:32'),
(105, 7, 105, '2025-01-21 23:38:34', '2025-01-21 23:38:34'),
(106, 7, 106, '2025-01-21 23:40:56', '2025-01-21 23:40:56'),
(107, 7, 107, '2025-01-21 23:41:34', '2025-01-21 23:41:34'),
(108, 6, 108, '2025-01-21 23:42:15', '2025-01-21 23:42:15'),
(109, 21, 109, '2025-01-21 23:42:50', '2025-01-21 23:42:50'),
(110, 21, 110, '2025-01-21 23:44:00', '2025-01-21 23:44:00'),
(111, 21, 111, '2025-01-21 23:45:53', '2025-01-21 23:45:53'),
(112, 21, 112, '2025-01-21 23:47:42', '2025-01-21 23:47:42'),
(113, 26, 113, '2025-01-21 23:48:10', '2025-01-21 23:51:13'),
(114, 21, 114, '2025-01-21 23:50:45', '2025-01-21 23:50:45'),
(115, 21, 115, '2025-01-21 23:52:30', '2025-01-21 23:52:30'),
(116, 28, 116, '2025-01-21 23:53:16', '2025-01-21 23:53:53'),
(117, 28, 117, '2025-01-21 23:54:41', '2025-01-21 23:54:41'),
(118, 28, 118, '2025-01-21 23:55:32', '2025-01-21 23:55:32'),
(119, 22, 119, '2025-01-21 23:57:01', '2025-01-21 23:57:01'),
(120, 22, 120, '2025-01-21 23:58:19', '2025-01-21 23:58:19'),
(121, 23, 121, '2025-01-21 23:59:16', '2025-01-21 23:59:16'),
(122, 8, 122, '2025-01-22 00:00:00', '2025-01-22 00:00:00'),
(123, 5, 123, '2025-01-22 00:01:39', '2025-01-22 00:01:39'),
(124, 6, 124, '2025-01-22 00:07:46', '2025-01-22 00:07:46'),
(125, 6, 125, '2025-01-22 00:08:45', '2025-01-22 00:08:45'),
(126, 7, 126, '2025-01-22 00:11:32', '2025-01-22 00:11:32'),
(127, 10, 127, '2025-01-22 00:12:20', '2025-01-22 00:12:20'),
(128, 10, 128, '2025-01-22 00:15:58', '2025-01-22 00:15:58'),
(129, 4, 129, '2025-01-22 00:16:45', '2025-01-22 00:16:45'),
(130, 29, 130, '2025-01-22 00:18:33', '2025-01-22 00:21:18'),
(131, 24, 131, '2025-01-22 00:22:04', '2025-01-22 00:22:04'),
(132, 24, 132, '2025-01-22 00:24:14', '2025-01-22 00:24:14'),
(133, 24, 133, '2025-01-22 00:25:25', '2025-01-22 00:25:25'),
(134, 24, 134, '2025-01-22 00:26:14', '2025-01-22 00:26:14'),
(135, 24, 135, '2025-01-22 00:27:00', '2025-01-22 00:27:00'),
(136, 24, 136, '2025-01-22 00:30:51', '2025-01-22 00:30:51'),
(137, 24, 137, '2025-01-22 00:31:52', '2025-01-22 00:31:52'),
(138, 10, 138, '2025-01-22 00:32:38', '2025-01-22 00:32:38'),
(139, 9, 139, '2025-01-22 00:33:17', '2025-01-22 00:33:17'),
(140, 14, 140, '2025-01-22 00:35:01', '2025-01-22 00:35:01'),
(141, 24, 141, '2025-01-22 00:36:06', '2025-01-22 00:36:06'),
(142, 24, 142, '2025-01-22 00:37:19', '2025-01-22 00:37:19'),
(143, 24, 143, '2025-01-22 00:38:14', '2025-01-22 00:38:14'),
(144, 24, 144, '2025-01-22 00:38:44', '2025-01-22 00:38:44'),
(145, 24, 145, '2025-01-22 00:39:25', '2025-01-22 00:39:25'),
(146, 24, 146, '2025-01-22 00:39:48', '2025-01-22 00:39:48'),
(147, 24, 147, '2025-01-22 00:41:07', '2025-01-22 00:41:07'),
(148, 24, 148, '2025-01-22 00:41:40', '2025-01-22 00:41:40'),
(149, 25, 149, '2025-01-22 00:42:43', '2025-01-22 00:42:43'),
(150, 25, 150, '2025-01-22 00:43:48', '2025-01-22 00:43:48'),
(151, 5, 151, '2025-01-22 00:45:12', '2025-01-22 00:45:12'),
(152, 5, 152, '2025-01-22 00:49:33', '2025-01-22 00:49:33'),
(153, 14, 153, '2025-01-22 00:50:11', '2025-01-22 00:50:11'),
(154, 5, 154, '2025-01-22 00:53:36', '2025-01-22 00:53:36'),
(155, 6, 155, '2025-01-22 00:56:18', '2025-01-22 00:56:18'),
(156, 11, 156, '2025-01-22 00:57:55', '2025-01-22 00:57:55'),
(157, 5, 157, '2025-01-22 00:58:28', '2025-01-22 00:58:28'),
(158, 5, 158, '2025-01-22 00:59:45', '2025-01-22 00:59:45'),
(159, 26, 159, '2025-01-22 01:00:14', '2025-01-22 01:00:14'),
(160, 5, 160, '2025-01-22 01:02:21', '2025-01-22 01:02:21'),
(161, 14, 161, '2025-01-22 01:05:37', '2025-01-22 01:05:37'),
(162, 5, 162, '2025-01-22 01:06:11', '2025-01-22 01:06:11'),
(163, 5, 163, '2025-01-22 01:07:50', '2025-01-22 01:07:50'),
(164, 5, 164, '2025-01-22 01:08:42', '2025-01-22 01:08:42'),
(165, 5, 165, '2025-01-22 01:09:19', '2025-01-22 01:09:19'),
(166, 27, 166, '2025-01-22 01:09:45', '2025-01-22 01:09:45'),
(167, 27, 167, '2025-01-22 01:10:14', '2025-01-22 01:10:14'),
(168, 28, 168, '2025-01-22 01:11:38', '2025-01-22 01:11:38');

-- --------------------------------------------------------

--
-- Estructura de tabla para la tabla `roles`
--

CREATE TABLE `roles` (
  `id` bigint(20) UNSIGNED NOT NULL,
  `name` varchar(255) COLLATE utf8mb4_unicode_ci NOT NULL,
  `guard_name` varchar(255) COLLATE utf8mb4_unicode_ci NOT NULL,
  `created_at` timestamp NULL DEFAULT NULL,
  `updated_at` timestamp NULL DEFAULT NULL
) ENGINE=InnoDB DEFAULT CHARSET=utf8mb4 COLLATE=utf8mb4_unicode_ci;

-- --------------------------------------------------------

--
-- Estructura de tabla para la tabla `role_has_permissions`
--

CREATE TABLE `role_has_permissions` (
  `permission_id` bigint(20) UNSIGNED NOT NULL,
  `role_id` bigint(20) UNSIGNED NOT NULL
) ENGINE=InnoDB DEFAULT CHARSET=utf8mb4 COLLATE=utf8mb4_unicode_ci;

-- --------------------------------------------------------

--
-- Estructura de tabla para la tabla `suajes`
--

CREATE TABLE `suajes` (
  `id` bigint(20) UNSIGNED NOT NULL,
  `nombre` varchar(255) COLLATE utf8mb4_unicode_ci NOT NULL,
  `numero` varchar(255) COLLATE utf8mb4_unicode_ci NOT NULL,
  `descripcion` varchar(255) COLLATE utf8mb4_unicode_ci DEFAULT NULL,
  `created_at` timestamp NULL DEFAULT NULL,
  `updated_at` timestamp NULL DEFAULT NULL
) ENGINE=InnoDB DEFAULT CHARSET=utf8mb4 COLLATE=utf8mb4_unicode_ci;

-- --------------------------------------------------------

--
-- Estructura de tabla para la tabla `suelas`
--

CREATE TABLE `suelas` (
  `id` bigint(20) UNSIGNED NOT NULL,
  `nombre` varchar(255) COLLATE utf8mb4_unicode_ci NOT NULL,
  `precio` decimal(10,2) NOT NULL,
  `proveedor` varchar(255) COLLATE utf8mb4_unicode_ci DEFAULT NULL,
  `descripcion` varchar(255) COLLATE utf8mb4_unicode_ci DEFAULT NULL,
  `created_at` timestamp NULL DEFAULT NULL,
  `updated_at` timestamp NULL DEFAULT NULL
) ENGINE=InnoDB DEFAULT CHARSET=utf8mb4 COLLATE=utf8mb4_unicode_ci;

--
-- Volcado de datos para la tabla `suelas`
--

INSERT INTO `suelas` (`id`, `nombre`, `precio`, `proveedor`, `descripcion`, `created_at`, `updated_at`) VALUES
(5, 'City', 119.00, 'Phymex', '#25 - #29', '2024-11-15 00:40:06', '2024-12-02 23:14:16'),
(6, 'Cosmos', 52.00, 'ANDA', '#22 - #30', '2024-11-20 05:18:18', '2024-11-20 05:18:18'),
(7, 'Caiman', 49.00, 'Challenger', '#25 - #29', '2024-12-02 23:14:00', '2024-12-02 23:14:00'),
(8, 'Pegaso Negro', 57.50, 'Anda', '#22 - #31', '2025-01-21 05:18:59', '2025-01-21 05:18:59'),
(9, 'Hopper Negra/Negra', 80.00, 'Challenger', '#23 - #30', '2025-01-21 05:20:30', '2025-01-21 05:20:30'),
(10, 'Luna Blanca', 34.00, 'Evamack', '#22 - #29', '2025-01-21 05:21:27', '2025-01-21 05:21:27'),
(11, 'Air Force Blanco', 35.00, 'Hulera Sky', '#23 - #28', '2025-01-21 05:22:39', '2025-01-21 05:22:39'),
(12, 'Air Force 1 Blanco', 48.00, 'DQO', '#22 - #29', '2025-01-21 05:23:12', '2025-01-21 05:23:12'),
(13, 'CTY-012 (Valvula)', 122.00, 'Phymex', '#23 - #29', '2025-01-21 05:25:35', '2025-01-21 05:25:35'),
(14, 'Alpha', 43.50, 'Anda', '#22 - #29', '2025-01-22 01:13:49', '2025-01-22 01:13:49'),
(15, 'Bugy', 48.00, 'Anda', '#22 - #26', '2025-01-22 01:14:43', '2025-01-22 01:14:43'),
(16, 'Cobra', 44.00, 'Anda', '#22 - #29', '2025-01-22 01:15:07', '2025-01-22 01:15:07'),
(17, 'Cool', 46.00, 'Anda', '#22 - #31', '2025-01-22 01:15:40', '2025-01-22 01:15:40'),
(18, 'Italy', 50.00, 'Anda', '#22 - #26', '2025-01-22 01:16:09', '2025-01-22 01:16:09'),
(19, 'New York', 50.00, 'Anda', '#22 - #26', '2025-01-22 01:16:51', '2025-01-22 01:16:51'),
(20, 'Orion', 47.00, 'Anda', '#22 - #29', '2025-01-22 01:18:23', '2025-01-22 01:18:23'),
(21, 'Pegasso', 57.50, 'Anda', '#22 - #31', '2025-01-22 01:18:52', '2025-01-22 01:18:52'),
(22, 'Prince', 64.00, 'Anda', '#22 - #26', '2025-01-22 01:19:32', '2025-01-22 01:19:32'),
(23, 'Steisy', 52.00, 'Anda', '#22 - #29', '2025-01-22 01:20:01', '2025-01-22 01:20:01'),
(24, 'Tommy', 42.00, 'Cajas del Bajio', 'Cajas', '2025-01-22 01:20:32', '2025-01-22 01:20:32'),
(25, 'BST MAX', 123.00, 'Challenger', '#22 - #30', '2025-01-22 01:21:18', '2025-01-22 01:21:18'),
(26, 'Grislee', 39.00, 'Challenger', '#25 - #29', '2025-01-22 01:22:14', '2025-01-22 01:22:14'),
(27, 'Hooper', 80.00, 'Challenger', '#23 - #30', '2025-01-22 01:23:22', '2025-01-22 01:23:22'),
(28, 'Jaguar', 57.00, 'Challenger', 'Piso de Llanta', '2025-01-22 01:24:10', '2025-01-22 01:24:10'),
(29, 'Outdoor', 33.00, 'Challenger', '#22 - #25', '2025-01-22 01:25:03', '2025-01-22 01:25:03'),
(30, 'Outdoor', 37.00, 'Challenger', '#26 - #30', '2025-01-22 01:26:17', '2025-01-22 01:26:17'),
(31, 'Pegasso', 132.00, 'Challenger', '#22 - #30', '2025-01-22 01:26:55', '2025-01-22 01:26:55'),
(32, 'Speed', 110.00, 'Challenger', '#22 - #26', '2025-01-22 01:27:20', '2025-01-22 01:27:20'),
(33, 'Suela de Hule', 70.00, 'Chino', 'Suela de Hule', '2025-01-22 01:28:27', '2025-01-22 01:28:27'),
(34, 'Ranil', 60.00, 'Dasha Ucrania', NULL, '2025-01-22 01:30:39', '2025-01-22 01:31:17'),
(35, 'TR Bco', 60.00, 'Dasha Ucrania', NULL, '2025-01-22 01:32:41', '2025-01-22 01:32:41'),
(36, 'Tr Cristal', 68.00, 'Dasha Ucrania', NULL, '2025-01-22 01:36:08', '2025-01-22 01:36:08'),
(37, 'TR Neg', 50.00, 'Dasha Ucrania', NULL, '2025-01-22 01:37:37', '2025-01-22 01:37:37'),
(38, 'De Dientes Y Viborita en el piso', 62.00, 'DIC', NULL, '2025-01-22 01:38:08', '2025-01-22 01:38:08'),
(39, 'Nueva 6 Julio', 68.00, 'DIC', NULL, '2025-01-22 01:38:58', '2025-01-22 01:38:58'),
(40, 'Ax', 57.00, 'DIC', NULL, '2025-01-22 01:39:54', '2025-01-22 01:39:54'),
(41, 'Golden', 48.00, 'DIC', NULL, '2025-01-22 01:40:31', '2025-01-22 01:40:31'),
(42, 'March (Cajita)', 38.00, 'DIC', NULL, '2025-01-22 01:41:36', '2025-01-22 01:41:36'),
(43, 'March (Plataforma)', 55.00, 'DIC', NULL, '2025-01-22 01:42:00', '2025-01-22 01:42:00'),
(44, 'Pachon', 48.00, 'DIC', NULL, '2025-01-22 01:42:26', '2025-01-22 01:42:26'),
(45, 'QIU', 78.00, 'DIC', NULL, '2025-01-22 01:42:54', '2025-01-22 01:42:54'),
(46, 'Xtreme', 80.00, 'DIC', NULL, '2025-01-22 01:44:06', '2025-01-22 01:44:06'),
(47, 'Yak', 75.00, 'DIC', NULL, '2025-01-22 01:44:26', '2025-01-22 01:44:26'),
(48, 'Classic (Air de Phylon)', 46.00, 'Evalom', '#22 - #29', '2025-01-22 01:47:57', '2025-01-22 01:47:57'),
(49, 'Galactica', 43.00, 'Evalom', NULL, '2025-01-22 01:48:44', '2025-01-22 01:48:44'),
(50, 'Galactica Kids', 36.00, 'Evalom', NULL, '2025-01-22 01:49:06', '2025-01-22 01:49:06'),
(51, 'Bibi', 45.00, 'Evamak', '#22 - #26', '2025-01-22 01:49:58', '2025-01-22 01:49:58'),
(52, 'Estefania', 48.00, 'Evamak', '#22 - #26', '2025-01-22 01:50:25', '2025-01-22 01:50:25'),
(53, 'Frida', 47.00, 'Evamak', '#22 - #29', '2025-01-22 01:50:55', '2025-01-22 01:50:55'),
(54, 'Luna', 34.00, 'Evamak', '#22 - #29', '2025-01-22 01:51:42', '2025-01-22 01:51:42'),
(55, 'Rosy TPU', 81.00, 'Evamak', '#22 - #25', '2025-01-22 01:52:25', '2025-01-22 01:52:25'),
(56, 'Rosy TPU', 84.00, 'Evamak', '#26 - #29', '2025-01-22 01:54:03', '2025-01-22 01:54:03'),
(57, 'Ganesha', 37.00, 'Genesis', NULL, '2025-01-22 01:54:29', '2025-01-22 01:54:29'),
(58, 'Raptor', 165.75, 'GR', '#5 - #9', '2025-01-22 01:55:17', '2025-01-22 01:55:17'),
(59, 'Retro Negro', 30.00, 'Hulera Sky', NULL, '2025-01-22 01:57:24', '2025-01-22 01:57:24'),
(60, 'Retro Blanco y Bicolor', 35.00, 'Hulera Sky', NULL, '2025-01-22 01:57:57', '2025-01-22 01:57:57'),
(61, 'AIR', 35.00, 'Hulera Sky', NULL, '2025-01-22 01:58:39', '2025-01-22 01:58:39'),
(62, 'Caja', 40.00, 'Humca', NULL, '2025-01-22 01:59:05', '2025-01-22 01:59:05'),
(63, 'Plataforma', 50.00, 'Humca', NULL, '2025-01-22 01:59:23', '2025-01-22 01:59:23'),
(64, 'Skin', 45.00, 'Humca', NULL, '2025-01-22 01:59:59', '2025-01-22 01:59:59'),
(65, 'Grecia', 55.00, 'Jhalous', '#23 - #26', '2025-01-22 02:00:26', '2025-01-22 02:00:26'),
(66, 'Qatar (Ranil Ligero)', 55.00, 'Jhalous', '#23 - #26', '2025-01-22 02:01:28', '2025-01-22 02:01:28'),
(67, 'Stanlee', 20.50, 'Jhalous', '#15 - #21', '2025-01-22 02:04:02', '2025-01-22 02:04:02'),
(68, 'Stanlee', 30.00, 'Jhalous', '#22 - #28', '2025-01-22 02:05:05', '2025-01-22 02:05:05'),
(69, 'Converse TR', 24.00, 'Jhalous', '#15 - #21', '2025-01-22 02:06:44', '2025-01-22 02:06:44'),
(70, 'Converse TR', 32.00, 'Jhalous', '#22 - #28', '2025-01-22 02:07:55', '2025-01-22 02:07:55'),
(71, 'Hule', 45.00, 'Jorge Hule', '#18 - #21', '2025-01-22 02:09:15', '2025-01-22 02:09:15'),
(72, 'Hule', 50.00, 'Jorge Hule', '#22 - #29', '2025-01-22 02:09:41', '2025-01-22 02:09:41'),
(73, 'Bebe', 52.00, 'Lozano', NULL, '2025-01-22 02:10:04', '2025-01-22 02:10:04'),
(74, 'Felina', 58.00, 'Lozano', NULL, '2025-01-22 02:10:26', '2025-01-22 02:10:26'),
(75, 'Kudai', 61.00, 'Lozano', NULL, '2025-01-22 02:10:48', '2025-01-22 02:10:48'),
(76, 'Neo', 69.00, 'Lozano', NULL, '2025-01-22 02:11:10', '2025-01-22 02:11:10'),
(77, 'Nidia', 56.00, 'Lozano', NULL, '2025-01-22 02:11:44', '2025-01-22 02:11:44'),
(78, 'Hiking OX TPU', 133.12, 'Marysol', NULL, '2025-01-22 02:12:46', '2025-01-22 02:12:46');

-- --------------------------------------------------------

--
-- Estructura de tabla para la tabla `users`
--

CREATE TABLE `users` (
  `id` bigint(20) UNSIGNED NOT NULL,
  `name` varchar(255) COLLATE utf8mb4_unicode_ci NOT NULL,
  `email` varchar(255) COLLATE utf8mb4_unicode_ci NOT NULL,
  `email_verified_at` timestamp NULL DEFAULT NULL,
  `password` varchar(255) COLLATE utf8mb4_unicode_ci NOT NULL,
  `remember_token` varchar(100) COLLATE utf8mb4_unicode_ci DEFAULT NULL,
  `created_at` timestamp NULL DEFAULT NULL,
  `updated_at` timestamp NULL DEFAULT NULL
) ENGINE=InnoDB DEFAULT CHARSET=utf8mb4 COLLATE=utf8mb4_unicode_ci;

--
-- Volcado de datos para la tabla `users`
--

INSERT INTO `users` (`id`, `name`, `email`, `email_verified_at`, `password`, `remember_token`, `created_at`, `updated_at`) VALUES
(3, 'Pablo Sanchez', 'pabloprogramador77@gmail.com', NULL, '$2y$12$9Lt7ELNniTD/UdU1K0F6.e0ejdRRRLA/UBTeqkZL.hSdVKGi6lFzW', 'VL1kvOCpzZFdPHcFrWBLbrCOLZAh3BO6Fo9WfVUgdKnFKJui6B740eFpxW7H', '2024-10-25 04:14:21', '2024-10-25 04:14:21'),
(4, 'yo', 'el_duv@hotmail.com', NULL, '$2y$12$6gF0ZD9EOloXiiBmemqAE.Zk7KxU3O952NucXUE3ktlryCS7sAd..', NULL, '2024-11-02 05:37:27', '2024-11-02 05:37:27'),
(5, 'Alejandro M치rquez', 'el.duva74@gmail.com', NULL, '$2y$12$toU74xs.vsrjDaOa.l74EevKFCrNi2acoKG/rjT9pmlaBhBcSfJ8W', '7pGQA8pbUTo8D8RVMgYplgYdV9WqPq8YaMUVBXZVdFhHHKFzVbDhCIB2LxkS', '2024-11-14 21:50:18', '2024-11-14 21:50:18'),
(6, 'Andrea Gtz', 'aydeefootwear@gmail.com', NULL, '$2y$12$DprrmUIlpZd8DGCcJxeVW.1dVJsHF7IdS4w4jGSOquFUIsnY.NNhe', NULL, '2025-01-15 03:51:39', '2025-01-15 03:51:39'),
(7, 'Auxiliar Producci칩n', 'prov.aydfootwear@gmail.com', NULL, '$2y$12$cm1YI9/hkQkQVeq3DJz2iOlN1zBGtqu.2Jlb9KuRNo8nx6GNk.832', NULL, '2025-01-20 22:53:57', '2025-01-20 22:53:57'),
(8, 'Ventas', 'aydshoesmx@gmail.com', NULL, '$2y$12$3Nz5dy/xdeJmNmDeL8liYOyYGprXyLoEDMkR6i7VakCTC5F83K7p.', NULL, '2025-01-20 22:54:39', '2025-01-20 22:54:39');

--
-- 칈ndices para tablas volcadas
--

--
-- Indices de la tabla `clientes`
--
ALTER TABLE `clientes`
  ADD PRIMARY KEY (`id`);

--
-- Indices de la tabla `consumibles`
--
ALTER TABLE `consumibles`
  ADD PRIMARY KEY (`id`);

--
-- Indices de la tabla `costes`
--
ALTER TABLE `costes`
  ADD PRIMARY KEY (`id`);

--
-- Indices de la tabla `costos`
--
ALTER TABLE `costos`
  ADD PRIMARY KEY (`id`);

--
-- Indices de la tabla `cotizaciones`
--
ALTER TABLE `cotizaciones`
  ADD PRIMARY KEY (`id`),
  ADD KEY `cotizaciones_idmodelo_foreign` (`idModelo`),
  ADD KEY `cotizaciones_idcliente_foreign` (`idCliente`);

--
-- Indices de la tabla `cotizacion_has_consumibles`
--
ALTER TABLE `cotizacion_has_consumibles`
  ADD PRIMARY KEY (`id`),
  ADD KEY `cotizacion_has_consumibles_idcotizacion_foreign` (`idCotizacion`),
  ADD KEY `cotizacion_has_consumibles_idconsumible_foreign` (`idConsumible`);

--
-- Indices de la tabla `cotizacion_has_costes`
--
ALTER TABLE `cotizacion_has_costes`
  ADD PRIMARY KEY (`id`),
  ADD KEY `cotizacion_has_costes_idcotizacion_foreign` (`idCotizacion`),
  ADD KEY `cotizacion_has_costes_idcoste_foreign` (`idCoste`);

--
-- Indices de la tabla `cotizacion_has_costos`
--
ALTER TABLE `cotizacion_has_costos`
  ADD PRIMARY KEY (`id`),
  ADD KEY `cotizacion_has_costos_idcotizacion_foreign` (`idCotizacion`),
  ADD KEY `cotizacion_has_costos_idcosto_foreign` (`idCosto`);

--
-- Indices de la tabla `cotizacion_has_numeraciones`
--
ALTER TABLE `cotizacion_has_numeraciones`
  ADD PRIMARY KEY (`id`),
  ADD KEY `cotizacion_has_numeraciones_idcotizacion_foreign` (`idCotizacion`),
  ADD KEY `cotizacion_has_numeraciones_idnumeracion_foreign` (`idNumeracion`);

--
-- Indices de la tabla `cotizacion_has_piezas`
--
ALTER TABLE `cotizacion_has_piezas`
  ADD PRIMARY KEY (`id`),
  ADD KEY `cotizacion_has_piezas_idcotizacion_foreign` (`idCotizacion`),
  ADD KEY `cotizacion_has_piezas_idpieza_foreign` (`idPieza`),
  ADD KEY `cotizacion_has_piezas_idmaterial_foreign` (`idMaterial`);

--
-- Indices de la tabla `cotizacion_has_suelas`
--
ALTER TABLE `cotizacion_has_suelas`
  ADD PRIMARY KEY (`id`),
  ADD KEY `cotizacion_has_suelas_idcotizacion_foreign` (`idCotizacion`),
  ADD KEY `cotizacion_has_suelas_idsuela_foreign` (`idSuela`);

--
-- Indices de la tabla `failed_jobs`
--
ALTER TABLE `failed_jobs`
  ADD PRIMARY KEY (`id`),
  ADD UNIQUE KEY `failed_jobs_uuid_unique` (`uuid`);

--
-- Indices de la tabla `materiales`
--
ALTER TABLE `materiales`
  ADD PRIMARY KEY (`id`);

--
-- Indices de la tabla `migrations`
--
ALTER TABLE `migrations`
  ADD PRIMARY KEY (`id`);

--
-- Indices de la tabla `modelos`
--
ALTER TABLE `modelos`
  ADD PRIMARY KEY (`id`);

--
-- Indices de la tabla `modelo_has_consumibles`
--
ALTER TABLE `modelo_has_consumibles`
  ADD PRIMARY KEY (`id`),
  ADD KEY `modelo_has_consumibles_idmodelo_foreign` (`idModelo`),
  ADD KEY `modelo_has_consumibles_idconsumible_foreign` (`idConsumible`);

--
-- Indices de la tabla `modelo_has_costes`
--
ALTER TABLE `modelo_has_costes`
  ADD PRIMARY KEY (`id`),
  ADD KEY `modelo_has_costes_idmodelo_foreign` (`idModelo`),
  ADD KEY `modelo_has_costes_idcoste_foreign` (`idCoste`);

--
-- Indices de la tabla `modelo_has_costos`
--
ALTER TABLE `modelo_has_costos`
  ADD PRIMARY KEY (`id`),
  ADD KEY `modelo_has_costos_idmodelo_foreign` (`idModelo`),
  ADD KEY `modelo_has_costos_idcosto_foreign` (`idCosto`);

--
-- Indices de la tabla `modelo_has_ganancias`
--
ALTER TABLE `modelo_has_ganancias`
  ADD PRIMARY KEY (`id`);

--
-- Indices de la tabla `modelo_has_numeraciones`
--
ALTER TABLE `modelo_has_numeraciones`
  ADD PRIMARY KEY (`id`),
  ADD KEY `modelo_has_numeraciones_idmodelo_foreign` (`idModelo`),
  ADD KEY `modelo_has_numeraciones_idnumeracion_foreign` (`idNumeracion`);

--
-- Indices de la tabla `modelo_has_suelas`
--
ALTER TABLE `modelo_has_suelas`
  ADD PRIMARY KEY (`id`),
  ADD KEY `modelo_has_suelas_idmodelo_foreign` (`idModelo`),
  ADD KEY `modelo_has_suelas_idsuela_foreign` (`idSuela`);

--
-- Indices de la tabla `model_has_permissions`
--
ALTER TABLE `model_has_permissions`
  ADD PRIMARY KEY (`permission_id`,`model_id`,`model_type`),
  ADD KEY `model_has_permissions_model_id_model_type_index` (`model_id`,`model_type`);

--
-- Indices de la tabla `model_has_piezas`
--
ALTER TABLE `model_has_piezas`
  ADD PRIMARY KEY (`id`),
  ADD KEY `model_has_piezas_idmodelo_foreign` (`idModelo`),
  ADD KEY `model_has_piezas_idpieza_foreign` (`idPieza`);

--
-- Indices de la tabla `model_has_roles`
--
ALTER TABLE `model_has_roles`
  ADD PRIMARY KEY (`role_id`,`model_id`,`model_type`),
  ADD KEY `model_has_roles_model_id_model_type_index` (`model_id`,`model_type`);

--
-- Indices de la tabla `notas`
--
ALTER TABLE `notas`
  ADD PRIMARY KEY (`id`),
  ADD KEY `notas_idcliente_foreign` (`idCliente`);

--
-- Indices de la tabla `nota_has_cotizaciones`
--
ALTER TABLE `nota_has_cotizaciones`
  ADD PRIMARY KEY (`id`),
  ADD KEY `nota_has_cotizaciones_idnota_foreign` (`idNota`),
  ADD KEY `nota_has_cotizaciones_idcotizacion_foreign` (`idCotizacion`);

--
-- Indices de la tabla `numeraciones`
--
ALTER TABLE `numeraciones`
  ADD PRIMARY KEY (`id`);

--
-- Indices de la tabla `password_resets`
--
ALTER TABLE `password_resets`
  ADD KEY `password_resets_email_index` (`email`);

--
-- Indices de la tabla `password_reset_tokens`
--
ALTER TABLE `password_reset_tokens`
  ADD PRIMARY KEY (`email`);

--
-- Indices de la tabla `permissions`
--
ALTER TABLE `permissions`
  ADD PRIMARY KEY (`id`),
  ADD UNIQUE KEY `permissions_name_guard_name_unique` (`name`,`guard_name`);

--
-- Indices de la tabla `personal_access_tokens`
--
ALTER TABLE `personal_access_tokens`
  ADD PRIMARY KEY (`id`),
  ADD UNIQUE KEY `personal_access_tokens_token_unique` (`token`),
  ADD KEY `personal_access_tokens_tokenable_type_tokenable_id_index` (`tokenable_type`,`tokenable_id`);

--
-- Indices de la tabla `piezas`
--
ALTER TABLE `piezas`
  ADD PRIMARY KEY (`id`),
  ADD KEY `piezas_idmodelo_foreign` (`idModelo`);

--
-- Indices de la tabla `proveedores`
--
ALTER TABLE `proveedores`
  ADD PRIMARY KEY (`id`);

--
-- Indices de la tabla `proveedor_has_materiales`
--
ALTER TABLE `proveedor_has_materiales`
  ADD PRIMARY KEY (`id`),
  ADD KEY `proveedor_has_materiales_idproveedor_foreign` (`idProveedor`),
  ADD KEY `proveedor_has_materiales_idmaterial_foreign` (`idMaterial`);

--
-- Indices de la tabla `roles`
--
ALTER TABLE `roles`
  ADD PRIMARY KEY (`id`),
  ADD UNIQUE KEY `roles_name_guard_name_unique` (`name`,`guard_name`);

--
-- Indices de la tabla `role_has_permissions`
--
ALTER TABLE `role_has_permissions`
  ADD PRIMARY KEY (`permission_id`,`role_id`),
  ADD KEY `role_has_permissions_role_id_foreign` (`role_id`);

--
-- Indices de la tabla `suajes`
--
ALTER TABLE `suajes`
  ADD PRIMARY KEY (`id`);

--
-- Indices de la tabla `suelas`
--
ALTER TABLE `suelas`
  ADD PRIMARY KEY (`id`);

--
-- Indices de la tabla `users`
--
ALTER TABLE `users`
  ADD PRIMARY KEY (`id`),
  ADD UNIQUE KEY `users_email_unique` (`email`);

--
-- AUTO_INCREMENT de las tablas volcadas
--

--
-- AUTO_INCREMENT de la tabla `clientes`
--
ALTER TABLE `clientes`
  MODIFY `id` bigint(20) UNSIGNED NOT NULL AUTO_INCREMENT, AUTO_INCREMENT=18;

--
-- AUTO_INCREMENT de la tabla `consumibles`
--
ALTER TABLE `consumibles`
  MODIFY `id` bigint(20) UNSIGNED NOT NULL AUTO_INCREMENT, AUTO_INCREMENT=21;

--
-- AUTO_INCREMENT de la tabla `costes`
--
ALTER TABLE `costes`
  MODIFY `id` bigint(20) UNSIGNED NOT NULL AUTO_INCREMENT, AUTO_INCREMENT=41;

--
-- AUTO_INCREMENT de la tabla `costos`
--
ALTER TABLE `costos`
  MODIFY `id` bigint(20) UNSIGNED NOT NULL AUTO_INCREMENT, AUTO_INCREMENT=15;

--
-- AUTO_INCREMENT de la tabla `cotizaciones`
--
ALTER TABLE `cotizaciones`
  MODIFY `id` bigint(20) UNSIGNED NOT NULL AUTO_INCREMENT, AUTO_INCREMENT=139;

--
-- AUTO_INCREMENT de la tabla `cotizacion_has_consumibles`
--
ALTER TABLE `cotizacion_has_consumibles`
  MODIFY `id` bigint(20) UNSIGNED NOT NULL AUTO_INCREMENT, AUTO_INCREMENT=168;

--
-- AUTO_INCREMENT de la tabla `cotizacion_has_costes`
--
ALTER TABLE `cotizacion_has_costes`
  MODIFY `id` bigint(20) UNSIGNED NOT NULL AUTO_INCREMENT, AUTO_INCREMENT=505;

--
-- AUTO_INCREMENT de la tabla `cotizacion_has_costos`
--
ALTER TABLE `cotizacion_has_costos`
  MODIFY `id` bigint(20) UNSIGNED NOT NULL AUTO_INCREMENT, AUTO_INCREMENT=140;

--
-- AUTO_INCREMENT de la tabla `cotizacion_has_numeraciones`
--
ALTER TABLE `cotizacion_has_numeraciones`
  MODIFY `id` bigint(20) UNSIGNED NOT NULL AUTO_INCREMENT, AUTO_INCREMENT=302;

--
-- AUTO_INCREMENT de la tabla `cotizacion_has_piezas`
--
ALTER TABLE `cotizacion_has_piezas`
  MODIFY `id` bigint(20) UNSIGNED NOT NULL AUTO_INCREMENT, AUTO_INCREMENT=699;

--
-- AUTO_INCREMENT de la tabla `cotizacion_has_suelas`
--
ALTER TABLE `cotizacion_has_suelas`
  MODIFY `id` bigint(20) UNSIGNED NOT NULL AUTO_INCREMENT, AUTO_INCREMENT=112;

--
-- AUTO_INCREMENT de la tabla `failed_jobs`
--
ALTER TABLE `failed_jobs`
  MODIFY `id` bigint(20) UNSIGNED NOT NULL AUTO_INCREMENT;

--
-- AUTO_INCREMENT de la tabla `materiales`
--
ALTER TABLE `materiales`
  MODIFY `id` bigint(20) UNSIGNED NOT NULL AUTO_INCREMENT, AUTO_INCREMENT=169;

--
-- AUTO_INCREMENT de la tabla `migrations`
--
ALTER TABLE `migrations`
  MODIFY `id` int(10) UNSIGNED NOT NULL AUTO_INCREMENT;

--
-- AUTO_INCREMENT de la tabla `modelos`
--
ALTER TABLE `modelos`
  MODIFY `id` bigint(20) UNSIGNED NOT NULL AUTO_INCREMENT, AUTO_INCREMENT=96;

--
-- AUTO_INCREMENT de la tabla `modelo_has_consumibles`
--
ALTER TABLE `modelo_has_consumibles`
  MODIFY `id` bigint(20) UNSIGNED NOT NULL AUTO_INCREMENT, AUTO_INCREMENT=77;

--
-- AUTO_INCREMENT de la tabla `modelo_has_costes`
--
ALTER TABLE `modelo_has_costes`
  MODIFY `id` bigint(20) UNSIGNED NOT NULL AUTO_INCREMENT, AUTO_INCREMENT=248;

--
-- AUTO_INCREMENT de la tabla `modelo_has_costos`
--
ALTER TABLE `modelo_has_costos`
  MODIFY `id` bigint(20) UNSIGNED NOT NULL AUTO_INCREMENT, AUTO_INCREMENT=60;

--
-- AUTO_INCREMENT de la tabla `modelo_has_ganancias`
--
ALTER TABLE `modelo_has_ganancias`
  MODIFY `id` bigint(20) UNSIGNED NOT NULL AUTO_INCREMENT, AUTO_INCREMENT=2;

--
-- AUTO_INCREMENT de la tabla `modelo_has_numeraciones`
--
ALTER TABLE `modelo_has_numeraciones`
  MODIFY `id` bigint(20) UNSIGNED NOT NULL AUTO_INCREMENT, AUTO_INCREMENT=282;

--
-- AUTO_INCREMENT de la tabla `modelo_has_suelas`
--
ALTER TABLE `modelo_has_suelas`
  MODIFY `id` bigint(20) UNSIGNED NOT NULL AUTO_INCREMENT, AUTO_INCREMENT=39;

--
-- AUTO_INCREMENT de la tabla `model_has_piezas`
--
ALTER TABLE `model_has_piezas`
  MODIFY `id` bigint(20) UNSIGNED NOT NULL AUTO_INCREMENT;

--
-- AUTO_INCREMENT de la tabla `notas`
--
ALTER TABLE `notas`
  MODIFY `id` bigint(20) UNSIGNED NOT NULL AUTO_INCREMENT, AUTO_INCREMENT=88;

--
-- AUTO_INCREMENT de la tabla `nota_has_cotizaciones`
--
ALTER TABLE `nota_has_cotizaciones`
  MODIFY `id` bigint(20) UNSIGNED NOT NULL AUTO_INCREMENT, AUTO_INCREMENT=47;

--
-- AUTO_INCREMENT de la tabla `numeraciones`
--
ALTER TABLE `numeraciones`
  MODIFY `id` bigint(20) UNSIGNED NOT NULL AUTO_INCREMENT, AUTO_INCREMENT=34;

--
-- AUTO_INCREMENT de la tabla `permissions`
--
ALTER TABLE `permissions`
  MODIFY `id` bigint(20) UNSIGNED NOT NULL AUTO_INCREMENT;

--
-- AUTO_INCREMENT de la tabla `personal_access_tokens`
--
ALTER TABLE `personal_access_tokens`
  MODIFY `id` bigint(20) UNSIGNED NOT NULL AUTO_INCREMENT;

--
-- AUTO_INCREMENT de la tabla `piezas`
--
ALTER TABLE `piezas`
  MODIFY `id` bigint(20) UNSIGNED NOT NULL AUTO_INCREMENT, AUTO_INCREMENT=328;

--
-- AUTO_INCREMENT de la tabla `proveedores`
--
ALTER TABLE `proveedores`
  MODIFY `id` bigint(20) UNSIGNED NOT NULL AUTO_INCREMENT, AUTO_INCREMENT=30;

--
-- AUTO_INCREMENT de la tabla `proveedor_has_materiales`
--
ALTER TABLE `proveedor_has_materiales`
  MODIFY `id` bigint(20) UNSIGNED NOT NULL AUTO_INCREMENT, AUTO_INCREMENT=169;

--
-- AUTO_INCREMENT de la tabla `roles`
--
ALTER TABLE `roles`
  MODIFY `id` bigint(20) UNSIGNED NOT NULL AUTO_INCREMENT;

--
-- AUTO_INCREMENT de la tabla `suajes`
--
ALTER TABLE `suajes`
  MODIFY `id` bigint(20) UNSIGNED NOT NULL AUTO_INCREMENT;

--
-- AUTO_INCREMENT de la tabla `suelas`
--
ALTER TABLE `suelas`
  MODIFY `id` bigint(20) UNSIGNED NOT NULL AUTO_INCREMENT, AUTO_INCREMENT=79;

--
-- AUTO_INCREMENT de la tabla `users`
--
ALTER TABLE `users`
  MODIFY `id` bigint(20) UNSIGNED NOT NULL AUTO_INCREMENT, AUTO_INCREMENT=9;

--
-- Restricciones para tablas volcadas
--

--
-- Filtros para la tabla `cotizaciones`
--
ALTER TABLE `cotizaciones`
  ADD CONSTRAINT `cotizaciones_idcliente_foreign` FOREIGN KEY (`idCliente`) REFERENCES `clientes` (`id`) ON DELETE CASCADE,
  ADD CONSTRAINT `cotizaciones_idmodelo_foreign` FOREIGN KEY (`idModelo`) REFERENCES `modelos` (`id`) ON DELETE CASCADE;

--
-- Filtros para la tabla `cotizacion_has_consumibles`
--
ALTER TABLE `cotizacion_has_consumibles`
  ADD CONSTRAINT `cotizacion_has_consumibles_idconsumible_foreign` FOREIGN KEY (`idConsumible`) REFERENCES `consumibles` (`id`) ON DELETE CASCADE,
  ADD CONSTRAINT `cotizacion_has_consumibles_idcotizacion_foreign` FOREIGN KEY (`idCotizacion`) REFERENCES `cotizaciones` (`id`) ON DELETE CASCADE;

--
-- Filtros para la tabla `cotizacion_has_costes`
--
ALTER TABLE `cotizacion_has_costes`
  ADD CONSTRAINT `cotizacion_has_costes_idcoste_foreign` FOREIGN KEY (`idCoste`) REFERENCES `costes` (`id`) ON DELETE CASCADE,
  ADD CONSTRAINT `cotizacion_has_costes_idcotizacion_foreign` FOREIGN KEY (`idCotizacion`) REFERENCES `cotizaciones` (`id`) ON DELETE CASCADE;

--
-- Filtros para la tabla `cotizacion_has_costos`
--
ALTER TABLE `cotizacion_has_costos`
  ADD CONSTRAINT `cotizacion_has_costos_idcosto_foreign` FOREIGN KEY (`idCosto`) REFERENCES `costos` (`id`) ON DELETE CASCADE,
  ADD CONSTRAINT `cotizacion_has_costos_idcotizacion_foreign` FOREIGN KEY (`idCotizacion`) REFERENCES `cotizaciones` (`id`) ON DELETE CASCADE;

--
-- Filtros para la tabla `cotizacion_has_numeraciones`
--
ALTER TABLE `cotizacion_has_numeraciones`
  ADD CONSTRAINT `cotizacion_has_numeraciones_idcotizacion_foreign` FOREIGN KEY (`idCotizacion`) REFERENCES `cotizaciones` (`id`) ON DELETE CASCADE,
  ADD CONSTRAINT `cotizacion_has_numeraciones_idnumeracion_foreign` FOREIGN KEY (`idNumeracion`) REFERENCES `numeraciones` (`id`) ON DELETE CASCADE;

--
-- Filtros para la tabla `cotizacion_has_piezas`
--
ALTER TABLE `cotizacion_has_piezas`
  ADD CONSTRAINT `cotizacion_has_piezas_idcotizacion_foreign` FOREIGN KEY (`idCotizacion`) REFERENCES `cotizaciones` (`id`) ON DELETE CASCADE,
  ADD CONSTRAINT `cotizacion_has_piezas_idmaterial_foreign` FOREIGN KEY (`idMaterial`) REFERENCES `materiales` (`id`) ON DELETE CASCADE,
  ADD CONSTRAINT `cotizacion_has_piezas_idpieza_foreign` FOREIGN KEY (`idPieza`) REFERENCES `piezas` (`id`) ON DELETE CASCADE;

--
-- Filtros para la tabla `cotizacion_has_suelas`
--
ALTER TABLE `cotizacion_has_suelas`
  ADD CONSTRAINT `cotizacion_has_suelas_idcotizacion_foreign` FOREIGN KEY (`idCotizacion`) REFERENCES `cotizaciones` (`id`) ON DELETE CASCADE,
  ADD CONSTRAINT `cotizacion_has_suelas_idsuela_foreign` FOREIGN KEY (`idSuela`) REFERENCES `suelas` (`id`) ON DELETE CASCADE;

--
-- Filtros para la tabla `modelo_has_consumibles`
--
ALTER TABLE `modelo_has_consumibles`
  ADD CONSTRAINT `modelo_has_consumibles_idconsumible_foreign` FOREIGN KEY (`idConsumible`) REFERENCES `consumibles` (`id`) ON DELETE CASCADE,
  ADD CONSTRAINT `modelo_has_consumibles_idmodelo_foreign` FOREIGN KEY (`idModelo`) REFERENCES `modelos` (`id`) ON DELETE CASCADE;

--
-- Filtros para la tabla `modelo_has_costes`
--
ALTER TABLE `modelo_has_costes`
  ADD CONSTRAINT `modelo_has_costes_idcoste_foreign` FOREIGN KEY (`idCoste`) REFERENCES `costes` (`id`) ON DELETE CASCADE,
  ADD CONSTRAINT `modelo_has_costes_idmodelo_foreign` FOREIGN KEY (`idModelo`) REFERENCES `modelos` (`id`) ON DELETE CASCADE;

--
-- Filtros para la tabla `modelo_has_costos`
--
ALTER TABLE `modelo_has_costos`
  ADD CONSTRAINT `modelo_has_costos_idcosto_foreign` FOREIGN KEY (`idCosto`) REFERENCES `costos` (`id`) ON DELETE CASCADE,
  ADD CONSTRAINT `modelo_has_costos_idmodelo_foreign` FOREIGN KEY (`idModelo`) REFERENCES `modelos` (`id`) ON DELETE CASCADE;

--
-- Filtros para la tabla `modelo_has_numeraciones`
--
ALTER TABLE `modelo_has_numeraciones`
  ADD CONSTRAINT `modelo_has_numeraciones_idmodelo_foreign` FOREIGN KEY (`idModelo`) REFERENCES `modelos` (`id`) ON DELETE CASCADE,
  ADD CONSTRAINT `modelo_has_numeraciones_idnumeracion_foreign` FOREIGN KEY (`idNumeracion`) REFERENCES `numeraciones` (`id`) ON DELETE CASCADE;

--
-- Filtros para la tabla `modelo_has_suelas`
--
ALTER TABLE `modelo_has_suelas`
  ADD CONSTRAINT `modelo_has_suelas_idmodelo_foreign` FOREIGN KEY (`idModelo`) REFERENCES `modelos` (`id`) ON DELETE CASCADE,
  ADD CONSTRAINT `modelo_has_suelas_idsuela_foreign` FOREIGN KEY (`idSuela`) REFERENCES `suelas` (`id`) ON DELETE CASCADE;

--
-- Filtros para la tabla `model_has_permissions`
--
ALTER TABLE `model_has_permissions`
  ADD CONSTRAINT `model_has_permissions_permission_id_foreign` FOREIGN KEY (`permission_id`) REFERENCES `permissions` (`id`) ON DELETE CASCADE;

--
-- Filtros para la tabla `model_has_piezas`
--
ALTER TABLE `model_has_piezas`
  ADD CONSTRAINT `model_has_piezas_idmodelo_foreign` FOREIGN KEY (`idModelo`) REFERENCES `modelos` (`id`) ON DELETE CASCADE,
  ADD CONSTRAINT `model_has_piezas_idpieza_foreign` FOREIGN KEY (`idPieza`) REFERENCES `piezas` (`id`) ON DELETE CASCADE;

--
-- Filtros para la tabla `model_has_roles`
--
ALTER TABLE `model_has_roles`
  ADD CONSTRAINT `model_has_roles_role_id_foreign` FOREIGN KEY (`role_id`) REFERENCES `roles` (`id`) ON DELETE CASCADE;

--
-- Filtros para la tabla `notas`
--
ALTER TABLE `notas`
  ADD CONSTRAINT `notas_idcliente_foreign` FOREIGN KEY (`idCliente`) REFERENCES `clientes` (`id`) ON DELETE CASCADE;

--
-- Filtros para la tabla `nota_has_cotizaciones`
--
ALTER TABLE `nota_has_cotizaciones`
  ADD CONSTRAINT `nota_has_cotizaciones_idcotizacion_foreign` FOREIGN KEY (`idCotizacion`) REFERENCES `cotizaciones` (`id`) ON DELETE CASCADE,
  ADD CONSTRAINT `nota_has_cotizaciones_idnota_foreign` FOREIGN KEY (`idNota`) REFERENCES `notas` (`id`) ON DELETE CASCADE;

--
-- Filtros para la tabla `piezas`
--
ALTER TABLE `piezas`
  ADD CONSTRAINT `piezas_idmodelo_foreign` FOREIGN KEY (`idModelo`) REFERENCES `modelos` (`id`) ON DELETE CASCADE;

--
-- Filtros para la tabla `proveedor_has_materiales`
--
ALTER TABLE `proveedor_has_materiales`
  ADD CONSTRAINT `proveedor_has_materiales_idmaterial_foreign` FOREIGN KEY (`idMaterial`) REFERENCES `materiales` (`id`) ON DELETE CASCADE,
  ADD CONSTRAINT `proveedor_has_materiales_idproveedor_foreign` FOREIGN KEY (`idProveedor`) REFERENCES `proveedores` (`id`) ON DELETE CASCADE;

--
-- Filtros para la tabla `role_has_permissions`
--
ALTER TABLE `role_has_permissions`
  ADD CONSTRAINT `role_has_permissions_permission_id_foreign` FOREIGN KEY (`permission_id`) REFERENCES `permissions` (`id`) ON DELETE CASCADE,
  ADD CONSTRAINT `role_has_permissions_role_id_foreign` FOREIGN KEY (`role_id`) REFERENCES `roles` (`id`) ON DELETE CASCADE;
COMMIT;

/*!40101 SET CHARACTER_SET_CLIENT=@OLD_CHARACTER_SET_CLIENT */;
/*!40101 SET CHARACTER_SET_RESULTS=@OLD_CHARACTER_SET_RESULTS */;
/*!40101 SET COLLATION_CONNECTION=@OLD_COLLATION_CONNECTION */;
