-- phpMyAdmin SQL Dump
-- version 5.2.1
-- https://www.phpmyadmin.net/
--
-- Servidor: localhost:3306
-- Tiempo de generación: 20-02-2025 a las 14:56:06
-- Versión del servidor: 5.7.30
-- Versión de PHP: 8.2.11

SET SQL_MODE = "NO_AUTO_VALUE_ON_ZERO";
START TRANSACTION;
SET time_zone = "+00:00";


/*!40101 SET @OLD_CHARACTER_SET_CLIENT=@@CHARACTER_SET_CLIENT */;
/*!40101 SET @OLD_CHARACTER_SET_RESULTS=@@CHARACTER_SET_RESULTS */;
/*!40101 SET @OLD_COLLATION_CONNECTION=@@COLLATION_CONNECTION */;
/*!40101 SET NAMES utf8mb4 */;

--
-- Base de datos: `mejicapp_scic`
--

-- --------------------------------------------------------

--
-- Estructura de tabla para la tabla `clientes`
--

CREATE TABLE `clientes` (
  `id` bigint(20) UNSIGNED NOT NULL,
  `numero` varchar(255) COLLATE utf8mb4_unicode_ci DEFAULT NULL,
  `nombre` varchar(255) COLLATE utf8mb4_unicode_ci NOT NULL,
  `telefono` varchar(255) COLLATE utf8mb4_unicode_ci DEFAULT NULL,
  `estado` varchar(255) COLLATE utf8mb4_unicode_ci DEFAULT NULL,
  `ciudad` varchar(255) COLLATE utf8mb4_unicode_ci DEFAULT NULL,
  `email` varchar(255) COLLATE utf8mb4_unicode_ci DEFAULT NULL,
  `empresa` varchar(255) COLLATE utf8mb4_unicode_ci DEFAULT NULL,
  `razon` varchar(255) COLLATE utf8mb4_unicode_ci DEFAULT NULL,
  `rfc` varchar(255) COLLATE utf8mb4_unicode_ci DEFAULT NULL,
  `created_at` timestamp NULL DEFAULT NULL,
  `updated_at` timestamp NULL DEFAULT NULL
) ENGINE=InnoDB DEFAULT CHARSET=utf8mb4 COLLATE=utf8mb4_unicode_ci;

--
-- Volcado de datos para la tabla `clientes`
--

INSERT INTO `clientes` (`id`, `numero`, `nombre`, `telefono`, `estado`, `ciudad`, `email`, `empresa`, `razon`, `rfc`, `created_at`, `updated_at`) VALUES
(14, 'Pruebas', 'yo', '476', 'gto', 'src', 'el duv', 'aydee', 'rif', 'gcsfg', '2024-11-15 01:33:14', '2024-11-15 01:33:14'),
(15, '1307', 'Alejandro Murillo', '4361088082', 'Purepero', 'Michoacan', NULL, NULL, NULL, NULL, '2024-12-02 23:25:40', '2024-12-02 23:25:40'),
(16, '274', 'Oscar Ricardo', '8442075669', 'Cohahuila', 'Saltillo', NULL, NULL, NULL, NULL, '2025-01-20 23:25:09', '2025-01-20 23:25:09'),
(17, '1220', 'Ribers', '4641766180', 'Guanajuato', 'Salamanca', NULL, NULL, NULL, NULL, '2025-01-21 05:46:08', '2025-01-21 05:46:08'),
(18, '1290', 'Carlos Velázquez Valdez', '8711366059', 'Coahuila', 'Torreon', NULL, NULL, NULL, NULL, '2025-01-28 00:19:53', '2025-01-28 00:19:53'),
(19, '1300', 'Arturo Salinas', '4442094950', 'San Luis Potosi', 'San Luis Potosi', NULL, 'Barracuda', NULL, NULL, '2025-01-28 02:30:23', '2025-01-28 02:30:23'),
(20, '12', 'Angel Chihuahua', '65156', NULL, NULL, NULL, NULL, NULL, NULL, '2025-02-10 21:40:09', '2025-02-10 21:40:09'),
(21, '1281', 'Aldo Mota', '4621392232', NULL, NULL, NULL, NULL, NULL, NULL, '2025-02-18 02:16:19', '2025-02-18 02:16:19'),
(22, '1288', 'Casquishoes', '4401825477', NULL, NULL, NULL, NULL, NULL, NULL, '2025-02-20 22:07:46', '2025-02-20 22:07:46');

-- --------------------------------------------------------

--
-- Estructura de tabla para la tabla `consumibles`
--

CREATE TABLE `consumibles` (
  `id` bigint(20) UNSIGNED NOT NULL,
  `nombre` varchar(255) COLLATE utf8mb4_unicode_ci NOT NULL,
  `tipo` varchar(255) COLLATE utf8mb4_unicode_ci NOT NULL,
  `precio` decimal(10,2) UNSIGNED NOT NULL,
  `descripcion` varchar(255) COLLATE utf8mb4_unicode_ci DEFAULT NULL,
  `created_at` timestamp NULL DEFAULT NULL,
  `updated_at` timestamp NULL DEFAULT NULL
) ENGINE=InnoDB DEFAULT CHARSET=utf8mb4 COLLATE=utf8mb4_unicode_ci;

--
-- Volcado de datos para la tabla `consumibles`
--

INSERT INTO `consumibles` (`id`, `nombre`, `tipo`, `precio`, `descripcion`, `created_at`, `updated_at`) VALUES
(5, 'Etiqueta Aydee', 'Marca lengua', 1.41, NULL, '2024-11-15 00:41:55', '2025-01-31 05:08:25'),
(6, 'NOM Sintetico', 'Control de calidad', 1.41, 'Elvis', '2024-11-15 00:42:57', '2025-01-27 22:52:43'),
(7, 'Transfer Aydee', 'Marca plantilla', 0.50, NULL, '2024-11-15 00:43:29', '2024-11-15 00:43:29'),
(8, '361 90cm negra', 'Agujeta', 2.02, 'Kheter', '2024-11-20 05:04:45', '2024-11-20 05:09:03'),
(9, '361 110cm negra', 'Agujeta', 2.52, 'Kheter', '2024-11-20 05:05:33', '2024-11-20 05:08:42'),
(10, '361 130cm negra', 'Agujeta', 2.90, 'Kheter', '2024-11-20 05:06:09', '2024-11-20 05:08:55'),
(11, 'Americana plana 110cm Bca', 'Agujeta', 1.21, 'Kheter', '2024-11-20 05:06:43', '2024-11-20 05:09:36'),
(12, 'PVC Puma', 'Aplicacion', 10.00, 'CMD Moldes', '2024-11-20 05:08:27', '2024-11-20 05:08:27'),
(13, 'NOM Textil', 'Control de calidad', 1.41, NULL, '2024-11-20 05:10:35', '2025-01-27 22:52:30'),
(14, 'Autoaderente Aydee', 'Marca lengua', 1.50, NULL, '2024-12-02 23:09:53', '2025-01-31 05:07:24'),
(15, 'PVC Fox - 60', 'Aplicacion', 16.00, 'CMD Moldes', '2024-12-02 23:10:41', '2024-12-02 23:10:41'),
(16, 'Gancho dielectrico', 'Ojillo', 15.00, 'Italatek', '2024-12-02 23:12:34', '2024-12-02 23:12:34'),
(17, 'PVC AD2-2200', 'Aplicacion', 12.00, 'CMD Moldes', '2025-01-21 05:06:09', '2025-01-21 05:06:09'),
(18, 'Bandera Ribers', 'Aplicacion plastisol', 2.00, 'CMD Moldes', '2025-01-21 05:08:15', '2025-01-21 05:08:15'),
(19, 'Marca Lengua RB', 'Aplicacion plastisol', 3.00, 'CMD Moldes', '2025-01-21 05:15:16', '2025-01-21 05:15:16'),
(20, 'Pala plastisol Xport', 'Aplicacion plastisol', 29.00, NULL, '2025-01-21 05:17:44', '2025-01-21 05:17:44'),
(21, 'Etiqueta Ribers', 'Marca lengua', 1.40, NULL, '2025-01-22 04:41:25', '2025-01-31 05:08:50'),
(22, 'NOM Piel', 'Control de calidad', 1.40, NULL, '2025-01-27 22:34:04', '2025-01-27 22:34:04'),
(23, 'Vista lateral ATX (Aydee)', 'Aplicacion plastisol', 2.50, NULL, '2025-01-28 00:10:59', '2025-01-28 00:10:59'),
(24, 'Vista lateral ATX (Barracuda)', 'Aplicacion plastisol', 2.50, NULL, '2025-01-28 00:11:48', '2025-01-28 00:11:48'),
(25, 'Barracuda (Cintilla)', 'Serigrafia', 3.00, NULL, '2025-01-28 06:18:27', '2025-01-28 06:18:27'),
(26, 'Barracuda (Pala)', 'Serigrafia', 3.00, NULL, '2025-01-28 06:22:56', '2025-01-28 06:22:56'),
(27, 'Transfer Barracuda con numero', 'Marca plantilla', 0.00, NULL, '2025-01-28 07:23:12', '2025-01-28 07:24:07'),
(28, 'Barracuda', 'Control de calidad', 0.00, NULL, '2025-01-28 07:24:38', '2025-01-28 07:24:38'),
(29, 'PVC Plasticos Muñoz 1194-1-2', 'Aplicacion', 9.66, 'Plasticos Muñoz', '2025-01-28 07:27:30', '2025-01-28 07:27:30'),
(30, '1443', 'Casco', 17.70, 'Mas proveeduria', '2025-01-30 22:09:19', '2025-01-30 22:09:19'),
(31, 'Super bota cafe', 'Caja', 4.78, 'Boxbunny', '2025-01-31 01:59:57', '2025-01-31 01:59:57'),
(32, 'Costura suela', 'Otros', 3.00, NULL, '2025-02-04 03:59:31', '2025-02-04 03:59:31'),
(33, 'Cuña', 'Entrsuela', 3.28, 'Aydee', '2025-02-11 23:49:48', '2025-02-11 23:49:48'),
(34, 'PVC Huarache', 'Aplicacion lateral', 14.00, 'Moldes CMD', '2025-02-13 01:41:21', '2025-02-13 01:41:21'),
(35, 'Numero Rivers', 'Control de calidad', 1.50, NULL, '2025-02-19 02:11:45', '2025-02-19 02:11:45'),
(36, 'Plastisol Aydee Perrito', 'Marca lengua', 5.00, NULL, '2025-02-20 04:01:47', '2025-02-20 04:01:47'),
(37, 'Eva 5mm', 'Plantilla', 3.30, 'Garsan', '2025-02-20 22:22:12', '2025-02-20 22:25:10'),
(38, 'Celfil rosa #2', 'Planta', 2.30, 'Gusgor', '2025-02-20 22:23:10', '2025-02-20 22:23:10');

-- --------------------------------------------------------

--
-- Estructura de tabla para la tabla `costes`
--

CREATE TABLE `costes` (
  `id` bigint(20) UNSIGNED NOT NULL,
  `nombre` varchar(255) COLLATE utf8mb4_unicode_ci NOT NULL,
  `monto` decimal(10,2) NOT NULL,
  `descripcion` varchar(255) COLLATE utf8mb4_unicode_ci DEFAULT NULL,
  `created_at` timestamp NULL DEFAULT NULL,
  `updated_at` timestamp NULL DEFAULT NULL
) ENGINE=InnoDB DEFAULT CHARSET=utf8mb4 COLLATE=utf8mb4_unicode_ci;

--
-- Volcado de datos para la tabla `costes`
--

INSERT INTO `costes` (`id`, `nombre`, `monto`, `descripcion`, `created_at`, `updated_at`) VALUES
(5, 'Grapa 916-C', 0.05, 'Corte', '2024-11-14 23:07:46', '2024-11-14 23:07:46'),
(7, 'Tachuelas 1.5', 0.07, 'Montado', '2024-11-14 23:09:13', '2024-11-14 23:09:13'),
(8, 'Pegamento SQ Ambar', 1.51, 'Montado', '2024-11-14 23:09:39', '2024-11-14 23:09:39'),
(9, 'Lavador Eva', 1.35, 'Ensuelado', '2024-11-14 23:10:18', '2024-11-14 23:10:18'),
(10, 'Primer Eva', 2.03, 'Ensuelado', '2024-11-14 23:10:54', '2024-11-14 23:10:54'),
(11, 'Fibra verde', 0.22, 'Ensuelado', '2024-11-14 23:11:43', '2024-11-14 23:11:43'),
(12, 'Cepillo halogenar #8', 0.04, 'Ensuelado', '2024-11-14 23:12:36', '2024-11-14 23:18:10'),
(13, 'Pegamento ensuelar ADH PVC-1600', 1.54, 'Ensuelado', '2024-11-14 23:13:25', '2024-11-14 23:13:25'),
(14, 'Desmoldante', 0.02, 'Ensuelado', '2024-11-14 23:14:01', '2024-11-14 23:14:01'),
(15, 'Pegamento guayul', 0.10, 'Adorno', '2024-11-14 23:14:33', '2024-11-14 23:14:33'),
(18, 'Etiqueta caja', 0.75, 'Adorno', '2024-11-14 23:16:30', '2024-11-14 23:16:30'),
(19, 'Lavador', 0.41, 'Adorno', '2024-11-14 23:16:49', '2024-11-14 23:16:49'),
(20, 'Quita rayas', 0.46, 'Adorno', '2024-11-14 23:17:12', '2024-11-14 23:17:12'),
(21, 'Alogenador', 0.25, 'Ensuelado', '2024-11-14 23:18:01', '2024-11-14 23:18:01'),
(26, 'Tijeras textileras', 0.02, 'Adorno', '2024-11-14 23:21:42', '2024-11-14 23:21:42'),
(27, 'Encendedor', 0.10, 'Adorno', '2024-11-14 23:22:13', '2024-11-14 23:22:13'),
(28, 'Goma crepe', 0.02, 'Adorno', '2024-11-14 23:22:38', '2024-11-14 23:22:38'),
(29, 'Kolaloka Green', 0.05, 'Adorno', '2024-11-14 23:22:58', '2024-11-14 23:22:58'),
(30, 'Soporte manzana', 0.63, 'Adorno', '2024-11-14 23:23:21', '2024-11-14 23:23:21'),
(31, 'Papel pañal', 0.12, 'Adorno', '2024-11-14 23:23:43', '2024-11-14 23:23:43'),
(33, 'Caja 52z', 1.21, 'Embalaje', '2024-11-14 23:25:17', '2024-11-14 23:25:17'),
(34, 'Fleje', 0.30, 'Embalaje', '2024-11-14 23:25:54', '2024-11-14 23:25:54'),
(35, 'Rayador termico', 0.15, 'Ensuelado', '2024-11-14 23:26:21', '2024-11-14 23:26:21'),
(36, 'Rayador Holsten plata', 0.10, 'Rayado', '2024-11-14 23:26:50', '2024-11-14 23:26:50'),
(37, 'Rayador YHG', 0.05, 'Rayado', '2024-11-14 23:27:21', '2024-11-14 23:27:21'),
(38, 'Lapiz blanco Prismacolor', 1.50, 'Rayado', '2024-11-14 23:28:01', '2024-11-14 23:28:01'),
(39, 'Crayola Blanca', 0.02, 'Corte', '2024-11-14 23:28:40', '2024-11-14 23:28:40'),
(40, 'Cinta canela', 0.10, 'Embalaje', '2024-11-14 23:29:03', '2024-11-14 23:29:03');

-- --------------------------------------------------------

--
-- Estructura de tabla para la tabla `costos`
--

CREATE TABLE `costos` (
  `id` bigint(20) UNSIGNED NOT NULL,
  `nombre` varchar(255) COLLATE utf8mb4_unicode_ci NOT NULL,
  `total` decimal(10,2) NOT NULL,
  `descripcion` varchar(255) COLLATE utf8mb4_unicode_ci DEFAULT NULL,
  `created_at` timestamp NULL DEFAULT NULL,
  `updated_at` timestamp NULL DEFAULT NULL
) ENGINE=InnoDB DEFAULT CHARSET=utf8mb4 COLLATE=utf8mb4_unicode_ci;

--
-- Volcado de datos para la tabla `costos`
--

INSERT INTO `costos` (`id`, `nombre`, `total`, `descripcion`, `created_at`, `updated_at`) VALUES
(6, 'Mano de obra', 44.00, 'Gastos de produccion', '2024-11-14 22:59:58', '2025-02-04 03:47:46'),
(7, 'Pespunte 18', 18.00, NULL, '2024-11-14 23:01:07', '2024-11-14 23:01:07'),
(8, 'Pespunte 19', 19.00, NULL, '2024-11-14 23:01:21', '2024-11-14 23:01:21'),
(9, 'Pespunte 20', 20.00, NULL, '2024-11-14 23:01:32', '2024-11-14 23:01:32'),
(10, 'Pespunte 21', 21.00, NULL, '2024-11-14 23:01:43', '2024-11-14 23:01:43'),
(11, 'Pespunte 22', 22.00, NULL, '2024-11-14 23:01:56', '2024-11-14 23:01:56'),
(12, 'Pespunte 23', 23.00, NULL, '2024-11-14 23:02:30', '2024-11-14 23:02:30'),
(13, 'Pespunte 24', 24.00, NULL, '2024-11-14 23:02:43', '2024-11-14 23:02:43'),
(14, 'Pespunte 25', 25.00, NULL, '2024-11-14 23:02:55', '2024-11-14 23:02:55');

-- --------------------------------------------------------

--
-- Estructura de tabla para la tabla `cotizaciones`
--

CREATE TABLE `cotizaciones` (
  `id` bigint(20) UNSIGNED NOT NULL,
  `descripcion` varchar(255) COLLATE utf8mb4_unicode_ci DEFAULT NULL,
  `color` varchar(255) COLLATE utf8mb4_unicode_ci DEFAULT NULL,
  `precio` decimal(10,2) NOT NULL,
  `estado` varchar(255) COLLATE utf8mb4_unicode_ci NOT NULL,
  `idModelo` bigint(20) UNSIGNED NOT NULL,
  `idCliente` bigint(20) UNSIGNED DEFAULT NULL,
  `observaciones` varchar(255) COLLATE utf8mb4_unicode_ci DEFAULT NULL,
  `created_at` timestamp NULL DEFAULT NULL,
  `updated_at` timestamp NULL DEFAULT NULL
) ENGINE=InnoDB DEFAULT CHARSET=utf8mb4 COLLATE=utf8mb4_unicode_ci;

--
-- Volcado de datos para la tabla `cotizaciones`
--

INSERT INTO `cotizaciones` (`id`, `descripcion`, `color`, `precio`, `estado`, `idModelo`, `idCliente`, `observaciones`, `created_at`, `updated_at`) VALUES
(125, 'Modelo Default', 'Negro', 473.31, 'Nota', 86, 14, NULL, '2024-11-15 01:42:30', '2024-11-15 01:48:39'),
(127, 'Default', 'Negro', 315.10, 'Nota', 86, 14, NULL, '2024-11-15 05:24:21', '2024-11-15 05:24:37'),
(128, 'Corte microfibra', 'Negro', 333.76, 'Nota', 86, 14, NULL, '2024-11-20 04:53:36', '2024-11-20 04:54:03'),
(129, 'Default', 'Negro', 230.87, 'Nota', 71, 14, NULL, '2024-11-20 05:25:26', '2024-11-20 05:25:36'),
(130, 'Default', 'Negro', 230.15, 'Nota', 71, 14, NULL, '2024-11-30 04:30:31', '2024-11-30 04:38:24'),
(131, 'default', 'negro', 332.09, 'Nota', 86, 14, NULL, '2024-11-30 04:34:36', '2024-11-30 04:38:24'),
(132, 'Default', 'Negro', 280.83, 'Nota', 88, 15, NULL, '2024-12-02 23:28:42', '2024-12-02 23:29:18'),
(133, 'default', 'negro', 278.83, 'Nota', 88, 14, 'no sale la suela', '2024-12-03 05:24:14', '2024-12-03 05:24:36'),
(134, 'NA', 'Negro', 244.99, 'Nota', 71, 16, 'Suela 2 puntos arriba', '2025-01-20 23:30:58', '2025-01-20 23:31:54'),
(135, '-', 'Negro', 244.73, 'Nota', 75, 17, 'NA', '2025-01-21 05:50:25', '2025-01-21 06:08:08'),
(136, 'NA', 'Marino', 264.04, 'Nota', 75, 17, 'NA', '2025-01-21 05:53:43', '2025-01-21 06:08:08'),
(137, 'NA', 'Negro/Fiusha', 271.60, 'Nota', 90, 17, 'NA', '2025-01-21 06:03:35', '2025-01-21 06:08:08'),
(138, 'NA', 'Negro', 230.74, 'Nota', 72, 17, 'Se corta un punto abajo', '2025-01-21 06:07:37', '2025-01-21 06:08:08'),
(139, 'Default', 'Negro', 300.01, 'Nota', 75, 17, 'NA', '2025-01-22 04:55:05', '2025-01-22 05:04:56'),
(140, 'Default', 'Marino', 300.01, 'Nota', 75, 17, 'NA', '2025-01-22 05:04:36', '2025-01-22 05:04:56'),
(141, 'Default', 'Negro', 300.01, 'Nota', 75, 17, 'N/A', '2025-01-22 05:18:58', '2025-01-22 05:21:38'),
(142, 'Default', 'Marino', 300.01, 'Nota', 75, 17, 'N/A', '2025-01-22 05:21:08', '2025-01-22 05:21:38'),
(143, 'Pala negra', 'Negro', 300.01, 'Nota', 75, 17, 'Le puse la pala negra', '2025-01-22 05:29:42', '2025-01-22 05:32:01'),
(144, 'pala marino', 'Marino', 300.01, 'Nota', 75, 17, 'pala marino x2', '2025-01-22 05:31:51', '2025-01-22 05:32:01'),
(145, 'sdfg', 'frg', 361.47, 'Pendiente', 75, 14, 'sregt', '2025-01-22 20:39:55', '2025-01-22 20:39:55'),
(146, 'Malla Mila', 'Negro', 231.65, 'Nota', 71, 16, 'Suela 1 punto arriba', '2025-01-27 21:41:39', '2025-01-27 21:49:10'),
(147, 'Malla Mila', 'Negro', 231.65, 'Nota', 71, 16, 'Suela 1 punto arriba', '2025-01-27 21:43:37', '2025-01-27 21:49:10'),
(148, 'Malla Mila', 'Negro', 230.89, 'Nota', 71, 16, 'Suela 1 punto arriba', '2025-01-27 21:46:00', '2025-01-27 21:49:10'),
(149, 'Malla Mila', 'Negro', 231.65, 'Nota', 71, 16, 'Suela 1 punto arriba', '2025-01-27 21:48:56', '2025-01-27 21:49:10'),
(150, 'Pala tejida', 'Negro', 300.01, 'Nota', 75, 17, 'Suela 2 puntos arriba', '2025-01-27 22:05:06', '2025-01-27 23:20:44'),
(151, 'Pala tejida', 'Marino', 300.01, 'Nota', 75, 17, 'Suela 2 puntos arriba', '2025-01-27 22:07:38', '2025-01-27 23:20:44'),
(153, 'Sintetico', 'Negro / Fiusha', 292.03, 'Nota', 90, 17, 'Cintilla de 16mm negro fiusha, suela un punto arriba', '2025-01-27 23:01:35', '2025-01-27 23:20:44'),
(154, 'Malla crono', 'Marino/Gris/Neon', 250.96, 'Nota', 78, 17, 'Suela un punto arriba', '2025-01-27 23:05:04', '2025-01-27 23:20:44'),
(155, 'Sintetico', 'Negro', 225.96, 'Nota', 72, 17, 'Etiqueta un punto arriba al corte', '2025-01-27 23:16:25', '2025-01-27 23:20:44'),
(156, 'Pala tejida Barracuda', 'Negro', 294.73, 'Nota', 79, 17, 'Suela un punto arriba', '2025-01-27 23:19:07', '2025-01-27 23:20:44'),
(157, 'Sintetico', 'Negro', 306.22, 'Nota', 85, 18, 'N/A', '2025-01-28 00:30:10', '2025-01-28 00:31:50'),
(158, 'Piel', 'Negro', 283.90, 'Nota', 72, 19, 'La etiqueta va un punto arriba', '2025-01-28 02:54:47', '2025-01-28 03:04:59'),
(159, 'Piel', 'Blanco', 284.61, 'Nota', 72, 19, 'La etiqueta va un punto arriba', '2025-01-28 03:04:27', '2025-01-28 03:04:59'),
(160, 'Piel', 'Chocolate', 347.65, 'Nota', 85, 19, 'NA', '2025-01-28 04:27:09', '2025-01-28 04:28:06'),
(161, 'Pala barracuda', 'Negro', 296.09, 'Nota', 83, 15, 'Lleva la serigrafia solo por la parte externa,   Cuidar que la altura del talon sea igual a la del cuello', '2025-01-28 07:38:46', '2025-01-28 07:39:01'),
(162, 'Pala tejida barracuda', 'Negro / Dorado', 357.33, 'Nota', 83, 19, 'Serigrafia Dorada solo parte externa,  Cuidar altura del talon sea igual al cuello', '2025-01-28 07:44:15', '2025-01-28 07:44:35'),
(163, 'prueba', 'negro', 288.31, 'Pendiente', 72, 14, 'na', '2025-01-30 04:49:39', '2025-01-30 04:49:39'),
(164, 'Sintetico', 'Negro', 279.59, 'Nota', 85, 18, 'Sin ojillo,', '2025-01-30 22:39:03', '2025-01-30 22:58:42'),
(165, 'Sintetico', 'Negro', 282.58, 'Nota', 88, 18, 'Lleva suela Tactica doble dencidad', '2025-01-30 22:58:13', '2025-01-30 22:58:42'),
(166, 'Muestras Piel Barracuda', 'Negro', 369.93, 'Nota', 85, 19, 'Control de calidad y transfer de barracuda', '2025-01-30 23:16:24', '2025-01-30 23:23:50'),
(167, 'Muestra IBEX', 'Chocolate', 261.56, 'Nota', 85, 19, 'Lleva control de calidad y transfer barracuda', '2025-01-30 23:23:42', '2025-01-30 23:23:50'),
(170, 'Sintetico Capri', 'Negro', 314.96, 'Nota', 85, 18, 'No lleva ojillo', '2025-02-04 04:14:31', '2025-02-04 04:15:38'),
(171, 'Pala tejida', 'Negro / Rey', 335.39, 'Nota', 79, 17, 'N/A', '2025-02-04 05:22:09', '2025-02-04 05:22:19'),
(172, 'Sintetico capri', 'Negro', 209.57, 'Nota', 72, 20, 'La etiqueta de control de calidad va un punto arriba al corte, ejemplo: corte del 4 con etiqueta del 5', '2025-02-10 21:46:41', '2025-02-10 22:00:48'),
(173, 'Sintetico Capri', 'Blanco', 214.22, 'Nota', 72, 20, 'La etiqueta del control de caliad va un punto arriba, ejemplo: corte del 24 con etiqueta del 25', '2025-02-10 21:52:32', '2025-02-10 22:00:48'),
(174, 'Piel chocolate', 'Chocolate', 346.74, 'Nota', 85, 20, 'Sin ojillos y sin marcas', '2025-02-10 22:00:33', '2025-02-10 22:00:48'),
(175, 'Piel', 'Negro', 261.60, 'Nota', 72, 19, 'Control de calidad un punto arriba, ejemplo si es corte del 24 poner etiqueta del 25', '2025-02-10 22:32:53', '2025-02-10 23:05:47'),
(176, 'Piel', 'Blanco', 262.49, 'Nota', 72, 19, 'Etiqueta de control de calidad va un punto arriba, ejemplo, si el corte es 24 se le pone etiqueta del 25', '2025-02-10 23:01:49', '2025-02-10 23:05:47'),
(177, 'Piel con memory sin pipa', 'Negro', 298.37, 'Pendiente', 72, 19, 'Etiqueta un punto arriba', '2025-02-12 00:05:43', '2025-02-12 00:05:43'),
(178, 'Malla 997', 'Negro', 245.56, 'Nota', 106, 18, 'Colocar control de calidad abajo del tobillo', '2025-02-13 02:22:16', '2025-02-13 02:38:57'),
(179, 'Pala tejida rombos', 'Negro / Rojo', 358.56, 'Nota', 80, 18, 'NA', '2025-02-13 02:26:29', '2025-02-13 02:38:57'),
(180, 'Pala tejida rombos', 'Negro', 358.56, 'Nota', 80, 18, 'NA', '2025-02-13 02:32:02', '2025-02-13 02:38:57'),
(181, 'Sintetico capri', 'Negro', 315.19, 'Nota', 85, 18, 'NA', '2025-02-13 02:38:21', '2025-02-13 02:38:57'),
(182, 'Pala tejida rombos', 'Negro', 357.15, 'Nota', 80, 21, 'Colocar control de calidad un punto arriba del corte, ejemplo, si el corte es 24 colocar etiqueta del 25', '2025-02-18 03:04:42', '2025-02-18 03:22:30'),
(183, 'Malla Mila', 'Negro', 213.12, 'Nota', 71, 21, 'Sin etiqueta de marca', '2025-02-18 03:18:22', '2025-02-18 03:22:30'),
(184, 'Sintetico Capri', 'Negro', 287.33, 'Nota', 95, 21, 'Sin etiquetas de marca', '2025-02-18 03:22:07', '2025-02-18 03:22:30'),
(185, 'Pala tejida', 'Negro', 306.54, 'Nota', 75, 17, 'Etiqueta y control de calidad Ribers', '2025-02-19 02:09:19', '2025-02-19 05:13:08'),
(186, 'Pala tejida', 'Marino', 306.63, 'Nota', 75, 17, '.', '2025-02-19 02:24:27', '2025-02-19 05:13:08'),
(187, 'Pala tejida', 'Rojo', 306.63, 'Nota', 75, 17, '.', '2025-02-19 02:29:40', '2025-02-19 05:13:08'),
(188, 'Piel', 'Negro', 366.74, 'Nota', 85, 17, 'Sin gancho', '2025-02-19 02:40:43', '2025-02-19 05:13:08'),
(189, 'Piel', 'Cafe', 345.98, 'Nota', 85, 17, 'No lleva ojillo', '2025-02-19 02:45:35', '2025-02-19 05:13:09'),
(190, 'Sintetico Capri', 'Negro / Rey', 289.06, 'Nota', 90, 17, 'Plastisoles y cintilla en azul rey', '2025-02-19 03:18:59', '2025-02-19 05:13:09'),
(191, 'Sintetico Capri', 'Negro / Amarillo', 290.26, 'Nota', 90, 17, '.', '2025-02-19 03:34:35', '2025-02-19 05:13:09'),
(192, 'Malla Crono y plastisol', 'Negro / Blanco', 257.57, 'Nota', 78, 17, '#29 lleva suela titan', '2025-02-19 05:09:43', '2025-02-19 05:13:09'),
(193, 'Malla Mila', 'Negro', 214.53, 'Nota', 71, 16, '.', '2025-02-20 03:11:13', '2025-02-20 03:11:33'),
(194, 'Malla Mila', 'Negro', 237.01, 'Nota', 71, 16, '.', '2025-02-20 04:04:02', '2025-02-20 04:04:13'),
(195, 'Sintetico Capri', 'Negro', 235.76, 'Nota', 72, 17, 'LLeva la etiqueta un punto arriba', '2025-02-20 04:42:26', '2025-02-20 04:57:51'),
(196, 'Sintetico Tiza', 'Verde', 352.66, 'Nota', 85, 17, '.', '2025-02-20 04:52:37', '2025-02-20 04:57:51'),
(197, 'Sintetico Tiza', 'Marino', 352.66, 'Nota', 85, 17, '.', '2025-02-20 04:57:22', '2025-02-20 04:57:51'),
(198, 'Malla Mila', 'Rosa', 230.55, 'Nota', 71, 22, 'No lleva etiquetas de marca', '2025-02-20 22:28:01', '2025-02-20 22:30:07'),
(199, 'Malla Mila', 'Negro', 228.62, 'Nota', 71, 22, 'No lleva etiquetas de marca', '2025-02-20 22:29:47', '2025-02-20 22:30:07'),
(200, 'Malla Mila', 'Negro', 228.62, 'Nota', 71, 22, 'No lleva etiquetas de marca', '2025-02-20 22:57:55', '2025-02-20 22:58:10'),
(201, 'Malla Mila', 'Negro', 228.62, 'Nota', 71, 22, 'No lleva etiqueta de marca', '2025-02-20 23:09:25', '2025-02-20 23:09:32');

-- --------------------------------------------------------

--
-- Estructura de tabla para la tabla `cotizacion_has_consumibles`
--

CREATE TABLE `cotizacion_has_consumibles` (
  `id` bigint(20) UNSIGNED NOT NULL,
  `idCotizacion` bigint(20) UNSIGNED NOT NULL,
  `idConsumible` bigint(20) UNSIGNED NOT NULL,
  `created_at` timestamp NULL DEFAULT NULL,
  `updated_at` timestamp NULL DEFAULT NULL
) ENGINE=InnoDB DEFAULT CHARSET=utf8mb4 COLLATE=utf8mb4_unicode_ci;

--
-- Volcado de datos para la tabla `cotizacion_has_consumibles`
--

INSERT INTO `cotizacion_has_consumibles` (`id`, `idCotizacion`, `idConsumible`, `created_at`, `updated_at`) VALUES
(114, 125, 5, '2024-11-15 01:42:31', '2024-11-15 01:42:31'),
(115, 125, 6, '2024-11-15 01:42:31', '2024-11-15 01:42:31'),
(116, 125, 7, '2024-11-15 01:42:31', '2024-11-15 01:42:31'),
(120, 127, 5, '2024-11-15 05:24:21', '2024-11-15 05:24:21'),
(121, 127, 6, '2024-11-15 05:24:21', '2024-11-15 05:24:21'),
(122, 127, 7, '2024-11-15 05:24:21', '2024-11-15 05:24:21'),
(123, 128, 5, '2024-11-20 04:53:36', '2024-11-20 04:53:36'),
(124, 128, 6, '2024-11-20 04:53:36', '2024-11-20 04:53:36'),
(125, 128, 7, '2024-11-20 04:53:36', '2024-11-20 04:53:36'),
(126, 129, 8, '2024-11-20 05:25:26', '2024-11-20 05:25:26'),
(127, 129, 5, '2024-11-20 05:25:26', '2024-11-20 05:25:26'),
(128, 129, 12, '2024-11-20 05:25:26', '2024-11-20 05:25:26'),
(129, 129, 13, '2024-11-20 05:25:26', '2024-11-20 05:25:26'),
(130, 129, 7, '2024-11-20 05:25:26', '2024-11-20 05:25:26'),
(131, 130, 8, '2024-11-30 04:30:32', '2024-11-30 04:30:32'),
(132, 130, 5, '2024-11-30 04:30:32', '2024-11-30 04:30:32'),
(133, 130, 12, '2024-11-30 04:30:32', '2024-11-30 04:30:32'),
(134, 130, 13, '2024-11-30 04:30:32', '2024-11-30 04:30:32'),
(135, 130, 7, '2024-11-30 04:30:32', '2024-11-30 04:30:32'),
(136, 131, 5, '2024-11-30 04:34:36', '2024-11-30 04:34:36'),
(137, 131, 6, '2024-11-30 04:34:37', '2024-11-30 04:34:37'),
(138, 131, 7, '2024-11-30 04:34:37', '2024-11-30 04:34:37'),
(139, 132, 9, '2024-12-02 23:28:42', '2024-12-02 23:28:42'),
(140, 132, 14, '2024-12-02 23:28:42', '2024-12-02 23:28:42'),
(141, 132, 16, '2024-12-02 23:28:42', '2024-12-02 23:28:42'),
(142, 132, 15, '2024-12-02 23:28:42', '2024-12-02 23:28:42'),
(143, 132, 6, '2024-12-02 23:28:42', '2024-12-02 23:28:42'),
(144, 132, 7, '2024-12-02 23:28:42', '2024-12-02 23:28:42'),
(145, 133, 9, '2024-12-03 05:24:15', '2024-12-03 05:24:15'),
(146, 133, 16, '2024-12-03 05:24:15', '2024-12-03 05:24:15'),
(147, 133, 15, '2024-12-03 05:24:15', '2024-12-03 05:24:15'),
(148, 133, 6, '2024-12-03 05:24:15', '2024-12-03 05:24:15'),
(149, 134, 8, '2025-01-20 23:30:59', '2025-01-20 23:30:59'),
(150, 134, 5, '2025-01-20 23:30:59', '2025-01-20 23:30:59'),
(151, 134, 12, '2025-01-20 23:30:59', '2025-01-20 23:30:59'),
(152, 134, 13, '2025-01-20 23:30:59', '2025-01-20 23:30:59'),
(153, 135, 10, '2025-01-21 05:50:25', '2025-01-21 05:50:25'),
(154, 135, 19, '2025-01-21 05:50:25', '2025-01-21 05:50:25'),
(155, 135, 17, '2025-01-21 05:50:25', '2025-01-21 05:50:25'),
(156, 135, 13, '2025-01-21 05:50:25', '2025-01-21 05:50:25'),
(157, 136, 10, '2025-01-21 05:53:43', '2025-01-21 05:53:43'),
(158, 136, 19, '2025-01-21 05:53:43', '2025-01-21 05:53:43'),
(159, 136, 17, '2025-01-21 05:53:43', '2025-01-21 05:53:43'),
(160, 136, 13, '2025-01-21 05:53:43', '2025-01-21 05:53:43'),
(161, 137, 10, '2025-01-21 06:03:36', '2025-01-21 06:03:36'),
(162, 137, 19, '2025-01-21 06:03:36', '2025-01-21 06:03:36'),
(163, 137, 20, '2025-01-21 06:03:36', '2025-01-21 06:03:36'),
(164, 137, 13, '2025-01-21 06:03:36', '2025-01-21 06:03:36'),
(165, 138, 11, '2025-01-21 06:07:37', '2025-01-21 06:07:37'),
(166, 138, 19, '2025-01-21 06:07:37', '2025-01-21 06:07:37'),
(167, 138, 6, '2025-01-21 06:07:37', '2025-01-21 06:07:37'),
(168, 139, 10, '2025-01-22 04:55:05', '2025-01-22 04:55:05'),
(169, 139, 21, '2025-01-22 04:55:05', '2025-01-22 04:55:05'),
(170, 139, 17, '2025-01-22 04:55:05', '2025-01-22 04:55:05'),
(171, 139, 13, '2025-01-22 04:55:05', '2025-01-22 04:55:05'),
(172, 140, 10, '2025-01-22 05:04:37', '2025-01-22 05:04:37'),
(173, 140, 21, '2025-01-22 05:04:37', '2025-01-22 05:04:37'),
(174, 140, 17, '2025-01-22 05:04:37', '2025-01-22 05:04:37'),
(175, 140, 13, '2025-01-22 05:04:37', '2025-01-22 05:04:37'),
(176, 141, 10, '2025-01-22 05:18:58', '2025-01-22 05:18:58'),
(177, 141, 21, '2025-01-22 05:18:58', '2025-01-22 05:18:58'),
(178, 141, 17, '2025-01-22 05:18:58', '2025-01-22 05:18:58'),
(179, 141, 13, '2025-01-22 05:18:58', '2025-01-22 05:18:58'),
(180, 142, 10, '2025-01-22 05:21:08', '2025-01-22 05:21:08'),
(181, 142, 21, '2025-01-22 05:21:08', '2025-01-22 05:21:08'),
(182, 142, 17, '2025-01-22 05:21:08', '2025-01-22 05:21:08'),
(183, 142, 13, '2025-01-22 05:21:08', '2025-01-22 05:21:08'),
(184, 143, 10, '2025-01-22 05:29:42', '2025-01-22 05:29:42'),
(185, 143, 21, '2025-01-22 05:29:42', '2025-01-22 05:29:42'),
(186, 143, 17, '2025-01-22 05:29:42', '2025-01-22 05:29:42'),
(187, 143, 13, '2025-01-22 05:29:42', '2025-01-22 05:29:42'),
(188, 144, 10, '2025-01-22 05:31:52', '2025-01-22 05:31:52'),
(189, 144, 21, '2025-01-22 05:31:52', '2025-01-22 05:31:52'),
(190, 144, 17, '2025-01-22 05:31:52', '2025-01-22 05:31:52'),
(191, 144, 13, '2025-01-22 05:31:52', '2025-01-22 05:31:52'),
(192, 145, 10, '2025-01-22 20:39:55', '2025-01-22 20:39:55'),
(193, 145, 21, '2025-01-22 20:39:55', '2025-01-22 20:39:55'),
(194, 145, 17, '2025-01-22 20:39:55', '2025-01-22 20:39:55'),
(195, 145, 13, '2025-01-22 20:39:55', '2025-01-22 20:39:55'),
(196, 146, 8, '2025-01-27 21:41:40', '2025-01-27 21:41:40'),
(197, 146, 5, '2025-01-27 21:41:40', '2025-01-27 21:41:40'),
(198, 146, 12, '2025-01-27 21:41:40', '2025-01-27 21:41:40'),
(199, 146, 13, '2025-01-27 21:41:40', '2025-01-27 21:41:40'),
(200, 147, 8, '2025-01-27 21:43:37', '2025-01-27 21:43:37'),
(201, 147, 5, '2025-01-27 21:43:37', '2025-01-27 21:43:37'),
(202, 147, 12, '2025-01-27 21:43:37', '2025-01-27 21:43:37'),
(203, 147, 13, '2025-01-27 21:43:37', '2025-01-27 21:43:37'),
(204, 148, 8, '2025-01-27 21:46:00', '2025-01-27 21:46:00'),
(205, 148, 5, '2025-01-27 21:46:00', '2025-01-27 21:46:00'),
(206, 148, 12, '2025-01-27 21:46:00', '2025-01-27 21:46:00'),
(207, 148, 13, '2025-01-27 21:46:00', '2025-01-27 21:46:00'),
(208, 149, 8, '2025-01-27 21:48:57', '2025-01-27 21:48:57'),
(209, 149, 5, '2025-01-27 21:48:57', '2025-01-27 21:48:57'),
(210, 149, 12, '2025-01-27 21:48:57', '2025-01-27 21:48:57'),
(211, 149, 13, '2025-01-27 21:48:57', '2025-01-27 21:48:57'),
(212, 150, 10, '2025-01-27 22:05:07', '2025-01-27 22:05:07'),
(213, 150, 21, '2025-01-27 22:05:07', '2025-01-27 22:05:07'),
(214, 150, 17, '2025-01-27 22:05:07', '2025-01-27 22:05:07'),
(215, 150, 13, '2025-01-27 22:05:07', '2025-01-27 22:05:07'),
(216, 151, 10, '2025-01-27 22:07:38', '2025-01-27 22:07:38'),
(217, 151, 21, '2025-01-27 22:07:38', '2025-01-27 22:07:38'),
(218, 151, 17, '2025-01-27 22:07:38', '2025-01-27 22:07:38'),
(219, 151, 13, '2025-01-27 22:07:38', '2025-01-27 22:07:38'),
(223, 153, 10, '2025-01-27 23:01:35', '2025-01-27 23:01:35'),
(224, 153, 18, '2025-01-27 23:01:35', '2025-01-27 23:01:35'),
(225, 153, 19, '2025-01-27 23:01:35', '2025-01-27 23:01:35'),
(226, 153, 13, '2025-01-27 23:01:35', '2025-01-27 23:01:35'),
(227, 154, 10, '2025-01-27 23:05:07', '2025-01-27 23:05:07'),
(228, 154, 21, '2025-01-27 23:05:07', '2025-01-27 23:05:07'),
(229, 154, 13, '2025-01-27 23:05:07', '2025-01-27 23:05:07'),
(230, 154, 20, '2025-01-27 23:05:07', '2025-01-27 23:05:07'),
(231, 155, 11, '2025-01-27 23:16:26', '2025-01-27 23:16:26'),
(232, 155, 19, '2025-01-27 23:16:26', '2025-01-27 23:16:26'),
(233, 155, 6, '2025-01-27 23:16:26', '2025-01-27 23:16:26'),
(234, 156, 10, '2025-01-27 23:19:07', '2025-01-27 23:19:07'),
(235, 156, 21, '2025-01-27 23:19:07', '2025-01-27 23:19:07'),
(236, 156, 13, '2025-01-27 23:19:07', '2025-01-27 23:19:07'),
(237, 157, 10, '2025-01-28 00:30:11', '2025-01-28 00:30:11'),
(238, 157, 5, '2025-01-28 00:30:11', '2025-01-28 00:30:11'),
(239, 157, 6, '2025-01-28 00:30:11', '2025-01-28 00:30:11'),
(240, 157, 23, '2025-01-28 00:30:11', '2025-01-28 00:30:11'),
(241, 158, 11, '2025-01-28 02:54:48', '2025-01-28 02:54:48'),
(242, 158, 22, '2025-01-28 02:54:48', '2025-01-28 02:54:48'),
(243, 159, 11, '2025-01-28 03:04:28', '2025-01-28 03:04:28'),
(244, 159, 22, '2025-01-28 03:04:28', '2025-01-28 03:04:28'),
(245, 160, 10, '2025-01-28 04:27:10', '2025-01-28 04:27:10'),
(246, 160, 16, '2025-01-28 04:27:10', '2025-01-28 04:27:10'),
(247, 160, 22, '2025-01-28 04:27:10', '2025-01-28 04:27:10'),
(248, 160, 24, '2025-01-28 04:27:10', '2025-01-28 04:27:10'),
(249, 161, 10, '2025-01-28 07:38:46', '2025-01-28 07:38:46'),
(250, 161, 28, '2025-01-28 07:38:46', '2025-01-28 07:38:46'),
(251, 161, 25, '2025-01-28 07:38:46', '2025-01-28 07:38:46'),
(252, 161, 26, '2025-01-28 07:38:46', '2025-01-28 07:38:46'),
(253, 161, 27, '2025-01-28 07:38:46', '2025-01-28 07:38:46'),
(254, 162, 10, '2025-01-28 07:44:15', '2025-01-28 07:44:15'),
(255, 162, 28, '2025-01-28 07:44:15', '2025-01-28 07:44:15'),
(256, 162, 25, '2025-01-28 07:44:15', '2025-01-28 07:44:15'),
(257, 162, 26, '2025-01-28 07:44:15', '2025-01-28 07:44:15'),
(258, 162, 27, '2025-01-28 07:44:15', '2025-01-28 07:44:15'),
(259, 163, 11, '2025-01-30 04:49:40', '2025-01-30 04:49:40'),
(260, 163, 19, '2025-01-30 04:49:40', '2025-01-30 04:49:40'),
(261, 163, 22, '2025-01-30 04:49:40', '2025-01-30 04:49:40'),
(262, 163, 6, '2025-01-30 04:49:40', '2025-01-30 04:49:40'),
(263, 164, 30, '2025-01-30 22:39:03', '2025-01-30 22:39:03'),
(264, 164, 10, '2025-01-30 22:39:03', '2025-01-30 22:39:03'),
(265, 164, 6, '2025-01-30 22:39:03', '2025-01-30 22:39:03'),
(266, 164, 23, '2025-01-30 22:39:03', '2025-01-30 22:39:03'),
(267, 165, 30, '2025-01-30 22:58:14', '2025-01-30 22:58:14'),
(268, 165, 9, '2025-01-30 22:58:14', '2025-01-30 22:58:14'),
(269, 165, 16, '2025-01-30 22:58:14', '2025-01-30 22:58:14'),
(270, 165, 6, '2025-01-30 22:58:14', '2025-01-30 22:58:14'),
(271, 165, 15, '2025-01-30 22:58:14', '2025-01-30 22:58:14'),
(272, 166, 30, '2025-01-30 23:16:25', '2025-01-30 23:16:25'),
(273, 166, 10, '2025-01-30 23:16:25', '2025-01-30 23:16:25'),
(274, 166, 22, '2025-01-30 23:16:25', '2025-01-30 23:16:25'),
(275, 166, 7, '2025-01-30 23:16:25', '2025-01-30 23:16:25'),
(276, 166, 24, '2025-01-30 23:16:25', '2025-01-30 23:16:25'),
(277, 167, 30, '2025-01-30 23:23:42', '2025-01-30 23:23:42'),
(278, 167, 10, '2025-01-30 23:23:43', '2025-01-30 23:23:43'),
(279, 167, 16, '2025-01-30 23:23:43', '2025-01-30 23:23:43'),
(280, 167, 22, '2025-01-30 23:23:43', '2025-01-30 23:23:43'),
(281, 167, 7, '2025-01-30 23:23:43', '2025-01-30 23:23:43'),
(282, 167, 24, '2025-01-30 23:23:43', '2025-01-30 23:23:43'),
(292, 170, 30, '2025-02-04 04:14:31', '2025-02-04 04:14:31'),
(293, 170, 10, '2025-02-04 04:14:31', '2025-02-04 04:14:31'),
(294, 170, 32, '2025-02-04 04:14:31', '2025-02-04 04:14:31'),
(295, 170, 6, '2025-02-04 04:14:31', '2025-02-04 04:14:31'),
(296, 170, 31, '2025-02-04 04:14:31', '2025-02-04 04:14:31'),
(297, 170, 23, '2025-02-04 04:14:31', '2025-02-04 04:14:31'),
(298, 171, 10, '2025-02-04 05:22:09', '2025-02-04 05:22:09'),
(299, 171, 21, '2025-02-04 05:22:09', '2025-02-04 05:22:09'),
(300, 171, 13, '2025-02-04 05:22:09', '2025-02-04 05:22:09'),
(301, 172, 11, '2025-02-10 21:46:42', '2025-02-10 21:46:42'),
(302, 172, 6, '2025-02-10 21:46:42', '2025-02-10 21:46:42'),
(303, 173, 11, '2025-02-10 21:52:33', '2025-02-10 21:52:33'),
(304, 173, 6, '2025-02-10 21:52:33', '2025-02-10 21:52:33'),
(305, 174, 30, '2025-02-10 22:00:33', '2025-02-10 22:00:33'),
(306, 174, 10, '2025-02-10 22:00:33', '2025-02-10 22:00:33'),
(307, 174, 32, '2025-02-10 22:00:33', '2025-02-10 22:00:33'),
(308, 174, 22, '2025-02-10 22:00:33', '2025-02-10 22:00:33'),
(309, 174, 31, '2025-02-10 22:00:33', '2025-02-10 22:00:33'),
(310, 175, 11, '2025-02-10 22:32:53', '2025-02-10 22:32:53'),
(311, 175, 22, '2025-02-10 22:32:53', '2025-02-10 22:32:53'),
(312, 176, 11, '2025-02-10 23:01:50', '2025-02-10 23:01:50'),
(313, 176, 22, '2025-02-10 23:01:50', '2025-02-10 23:01:50'),
(314, 177, 30, '2025-02-12 00:05:43', '2025-02-12 00:05:43'),
(315, 177, 11, '2025-02-12 00:05:43', '2025-02-12 00:05:43'),
(316, 177, 32, '2025-02-12 00:05:43', '2025-02-12 00:05:43'),
(317, 177, 33, '2025-02-12 00:05:43', '2025-02-12 00:05:43'),
(318, 177, 22, '2025-02-12 00:05:43', '2025-02-12 00:05:43'),
(319, 177, 31, '2025-02-12 00:05:43', '2025-02-12 00:05:43'),
(320, 178, 30, '2025-02-13 02:22:17', '2025-02-13 02:22:17'),
(321, 178, 10, '2025-02-13 02:22:17', '2025-02-13 02:22:17'),
(322, 178, 13, '2025-02-13 02:22:17', '2025-02-13 02:22:17'),
(323, 178, 34, '2025-02-13 02:22:17', '2025-02-13 02:22:17'),
(324, 178, 31, '2025-02-13 02:22:17', '2025-02-13 02:22:17'),
(325, 179, 30, '2025-02-13 02:26:29', '2025-02-13 02:26:29'),
(326, 179, 10, '2025-02-13 02:26:29', '2025-02-13 02:26:29'),
(327, 179, 5, '2025-02-13 02:26:29', '2025-02-13 02:26:29'),
(328, 179, 13, '2025-02-13 02:26:29', '2025-02-13 02:26:29'),
(329, 179, 31, '2025-02-13 02:26:30', '2025-02-13 02:26:30'),
(330, 180, 30, '2025-02-13 02:32:03', '2025-02-13 02:32:03'),
(331, 180, 10, '2025-02-13 02:32:03', '2025-02-13 02:32:03'),
(332, 180, 5, '2025-02-13 02:32:03', '2025-02-13 02:32:03'),
(333, 180, 13, '2025-02-13 02:32:03', '2025-02-13 02:32:03'),
(334, 180, 31, '2025-02-13 02:32:03', '2025-02-13 02:32:03'),
(335, 181, 30, '2025-02-13 02:38:21', '2025-02-13 02:38:21'),
(336, 181, 10, '2025-02-13 02:38:21', '2025-02-13 02:38:21'),
(337, 181, 32, '2025-02-13 02:38:21', '2025-02-13 02:38:21'),
(338, 181, 6, '2025-02-13 02:38:21', '2025-02-13 02:38:21'),
(339, 181, 31, '2025-02-13 02:38:21', '2025-02-13 02:38:21'),
(340, 181, 23, '2025-02-13 02:38:21', '2025-02-13 02:38:21'),
(341, 182, 30, '2025-02-18 03:04:42', '2025-02-18 03:04:42'),
(342, 182, 10, '2025-02-18 03:04:42', '2025-02-18 03:04:42'),
(343, 182, 13, '2025-02-18 03:04:42', '2025-02-18 03:04:42'),
(344, 182, 31, '2025-02-18 03:04:42', '2025-02-18 03:04:42'),
(345, 183, 8, '2025-02-18 03:18:22', '2025-02-18 03:18:22'),
(346, 183, 13, '2025-02-18 03:18:22', '2025-02-18 03:18:22'),
(347, 183, 12, '2025-02-18 03:18:22', '2025-02-18 03:18:22'),
(348, 184, 30, '2025-02-18 03:22:07', '2025-02-18 03:22:07'),
(349, 184, 10, '2025-02-18 03:22:07', '2025-02-18 03:22:07'),
(350, 184, 6, '2025-02-18 03:22:07', '2025-02-18 03:22:07'),
(351, 184, 31, '2025-02-18 03:22:07', '2025-02-18 03:22:07'),
(352, 185, 30, '2025-02-19 02:09:20', '2025-02-19 02:09:20'),
(353, 185, 10, '2025-02-19 02:09:20', '2025-02-19 02:09:20'),
(354, 185, 21, '2025-02-19 02:09:20', '2025-02-19 02:09:20'),
(355, 185, 13, '2025-02-19 02:09:20', '2025-02-19 02:09:20'),
(356, 185, 17, '2025-02-19 02:09:20', '2025-02-19 02:09:20'),
(357, 185, 31, '2025-02-19 02:09:20', '2025-02-19 02:09:20'),
(358, 186, 30, '2025-02-19 02:24:28', '2025-02-19 02:24:28'),
(359, 186, 10, '2025-02-19 02:24:28', '2025-02-19 02:24:28'),
(360, 186, 21, '2025-02-19 02:24:28', '2025-02-19 02:24:28'),
(361, 186, 35, '2025-02-19 02:24:28', '2025-02-19 02:24:28'),
(362, 186, 17, '2025-02-19 02:24:28', '2025-02-19 02:24:28'),
(363, 186, 31, '2025-02-19 02:24:28', '2025-02-19 02:24:28'),
(364, 187, 30, '2025-02-19 02:29:40', '2025-02-19 02:29:40'),
(365, 187, 10, '2025-02-19 02:29:40', '2025-02-19 02:29:40'),
(366, 187, 21, '2025-02-19 02:29:40', '2025-02-19 02:29:40'),
(367, 187, 35, '2025-02-19 02:29:41', '2025-02-19 02:29:41'),
(368, 187, 17, '2025-02-19 02:29:41', '2025-02-19 02:29:41'),
(369, 187, 31, '2025-02-19 02:29:41', '2025-02-19 02:29:41'),
(370, 188, 30, '2025-02-19 02:40:44', '2025-02-19 02:40:44'),
(371, 188, 10, '2025-02-19 02:40:44', '2025-02-19 02:40:44'),
(372, 188, 32, '2025-02-19 02:40:44', '2025-02-19 02:40:44'),
(373, 188, 5, '2025-02-19 02:40:44', '2025-02-19 02:40:44'),
(374, 188, 22, '2025-02-19 02:40:44', '2025-02-19 02:40:44'),
(375, 188, 31, '2025-02-19 02:40:44', '2025-02-19 02:40:44'),
(376, 189, 30, '2025-02-19 02:45:35', '2025-02-19 02:45:35'),
(377, 189, 10, '2025-02-19 02:45:35', '2025-02-19 02:45:35'),
(378, 189, 32, '2025-02-19 02:45:35', '2025-02-19 02:45:35'),
(379, 189, 5, '2025-02-19 02:45:35', '2025-02-19 02:45:35'),
(380, 189, 22, '2025-02-19 02:45:35', '2025-02-19 02:45:35'),
(381, 189, 31, '2025-02-19 02:45:35', '2025-02-19 02:45:35'),
(382, 190, 30, '2025-02-19 03:19:00', '2025-02-19 03:19:00'),
(383, 190, 10, '2025-02-19 03:19:00', '2025-02-19 03:19:00'),
(384, 190, 18, '2025-02-19 03:19:00', '2025-02-19 03:19:00'),
(385, 190, 19, '2025-02-19 03:19:00', '2025-02-19 03:19:00'),
(386, 190, 6, '2025-02-19 03:19:00', '2025-02-19 03:19:00'),
(387, 190, 31, '2025-02-19 03:19:00', '2025-02-19 03:19:00'),
(388, 191, 30, '2025-02-19 03:34:35', '2025-02-19 03:34:35'),
(389, 191, 10, '2025-02-19 03:34:35', '2025-02-19 03:34:35'),
(390, 191, 18, '2025-02-19 03:34:35', '2025-02-19 03:34:35'),
(391, 191, 19, '2025-02-19 03:34:35', '2025-02-19 03:34:35'),
(392, 191, 35, '2025-02-19 03:34:35', '2025-02-19 03:34:35'),
(393, 191, 31, '2025-02-19 03:34:36', '2025-02-19 03:34:36'),
(394, 192, 30, '2025-02-19 05:09:43', '2025-02-19 05:09:43'),
(395, 192, 10, '2025-02-19 05:09:43', '2025-02-19 05:09:43'),
(396, 192, 21, '2025-02-19 05:09:43', '2025-02-19 05:09:43'),
(397, 192, 35, '2025-02-19 05:09:43', '2025-02-19 05:09:43'),
(398, 192, 20, '2025-02-19 05:09:43', '2025-02-19 05:09:43'),
(399, 192, 31, '2025-02-19 05:09:43', '2025-02-19 05:09:43'),
(400, 193, 8, '2025-02-20 03:11:13', '2025-02-20 03:11:13'),
(401, 193, 5, '2025-02-20 03:11:13', '2025-02-20 03:11:13'),
(402, 193, 13, '2025-02-20 03:11:13', '2025-02-20 03:11:13'),
(403, 193, 12, '2025-02-20 03:11:13', '2025-02-20 03:11:13'),
(404, 194, 30, '2025-02-20 04:04:02', '2025-02-20 04:04:02'),
(405, 194, 8, '2025-02-20 04:04:02', '2025-02-20 04:04:02'),
(406, 194, 5, '2025-02-20 04:04:02', '2025-02-20 04:04:02'),
(407, 194, 13, '2025-02-20 04:04:02', '2025-02-20 04:04:02'),
(408, 194, 12, '2025-02-20 04:04:02', '2025-02-20 04:04:02'),
(409, 194, 31, '2025-02-20 04:04:02', '2025-02-20 04:04:02'),
(410, 195, 30, '2025-02-20 04:42:26', '2025-02-20 04:42:26'),
(411, 195, 11, '2025-02-20 04:42:26', '2025-02-20 04:42:26'),
(412, 195, 32, '2025-02-20 04:42:26', '2025-02-20 04:42:26'),
(413, 195, 33, '2025-02-20 04:42:26', '2025-02-20 04:42:26'),
(414, 195, 6, '2025-02-20 04:42:26', '2025-02-20 04:42:26'),
(415, 195, 31, '2025-02-20 04:42:26', '2025-02-20 04:42:26'),
(416, 196, 30, '2025-02-20 04:52:38', '2025-02-20 04:52:38'),
(417, 196, 10, '2025-02-20 04:52:38', '2025-02-20 04:52:38'),
(418, 196, 5, '2025-02-20 04:52:38', '2025-02-20 04:52:38'),
(419, 196, 16, '2025-02-20 04:52:38', '2025-02-20 04:52:38'),
(420, 196, 6, '2025-02-20 04:52:38', '2025-02-20 04:52:38'),
(421, 196, 31, '2025-02-20 04:52:38', '2025-02-20 04:52:38'),
(422, 196, 7, '2025-02-20 04:52:38', '2025-02-20 04:52:38'),
(423, 196, 23, '2025-02-20 04:52:38', '2025-02-20 04:52:38'),
(424, 197, 30, '2025-02-20 04:57:23', '2025-02-20 04:57:23'),
(425, 197, 10, '2025-02-20 04:57:23', '2025-02-20 04:57:23'),
(426, 197, 5, '2025-02-20 04:57:23', '2025-02-20 04:57:23'),
(427, 197, 16, '2025-02-20 04:57:23', '2025-02-20 04:57:23'),
(428, 197, 6, '2025-02-20 04:57:23', '2025-02-20 04:57:23'),
(429, 197, 31, '2025-02-20 04:57:23', '2025-02-20 04:57:23'),
(430, 197, 7, '2025-02-20 04:57:23', '2025-02-20 04:57:23'),
(431, 197, 23, '2025-02-20 04:57:23', '2025-02-20 04:57:23'),
(432, 198, 30, '2025-02-20 22:28:01', '2025-02-20 22:28:01'),
(433, 198, 8, '2025-02-20 22:28:01', '2025-02-20 22:28:01'),
(434, 198, 38, '2025-02-20 22:28:01', '2025-02-20 22:28:01'),
(435, 198, 37, '2025-02-20 22:28:01', '2025-02-20 22:28:01'),
(436, 198, 13, '2025-02-20 22:28:01', '2025-02-20 22:28:01'),
(437, 198, 12, '2025-02-20 22:28:01', '2025-02-20 22:28:01'),
(438, 198, 31, '2025-02-20 22:28:01', '2025-02-20 22:28:01'),
(439, 199, 30, '2025-02-20 22:29:47', '2025-02-20 22:29:47'),
(440, 199, 8, '2025-02-20 22:29:47', '2025-02-20 22:29:47'),
(441, 199, 38, '2025-02-20 22:29:47', '2025-02-20 22:29:47'),
(442, 199, 37, '2025-02-20 22:29:47', '2025-02-20 22:29:47'),
(443, 199, 13, '2025-02-20 22:29:47', '2025-02-20 22:29:47'),
(444, 199, 12, '2025-02-20 22:29:47', '2025-02-20 22:29:47'),
(445, 199, 31, '2025-02-20 22:29:47', '2025-02-20 22:29:47'),
(446, 200, 30, '2025-02-20 22:57:56', '2025-02-20 22:57:56'),
(447, 200, 8, '2025-02-20 22:57:56', '2025-02-20 22:57:56'),
(448, 200, 38, '2025-02-20 22:57:56', '2025-02-20 22:57:56'),
(449, 200, 37, '2025-02-20 22:57:56', '2025-02-20 22:57:56'),
(450, 200, 13, '2025-02-20 22:57:56', '2025-02-20 22:57:56'),
(451, 200, 12, '2025-02-20 22:57:56', '2025-02-20 22:57:56'),
(452, 200, 31, '2025-02-20 22:57:56', '2025-02-20 22:57:56'),
(453, 201, 30, '2025-02-20 23:09:25', '2025-02-20 23:09:25'),
(454, 201, 8, '2025-02-20 23:09:25', '2025-02-20 23:09:25'),
(455, 201, 38, '2025-02-20 23:09:25', '2025-02-20 23:09:25'),
(456, 201, 37, '2025-02-20 23:09:25', '2025-02-20 23:09:25'),
(457, 201, 13, '2025-02-20 23:09:25', '2025-02-20 23:09:25'),
(458, 201, 12, '2025-02-20 23:09:25', '2025-02-20 23:09:25'),
(459, 201, 31, '2025-02-20 23:09:25', '2025-02-20 23:09:25');

-- --------------------------------------------------------

--
-- Estructura de tabla para la tabla `cotizacion_has_costes`
--

CREATE TABLE `cotizacion_has_costes` (
  `id` bigint(20) UNSIGNED NOT NULL,
  `idCotizacion` bigint(20) UNSIGNED NOT NULL,
  `idCoste` bigint(20) UNSIGNED NOT NULL,
  `created_at` timestamp NULL DEFAULT NULL,
  `updated_at` timestamp NULL DEFAULT NULL
) ENGINE=InnoDB DEFAULT CHARSET=utf8mb4 COLLATE=utf8mb4_unicode_ci;

--
-- Volcado de datos para la tabla `cotizacion_has_costes`
--

INSERT INTO `cotizacion_has_costes` (`id`, `idCotizacion`, `idCoste`, `created_at`, `updated_at`) VALUES
(73, 125, 5, '2024-11-15 01:42:31', '2024-11-15 01:42:31'),
(75, 125, 7, '2024-11-15 01:42:31', '2024-11-15 01:42:31'),
(76, 125, 8, '2024-11-15 01:42:31', '2024-11-15 01:42:31'),
(77, 125, 9, '2024-11-15 01:42:31', '2024-11-15 01:42:31'),
(78, 125, 10, '2024-11-15 01:42:31', '2024-11-15 01:42:31'),
(79, 125, 11, '2024-11-15 01:42:31', '2024-11-15 01:42:31'),
(80, 125, 12, '2024-11-15 01:42:31', '2024-11-15 01:42:31'),
(81, 125, 13, '2024-11-15 01:42:31', '2024-11-15 01:42:31'),
(82, 125, 14, '2024-11-15 01:42:31', '2024-11-15 01:42:31'),
(83, 125, 15, '2024-11-15 01:42:31', '2024-11-15 01:42:31'),
(84, 125, 18, '2024-11-15 01:42:31', '2024-11-15 01:42:31'),
(85, 125, 19, '2024-11-15 01:42:31', '2024-11-15 01:42:31'),
(86, 125, 20, '2024-11-15 01:42:31', '2024-11-15 01:42:31'),
(87, 125, 21, '2024-11-15 01:42:31', '2024-11-15 01:42:31'),
(89, 125, 26, '2024-11-15 01:42:31', '2024-11-15 01:42:31'),
(90, 125, 27, '2024-11-15 01:42:31', '2024-11-15 01:42:31'),
(91, 125, 28, '2024-11-15 01:42:31', '2024-11-15 01:42:31'),
(92, 125, 29, '2024-11-15 01:42:31', '2024-11-15 01:42:31'),
(93, 125, 30, '2024-11-15 01:42:31', '2024-11-15 01:42:31'),
(94, 125, 31, '2024-11-15 01:42:31', '2024-11-15 01:42:31'),
(96, 125, 33, '2024-11-15 01:42:31', '2024-11-15 01:42:31'),
(97, 125, 34, '2024-11-15 01:42:31', '2024-11-15 01:42:31'),
(98, 125, 35, '2024-11-15 01:42:31', '2024-11-15 01:42:31'),
(99, 125, 36, '2024-11-15 01:42:31', '2024-11-15 01:42:31'),
(100, 125, 37, '2024-11-15 01:42:31', '2024-11-15 01:42:31'),
(101, 125, 39, '2024-11-15 01:42:31', '2024-11-15 01:42:31'),
(102, 125, 40, '2024-11-15 01:42:31', '2024-11-15 01:42:31'),
(135, 127, 5, '2024-11-15 05:24:21', '2024-11-15 05:24:21'),
(137, 127, 7, '2024-11-15 05:24:21', '2024-11-15 05:24:21'),
(138, 127, 8, '2024-11-15 05:24:21', '2024-11-15 05:24:21'),
(139, 127, 9, '2024-11-15 05:24:21', '2024-11-15 05:24:21'),
(140, 127, 10, '2024-11-15 05:24:21', '2024-11-15 05:24:21'),
(141, 127, 11, '2024-11-15 05:24:21', '2024-11-15 05:24:21'),
(142, 127, 12, '2024-11-15 05:24:21', '2024-11-15 05:24:21'),
(143, 127, 13, '2024-11-15 05:24:21', '2024-11-15 05:24:21'),
(144, 127, 14, '2024-11-15 05:24:21', '2024-11-15 05:24:21'),
(145, 127, 15, '2024-11-15 05:24:21', '2024-11-15 05:24:21'),
(146, 127, 18, '2024-11-15 05:24:21', '2024-11-15 05:24:21'),
(147, 127, 19, '2024-11-15 05:24:21', '2024-11-15 05:24:21'),
(148, 127, 20, '2024-11-15 05:24:21', '2024-11-15 05:24:21'),
(149, 127, 21, '2024-11-15 05:24:21', '2024-11-15 05:24:21'),
(151, 127, 26, '2024-11-15 05:24:21', '2024-11-15 05:24:21'),
(152, 127, 27, '2024-11-15 05:24:21', '2024-11-15 05:24:21'),
(153, 127, 28, '2024-11-15 05:24:21', '2024-11-15 05:24:21'),
(154, 127, 29, '2024-11-15 05:24:21', '2024-11-15 05:24:21'),
(155, 127, 30, '2024-11-15 05:24:21', '2024-11-15 05:24:21'),
(156, 127, 31, '2024-11-15 05:24:21', '2024-11-15 05:24:21'),
(158, 127, 33, '2024-11-15 05:24:21', '2024-11-15 05:24:21'),
(159, 127, 34, '2024-11-15 05:24:21', '2024-11-15 05:24:21'),
(160, 127, 35, '2024-11-15 05:24:21', '2024-11-15 05:24:21'),
(161, 127, 36, '2024-11-15 05:24:21', '2024-11-15 05:24:21'),
(162, 127, 37, '2024-11-15 05:24:21', '2024-11-15 05:24:21'),
(163, 127, 39, '2024-11-15 05:24:21', '2024-11-15 05:24:21'),
(164, 127, 40, '2024-11-15 05:24:21', '2024-11-15 05:24:21'),
(166, 128, 5, '2024-11-20 04:53:36', '2024-11-20 04:53:36'),
(168, 128, 7, '2024-11-20 04:53:36', '2024-11-20 04:53:36'),
(169, 128, 8, '2024-11-20 04:53:36', '2024-11-20 04:53:36'),
(170, 128, 9, '2024-11-20 04:53:36', '2024-11-20 04:53:36'),
(171, 128, 10, '2024-11-20 04:53:36', '2024-11-20 04:53:36'),
(172, 128, 11, '2024-11-20 04:53:36', '2024-11-20 04:53:36'),
(173, 128, 12, '2024-11-20 04:53:36', '2024-11-20 04:53:36'),
(174, 128, 13, '2024-11-20 04:53:36', '2024-11-20 04:53:36'),
(175, 128, 14, '2024-11-20 04:53:36', '2024-11-20 04:53:36'),
(176, 128, 15, '2024-11-20 04:53:36', '2024-11-20 04:53:36'),
(177, 128, 18, '2024-11-20 04:53:36', '2024-11-20 04:53:36'),
(178, 128, 19, '2024-11-20 04:53:36', '2024-11-20 04:53:36'),
(179, 128, 20, '2024-11-20 04:53:36', '2024-11-20 04:53:36'),
(180, 128, 21, '2024-11-20 04:53:36', '2024-11-20 04:53:36'),
(182, 128, 26, '2024-11-20 04:53:36', '2024-11-20 04:53:36'),
(183, 128, 27, '2024-11-20 04:53:36', '2024-11-20 04:53:36'),
(184, 128, 28, '2024-11-20 04:53:36', '2024-11-20 04:53:36'),
(185, 128, 29, '2024-11-20 04:53:36', '2024-11-20 04:53:36'),
(186, 128, 30, '2024-11-20 04:53:36', '2024-11-20 04:53:36'),
(187, 128, 31, '2024-11-20 04:53:36', '2024-11-20 04:53:36'),
(189, 128, 33, '2024-11-20 04:53:36', '2024-11-20 04:53:36'),
(190, 128, 34, '2024-11-20 04:53:36', '2024-11-20 04:53:36'),
(191, 128, 35, '2024-11-20 04:53:36', '2024-11-20 04:53:36'),
(192, 128, 36, '2024-11-20 04:53:36', '2024-11-20 04:53:36'),
(193, 128, 37, '2024-11-20 04:53:36', '2024-11-20 04:53:36'),
(194, 128, 39, '2024-11-20 04:53:36', '2024-11-20 04:53:36'),
(195, 128, 40, '2024-11-20 04:53:36', '2024-11-20 04:53:36'),
(197, 129, 5, '2024-11-20 05:25:26', '2024-11-20 05:25:26'),
(199, 129, 7, '2024-11-20 05:25:26', '2024-11-20 05:25:26'),
(200, 129, 8, '2024-11-20 05:25:26', '2024-11-20 05:25:26'),
(201, 129, 9, '2024-11-20 05:25:26', '2024-11-20 05:25:26'),
(202, 129, 10, '2024-11-20 05:25:26', '2024-11-20 05:25:26'),
(203, 129, 11, '2024-11-20 05:25:26', '2024-11-20 05:25:26'),
(204, 129, 12, '2024-11-20 05:25:26', '2024-11-20 05:25:26'),
(205, 129, 13, '2024-11-20 05:25:26', '2024-11-20 05:25:26'),
(206, 129, 14, '2024-11-20 05:25:26', '2024-11-20 05:25:26'),
(207, 129, 15, '2024-11-20 05:25:26', '2024-11-20 05:25:26'),
(208, 129, 18, '2024-11-20 05:25:26', '2024-11-20 05:25:26'),
(209, 129, 19, '2024-11-20 05:25:26', '2024-11-20 05:25:26'),
(210, 129, 20, '2024-11-20 05:25:26', '2024-11-20 05:25:26'),
(211, 129, 21, '2024-11-20 05:25:26', '2024-11-20 05:25:26'),
(212, 129, 26, '2024-11-20 05:25:26', '2024-11-20 05:25:26'),
(213, 129, 27, '2024-11-20 05:25:26', '2024-11-20 05:25:26'),
(214, 129, 28, '2024-11-20 05:25:26', '2024-11-20 05:25:26'),
(215, 129, 29, '2024-11-20 05:25:26', '2024-11-20 05:25:26'),
(216, 129, 30, '2024-11-20 05:25:26', '2024-11-20 05:25:26'),
(217, 129, 31, '2024-11-20 05:25:26', '2024-11-20 05:25:26'),
(219, 129, 33, '2024-11-20 05:25:26', '2024-11-20 05:25:26'),
(220, 129, 34, '2024-11-20 05:25:26', '2024-11-20 05:25:26'),
(221, 129, 35, '2024-11-20 05:25:26', '2024-11-20 05:25:26'),
(222, 129, 36, '2024-11-20 05:25:26', '2024-11-20 05:25:26'),
(223, 129, 37, '2024-11-20 05:25:26', '2024-11-20 05:25:26'),
(224, 129, 38, '2024-11-20 05:25:26', '2024-11-20 05:25:26'),
(225, 129, 39, '2024-11-20 05:25:26', '2024-11-20 05:25:26'),
(226, 129, 40, '2024-11-20 05:25:26', '2024-11-20 05:25:26'),
(228, 130, 5, '2024-11-30 04:30:31', '2024-11-30 04:30:31'),
(230, 130, 7, '2024-11-30 04:30:31', '2024-11-30 04:30:31'),
(231, 130, 8, '2024-11-30 04:30:31', '2024-11-30 04:30:31'),
(232, 130, 9, '2024-11-30 04:30:31', '2024-11-30 04:30:31'),
(233, 130, 10, '2024-11-30 04:30:31', '2024-11-30 04:30:31'),
(234, 130, 11, '2024-11-30 04:30:31', '2024-11-30 04:30:31'),
(235, 130, 12, '2024-11-30 04:30:31', '2024-11-30 04:30:31'),
(236, 130, 13, '2024-11-30 04:30:31', '2024-11-30 04:30:31'),
(237, 130, 14, '2024-11-30 04:30:31', '2024-11-30 04:30:31'),
(238, 130, 15, '2024-11-30 04:30:31', '2024-11-30 04:30:31'),
(239, 130, 18, '2024-11-30 04:30:31', '2024-11-30 04:30:31'),
(240, 130, 19, '2024-11-30 04:30:31', '2024-11-30 04:30:31'),
(241, 130, 20, '2024-11-30 04:30:31', '2024-11-30 04:30:31'),
(242, 130, 21, '2024-11-30 04:30:31', '2024-11-30 04:30:31'),
(243, 130, 26, '2024-11-30 04:30:31', '2024-11-30 04:30:31'),
(244, 130, 27, '2024-11-30 04:30:31', '2024-11-30 04:30:31'),
(245, 130, 28, '2024-11-30 04:30:31', '2024-11-30 04:30:31'),
(246, 130, 29, '2024-11-30 04:30:31', '2024-11-30 04:30:31'),
(247, 130, 30, '2024-11-30 04:30:31', '2024-11-30 04:30:31'),
(248, 130, 31, '2024-11-30 04:30:32', '2024-11-30 04:30:32'),
(250, 130, 33, '2024-11-30 04:30:32', '2024-11-30 04:30:32'),
(251, 130, 34, '2024-11-30 04:30:32', '2024-11-30 04:30:32'),
(252, 130, 35, '2024-11-30 04:30:32', '2024-11-30 04:30:32'),
(253, 130, 36, '2024-11-30 04:30:32', '2024-11-30 04:30:32'),
(254, 130, 37, '2024-11-30 04:30:32', '2024-11-30 04:30:32'),
(255, 130, 38, '2024-11-30 04:30:32', '2024-11-30 04:30:32'),
(256, 130, 39, '2024-11-30 04:30:32', '2024-11-30 04:30:32'),
(257, 130, 40, '2024-11-30 04:30:32', '2024-11-30 04:30:32'),
(259, 131, 5, '2024-11-30 04:34:36', '2024-11-30 04:34:36'),
(261, 131, 7, '2024-11-30 04:34:36', '2024-11-30 04:34:36'),
(262, 131, 8, '2024-11-30 04:34:36', '2024-11-30 04:34:36'),
(263, 131, 9, '2024-11-30 04:34:36', '2024-11-30 04:34:36'),
(264, 131, 10, '2024-11-30 04:34:36', '2024-11-30 04:34:36'),
(265, 131, 11, '2024-11-30 04:34:36', '2024-11-30 04:34:36'),
(266, 131, 12, '2024-11-30 04:34:36', '2024-11-30 04:34:36'),
(267, 131, 13, '2024-11-30 04:34:36', '2024-11-30 04:34:36'),
(268, 131, 14, '2024-11-30 04:34:36', '2024-11-30 04:34:36'),
(269, 131, 15, '2024-11-30 04:34:36', '2024-11-30 04:34:36'),
(270, 131, 18, '2024-11-30 04:34:36', '2024-11-30 04:34:36'),
(271, 131, 19, '2024-11-30 04:34:36', '2024-11-30 04:34:36'),
(272, 131, 20, '2024-11-30 04:34:36', '2024-11-30 04:34:36'),
(273, 131, 21, '2024-11-30 04:34:36', '2024-11-30 04:34:36'),
(274, 131, 26, '2024-11-30 04:34:36', '2024-11-30 04:34:36'),
(275, 131, 27, '2024-11-30 04:34:36', '2024-11-30 04:34:36'),
(276, 131, 28, '2024-11-30 04:34:36', '2024-11-30 04:34:36'),
(277, 131, 29, '2024-11-30 04:34:36', '2024-11-30 04:34:36'),
(278, 131, 30, '2024-11-30 04:34:36', '2024-11-30 04:34:36'),
(279, 131, 31, '2024-11-30 04:34:36', '2024-11-30 04:34:36'),
(281, 131, 33, '2024-11-30 04:34:36', '2024-11-30 04:34:36'),
(282, 131, 34, '2024-11-30 04:34:36', '2024-11-30 04:34:36'),
(283, 131, 35, '2024-11-30 04:34:36', '2024-11-30 04:34:36'),
(284, 131, 36, '2024-11-30 04:34:36', '2024-11-30 04:34:36'),
(285, 131, 37, '2024-11-30 04:34:36', '2024-11-30 04:34:36'),
(286, 131, 39, '2024-11-30 04:34:36', '2024-11-30 04:34:36'),
(287, 131, 40, '2024-11-30 04:34:36', '2024-11-30 04:34:36'),
(289, 132, 5, '2024-12-02 23:28:42', '2024-12-02 23:28:42'),
(291, 132, 7, '2024-12-02 23:28:42', '2024-12-02 23:28:42'),
(292, 132, 8, '2024-12-02 23:28:42', '2024-12-02 23:28:42'),
(293, 132, 9, '2024-12-02 23:28:42', '2024-12-02 23:28:42'),
(294, 132, 10, '2024-12-02 23:28:42', '2024-12-02 23:28:42'),
(295, 132, 11, '2024-12-02 23:28:42', '2024-12-02 23:28:42'),
(296, 132, 12, '2024-12-02 23:28:42', '2024-12-02 23:28:42'),
(297, 132, 13, '2024-12-02 23:28:42', '2024-12-02 23:28:42'),
(298, 132, 14, '2024-12-02 23:28:42', '2024-12-02 23:28:42'),
(299, 132, 15, '2024-12-02 23:28:42', '2024-12-02 23:28:42'),
(300, 132, 18, '2024-12-02 23:28:42', '2024-12-02 23:28:42'),
(301, 132, 19, '2024-12-02 23:28:42', '2024-12-02 23:28:42'),
(302, 132, 20, '2024-12-02 23:28:42', '2024-12-02 23:28:42'),
(303, 132, 21, '2024-12-02 23:28:42', '2024-12-02 23:28:42'),
(304, 132, 26, '2024-12-02 23:28:42', '2024-12-02 23:28:42'),
(305, 132, 27, '2024-12-02 23:28:42', '2024-12-02 23:28:42'),
(306, 132, 28, '2024-12-02 23:28:42', '2024-12-02 23:28:42'),
(307, 132, 29, '2024-12-02 23:28:42', '2024-12-02 23:28:42'),
(308, 132, 30, '2024-12-02 23:28:42', '2024-12-02 23:28:42'),
(309, 132, 31, '2024-12-02 23:28:42', '2024-12-02 23:28:42'),
(311, 132, 33, '2024-12-02 23:28:42', '2024-12-02 23:28:42'),
(312, 132, 34, '2024-12-02 23:28:42', '2024-12-02 23:28:42'),
(313, 132, 35, '2024-12-02 23:28:42', '2024-12-02 23:28:42'),
(314, 132, 36, '2024-12-02 23:28:42', '2024-12-02 23:28:42'),
(315, 132, 37, '2024-12-02 23:28:42', '2024-12-02 23:28:42'),
(316, 132, 38, '2024-12-02 23:28:42', '2024-12-02 23:28:42'),
(317, 132, 39, '2024-12-02 23:28:42', '2024-12-02 23:28:42'),
(318, 132, 40, '2024-12-02 23:28:42', '2024-12-02 23:28:42'),
(320, 133, 5, '2024-12-03 05:24:14', '2024-12-03 05:24:14'),
(322, 133, 7, '2024-12-03 05:24:14', '2024-12-03 05:24:14'),
(323, 133, 8, '2024-12-03 05:24:14', '2024-12-03 05:24:14'),
(324, 133, 9, '2024-12-03 05:24:14', '2024-12-03 05:24:14'),
(325, 133, 10, '2024-12-03 05:24:14', '2024-12-03 05:24:14'),
(326, 133, 11, '2024-12-03 05:24:15', '2024-12-03 05:24:15'),
(327, 133, 12, '2024-12-03 05:24:15', '2024-12-03 05:24:15'),
(328, 133, 13, '2024-12-03 05:24:15', '2024-12-03 05:24:15'),
(329, 133, 14, '2024-12-03 05:24:15', '2024-12-03 05:24:15'),
(330, 133, 15, '2024-12-03 05:24:15', '2024-12-03 05:24:15'),
(331, 133, 18, '2024-12-03 05:24:15', '2024-12-03 05:24:15'),
(332, 133, 19, '2024-12-03 05:24:15', '2024-12-03 05:24:15'),
(333, 133, 20, '2024-12-03 05:24:15', '2024-12-03 05:24:15'),
(334, 133, 21, '2024-12-03 05:24:15', '2024-12-03 05:24:15'),
(335, 133, 26, '2024-12-03 05:24:15', '2024-12-03 05:24:15'),
(336, 133, 27, '2024-12-03 05:24:15', '2024-12-03 05:24:15'),
(337, 133, 28, '2024-12-03 05:24:15', '2024-12-03 05:24:15'),
(338, 133, 29, '2024-12-03 05:24:15', '2024-12-03 05:24:15'),
(339, 133, 30, '2024-12-03 05:24:15', '2024-12-03 05:24:15'),
(340, 133, 31, '2024-12-03 05:24:15', '2024-12-03 05:24:15'),
(342, 133, 33, '2024-12-03 05:24:15', '2024-12-03 05:24:15'),
(343, 133, 34, '2024-12-03 05:24:15', '2024-12-03 05:24:15'),
(344, 133, 35, '2024-12-03 05:24:15', '2024-12-03 05:24:15'),
(345, 133, 36, '2024-12-03 05:24:15', '2024-12-03 05:24:15'),
(346, 133, 37, '2024-12-03 05:24:15', '2024-12-03 05:24:15'),
(347, 133, 38, '2024-12-03 05:24:15', '2024-12-03 05:24:15'),
(348, 133, 39, '2024-12-03 05:24:15', '2024-12-03 05:24:15'),
(349, 133, 40, '2024-12-03 05:24:15', '2024-12-03 05:24:15'),
(351, 134, 5, '2025-01-20 23:30:58', '2025-01-20 23:30:58'),
(353, 134, 7, '2025-01-20 23:30:58', '2025-01-20 23:30:58'),
(354, 134, 8, '2025-01-20 23:30:58', '2025-01-20 23:30:58'),
(355, 134, 9, '2025-01-20 23:30:58', '2025-01-20 23:30:58'),
(356, 134, 10, '2025-01-20 23:30:58', '2025-01-20 23:30:58'),
(357, 134, 11, '2025-01-20 23:30:58', '2025-01-20 23:30:58'),
(358, 134, 12, '2025-01-20 23:30:58', '2025-01-20 23:30:58'),
(359, 134, 13, '2025-01-20 23:30:58', '2025-01-20 23:30:58'),
(360, 134, 14, '2025-01-20 23:30:58', '2025-01-20 23:30:58'),
(361, 134, 15, '2025-01-20 23:30:58', '2025-01-20 23:30:58'),
(362, 134, 18, '2025-01-20 23:30:58', '2025-01-20 23:30:58'),
(363, 134, 19, '2025-01-20 23:30:58', '2025-01-20 23:30:58'),
(364, 134, 20, '2025-01-20 23:30:58', '2025-01-20 23:30:58'),
(365, 134, 21, '2025-01-20 23:30:58', '2025-01-20 23:30:58'),
(366, 134, 26, '2025-01-20 23:30:58', '2025-01-20 23:30:58'),
(367, 134, 27, '2025-01-20 23:30:58', '2025-01-20 23:30:58'),
(368, 134, 28, '2025-01-20 23:30:58', '2025-01-20 23:30:58'),
(369, 134, 29, '2025-01-20 23:30:58', '2025-01-20 23:30:58'),
(370, 134, 30, '2025-01-20 23:30:58', '2025-01-20 23:30:58'),
(371, 134, 31, '2025-01-20 23:30:58', '2025-01-20 23:30:58'),
(373, 134, 33, '2025-01-20 23:30:58', '2025-01-20 23:30:58'),
(374, 134, 34, '2025-01-20 23:30:58', '2025-01-20 23:30:58'),
(375, 134, 35, '2025-01-20 23:30:58', '2025-01-20 23:30:58'),
(376, 134, 36, '2025-01-20 23:30:58', '2025-01-20 23:30:58'),
(377, 134, 37, '2025-01-20 23:30:58', '2025-01-20 23:30:58'),
(378, 134, 38, '2025-01-20 23:30:59', '2025-01-20 23:30:59'),
(379, 134, 39, '2025-01-20 23:30:59', '2025-01-20 23:30:59'),
(380, 134, 40, '2025-01-20 23:30:59', '2025-01-20 23:30:59'),
(382, 135, 5, '2025-01-21 05:50:25', '2025-01-21 05:50:25'),
(384, 135, 7, '2025-01-21 05:50:25', '2025-01-21 05:50:25'),
(385, 135, 8, '2025-01-21 05:50:25', '2025-01-21 05:50:25'),
(386, 135, 9, '2025-01-21 05:50:25', '2025-01-21 05:50:25'),
(387, 135, 10, '2025-01-21 05:50:25', '2025-01-21 05:50:25'),
(388, 135, 11, '2025-01-21 05:50:25', '2025-01-21 05:50:25'),
(389, 135, 12, '2025-01-21 05:50:25', '2025-01-21 05:50:25'),
(390, 135, 13, '2025-01-21 05:50:25', '2025-01-21 05:50:25'),
(391, 135, 14, '2025-01-21 05:50:25', '2025-01-21 05:50:25'),
(392, 135, 15, '2025-01-21 05:50:25', '2025-01-21 05:50:25'),
(393, 135, 18, '2025-01-21 05:50:25', '2025-01-21 05:50:25'),
(394, 135, 19, '2025-01-21 05:50:25', '2025-01-21 05:50:25'),
(395, 135, 20, '2025-01-21 05:50:25', '2025-01-21 05:50:25'),
(396, 135, 21, '2025-01-21 05:50:25', '2025-01-21 05:50:25'),
(397, 135, 26, '2025-01-21 05:50:25', '2025-01-21 05:50:25'),
(398, 135, 27, '2025-01-21 05:50:25', '2025-01-21 05:50:25'),
(399, 135, 28, '2025-01-21 05:50:25', '2025-01-21 05:50:25'),
(400, 135, 29, '2025-01-21 05:50:25', '2025-01-21 05:50:25'),
(401, 135, 30, '2025-01-21 05:50:25', '2025-01-21 05:50:25'),
(402, 135, 31, '2025-01-21 05:50:25', '2025-01-21 05:50:25'),
(404, 135, 33, '2025-01-21 05:50:25', '2025-01-21 05:50:25'),
(405, 135, 34, '2025-01-21 05:50:25', '2025-01-21 05:50:25'),
(406, 135, 35, '2025-01-21 05:50:25', '2025-01-21 05:50:25'),
(407, 135, 36, '2025-01-21 05:50:25', '2025-01-21 05:50:25'),
(408, 135, 37, '2025-01-21 05:50:25', '2025-01-21 05:50:25'),
(409, 135, 38, '2025-01-21 05:50:25', '2025-01-21 05:50:25'),
(410, 135, 39, '2025-01-21 05:50:25', '2025-01-21 05:50:25'),
(411, 135, 40, '2025-01-21 05:50:25', '2025-01-21 05:50:25'),
(413, 136, 5, '2025-01-21 05:53:43', '2025-01-21 05:53:43'),
(415, 136, 7, '2025-01-21 05:53:43', '2025-01-21 05:53:43'),
(416, 136, 8, '2025-01-21 05:53:43', '2025-01-21 05:53:43'),
(417, 136, 9, '2025-01-21 05:53:43', '2025-01-21 05:53:43'),
(418, 136, 10, '2025-01-21 05:53:43', '2025-01-21 05:53:43'),
(419, 136, 11, '2025-01-21 05:53:43', '2025-01-21 05:53:43'),
(420, 136, 12, '2025-01-21 05:53:43', '2025-01-21 05:53:43'),
(421, 136, 13, '2025-01-21 05:53:43', '2025-01-21 05:53:43'),
(422, 136, 14, '2025-01-21 05:53:43', '2025-01-21 05:53:43'),
(423, 136, 15, '2025-01-21 05:53:43', '2025-01-21 05:53:43'),
(424, 136, 18, '2025-01-21 05:53:43', '2025-01-21 05:53:43'),
(425, 136, 19, '2025-01-21 05:53:43', '2025-01-21 05:53:43'),
(426, 136, 20, '2025-01-21 05:53:43', '2025-01-21 05:53:43'),
(427, 136, 21, '2025-01-21 05:53:43', '2025-01-21 05:53:43'),
(428, 136, 26, '2025-01-21 05:53:43', '2025-01-21 05:53:43'),
(429, 136, 27, '2025-01-21 05:53:43', '2025-01-21 05:53:43'),
(430, 136, 28, '2025-01-21 05:53:43', '2025-01-21 05:53:43'),
(431, 136, 29, '2025-01-21 05:53:43', '2025-01-21 05:53:43'),
(432, 136, 30, '2025-01-21 05:53:43', '2025-01-21 05:53:43'),
(433, 136, 31, '2025-01-21 05:53:43', '2025-01-21 05:53:43'),
(435, 136, 33, '2025-01-21 05:53:43', '2025-01-21 05:53:43'),
(436, 136, 34, '2025-01-21 05:53:43', '2025-01-21 05:53:43'),
(437, 136, 35, '2025-01-21 05:53:43', '2025-01-21 05:53:43'),
(438, 136, 36, '2025-01-21 05:53:43', '2025-01-21 05:53:43'),
(439, 136, 37, '2025-01-21 05:53:43', '2025-01-21 05:53:43'),
(440, 136, 38, '2025-01-21 05:53:43', '2025-01-21 05:53:43'),
(441, 136, 39, '2025-01-21 05:53:43', '2025-01-21 05:53:43'),
(442, 136, 40, '2025-01-21 05:53:43', '2025-01-21 05:53:43'),
(444, 137, 5, '2025-01-21 06:03:35', '2025-01-21 06:03:35'),
(446, 137, 7, '2025-01-21 06:03:35', '2025-01-21 06:03:35'),
(447, 137, 8, '2025-01-21 06:03:35', '2025-01-21 06:03:35'),
(448, 137, 9, '2025-01-21 06:03:35', '2025-01-21 06:03:35'),
(449, 137, 10, '2025-01-21 06:03:35', '2025-01-21 06:03:35'),
(450, 137, 11, '2025-01-21 06:03:36', '2025-01-21 06:03:36'),
(451, 137, 12, '2025-01-21 06:03:36', '2025-01-21 06:03:36'),
(452, 137, 13, '2025-01-21 06:03:36', '2025-01-21 06:03:36'),
(453, 137, 14, '2025-01-21 06:03:36', '2025-01-21 06:03:36'),
(454, 137, 15, '2025-01-21 06:03:36', '2025-01-21 06:03:36'),
(455, 137, 18, '2025-01-21 06:03:36', '2025-01-21 06:03:36'),
(456, 137, 19, '2025-01-21 06:03:36', '2025-01-21 06:03:36'),
(457, 137, 20, '2025-01-21 06:03:36', '2025-01-21 06:03:36'),
(458, 137, 21, '2025-01-21 06:03:36', '2025-01-21 06:03:36'),
(459, 137, 26, '2025-01-21 06:03:36', '2025-01-21 06:03:36'),
(460, 137, 27, '2025-01-21 06:03:36', '2025-01-21 06:03:36'),
(461, 137, 28, '2025-01-21 06:03:36', '2025-01-21 06:03:36'),
(462, 137, 29, '2025-01-21 06:03:36', '2025-01-21 06:03:36'),
(463, 137, 30, '2025-01-21 06:03:36', '2025-01-21 06:03:36'),
(464, 137, 31, '2025-01-21 06:03:36', '2025-01-21 06:03:36'),
(466, 137, 33, '2025-01-21 06:03:36', '2025-01-21 06:03:36'),
(467, 137, 34, '2025-01-21 06:03:36', '2025-01-21 06:03:36'),
(468, 137, 35, '2025-01-21 06:03:36', '2025-01-21 06:03:36'),
(469, 137, 36, '2025-01-21 06:03:36', '2025-01-21 06:03:36'),
(470, 137, 37, '2025-01-21 06:03:36', '2025-01-21 06:03:36'),
(471, 137, 38, '2025-01-21 06:03:36', '2025-01-21 06:03:36'),
(472, 137, 39, '2025-01-21 06:03:36', '2025-01-21 06:03:36'),
(473, 137, 40, '2025-01-21 06:03:36', '2025-01-21 06:03:36'),
(475, 138, 5, '2025-01-21 06:07:37', '2025-01-21 06:07:37'),
(477, 138, 7, '2025-01-21 06:07:37', '2025-01-21 06:07:37'),
(478, 138, 8, '2025-01-21 06:07:37', '2025-01-21 06:07:37'),
(479, 138, 9, '2025-01-21 06:07:37', '2025-01-21 06:07:37'),
(480, 138, 10, '2025-01-21 06:07:37', '2025-01-21 06:07:37'),
(481, 138, 11, '2025-01-21 06:07:37', '2025-01-21 06:07:37'),
(482, 138, 12, '2025-01-21 06:07:37', '2025-01-21 06:07:37'),
(483, 138, 13, '2025-01-21 06:07:37', '2025-01-21 06:07:37'),
(484, 138, 14, '2025-01-21 06:07:37', '2025-01-21 06:07:37'),
(485, 138, 15, '2025-01-21 06:07:37', '2025-01-21 06:07:37'),
(486, 138, 18, '2025-01-21 06:07:37', '2025-01-21 06:07:37'),
(487, 138, 19, '2025-01-21 06:07:37', '2025-01-21 06:07:37'),
(488, 138, 20, '2025-01-21 06:07:37', '2025-01-21 06:07:37'),
(489, 138, 21, '2025-01-21 06:07:37', '2025-01-21 06:07:37'),
(490, 138, 26, '2025-01-21 06:07:37', '2025-01-21 06:07:37'),
(491, 138, 27, '2025-01-21 06:07:37', '2025-01-21 06:07:37'),
(492, 138, 28, '2025-01-21 06:07:37', '2025-01-21 06:07:37'),
(493, 138, 29, '2025-01-21 06:07:37', '2025-01-21 06:07:37'),
(494, 138, 30, '2025-01-21 06:07:37', '2025-01-21 06:07:37'),
(495, 138, 31, '2025-01-21 06:07:37', '2025-01-21 06:07:37'),
(497, 138, 33, '2025-01-21 06:07:37', '2025-01-21 06:07:37'),
(498, 138, 34, '2025-01-21 06:07:37', '2025-01-21 06:07:37'),
(499, 138, 35, '2025-01-21 06:07:37', '2025-01-21 06:07:37'),
(500, 138, 36, '2025-01-21 06:07:37', '2025-01-21 06:07:37'),
(501, 138, 37, '2025-01-21 06:07:37', '2025-01-21 06:07:37'),
(502, 138, 38, '2025-01-21 06:07:37', '2025-01-21 06:07:37'),
(503, 138, 39, '2025-01-21 06:07:37', '2025-01-21 06:07:37'),
(504, 138, 40, '2025-01-21 06:07:37', '2025-01-21 06:07:37'),
(506, 139, 5, '2025-01-22 04:55:05', '2025-01-22 04:55:05'),
(508, 139, 7, '2025-01-22 04:55:05', '2025-01-22 04:55:05'),
(509, 139, 8, '2025-01-22 04:55:05', '2025-01-22 04:55:05'),
(510, 139, 9, '2025-01-22 04:55:05', '2025-01-22 04:55:05'),
(511, 139, 10, '2025-01-22 04:55:05', '2025-01-22 04:55:05'),
(512, 139, 11, '2025-01-22 04:55:05', '2025-01-22 04:55:05'),
(513, 139, 12, '2025-01-22 04:55:05', '2025-01-22 04:55:05'),
(514, 139, 13, '2025-01-22 04:55:05', '2025-01-22 04:55:05'),
(515, 139, 14, '2025-01-22 04:55:05', '2025-01-22 04:55:05'),
(516, 139, 15, '2025-01-22 04:55:05', '2025-01-22 04:55:05'),
(517, 139, 18, '2025-01-22 04:55:05', '2025-01-22 04:55:05'),
(518, 139, 19, '2025-01-22 04:55:05', '2025-01-22 04:55:05'),
(519, 139, 20, '2025-01-22 04:55:05', '2025-01-22 04:55:05'),
(520, 139, 21, '2025-01-22 04:55:05', '2025-01-22 04:55:05'),
(521, 139, 26, '2025-01-22 04:55:05', '2025-01-22 04:55:05'),
(522, 139, 27, '2025-01-22 04:55:05', '2025-01-22 04:55:05'),
(523, 139, 28, '2025-01-22 04:55:05', '2025-01-22 04:55:05'),
(524, 139, 29, '2025-01-22 04:55:05', '2025-01-22 04:55:05'),
(525, 139, 30, '2025-01-22 04:55:05', '2025-01-22 04:55:05'),
(526, 139, 31, '2025-01-22 04:55:05', '2025-01-22 04:55:05'),
(528, 139, 33, '2025-01-22 04:55:05', '2025-01-22 04:55:05'),
(529, 139, 34, '2025-01-22 04:55:05', '2025-01-22 04:55:05'),
(530, 139, 35, '2025-01-22 04:55:05', '2025-01-22 04:55:05'),
(531, 139, 36, '2025-01-22 04:55:05', '2025-01-22 04:55:05'),
(532, 139, 37, '2025-01-22 04:55:05', '2025-01-22 04:55:05'),
(533, 139, 38, '2025-01-22 04:55:05', '2025-01-22 04:55:05'),
(534, 139, 39, '2025-01-22 04:55:05', '2025-01-22 04:55:05'),
(535, 139, 40, '2025-01-22 04:55:05', '2025-01-22 04:55:05'),
(537, 140, 5, '2025-01-22 05:04:36', '2025-01-22 05:04:36'),
(539, 140, 7, '2025-01-22 05:04:36', '2025-01-22 05:04:36'),
(540, 140, 8, '2025-01-22 05:04:36', '2025-01-22 05:04:36'),
(541, 140, 9, '2025-01-22 05:04:36', '2025-01-22 05:04:36'),
(542, 140, 10, '2025-01-22 05:04:36', '2025-01-22 05:04:36'),
(543, 140, 11, '2025-01-22 05:04:36', '2025-01-22 05:04:36'),
(544, 140, 12, '2025-01-22 05:04:36', '2025-01-22 05:04:36'),
(545, 140, 13, '2025-01-22 05:04:36', '2025-01-22 05:04:36'),
(546, 140, 14, '2025-01-22 05:04:36', '2025-01-22 05:04:36'),
(547, 140, 15, '2025-01-22 05:04:36', '2025-01-22 05:04:36'),
(548, 140, 18, '2025-01-22 05:04:36', '2025-01-22 05:04:36'),
(549, 140, 19, '2025-01-22 05:04:36', '2025-01-22 05:04:36'),
(550, 140, 20, '2025-01-22 05:04:36', '2025-01-22 05:04:36'),
(551, 140, 21, '2025-01-22 05:04:36', '2025-01-22 05:04:36'),
(552, 140, 26, '2025-01-22 05:04:36', '2025-01-22 05:04:36'),
(553, 140, 27, '2025-01-22 05:04:36', '2025-01-22 05:04:36'),
(554, 140, 28, '2025-01-22 05:04:36', '2025-01-22 05:04:36'),
(555, 140, 29, '2025-01-22 05:04:36', '2025-01-22 05:04:36'),
(556, 140, 30, '2025-01-22 05:04:36', '2025-01-22 05:04:36'),
(557, 140, 31, '2025-01-22 05:04:36', '2025-01-22 05:04:36'),
(559, 140, 33, '2025-01-22 05:04:37', '2025-01-22 05:04:37'),
(560, 140, 34, '2025-01-22 05:04:37', '2025-01-22 05:04:37'),
(561, 140, 35, '2025-01-22 05:04:37', '2025-01-22 05:04:37'),
(562, 140, 36, '2025-01-22 05:04:37', '2025-01-22 05:04:37'),
(563, 140, 37, '2025-01-22 05:04:37', '2025-01-22 05:04:37'),
(564, 140, 38, '2025-01-22 05:04:37', '2025-01-22 05:04:37'),
(565, 140, 39, '2025-01-22 05:04:37', '2025-01-22 05:04:37'),
(566, 140, 40, '2025-01-22 05:04:37', '2025-01-22 05:04:37'),
(568, 141, 5, '2025-01-22 05:18:58', '2025-01-22 05:18:58'),
(570, 141, 7, '2025-01-22 05:18:58', '2025-01-22 05:18:58'),
(571, 141, 8, '2025-01-22 05:18:58', '2025-01-22 05:18:58'),
(572, 141, 9, '2025-01-22 05:18:58', '2025-01-22 05:18:58'),
(573, 141, 10, '2025-01-22 05:18:58', '2025-01-22 05:18:58'),
(574, 141, 11, '2025-01-22 05:18:58', '2025-01-22 05:18:58'),
(575, 141, 12, '2025-01-22 05:18:58', '2025-01-22 05:18:58'),
(576, 141, 13, '2025-01-22 05:18:58', '2025-01-22 05:18:58'),
(577, 141, 14, '2025-01-22 05:18:58', '2025-01-22 05:18:58'),
(578, 141, 15, '2025-01-22 05:18:58', '2025-01-22 05:18:58'),
(579, 141, 18, '2025-01-22 05:18:58', '2025-01-22 05:18:58'),
(580, 141, 19, '2025-01-22 05:18:58', '2025-01-22 05:18:58'),
(581, 141, 20, '2025-01-22 05:18:58', '2025-01-22 05:18:58'),
(582, 141, 21, '2025-01-22 05:18:58', '2025-01-22 05:18:58'),
(583, 141, 26, '2025-01-22 05:18:58', '2025-01-22 05:18:58'),
(584, 141, 27, '2025-01-22 05:18:58', '2025-01-22 05:18:58'),
(585, 141, 28, '2025-01-22 05:18:58', '2025-01-22 05:18:58'),
(586, 141, 29, '2025-01-22 05:18:58', '2025-01-22 05:18:58'),
(587, 141, 30, '2025-01-22 05:18:58', '2025-01-22 05:18:58'),
(588, 141, 31, '2025-01-22 05:18:58', '2025-01-22 05:18:58'),
(590, 141, 33, '2025-01-22 05:18:58', '2025-01-22 05:18:58'),
(591, 141, 34, '2025-01-22 05:18:58', '2025-01-22 05:18:58'),
(592, 141, 35, '2025-01-22 05:18:58', '2025-01-22 05:18:58'),
(593, 141, 36, '2025-01-22 05:18:58', '2025-01-22 05:18:58'),
(594, 141, 37, '2025-01-22 05:18:58', '2025-01-22 05:18:58'),
(595, 141, 38, '2025-01-22 05:18:58', '2025-01-22 05:18:58'),
(596, 141, 39, '2025-01-22 05:18:58', '2025-01-22 05:18:58'),
(597, 141, 40, '2025-01-22 05:18:58', '2025-01-22 05:18:58'),
(599, 142, 5, '2025-01-22 05:21:08', '2025-01-22 05:21:08'),
(601, 142, 7, '2025-01-22 05:21:08', '2025-01-22 05:21:08'),
(602, 142, 8, '2025-01-22 05:21:08', '2025-01-22 05:21:08'),
(603, 142, 9, '2025-01-22 05:21:08', '2025-01-22 05:21:08'),
(604, 142, 10, '2025-01-22 05:21:08', '2025-01-22 05:21:08'),
(605, 142, 11, '2025-01-22 05:21:08', '2025-01-22 05:21:08'),
(606, 142, 12, '2025-01-22 05:21:08', '2025-01-22 05:21:08'),
(607, 142, 13, '2025-01-22 05:21:08', '2025-01-22 05:21:08'),
(608, 142, 14, '2025-01-22 05:21:08', '2025-01-22 05:21:08'),
(609, 142, 15, '2025-01-22 05:21:08', '2025-01-22 05:21:08'),
(610, 142, 18, '2025-01-22 05:21:08', '2025-01-22 05:21:08'),
(611, 142, 19, '2025-01-22 05:21:08', '2025-01-22 05:21:08'),
(612, 142, 20, '2025-01-22 05:21:08', '2025-01-22 05:21:08'),
(613, 142, 21, '2025-01-22 05:21:08', '2025-01-22 05:21:08'),
(614, 142, 26, '2025-01-22 05:21:08', '2025-01-22 05:21:08'),
(615, 142, 27, '2025-01-22 05:21:08', '2025-01-22 05:21:08'),
(616, 142, 28, '2025-01-22 05:21:08', '2025-01-22 05:21:08'),
(617, 142, 29, '2025-01-22 05:21:08', '2025-01-22 05:21:08'),
(618, 142, 30, '2025-01-22 05:21:08', '2025-01-22 05:21:08'),
(619, 142, 31, '2025-01-22 05:21:08', '2025-01-22 05:21:08'),
(621, 142, 33, '2025-01-22 05:21:08', '2025-01-22 05:21:08'),
(622, 142, 34, '2025-01-22 05:21:08', '2025-01-22 05:21:08'),
(623, 142, 35, '2025-01-22 05:21:08', '2025-01-22 05:21:08'),
(624, 142, 36, '2025-01-22 05:21:08', '2025-01-22 05:21:08'),
(625, 142, 37, '2025-01-22 05:21:08', '2025-01-22 05:21:08'),
(626, 142, 38, '2025-01-22 05:21:08', '2025-01-22 05:21:08'),
(627, 142, 39, '2025-01-22 05:21:08', '2025-01-22 05:21:08'),
(628, 142, 40, '2025-01-22 05:21:08', '2025-01-22 05:21:08'),
(630, 143, 5, '2025-01-22 05:29:42', '2025-01-22 05:29:42'),
(632, 143, 7, '2025-01-22 05:29:42', '2025-01-22 05:29:42'),
(633, 143, 8, '2025-01-22 05:29:42', '2025-01-22 05:29:42'),
(634, 143, 9, '2025-01-22 05:29:42', '2025-01-22 05:29:42'),
(635, 143, 10, '2025-01-22 05:29:42', '2025-01-22 05:29:42'),
(636, 143, 11, '2025-01-22 05:29:42', '2025-01-22 05:29:42'),
(637, 143, 12, '2025-01-22 05:29:42', '2025-01-22 05:29:42'),
(638, 143, 13, '2025-01-22 05:29:42', '2025-01-22 05:29:42'),
(639, 143, 14, '2025-01-22 05:29:42', '2025-01-22 05:29:42'),
(640, 143, 15, '2025-01-22 05:29:42', '2025-01-22 05:29:42'),
(641, 143, 18, '2025-01-22 05:29:42', '2025-01-22 05:29:42'),
(642, 143, 19, '2025-01-22 05:29:42', '2025-01-22 05:29:42'),
(643, 143, 20, '2025-01-22 05:29:42', '2025-01-22 05:29:42'),
(644, 143, 21, '2025-01-22 05:29:42', '2025-01-22 05:29:42'),
(645, 143, 26, '2025-01-22 05:29:42', '2025-01-22 05:29:42'),
(646, 143, 27, '2025-01-22 05:29:42', '2025-01-22 05:29:42'),
(647, 143, 28, '2025-01-22 05:29:42', '2025-01-22 05:29:42'),
(648, 143, 29, '2025-01-22 05:29:42', '2025-01-22 05:29:42'),
(649, 143, 30, '2025-01-22 05:29:42', '2025-01-22 05:29:42'),
(650, 143, 31, '2025-01-22 05:29:42', '2025-01-22 05:29:42'),
(652, 143, 33, '2025-01-22 05:29:42', '2025-01-22 05:29:42'),
(653, 143, 34, '2025-01-22 05:29:42', '2025-01-22 05:29:42'),
(654, 143, 35, '2025-01-22 05:29:42', '2025-01-22 05:29:42'),
(655, 143, 36, '2025-01-22 05:29:42', '2025-01-22 05:29:42'),
(656, 143, 37, '2025-01-22 05:29:42', '2025-01-22 05:29:42'),
(657, 143, 38, '2025-01-22 05:29:42', '2025-01-22 05:29:42'),
(658, 143, 39, '2025-01-22 05:29:42', '2025-01-22 05:29:42'),
(659, 143, 40, '2025-01-22 05:29:42', '2025-01-22 05:29:42'),
(661, 144, 5, '2025-01-22 05:31:52', '2025-01-22 05:31:52'),
(663, 144, 7, '2025-01-22 05:31:52', '2025-01-22 05:31:52'),
(664, 144, 8, '2025-01-22 05:31:52', '2025-01-22 05:31:52'),
(665, 144, 9, '2025-01-22 05:31:52', '2025-01-22 05:31:52'),
(666, 144, 10, '2025-01-22 05:31:52', '2025-01-22 05:31:52'),
(667, 144, 11, '2025-01-22 05:31:52', '2025-01-22 05:31:52'),
(668, 144, 12, '2025-01-22 05:31:52', '2025-01-22 05:31:52'),
(669, 144, 13, '2025-01-22 05:31:52', '2025-01-22 05:31:52'),
(670, 144, 14, '2025-01-22 05:31:52', '2025-01-22 05:31:52'),
(671, 144, 15, '2025-01-22 05:31:52', '2025-01-22 05:31:52'),
(672, 144, 18, '2025-01-22 05:31:52', '2025-01-22 05:31:52'),
(673, 144, 19, '2025-01-22 05:31:52', '2025-01-22 05:31:52'),
(674, 144, 20, '2025-01-22 05:31:52', '2025-01-22 05:31:52'),
(675, 144, 21, '2025-01-22 05:31:52', '2025-01-22 05:31:52'),
(676, 144, 26, '2025-01-22 05:31:52', '2025-01-22 05:31:52'),
(677, 144, 27, '2025-01-22 05:31:52', '2025-01-22 05:31:52'),
(678, 144, 28, '2025-01-22 05:31:52', '2025-01-22 05:31:52'),
(679, 144, 29, '2025-01-22 05:31:52', '2025-01-22 05:31:52'),
(680, 144, 30, '2025-01-22 05:31:52', '2025-01-22 05:31:52'),
(681, 144, 31, '2025-01-22 05:31:52', '2025-01-22 05:31:52'),
(683, 144, 33, '2025-01-22 05:31:52', '2025-01-22 05:31:52'),
(684, 144, 34, '2025-01-22 05:31:52', '2025-01-22 05:31:52'),
(685, 144, 35, '2025-01-22 05:31:52', '2025-01-22 05:31:52'),
(686, 144, 36, '2025-01-22 05:31:52', '2025-01-22 05:31:52'),
(687, 144, 37, '2025-01-22 05:31:52', '2025-01-22 05:31:52'),
(688, 144, 38, '2025-01-22 05:31:52', '2025-01-22 05:31:52'),
(689, 144, 39, '2025-01-22 05:31:52', '2025-01-22 05:31:52'),
(690, 144, 40, '2025-01-22 05:31:52', '2025-01-22 05:31:52'),
(692, 145, 5, '2025-01-22 20:39:55', '2025-01-22 20:39:55'),
(694, 145, 7, '2025-01-22 20:39:55', '2025-01-22 20:39:55'),
(695, 145, 8, '2025-01-22 20:39:55', '2025-01-22 20:39:55'),
(696, 145, 9, '2025-01-22 20:39:55', '2025-01-22 20:39:55'),
(697, 145, 10, '2025-01-22 20:39:55', '2025-01-22 20:39:55'),
(698, 145, 11, '2025-01-22 20:39:55', '2025-01-22 20:39:55'),
(699, 145, 12, '2025-01-22 20:39:55', '2025-01-22 20:39:55'),
(700, 145, 13, '2025-01-22 20:39:55', '2025-01-22 20:39:55'),
(701, 145, 14, '2025-01-22 20:39:55', '2025-01-22 20:39:55'),
(702, 145, 15, '2025-01-22 20:39:55', '2025-01-22 20:39:55'),
(703, 145, 18, '2025-01-22 20:39:55', '2025-01-22 20:39:55'),
(704, 145, 19, '2025-01-22 20:39:55', '2025-01-22 20:39:55'),
(705, 145, 20, '2025-01-22 20:39:55', '2025-01-22 20:39:55'),
(706, 145, 21, '2025-01-22 20:39:55', '2025-01-22 20:39:55'),
(707, 145, 26, '2025-01-22 20:39:55', '2025-01-22 20:39:55'),
(708, 145, 27, '2025-01-22 20:39:55', '2025-01-22 20:39:55'),
(709, 145, 28, '2025-01-22 20:39:55', '2025-01-22 20:39:55'),
(710, 145, 29, '2025-01-22 20:39:55', '2025-01-22 20:39:55'),
(711, 145, 30, '2025-01-22 20:39:55', '2025-01-22 20:39:55'),
(712, 145, 31, '2025-01-22 20:39:55', '2025-01-22 20:39:55'),
(714, 145, 33, '2025-01-22 20:39:55', '2025-01-22 20:39:55'),
(715, 145, 34, '2025-01-22 20:39:55', '2025-01-22 20:39:55'),
(716, 145, 35, '2025-01-22 20:39:55', '2025-01-22 20:39:55'),
(717, 145, 36, '2025-01-22 20:39:55', '2025-01-22 20:39:55'),
(718, 145, 37, '2025-01-22 20:39:55', '2025-01-22 20:39:55'),
(719, 145, 38, '2025-01-22 20:39:55', '2025-01-22 20:39:55'),
(720, 145, 39, '2025-01-22 20:39:55', '2025-01-22 20:39:55'),
(721, 145, 40, '2025-01-22 20:39:55', '2025-01-22 20:39:55'),
(723, 146, 5, '2025-01-27 21:41:39', '2025-01-27 21:41:39'),
(725, 146, 7, '2025-01-27 21:41:39', '2025-01-27 21:41:39'),
(726, 146, 8, '2025-01-27 21:41:39', '2025-01-27 21:41:39'),
(727, 146, 9, '2025-01-27 21:41:39', '2025-01-27 21:41:39'),
(728, 146, 10, '2025-01-27 21:41:39', '2025-01-27 21:41:39'),
(729, 146, 11, '2025-01-27 21:41:39', '2025-01-27 21:41:39'),
(730, 146, 12, '2025-01-27 21:41:39', '2025-01-27 21:41:39'),
(731, 146, 13, '2025-01-27 21:41:39', '2025-01-27 21:41:39'),
(732, 146, 14, '2025-01-27 21:41:39', '2025-01-27 21:41:39'),
(733, 146, 15, '2025-01-27 21:41:39', '2025-01-27 21:41:39'),
(734, 146, 18, '2025-01-27 21:41:39', '2025-01-27 21:41:39'),
(735, 146, 19, '2025-01-27 21:41:39', '2025-01-27 21:41:39'),
(736, 146, 20, '2025-01-27 21:41:39', '2025-01-27 21:41:39'),
(737, 146, 21, '2025-01-27 21:41:39', '2025-01-27 21:41:39'),
(738, 146, 26, '2025-01-27 21:41:39', '2025-01-27 21:41:39'),
(739, 146, 27, '2025-01-27 21:41:39', '2025-01-27 21:41:39'),
(740, 146, 28, '2025-01-27 21:41:39', '2025-01-27 21:41:39'),
(741, 146, 29, '2025-01-27 21:41:39', '2025-01-27 21:41:39'),
(742, 146, 30, '2025-01-27 21:41:39', '2025-01-27 21:41:39'),
(743, 146, 31, '2025-01-27 21:41:40', '2025-01-27 21:41:40'),
(745, 146, 33, '2025-01-27 21:41:40', '2025-01-27 21:41:40'),
(746, 146, 34, '2025-01-27 21:41:40', '2025-01-27 21:41:40'),
(747, 146, 35, '2025-01-27 21:41:40', '2025-01-27 21:41:40'),
(748, 146, 36, '2025-01-27 21:41:40', '2025-01-27 21:41:40'),
(749, 146, 37, '2025-01-27 21:41:40', '2025-01-27 21:41:40'),
(750, 146, 38, '2025-01-27 21:41:40', '2025-01-27 21:41:40'),
(751, 146, 39, '2025-01-27 21:41:40', '2025-01-27 21:41:40'),
(752, 146, 40, '2025-01-27 21:41:40', '2025-01-27 21:41:40'),
(754, 147, 5, '2025-01-27 21:43:37', '2025-01-27 21:43:37'),
(756, 147, 7, '2025-01-27 21:43:37', '2025-01-27 21:43:37'),
(757, 147, 8, '2025-01-27 21:43:37', '2025-01-27 21:43:37'),
(758, 147, 9, '2025-01-27 21:43:37', '2025-01-27 21:43:37'),
(759, 147, 10, '2025-01-27 21:43:37', '2025-01-27 21:43:37'),
(760, 147, 11, '2025-01-27 21:43:37', '2025-01-27 21:43:37'),
(761, 147, 12, '2025-01-27 21:43:37', '2025-01-27 21:43:37'),
(762, 147, 13, '2025-01-27 21:43:37', '2025-01-27 21:43:37'),
(763, 147, 14, '2025-01-27 21:43:37', '2025-01-27 21:43:37'),
(764, 147, 15, '2025-01-27 21:43:37', '2025-01-27 21:43:37'),
(765, 147, 18, '2025-01-27 21:43:37', '2025-01-27 21:43:37'),
(766, 147, 19, '2025-01-27 21:43:37', '2025-01-27 21:43:37'),
(767, 147, 20, '2025-01-27 21:43:37', '2025-01-27 21:43:37'),
(768, 147, 21, '2025-01-27 21:43:37', '2025-01-27 21:43:37'),
(769, 147, 26, '2025-01-27 21:43:37', '2025-01-27 21:43:37'),
(770, 147, 27, '2025-01-27 21:43:37', '2025-01-27 21:43:37'),
(771, 147, 28, '2025-01-27 21:43:37', '2025-01-27 21:43:37'),
(772, 147, 29, '2025-01-27 21:43:37', '2025-01-27 21:43:37'),
(773, 147, 30, '2025-01-27 21:43:37', '2025-01-27 21:43:37'),
(774, 147, 31, '2025-01-27 21:43:37', '2025-01-27 21:43:37'),
(776, 147, 33, '2025-01-27 21:43:37', '2025-01-27 21:43:37'),
(777, 147, 34, '2025-01-27 21:43:37', '2025-01-27 21:43:37'),
(778, 147, 35, '2025-01-27 21:43:37', '2025-01-27 21:43:37'),
(779, 147, 36, '2025-01-27 21:43:37', '2025-01-27 21:43:37'),
(780, 147, 37, '2025-01-27 21:43:37', '2025-01-27 21:43:37'),
(781, 147, 38, '2025-01-27 21:43:37', '2025-01-27 21:43:37'),
(782, 147, 39, '2025-01-27 21:43:37', '2025-01-27 21:43:37'),
(783, 147, 40, '2025-01-27 21:43:37', '2025-01-27 21:43:37'),
(785, 148, 5, '2025-01-27 21:46:00', '2025-01-27 21:46:00'),
(787, 148, 7, '2025-01-27 21:46:00', '2025-01-27 21:46:00'),
(788, 148, 8, '2025-01-27 21:46:00', '2025-01-27 21:46:00'),
(789, 148, 9, '2025-01-27 21:46:00', '2025-01-27 21:46:00'),
(790, 148, 10, '2025-01-27 21:46:00', '2025-01-27 21:46:00'),
(791, 148, 11, '2025-01-27 21:46:00', '2025-01-27 21:46:00'),
(792, 148, 12, '2025-01-27 21:46:00', '2025-01-27 21:46:00'),
(793, 148, 13, '2025-01-27 21:46:00', '2025-01-27 21:46:00'),
(794, 148, 14, '2025-01-27 21:46:00', '2025-01-27 21:46:00'),
(795, 148, 15, '2025-01-27 21:46:00', '2025-01-27 21:46:00'),
(796, 148, 18, '2025-01-27 21:46:00', '2025-01-27 21:46:00'),
(797, 148, 19, '2025-01-27 21:46:00', '2025-01-27 21:46:00'),
(798, 148, 20, '2025-01-27 21:46:00', '2025-01-27 21:46:00'),
(799, 148, 21, '2025-01-27 21:46:00', '2025-01-27 21:46:00'),
(800, 148, 26, '2025-01-27 21:46:00', '2025-01-27 21:46:00'),
(801, 148, 27, '2025-01-27 21:46:00', '2025-01-27 21:46:00'),
(802, 148, 28, '2025-01-27 21:46:00', '2025-01-27 21:46:00'),
(803, 148, 29, '2025-01-27 21:46:00', '2025-01-27 21:46:00'),
(804, 148, 30, '2025-01-27 21:46:00', '2025-01-27 21:46:00'),
(805, 148, 31, '2025-01-27 21:46:00', '2025-01-27 21:46:00'),
(807, 148, 33, '2025-01-27 21:46:00', '2025-01-27 21:46:00'),
(808, 148, 34, '2025-01-27 21:46:00', '2025-01-27 21:46:00'),
(809, 148, 35, '2025-01-27 21:46:00', '2025-01-27 21:46:00'),
(810, 148, 36, '2025-01-27 21:46:00', '2025-01-27 21:46:00'),
(811, 148, 37, '2025-01-27 21:46:00', '2025-01-27 21:46:00'),
(812, 148, 38, '2025-01-27 21:46:00', '2025-01-27 21:46:00'),
(813, 148, 39, '2025-01-27 21:46:00', '2025-01-27 21:46:00'),
(814, 148, 40, '2025-01-27 21:46:00', '2025-01-27 21:46:00'),
(816, 149, 5, '2025-01-27 21:48:57', '2025-01-27 21:48:57'),
(818, 149, 7, '2025-01-27 21:48:57', '2025-01-27 21:48:57'),
(819, 149, 8, '2025-01-27 21:48:57', '2025-01-27 21:48:57'),
(820, 149, 9, '2025-01-27 21:48:57', '2025-01-27 21:48:57'),
(821, 149, 10, '2025-01-27 21:48:57', '2025-01-27 21:48:57'),
(822, 149, 11, '2025-01-27 21:48:57', '2025-01-27 21:48:57'),
(823, 149, 12, '2025-01-27 21:48:57', '2025-01-27 21:48:57'),
(824, 149, 13, '2025-01-27 21:48:57', '2025-01-27 21:48:57'),
(825, 149, 14, '2025-01-27 21:48:57', '2025-01-27 21:48:57'),
(826, 149, 15, '2025-01-27 21:48:57', '2025-01-27 21:48:57'),
(827, 149, 18, '2025-01-27 21:48:57', '2025-01-27 21:48:57'),
(828, 149, 19, '2025-01-27 21:48:57', '2025-01-27 21:48:57'),
(829, 149, 20, '2025-01-27 21:48:57', '2025-01-27 21:48:57'),
(830, 149, 21, '2025-01-27 21:48:57', '2025-01-27 21:48:57'),
(831, 149, 26, '2025-01-27 21:48:57', '2025-01-27 21:48:57'),
(832, 149, 27, '2025-01-27 21:48:57', '2025-01-27 21:48:57'),
(833, 149, 28, '2025-01-27 21:48:57', '2025-01-27 21:48:57'),
(834, 149, 29, '2025-01-27 21:48:57', '2025-01-27 21:48:57'),
(835, 149, 30, '2025-01-27 21:48:57', '2025-01-27 21:48:57'),
(836, 149, 31, '2025-01-27 21:48:57', '2025-01-27 21:48:57'),
(838, 149, 33, '2025-01-27 21:48:57', '2025-01-27 21:48:57'),
(839, 149, 34, '2025-01-27 21:48:57', '2025-01-27 21:48:57'),
(840, 149, 35, '2025-01-27 21:48:57', '2025-01-27 21:48:57'),
(841, 149, 36, '2025-01-27 21:48:57', '2025-01-27 21:48:57'),
(842, 149, 37, '2025-01-27 21:48:57', '2025-01-27 21:48:57'),
(843, 149, 38, '2025-01-27 21:48:57', '2025-01-27 21:48:57'),
(844, 149, 39, '2025-01-27 21:48:57', '2025-01-27 21:48:57'),
(845, 149, 40, '2025-01-27 21:48:57', '2025-01-27 21:48:57'),
(847, 150, 5, '2025-01-27 22:05:06', '2025-01-27 22:05:06'),
(849, 150, 7, '2025-01-27 22:05:06', '2025-01-27 22:05:06'),
(850, 150, 8, '2025-01-27 22:05:06', '2025-01-27 22:05:06'),
(851, 150, 9, '2025-01-27 22:05:06', '2025-01-27 22:05:06'),
(852, 150, 10, '2025-01-27 22:05:06', '2025-01-27 22:05:06'),
(853, 150, 11, '2025-01-27 22:05:06', '2025-01-27 22:05:06'),
(854, 150, 12, '2025-01-27 22:05:06', '2025-01-27 22:05:06'),
(855, 150, 13, '2025-01-27 22:05:06', '2025-01-27 22:05:06'),
(856, 150, 14, '2025-01-27 22:05:06', '2025-01-27 22:05:06'),
(857, 150, 15, '2025-01-27 22:05:06', '2025-01-27 22:05:06'),
(858, 150, 18, '2025-01-27 22:05:06', '2025-01-27 22:05:06'),
(859, 150, 19, '2025-01-27 22:05:06', '2025-01-27 22:05:06'),
(860, 150, 20, '2025-01-27 22:05:06', '2025-01-27 22:05:06'),
(861, 150, 21, '2025-01-27 22:05:06', '2025-01-27 22:05:06'),
(862, 150, 26, '2025-01-27 22:05:07', '2025-01-27 22:05:07'),
(863, 150, 27, '2025-01-27 22:05:07', '2025-01-27 22:05:07'),
(864, 150, 28, '2025-01-27 22:05:07', '2025-01-27 22:05:07'),
(865, 150, 29, '2025-01-27 22:05:07', '2025-01-27 22:05:07'),
(866, 150, 30, '2025-01-27 22:05:07', '2025-01-27 22:05:07'),
(867, 150, 31, '2025-01-27 22:05:07', '2025-01-27 22:05:07'),
(869, 150, 33, '2025-01-27 22:05:07', '2025-01-27 22:05:07'),
(870, 150, 34, '2025-01-27 22:05:07', '2025-01-27 22:05:07'),
(871, 150, 35, '2025-01-27 22:05:07', '2025-01-27 22:05:07'),
(872, 150, 36, '2025-01-27 22:05:07', '2025-01-27 22:05:07'),
(873, 150, 37, '2025-01-27 22:05:07', '2025-01-27 22:05:07'),
(874, 150, 38, '2025-01-27 22:05:07', '2025-01-27 22:05:07'),
(875, 150, 39, '2025-01-27 22:05:07', '2025-01-27 22:05:07'),
(876, 150, 40, '2025-01-27 22:05:07', '2025-01-27 22:05:07'),
(878, 151, 5, '2025-01-27 22:07:38', '2025-01-27 22:07:38'),
(880, 151, 7, '2025-01-27 22:07:38', '2025-01-27 22:07:38'),
(881, 151, 8, '2025-01-27 22:07:38', '2025-01-27 22:07:38'),
(882, 151, 9, '2025-01-27 22:07:38', '2025-01-27 22:07:38'),
(883, 151, 10, '2025-01-27 22:07:38', '2025-01-27 22:07:38'),
(884, 151, 11, '2025-01-27 22:07:38', '2025-01-27 22:07:38'),
(885, 151, 12, '2025-01-27 22:07:38', '2025-01-27 22:07:38'),
(886, 151, 13, '2025-01-27 22:07:38', '2025-01-27 22:07:38'),
(887, 151, 14, '2025-01-27 22:07:38', '2025-01-27 22:07:38'),
(888, 151, 15, '2025-01-27 22:07:38', '2025-01-27 22:07:38'),
(889, 151, 18, '2025-01-27 22:07:38', '2025-01-27 22:07:38'),
(890, 151, 19, '2025-01-27 22:07:38', '2025-01-27 22:07:38'),
(891, 151, 20, '2025-01-27 22:07:38', '2025-01-27 22:07:38'),
(892, 151, 21, '2025-01-27 22:07:38', '2025-01-27 22:07:38'),
(893, 151, 26, '2025-01-27 22:07:38', '2025-01-27 22:07:38'),
(894, 151, 27, '2025-01-27 22:07:38', '2025-01-27 22:07:38'),
(895, 151, 28, '2025-01-27 22:07:38', '2025-01-27 22:07:38'),
(896, 151, 29, '2025-01-27 22:07:38', '2025-01-27 22:07:38'),
(897, 151, 30, '2025-01-27 22:07:38', '2025-01-27 22:07:38'),
(898, 151, 31, '2025-01-27 22:07:38', '2025-01-27 22:07:38'),
(900, 151, 33, '2025-01-27 22:07:38', '2025-01-27 22:07:38'),
(901, 151, 34, '2025-01-27 22:07:38', '2025-01-27 22:07:38'),
(902, 151, 35, '2025-01-27 22:07:38', '2025-01-27 22:07:38'),
(903, 151, 36, '2025-01-27 22:07:38', '2025-01-27 22:07:38'),
(904, 151, 37, '2025-01-27 22:07:38', '2025-01-27 22:07:38'),
(905, 151, 38, '2025-01-27 22:07:38', '2025-01-27 22:07:38'),
(906, 151, 39, '2025-01-27 22:07:38', '2025-01-27 22:07:38'),
(907, 151, 40, '2025-01-27 22:07:38', '2025-01-27 22:07:38'),
(940, 153, 5, '2025-01-27 23:01:35', '2025-01-27 23:01:35'),
(942, 153, 7, '2025-01-27 23:01:35', '2025-01-27 23:01:35'),
(943, 153, 8, '2025-01-27 23:01:35', '2025-01-27 23:01:35'),
(944, 153, 9, '2025-01-27 23:01:35', '2025-01-27 23:01:35'),
(945, 153, 10, '2025-01-27 23:01:35', '2025-01-27 23:01:35'),
(946, 153, 11, '2025-01-27 23:01:35', '2025-01-27 23:01:35'),
(947, 153, 12, '2025-01-27 23:01:35', '2025-01-27 23:01:35'),
(948, 153, 13, '2025-01-27 23:01:35', '2025-01-27 23:01:35'),
(949, 153, 14, '2025-01-27 23:01:35', '2025-01-27 23:01:35'),
(950, 153, 15, '2025-01-27 23:01:35', '2025-01-27 23:01:35'),
(951, 153, 18, '2025-01-27 23:01:35', '2025-01-27 23:01:35'),
(952, 153, 19, '2025-01-27 23:01:35', '2025-01-27 23:01:35'),
(953, 153, 20, '2025-01-27 23:01:35', '2025-01-27 23:01:35'),
(954, 153, 21, '2025-01-27 23:01:35', '2025-01-27 23:01:35'),
(955, 153, 26, '2025-01-27 23:01:35', '2025-01-27 23:01:35'),
(956, 153, 27, '2025-01-27 23:01:35', '2025-01-27 23:01:35'),
(957, 153, 28, '2025-01-27 23:01:35', '2025-01-27 23:01:35'),
(958, 153, 29, '2025-01-27 23:01:35', '2025-01-27 23:01:35'),
(959, 153, 30, '2025-01-27 23:01:35', '2025-01-27 23:01:35'),
(960, 153, 31, '2025-01-27 23:01:35', '2025-01-27 23:01:35'),
(962, 153, 33, '2025-01-27 23:01:35', '2025-01-27 23:01:35'),
(963, 153, 34, '2025-01-27 23:01:35', '2025-01-27 23:01:35'),
(964, 153, 35, '2025-01-27 23:01:35', '2025-01-27 23:01:35'),
(965, 153, 36, '2025-01-27 23:01:35', '2025-01-27 23:01:35'),
(966, 153, 37, '2025-01-27 23:01:35', '2025-01-27 23:01:35'),
(967, 153, 38, '2025-01-27 23:01:35', '2025-01-27 23:01:35'),
(968, 153, 39, '2025-01-27 23:01:35', '2025-01-27 23:01:35'),
(969, 153, 40, '2025-01-27 23:01:35', '2025-01-27 23:01:35'),
(971, 154, 5, '2025-01-27 23:05:05', '2025-01-27 23:05:05'),
(973, 154, 7, '2025-01-27 23:05:05', '2025-01-27 23:05:05'),
(974, 154, 8, '2025-01-27 23:05:05', '2025-01-27 23:05:05'),
(975, 154, 9, '2025-01-27 23:05:06', '2025-01-27 23:05:06'),
(976, 154, 10, '2025-01-27 23:05:06', '2025-01-27 23:05:06'),
(977, 154, 11, '2025-01-27 23:05:06', '2025-01-27 23:05:06'),
(978, 154, 12, '2025-01-27 23:05:06', '2025-01-27 23:05:06'),
(979, 154, 13, '2025-01-27 23:05:06', '2025-01-27 23:05:06'),
(980, 154, 14, '2025-01-27 23:05:06', '2025-01-27 23:05:06'),
(981, 154, 15, '2025-01-27 23:05:07', '2025-01-27 23:05:07'),
(982, 154, 18, '2025-01-27 23:05:07', '2025-01-27 23:05:07'),
(983, 154, 19, '2025-01-27 23:05:07', '2025-01-27 23:05:07'),
(984, 154, 20, '2025-01-27 23:05:07', '2025-01-27 23:05:07'),
(985, 154, 21, '2025-01-27 23:05:07', '2025-01-27 23:05:07'),
(986, 154, 26, '2025-01-27 23:05:07', '2025-01-27 23:05:07'),
(987, 154, 27, '2025-01-27 23:05:07', '2025-01-27 23:05:07'),
(988, 154, 28, '2025-01-27 23:05:07', '2025-01-27 23:05:07'),
(989, 154, 29, '2025-01-27 23:05:07', '2025-01-27 23:05:07'),
(990, 154, 30, '2025-01-27 23:05:07', '2025-01-27 23:05:07'),
(991, 154, 31, '2025-01-27 23:05:07', '2025-01-27 23:05:07'),
(993, 154, 33, '2025-01-27 23:05:07', '2025-01-27 23:05:07'),
(994, 154, 34, '2025-01-27 23:05:07', '2025-01-27 23:05:07'),
(995, 154, 35, '2025-01-27 23:05:07', '2025-01-27 23:05:07'),
(996, 154, 36, '2025-01-27 23:05:07', '2025-01-27 23:05:07'),
(997, 154, 37, '2025-01-27 23:05:07', '2025-01-27 23:05:07'),
(998, 154, 38, '2025-01-27 23:05:07', '2025-01-27 23:05:07'),
(999, 154, 39, '2025-01-27 23:05:07', '2025-01-27 23:05:07'),
(1000, 154, 40, '2025-01-27 23:05:07', '2025-01-27 23:05:07'),
(1002, 155, 5, '2025-01-27 23:16:26', '2025-01-27 23:16:26'),
(1004, 155, 7, '2025-01-27 23:16:26', '2025-01-27 23:16:26'),
(1005, 155, 8, '2025-01-27 23:16:26', '2025-01-27 23:16:26'),
(1006, 155, 9, '2025-01-27 23:16:26', '2025-01-27 23:16:26'),
(1007, 155, 10, '2025-01-27 23:16:26', '2025-01-27 23:16:26'),
(1008, 155, 11, '2025-01-27 23:16:26', '2025-01-27 23:16:26'),
(1009, 155, 12, '2025-01-27 23:16:26', '2025-01-27 23:16:26'),
(1010, 155, 13, '2025-01-27 23:16:26', '2025-01-27 23:16:26'),
(1011, 155, 14, '2025-01-27 23:16:26', '2025-01-27 23:16:26'),
(1012, 155, 15, '2025-01-27 23:16:26', '2025-01-27 23:16:26'),
(1013, 155, 18, '2025-01-27 23:16:26', '2025-01-27 23:16:26'),
(1014, 155, 19, '2025-01-27 23:16:26', '2025-01-27 23:16:26'),
(1015, 155, 20, '2025-01-27 23:16:26', '2025-01-27 23:16:26'),
(1016, 155, 21, '2025-01-27 23:16:26', '2025-01-27 23:16:26'),
(1017, 155, 26, '2025-01-27 23:16:26', '2025-01-27 23:16:26'),
(1018, 155, 27, '2025-01-27 23:16:26', '2025-01-27 23:16:26'),
(1019, 155, 28, '2025-01-27 23:16:26', '2025-01-27 23:16:26'),
(1020, 155, 29, '2025-01-27 23:16:26', '2025-01-27 23:16:26'),
(1021, 155, 30, '2025-01-27 23:16:26', '2025-01-27 23:16:26'),
(1022, 155, 31, '2025-01-27 23:16:26', '2025-01-27 23:16:26'),
(1024, 155, 33, '2025-01-27 23:16:26', '2025-01-27 23:16:26'),
(1025, 155, 34, '2025-01-27 23:16:26', '2025-01-27 23:16:26'),
(1026, 155, 35, '2025-01-27 23:16:26', '2025-01-27 23:16:26'),
(1027, 155, 36, '2025-01-27 23:16:26', '2025-01-27 23:16:26'),
(1028, 155, 37, '2025-01-27 23:16:26', '2025-01-27 23:16:26'),
(1029, 155, 38, '2025-01-27 23:16:26', '2025-01-27 23:16:26'),
(1030, 155, 39, '2025-01-27 23:16:26', '2025-01-27 23:16:26'),
(1031, 155, 40, '2025-01-27 23:16:26', '2025-01-27 23:16:26'),
(1033, 156, 5, '2025-01-27 23:19:07', '2025-01-27 23:19:07'),
(1035, 156, 7, '2025-01-27 23:19:07', '2025-01-27 23:19:07'),
(1036, 156, 8, '2025-01-27 23:19:07', '2025-01-27 23:19:07'),
(1037, 156, 9, '2025-01-27 23:19:07', '2025-01-27 23:19:07'),
(1038, 156, 10, '2025-01-27 23:19:07', '2025-01-27 23:19:07'),
(1039, 156, 11, '2025-01-27 23:19:07', '2025-01-27 23:19:07'),
(1040, 156, 12, '2025-01-27 23:19:07', '2025-01-27 23:19:07'),
(1041, 156, 13, '2025-01-27 23:19:07', '2025-01-27 23:19:07'),
(1042, 156, 14, '2025-01-27 23:19:07', '2025-01-27 23:19:07'),
(1043, 156, 15, '2025-01-27 23:19:07', '2025-01-27 23:19:07'),
(1044, 156, 18, '2025-01-27 23:19:07', '2025-01-27 23:19:07'),
(1045, 156, 19, '2025-01-27 23:19:07', '2025-01-27 23:19:07'),
(1046, 156, 20, '2025-01-27 23:19:07', '2025-01-27 23:19:07'),
(1047, 156, 21, '2025-01-27 23:19:07', '2025-01-27 23:19:07'),
(1048, 156, 26, '2025-01-27 23:19:07', '2025-01-27 23:19:07'),
(1049, 156, 27, '2025-01-27 23:19:07', '2025-01-27 23:19:07'),
(1050, 156, 28, '2025-01-27 23:19:07', '2025-01-27 23:19:07'),
(1051, 156, 29, '2025-01-27 23:19:07', '2025-01-27 23:19:07'),
(1052, 156, 30, '2025-01-27 23:19:07', '2025-01-27 23:19:07'),
(1053, 156, 31, '2025-01-27 23:19:07', '2025-01-27 23:19:07'),
(1055, 156, 33, '2025-01-27 23:19:07', '2025-01-27 23:19:07'),
(1056, 156, 34, '2025-01-27 23:19:07', '2025-01-27 23:19:07'),
(1057, 156, 35, '2025-01-27 23:19:07', '2025-01-27 23:19:07'),
(1058, 156, 36, '2025-01-27 23:19:07', '2025-01-27 23:19:07'),
(1059, 156, 37, '2025-01-27 23:19:07', '2025-01-27 23:19:07');
INSERT INTO `cotizacion_has_costes` (`id`, `idCotizacion`, `idCoste`, `created_at`, `updated_at`) VALUES
(1060, 156, 38, '2025-01-27 23:19:07', '2025-01-27 23:19:07'),
(1061, 156, 39, '2025-01-27 23:19:07', '2025-01-27 23:19:07'),
(1062, 156, 40, '2025-01-27 23:19:07', '2025-01-27 23:19:07'),
(1064, 157, 5, '2025-01-28 00:30:11', '2025-01-28 00:30:11'),
(1066, 157, 7, '2025-01-28 00:30:11', '2025-01-28 00:30:11'),
(1067, 157, 8, '2025-01-28 00:30:11', '2025-01-28 00:30:11'),
(1068, 157, 9, '2025-01-28 00:30:11', '2025-01-28 00:30:11'),
(1069, 157, 10, '2025-01-28 00:30:11', '2025-01-28 00:30:11'),
(1070, 157, 11, '2025-01-28 00:30:11', '2025-01-28 00:30:11'),
(1071, 157, 12, '2025-01-28 00:30:11', '2025-01-28 00:30:11'),
(1072, 157, 13, '2025-01-28 00:30:11', '2025-01-28 00:30:11'),
(1073, 157, 14, '2025-01-28 00:30:11', '2025-01-28 00:30:11'),
(1074, 157, 15, '2025-01-28 00:30:11', '2025-01-28 00:30:11'),
(1075, 157, 18, '2025-01-28 00:30:11', '2025-01-28 00:30:11'),
(1076, 157, 19, '2025-01-28 00:30:11', '2025-01-28 00:30:11'),
(1077, 157, 20, '2025-01-28 00:30:11', '2025-01-28 00:30:11'),
(1078, 157, 21, '2025-01-28 00:30:11', '2025-01-28 00:30:11'),
(1079, 157, 26, '2025-01-28 00:30:11', '2025-01-28 00:30:11'),
(1080, 157, 27, '2025-01-28 00:30:11', '2025-01-28 00:30:11'),
(1081, 157, 28, '2025-01-28 00:30:11', '2025-01-28 00:30:11'),
(1082, 157, 29, '2025-01-28 00:30:11', '2025-01-28 00:30:11'),
(1083, 157, 30, '2025-01-28 00:30:11', '2025-01-28 00:30:11'),
(1084, 157, 31, '2025-01-28 00:30:11', '2025-01-28 00:30:11'),
(1086, 157, 33, '2025-01-28 00:30:11', '2025-01-28 00:30:11'),
(1087, 157, 34, '2025-01-28 00:30:11', '2025-01-28 00:30:11'),
(1088, 157, 35, '2025-01-28 00:30:11', '2025-01-28 00:30:11'),
(1089, 157, 36, '2025-01-28 00:30:11', '2025-01-28 00:30:11'),
(1090, 157, 37, '2025-01-28 00:30:11', '2025-01-28 00:30:11'),
(1091, 157, 38, '2025-01-28 00:30:11', '2025-01-28 00:30:11'),
(1092, 157, 39, '2025-01-28 00:30:11', '2025-01-28 00:30:11'),
(1093, 157, 40, '2025-01-28 00:30:11', '2025-01-28 00:30:11'),
(1095, 158, 5, '2025-01-28 02:54:48', '2025-01-28 02:54:48'),
(1097, 158, 7, '2025-01-28 02:54:48', '2025-01-28 02:54:48'),
(1098, 158, 8, '2025-01-28 02:54:48', '2025-01-28 02:54:48'),
(1099, 158, 9, '2025-01-28 02:54:48', '2025-01-28 02:54:48'),
(1100, 158, 10, '2025-01-28 02:54:48', '2025-01-28 02:54:48'),
(1101, 158, 11, '2025-01-28 02:54:48', '2025-01-28 02:54:48'),
(1102, 158, 12, '2025-01-28 02:54:48', '2025-01-28 02:54:48'),
(1103, 158, 13, '2025-01-28 02:54:48', '2025-01-28 02:54:48'),
(1104, 158, 14, '2025-01-28 02:54:48', '2025-01-28 02:54:48'),
(1105, 158, 15, '2025-01-28 02:54:48', '2025-01-28 02:54:48'),
(1106, 158, 18, '2025-01-28 02:54:48', '2025-01-28 02:54:48'),
(1107, 158, 19, '2025-01-28 02:54:48', '2025-01-28 02:54:48'),
(1108, 158, 20, '2025-01-28 02:54:48', '2025-01-28 02:54:48'),
(1109, 158, 21, '2025-01-28 02:54:48', '2025-01-28 02:54:48'),
(1110, 158, 26, '2025-01-28 02:54:48', '2025-01-28 02:54:48'),
(1111, 158, 27, '2025-01-28 02:54:48', '2025-01-28 02:54:48'),
(1112, 158, 28, '2025-01-28 02:54:48', '2025-01-28 02:54:48'),
(1113, 158, 29, '2025-01-28 02:54:48', '2025-01-28 02:54:48'),
(1114, 158, 30, '2025-01-28 02:54:48', '2025-01-28 02:54:48'),
(1115, 158, 31, '2025-01-28 02:54:48', '2025-01-28 02:54:48'),
(1117, 158, 33, '2025-01-28 02:54:48', '2025-01-28 02:54:48'),
(1118, 158, 34, '2025-01-28 02:54:48', '2025-01-28 02:54:48'),
(1119, 158, 35, '2025-01-28 02:54:48', '2025-01-28 02:54:48'),
(1120, 158, 36, '2025-01-28 02:54:48', '2025-01-28 02:54:48'),
(1121, 158, 37, '2025-01-28 02:54:48', '2025-01-28 02:54:48'),
(1122, 158, 38, '2025-01-28 02:54:48', '2025-01-28 02:54:48'),
(1123, 158, 39, '2025-01-28 02:54:48', '2025-01-28 02:54:48'),
(1124, 158, 40, '2025-01-28 02:54:48', '2025-01-28 02:54:48'),
(1126, 159, 5, '2025-01-28 03:04:28', '2025-01-28 03:04:28'),
(1128, 159, 7, '2025-01-28 03:04:28', '2025-01-28 03:04:28'),
(1129, 159, 8, '2025-01-28 03:04:28', '2025-01-28 03:04:28'),
(1130, 159, 9, '2025-01-28 03:04:28', '2025-01-28 03:04:28'),
(1131, 159, 10, '2025-01-28 03:04:28', '2025-01-28 03:04:28'),
(1132, 159, 11, '2025-01-28 03:04:28', '2025-01-28 03:04:28'),
(1133, 159, 12, '2025-01-28 03:04:28', '2025-01-28 03:04:28'),
(1134, 159, 13, '2025-01-28 03:04:28', '2025-01-28 03:04:28'),
(1135, 159, 14, '2025-01-28 03:04:28', '2025-01-28 03:04:28'),
(1136, 159, 15, '2025-01-28 03:04:28', '2025-01-28 03:04:28'),
(1137, 159, 18, '2025-01-28 03:04:28', '2025-01-28 03:04:28'),
(1138, 159, 19, '2025-01-28 03:04:28', '2025-01-28 03:04:28'),
(1139, 159, 20, '2025-01-28 03:04:28', '2025-01-28 03:04:28'),
(1140, 159, 21, '2025-01-28 03:04:28', '2025-01-28 03:04:28'),
(1141, 159, 26, '2025-01-28 03:04:28', '2025-01-28 03:04:28'),
(1142, 159, 27, '2025-01-28 03:04:28', '2025-01-28 03:04:28'),
(1143, 159, 28, '2025-01-28 03:04:28', '2025-01-28 03:04:28'),
(1144, 159, 29, '2025-01-28 03:04:28', '2025-01-28 03:04:28'),
(1145, 159, 30, '2025-01-28 03:04:28', '2025-01-28 03:04:28'),
(1146, 159, 31, '2025-01-28 03:04:28', '2025-01-28 03:04:28'),
(1148, 159, 33, '2025-01-28 03:04:28', '2025-01-28 03:04:28'),
(1149, 159, 34, '2025-01-28 03:04:28', '2025-01-28 03:04:28'),
(1150, 159, 35, '2025-01-28 03:04:28', '2025-01-28 03:04:28'),
(1151, 159, 36, '2025-01-28 03:04:28', '2025-01-28 03:04:28'),
(1152, 159, 37, '2025-01-28 03:04:28', '2025-01-28 03:04:28'),
(1153, 159, 38, '2025-01-28 03:04:28', '2025-01-28 03:04:28'),
(1154, 159, 39, '2025-01-28 03:04:28', '2025-01-28 03:04:28'),
(1155, 159, 40, '2025-01-28 03:04:28', '2025-01-28 03:04:28'),
(1157, 160, 5, '2025-01-28 04:27:10', '2025-01-28 04:27:10'),
(1159, 160, 7, '2025-01-28 04:27:10', '2025-01-28 04:27:10'),
(1160, 160, 8, '2025-01-28 04:27:10', '2025-01-28 04:27:10'),
(1161, 160, 9, '2025-01-28 04:27:10', '2025-01-28 04:27:10'),
(1162, 160, 10, '2025-01-28 04:27:10', '2025-01-28 04:27:10'),
(1163, 160, 11, '2025-01-28 04:27:10', '2025-01-28 04:27:10'),
(1164, 160, 12, '2025-01-28 04:27:10', '2025-01-28 04:27:10'),
(1165, 160, 13, '2025-01-28 04:27:10', '2025-01-28 04:27:10'),
(1166, 160, 14, '2025-01-28 04:27:10', '2025-01-28 04:27:10'),
(1167, 160, 15, '2025-01-28 04:27:10', '2025-01-28 04:27:10'),
(1168, 160, 18, '2025-01-28 04:27:10', '2025-01-28 04:27:10'),
(1169, 160, 19, '2025-01-28 04:27:10', '2025-01-28 04:27:10'),
(1170, 160, 20, '2025-01-28 04:27:10', '2025-01-28 04:27:10'),
(1171, 160, 21, '2025-01-28 04:27:10', '2025-01-28 04:27:10'),
(1172, 160, 26, '2025-01-28 04:27:10', '2025-01-28 04:27:10'),
(1173, 160, 27, '2025-01-28 04:27:10', '2025-01-28 04:27:10'),
(1174, 160, 28, '2025-01-28 04:27:10', '2025-01-28 04:27:10'),
(1175, 160, 29, '2025-01-28 04:27:10', '2025-01-28 04:27:10'),
(1176, 160, 30, '2025-01-28 04:27:10', '2025-01-28 04:27:10'),
(1177, 160, 31, '2025-01-28 04:27:10', '2025-01-28 04:27:10'),
(1179, 160, 33, '2025-01-28 04:27:10', '2025-01-28 04:27:10'),
(1180, 160, 34, '2025-01-28 04:27:10', '2025-01-28 04:27:10'),
(1181, 160, 35, '2025-01-28 04:27:10', '2025-01-28 04:27:10'),
(1182, 160, 36, '2025-01-28 04:27:10', '2025-01-28 04:27:10'),
(1183, 160, 37, '2025-01-28 04:27:10', '2025-01-28 04:27:10'),
(1184, 160, 38, '2025-01-28 04:27:10', '2025-01-28 04:27:10'),
(1185, 160, 39, '2025-01-28 04:27:10', '2025-01-28 04:27:10'),
(1186, 160, 40, '2025-01-28 04:27:10', '2025-01-28 04:27:10'),
(1188, 161, 5, '2025-01-28 07:38:46', '2025-01-28 07:38:46'),
(1190, 161, 7, '2025-01-28 07:38:46', '2025-01-28 07:38:46'),
(1191, 161, 8, '2025-01-28 07:38:46', '2025-01-28 07:38:46'),
(1192, 161, 9, '2025-01-28 07:38:46', '2025-01-28 07:38:46'),
(1193, 161, 10, '2025-01-28 07:38:46', '2025-01-28 07:38:46'),
(1194, 161, 11, '2025-01-28 07:38:46', '2025-01-28 07:38:46'),
(1195, 161, 12, '2025-01-28 07:38:46', '2025-01-28 07:38:46'),
(1196, 161, 13, '2025-01-28 07:38:46', '2025-01-28 07:38:46'),
(1197, 161, 14, '2025-01-28 07:38:46', '2025-01-28 07:38:46'),
(1198, 161, 15, '2025-01-28 07:38:46', '2025-01-28 07:38:46'),
(1199, 161, 18, '2025-01-28 07:38:46', '2025-01-28 07:38:46'),
(1200, 161, 19, '2025-01-28 07:38:46', '2025-01-28 07:38:46'),
(1201, 161, 20, '2025-01-28 07:38:46', '2025-01-28 07:38:46'),
(1202, 161, 21, '2025-01-28 07:38:46', '2025-01-28 07:38:46'),
(1203, 161, 26, '2025-01-28 07:38:46', '2025-01-28 07:38:46'),
(1204, 161, 27, '2025-01-28 07:38:46', '2025-01-28 07:38:46'),
(1205, 161, 28, '2025-01-28 07:38:46', '2025-01-28 07:38:46'),
(1206, 161, 29, '2025-01-28 07:38:46', '2025-01-28 07:38:46'),
(1207, 161, 30, '2025-01-28 07:38:46', '2025-01-28 07:38:46'),
(1208, 161, 31, '2025-01-28 07:38:46', '2025-01-28 07:38:46'),
(1210, 161, 33, '2025-01-28 07:38:46', '2025-01-28 07:38:46'),
(1211, 161, 34, '2025-01-28 07:38:46', '2025-01-28 07:38:46'),
(1212, 161, 35, '2025-01-28 07:38:46', '2025-01-28 07:38:46'),
(1213, 161, 36, '2025-01-28 07:38:46', '2025-01-28 07:38:46'),
(1214, 161, 37, '2025-01-28 07:38:46', '2025-01-28 07:38:46'),
(1215, 161, 38, '2025-01-28 07:38:46', '2025-01-28 07:38:46'),
(1216, 161, 39, '2025-01-28 07:38:46', '2025-01-28 07:38:46'),
(1217, 161, 40, '2025-01-28 07:38:46', '2025-01-28 07:38:46'),
(1219, 162, 5, '2025-01-28 07:44:15', '2025-01-28 07:44:15'),
(1221, 162, 7, '2025-01-28 07:44:15', '2025-01-28 07:44:15'),
(1222, 162, 8, '2025-01-28 07:44:15', '2025-01-28 07:44:15'),
(1223, 162, 9, '2025-01-28 07:44:15', '2025-01-28 07:44:15'),
(1224, 162, 10, '2025-01-28 07:44:15', '2025-01-28 07:44:15'),
(1225, 162, 11, '2025-01-28 07:44:15', '2025-01-28 07:44:15'),
(1226, 162, 12, '2025-01-28 07:44:15', '2025-01-28 07:44:15'),
(1227, 162, 13, '2025-01-28 07:44:15', '2025-01-28 07:44:15'),
(1228, 162, 14, '2025-01-28 07:44:15', '2025-01-28 07:44:15'),
(1229, 162, 15, '2025-01-28 07:44:15', '2025-01-28 07:44:15'),
(1230, 162, 18, '2025-01-28 07:44:15', '2025-01-28 07:44:15'),
(1231, 162, 19, '2025-01-28 07:44:15', '2025-01-28 07:44:15'),
(1232, 162, 20, '2025-01-28 07:44:15', '2025-01-28 07:44:15'),
(1233, 162, 21, '2025-01-28 07:44:15', '2025-01-28 07:44:15'),
(1234, 162, 26, '2025-01-28 07:44:15', '2025-01-28 07:44:15'),
(1235, 162, 27, '2025-01-28 07:44:15', '2025-01-28 07:44:15'),
(1236, 162, 28, '2025-01-28 07:44:15', '2025-01-28 07:44:15'),
(1237, 162, 29, '2025-01-28 07:44:15', '2025-01-28 07:44:15'),
(1238, 162, 30, '2025-01-28 07:44:15', '2025-01-28 07:44:15'),
(1239, 162, 31, '2025-01-28 07:44:15', '2025-01-28 07:44:15'),
(1241, 162, 33, '2025-01-28 07:44:15', '2025-01-28 07:44:15'),
(1242, 162, 34, '2025-01-28 07:44:15', '2025-01-28 07:44:15'),
(1243, 162, 35, '2025-01-28 07:44:15', '2025-01-28 07:44:15'),
(1244, 162, 36, '2025-01-28 07:44:15', '2025-01-28 07:44:15'),
(1245, 162, 37, '2025-01-28 07:44:15', '2025-01-28 07:44:15'),
(1246, 162, 38, '2025-01-28 07:44:15', '2025-01-28 07:44:15'),
(1247, 162, 39, '2025-01-28 07:44:15', '2025-01-28 07:44:15'),
(1248, 162, 40, '2025-01-28 07:44:15', '2025-01-28 07:44:15'),
(1250, 163, 5, '2025-01-30 04:49:39', '2025-01-30 04:49:39'),
(1252, 163, 7, '2025-01-30 04:49:39', '2025-01-30 04:49:39'),
(1253, 163, 8, '2025-01-30 04:49:39', '2025-01-30 04:49:39'),
(1254, 163, 9, '2025-01-30 04:49:39', '2025-01-30 04:49:39'),
(1255, 163, 10, '2025-01-30 04:49:39', '2025-01-30 04:49:39'),
(1256, 163, 11, '2025-01-30 04:49:39', '2025-01-30 04:49:39'),
(1257, 163, 12, '2025-01-30 04:49:39', '2025-01-30 04:49:39'),
(1258, 163, 13, '2025-01-30 04:49:39', '2025-01-30 04:49:39'),
(1259, 163, 14, '2025-01-30 04:49:39', '2025-01-30 04:49:39'),
(1260, 163, 15, '2025-01-30 04:49:39', '2025-01-30 04:49:39'),
(1261, 163, 18, '2025-01-30 04:49:39', '2025-01-30 04:49:39'),
(1262, 163, 19, '2025-01-30 04:49:39', '2025-01-30 04:49:39'),
(1263, 163, 20, '2025-01-30 04:49:39', '2025-01-30 04:49:39'),
(1264, 163, 21, '2025-01-30 04:49:39', '2025-01-30 04:49:39'),
(1265, 163, 26, '2025-01-30 04:49:39', '2025-01-30 04:49:39'),
(1266, 163, 27, '2025-01-30 04:49:39', '2025-01-30 04:49:39'),
(1267, 163, 28, '2025-01-30 04:49:39', '2025-01-30 04:49:39'),
(1268, 163, 29, '2025-01-30 04:49:39', '2025-01-30 04:49:39'),
(1269, 163, 30, '2025-01-30 04:49:39', '2025-01-30 04:49:39'),
(1270, 163, 31, '2025-01-30 04:49:40', '2025-01-30 04:49:40'),
(1272, 163, 33, '2025-01-30 04:49:40', '2025-01-30 04:49:40'),
(1273, 163, 34, '2025-01-30 04:49:40', '2025-01-30 04:49:40'),
(1274, 163, 35, '2025-01-30 04:49:40', '2025-01-30 04:49:40'),
(1275, 163, 36, '2025-01-30 04:49:40', '2025-01-30 04:49:40'),
(1276, 163, 37, '2025-01-30 04:49:40', '2025-01-30 04:49:40'),
(1277, 163, 38, '2025-01-30 04:49:40', '2025-01-30 04:49:40'),
(1278, 163, 39, '2025-01-30 04:49:40', '2025-01-30 04:49:40'),
(1279, 163, 40, '2025-01-30 04:49:40', '2025-01-30 04:49:40'),
(1280, 164, 5, '2025-01-30 22:39:03', '2025-01-30 22:39:03'),
(1281, 164, 7, '2025-01-30 22:39:03', '2025-01-30 22:39:03'),
(1282, 164, 8, '2025-01-30 22:39:03', '2025-01-30 22:39:03'),
(1283, 164, 9, '2025-01-30 22:39:03', '2025-01-30 22:39:03'),
(1284, 164, 10, '2025-01-30 22:39:03', '2025-01-30 22:39:03'),
(1285, 164, 11, '2025-01-30 22:39:03', '2025-01-30 22:39:03'),
(1286, 164, 12, '2025-01-30 22:39:03', '2025-01-30 22:39:03'),
(1287, 164, 13, '2025-01-30 22:39:03', '2025-01-30 22:39:03'),
(1288, 164, 14, '2025-01-30 22:39:03', '2025-01-30 22:39:03'),
(1289, 164, 15, '2025-01-30 22:39:03', '2025-01-30 22:39:03'),
(1290, 164, 18, '2025-01-30 22:39:03', '2025-01-30 22:39:03'),
(1291, 164, 19, '2025-01-30 22:39:03', '2025-01-30 22:39:03'),
(1292, 164, 20, '2025-01-30 22:39:03', '2025-01-30 22:39:03'),
(1293, 164, 21, '2025-01-30 22:39:03', '2025-01-30 22:39:03'),
(1294, 164, 26, '2025-01-30 22:39:03', '2025-01-30 22:39:03'),
(1295, 164, 27, '2025-01-30 22:39:03', '2025-01-30 22:39:03'),
(1296, 164, 28, '2025-01-30 22:39:03', '2025-01-30 22:39:03'),
(1297, 164, 29, '2025-01-30 22:39:03', '2025-01-30 22:39:03'),
(1298, 164, 30, '2025-01-30 22:39:03', '2025-01-30 22:39:03'),
(1299, 164, 31, '2025-01-30 22:39:03', '2025-01-30 22:39:03'),
(1301, 164, 33, '2025-01-30 22:39:03', '2025-01-30 22:39:03'),
(1302, 164, 34, '2025-01-30 22:39:03', '2025-01-30 22:39:03'),
(1303, 164, 35, '2025-01-30 22:39:03', '2025-01-30 22:39:03'),
(1304, 164, 36, '2025-01-30 22:39:03', '2025-01-30 22:39:03'),
(1305, 164, 37, '2025-01-30 22:39:03', '2025-01-30 22:39:03'),
(1306, 164, 38, '2025-01-30 22:39:03', '2025-01-30 22:39:03'),
(1307, 164, 39, '2025-01-30 22:39:03', '2025-01-30 22:39:03'),
(1308, 164, 40, '2025-01-30 22:39:03', '2025-01-30 22:39:03'),
(1309, 165, 5, '2025-01-30 22:58:14', '2025-01-30 22:58:14'),
(1310, 165, 7, '2025-01-30 22:58:14', '2025-01-30 22:58:14'),
(1311, 165, 8, '2025-01-30 22:58:14', '2025-01-30 22:58:14'),
(1312, 165, 9, '2025-01-30 22:58:14', '2025-01-30 22:58:14'),
(1313, 165, 10, '2025-01-30 22:58:14', '2025-01-30 22:58:14'),
(1314, 165, 11, '2025-01-30 22:58:14', '2025-01-30 22:58:14'),
(1315, 165, 12, '2025-01-30 22:58:14', '2025-01-30 22:58:14'),
(1316, 165, 13, '2025-01-30 22:58:14', '2025-01-30 22:58:14'),
(1317, 165, 14, '2025-01-30 22:58:14', '2025-01-30 22:58:14'),
(1318, 165, 15, '2025-01-30 22:58:14', '2025-01-30 22:58:14'),
(1319, 165, 18, '2025-01-30 22:58:14', '2025-01-30 22:58:14'),
(1320, 165, 19, '2025-01-30 22:58:14', '2025-01-30 22:58:14'),
(1321, 165, 20, '2025-01-30 22:58:14', '2025-01-30 22:58:14'),
(1322, 165, 21, '2025-01-30 22:58:14', '2025-01-30 22:58:14'),
(1323, 165, 26, '2025-01-30 22:58:14', '2025-01-30 22:58:14'),
(1324, 165, 27, '2025-01-30 22:58:14', '2025-01-30 22:58:14'),
(1325, 165, 28, '2025-01-30 22:58:14', '2025-01-30 22:58:14'),
(1326, 165, 29, '2025-01-30 22:58:14', '2025-01-30 22:58:14'),
(1327, 165, 30, '2025-01-30 22:58:14', '2025-01-30 22:58:14'),
(1328, 165, 31, '2025-01-30 22:58:14', '2025-01-30 22:58:14'),
(1330, 165, 33, '2025-01-30 22:58:14', '2025-01-30 22:58:14'),
(1331, 165, 34, '2025-01-30 22:58:14', '2025-01-30 22:58:14'),
(1332, 165, 35, '2025-01-30 22:58:14', '2025-01-30 22:58:14'),
(1333, 165, 36, '2025-01-30 22:58:14', '2025-01-30 22:58:14'),
(1334, 165, 37, '2025-01-30 22:58:14', '2025-01-30 22:58:14'),
(1335, 165, 38, '2025-01-30 22:58:14', '2025-01-30 22:58:14'),
(1336, 165, 39, '2025-01-30 22:58:14', '2025-01-30 22:58:14'),
(1337, 165, 40, '2025-01-30 22:58:14', '2025-01-30 22:58:14'),
(1338, 166, 5, '2025-01-30 23:16:25', '2025-01-30 23:16:25'),
(1339, 166, 7, '2025-01-30 23:16:25', '2025-01-30 23:16:25'),
(1340, 166, 8, '2025-01-30 23:16:25', '2025-01-30 23:16:25'),
(1341, 166, 9, '2025-01-30 23:16:25', '2025-01-30 23:16:25'),
(1342, 166, 10, '2025-01-30 23:16:25', '2025-01-30 23:16:25'),
(1343, 166, 11, '2025-01-30 23:16:25', '2025-01-30 23:16:25'),
(1344, 166, 12, '2025-01-30 23:16:25', '2025-01-30 23:16:25'),
(1345, 166, 13, '2025-01-30 23:16:25', '2025-01-30 23:16:25'),
(1346, 166, 14, '2025-01-30 23:16:25', '2025-01-30 23:16:25'),
(1347, 166, 15, '2025-01-30 23:16:25', '2025-01-30 23:16:25'),
(1348, 166, 18, '2025-01-30 23:16:25', '2025-01-30 23:16:25'),
(1349, 166, 19, '2025-01-30 23:16:25', '2025-01-30 23:16:25'),
(1350, 166, 20, '2025-01-30 23:16:25', '2025-01-30 23:16:25'),
(1351, 166, 21, '2025-01-30 23:16:25', '2025-01-30 23:16:25'),
(1352, 166, 26, '2025-01-30 23:16:25', '2025-01-30 23:16:25'),
(1353, 166, 27, '2025-01-30 23:16:25', '2025-01-30 23:16:25'),
(1354, 166, 28, '2025-01-30 23:16:25', '2025-01-30 23:16:25'),
(1355, 166, 29, '2025-01-30 23:16:25', '2025-01-30 23:16:25'),
(1356, 166, 30, '2025-01-30 23:16:25', '2025-01-30 23:16:25'),
(1357, 166, 31, '2025-01-30 23:16:25', '2025-01-30 23:16:25'),
(1359, 166, 33, '2025-01-30 23:16:25', '2025-01-30 23:16:25'),
(1360, 166, 34, '2025-01-30 23:16:25', '2025-01-30 23:16:25'),
(1361, 166, 35, '2025-01-30 23:16:25', '2025-01-30 23:16:25'),
(1362, 166, 36, '2025-01-30 23:16:25', '2025-01-30 23:16:25'),
(1363, 166, 37, '2025-01-30 23:16:25', '2025-01-30 23:16:25'),
(1364, 166, 38, '2025-01-30 23:16:25', '2025-01-30 23:16:25'),
(1365, 166, 39, '2025-01-30 23:16:25', '2025-01-30 23:16:25'),
(1366, 166, 40, '2025-01-30 23:16:25', '2025-01-30 23:16:25'),
(1367, 167, 5, '2025-01-30 23:23:42', '2025-01-30 23:23:42'),
(1368, 167, 7, '2025-01-30 23:23:42', '2025-01-30 23:23:42'),
(1369, 167, 8, '2025-01-30 23:23:42', '2025-01-30 23:23:42'),
(1370, 167, 9, '2025-01-30 23:23:42', '2025-01-30 23:23:42'),
(1371, 167, 10, '2025-01-30 23:23:42', '2025-01-30 23:23:42'),
(1372, 167, 11, '2025-01-30 23:23:42', '2025-01-30 23:23:42'),
(1373, 167, 12, '2025-01-30 23:23:42', '2025-01-30 23:23:42'),
(1374, 167, 13, '2025-01-30 23:23:42', '2025-01-30 23:23:42'),
(1375, 167, 14, '2025-01-30 23:23:42', '2025-01-30 23:23:42'),
(1376, 167, 15, '2025-01-30 23:23:42', '2025-01-30 23:23:42'),
(1377, 167, 18, '2025-01-30 23:23:42', '2025-01-30 23:23:42'),
(1378, 167, 19, '2025-01-30 23:23:42', '2025-01-30 23:23:42'),
(1379, 167, 20, '2025-01-30 23:23:42', '2025-01-30 23:23:42'),
(1380, 167, 21, '2025-01-30 23:23:42', '2025-01-30 23:23:42'),
(1381, 167, 26, '2025-01-30 23:23:42', '2025-01-30 23:23:42'),
(1382, 167, 27, '2025-01-30 23:23:42', '2025-01-30 23:23:42'),
(1383, 167, 28, '2025-01-30 23:23:42', '2025-01-30 23:23:42'),
(1384, 167, 29, '2025-01-30 23:23:42', '2025-01-30 23:23:42'),
(1385, 167, 30, '2025-01-30 23:23:42', '2025-01-30 23:23:42'),
(1386, 167, 31, '2025-01-30 23:23:42', '2025-01-30 23:23:42'),
(1388, 167, 33, '2025-01-30 23:23:42', '2025-01-30 23:23:42'),
(1389, 167, 34, '2025-01-30 23:23:42', '2025-01-30 23:23:42'),
(1390, 167, 35, '2025-01-30 23:23:42', '2025-01-30 23:23:42'),
(1391, 167, 36, '2025-01-30 23:23:42', '2025-01-30 23:23:42'),
(1392, 167, 37, '2025-01-30 23:23:42', '2025-01-30 23:23:42'),
(1393, 167, 38, '2025-01-30 23:23:42', '2025-01-30 23:23:42'),
(1394, 167, 39, '2025-01-30 23:23:42', '2025-01-30 23:23:42'),
(1395, 167, 40, '2025-01-30 23:23:42', '2025-01-30 23:23:42'),
(1452, 170, 5, '2025-02-04 04:14:31', '2025-02-04 04:14:31'),
(1453, 170, 7, '2025-02-04 04:14:31', '2025-02-04 04:14:31'),
(1454, 170, 8, '2025-02-04 04:14:31', '2025-02-04 04:14:31'),
(1455, 170, 9, '2025-02-04 04:14:31', '2025-02-04 04:14:31'),
(1456, 170, 10, '2025-02-04 04:14:31', '2025-02-04 04:14:31'),
(1457, 170, 11, '2025-02-04 04:14:31', '2025-02-04 04:14:31'),
(1458, 170, 12, '2025-02-04 04:14:31', '2025-02-04 04:14:31'),
(1459, 170, 13, '2025-02-04 04:14:31', '2025-02-04 04:14:31'),
(1460, 170, 14, '2025-02-04 04:14:31', '2025-02-04 04:14:31'),
(1461, 170, 15, '2025-02-04 04:14:31', '2025-02-04 04:14:31'),
(1462, 170, 18, '2025-02-04 04:14:31', '2025-02-04 04:14:31'),
(1463, 170, 19, '2025-02-04 04:14:31', '2025-02-04 04:14:31'),
(1464, 170, 20, '2025-02-04 04:14:31', '2025-02-04 04:14:31'),
(1465, 170, 21, '2025-02-04 04:14:31', '2025-02-04 04:14:31'),
(1466, 170, 26, '2025-02-04 04:14:31', '2025-02-04 04:14:31'),
(1467, 170, 27, '2025-02-04 04:14:31', '2025-02-04 04:14:31'),
(1468, 170, 28, '2025-02-04 04:14:31', '2025-02-04 04:14:31'),
(1469, 170, 29, '2025-02-04 04:14:31', '2025-02-04 04:14:31'),
(1470, 170, 30, '2025-02-04 04:14:31', '2025-02-04 04:14:31'),
(1471, 170, 31, '2025-02-04 04:14:31', '2025-02-04 04:14:31'),
(1472, 170, 33, '2025-02-04 04:14:31', '2025-02-04 04:14:31'),
(1473, 170, 34, '2025-02-04 04:14:31', '2025-02-04 04:14:31'),
(1474, 170, 35, '2025-02-04 04:14:31', '2025-02-04 04:14:31'),
(1475, 170, 36, '2025-02-04 04:14:31', '2025-02-04 04:14:31'),
(1476, 170, 37, '2025-02-04 04:14:31', '2025-02-04 04:14:31'),
(1477, 170, 38, '2025-02-04 04:14:31', '2025-02-04 04:14:31'),
(1478, 170, 39, '2025-02-04 04:14:31', '2025-02-04 04:14:31'),
(1479, 170, 40, '2025-02-04 04:14:31', '2025-02-04 04:14:31'),
(1480, 171, 5, '2025-02-04 05:22:09', '2025-02-04 05:22:09'),
(1481, 171, 7, '2025-02-04 05:22:09', '2025-02-04 05:22:09'),
(1482, 171, 8, '2025-02-04 05:22:09', '2025-02-04 05:22:09'),
(1483, 171, 9, '2025-02-04 05:22:09', '2025-02-04 05:22:09'),
(1484, 171, 10, '2025-02-04 05:22:09', '2025-02-04 05:22:09'),
(1485, 171, 11, '2025-02-04 05:22:09', '2025-02-04 05:22:09'),
(1486, 171, 12, '2025-02-04 05:22:09', '2025-02-04 05:22:09'),
(1487, 171, 13, '2025-02-04 05:22:09', '2025-02-04 05:22:09'),
(1488, 171, 14, '2025-02-04 05:22:09', '2025-02-04 05:22:09'),
(1489, 171, 15, '2025-02-04 05:22:09', '2025-02-04 05:22:09'),
(1490, 171, 18, '2025-02-04 05:22:09', '2025-02-04 05:22:09'),
(1491, 171, 19, '2025-02-04 05:22:09', '2025-02-04 05:22:09'),
(1492, 171, 20, '2025-02-04 05:22:09', '2025-02-04 05:22:09'),
(1493, 171, 21, '2025-02-04 05:22:09', '2025-02-04 05:22:09'),
(1494, 171, 26, '2025-02-04 05:22:09', '2025-02-04 05:22:09'),
(1495, 171, 27, '2025-02-04 05:22:09', '2025-02-04 05:22:09'),
(1496, 171, 28, '2025-02-04 05:22:09', '2025-02-04 05:22:09'),
(1497, 171, 29, '2025-02-04 05:22:09', '2025-02-04 05:22:09'),
(1498, 171, 30, '2025-02-04 05:22:09', '2025-02-04 05:22:09'),
(1499, 171, 31, '2025-02-04 05:22:09', '2025-02-04 05:22:09'),
(1500, 171, 33, '2025-02-04 05:22:09', '2025-02-04 05:22:09'),
(1501, 171, 34, '2025-02-04 05:22:09', '2025-02-04 05:22:09'),
(1502, 171, 35, '2025-02-04 05:22:09', '2025-02-04 05:22:09'),
(1503, 171, 36, '2025-02-04 05:22:09', '2025-02-04 05:22:09'),
(1504, 171, 37, '2025-02-04 05:22:09', '2025-02-04 05:22:09'),
(1505, 171, 38, '2025-02-04 05:22:09', '2025-02-04 05:22:09'),
(1506, 171, 39, '2025-02-04 05:22:09', '2025-02-04 05:22:09'),
(1507, 171, 40, '2025-02-04 05:22:09', '2025-02-04 05:22:09'),
(1508, 172, 5, '2025-02-10 21:46:42', '2025-02-10 21:46:42'),
(1509, 172, 7, '2025-02-10 21:46:42', '2025-02-10 21:46:42'),
(1510, 172, 8, '2025-02-10 21:46:42', '2025-02-10 21:46:42'),
(1511, 172, 9, '2025-02-10 21:46:42', '2025-02-10 21:46:42'),
(1512, 172, 10, '2025-02-10 21:46:42', '2025-02-10 21:46:42'),
(1513, 172, 11, '2025-02-10 21:46:42', '2025-02-10 21:46:42'),
(1514, 172, 12, '2025-02-10 21:46:42', '2025-02-10 21:46:42'),
(1515, 172, 13, '2025-02-10 21:46:42', '2025-02-10 21:46:42'),
(1516, 172, 14, '2025-02-10 21:46:42', '2025-02-10 21:46:42'),
(1517, 172, 15, '2025-02-10 21:46:42', '2025-02-10 21:46:42'),
(1518, 172, 18, '2025-02-10 21:46:42', '2025-02-10 21:46:42'),
(1519, 172, 19, '2025-02-10 21:46:42', '2025-02-10 21:46:42'),
(1520, 172, 20, '2025-02-10 21:46:42', '2025-02-10 21:46:42'),
(1521, 172, 21, '2025-02-10 21:46:42', '2025-02-10 21:46:42'),
(1522, 172, 26, '2025-02-10 21:46:42', '2025-02-10 21:46:42'),
(1523, 172, 27, '2025-02-10 21:46:42', '2025-02-10 21:46:42'),
(1524, 172, 28, '2025-02-10 21:46:42', '2025-02-10 21:46:42'),
(1525, 172, 29, '2025-02-10 21:46:42', '2025-02-10 21:46:42'),
(1526, 172, 30, '2025-02-10 21:46:42', '2025-02-10 21:46:42'),
(1527, 172, 31, '2025-02-10 21:46:42', '2025-02-10 21:46:42'),
(1528, 172, 33, '2025-02-10 21:46:42', '2025-02-10 21:46:42'),
(1529, 172, 34, '2025-02-10 21:46:42', '2025-02-10 21:46:42'),
(1530, 172, 35, '2025-02-10 21:46:42', '2025-02-10 21:46:42'),
(1531, 172, 36, '2025-02-10 21:46:42', '2025-02-10 21:46:42'),
(1532, 172, 37, '2025-02-10 21:46:42', '2025-02-10 21:46:42'),
(1533, 172, 38, '2025-02-10 21:46:42', '2025-02-10 21:46:42'),
(1534, 172, 39, '2025-02-10 21:46:42', '2025-02-10 21:46:42'),
(1535, 172, 40, '2025-02-10 21:46:42', '2025-02-10 21:46:42'),
(1536, 173, 5, '2025-02-10 21:52:32', '2025-02-10 21:52:32'),
(1537, 173, 7, '2025-02-10 21:52:32', '2025-02-10 21:52:32'),
(1538, 173, 8, '2025-02-10 21:52:33', '2025-02-10 21:52:33'),
(1539, 173, 9, '2025-02-10 21:52:33', '2025-02-10 21:52:33'),
(1540, 173, 10, '2025-02-10 21:52:33', '2025-02-10 21:52:33'),
(1541, 173, 11, '2025-02-10 21:52:33', '2025-02-10 21:52:33'),
(1542, 173, 12, '2025-02-10 21:52:33', '2025-02-10 21:52:33'),
(1543, 173, 13, '2025-02-10 21:52:33', '2025-02-10 21:52:33'),
(1544, 173, 14, '2025-02-10 21:52:33', '2025-02-10 21:52:33'),
(1545, 173, 15, '2025-02-10 21:52:33', '2025-02-10 21:52:33'),
(1546, 173, 18, '2025-02-10 21:52:33', '2025-02-10 21:52:33'),
(1547, 173, 19, '2025-02-10 21:52:33', '2025-02-10 21:52:33'),
(1548, 173, 20, '2025-02-10 21:52:33', '2025-02-10 21:52:33'),
(1549, 173, 21, '2025-02-10 21:52:33', '2025-02-10 21:52:33'),
(1550, 173, 26, '2025-02-10 21:52:33', '2025-02-10 21:52:33'),
(1551, 173, 27, '2025-02-10 21:52:33', '2025-02-10 21:52:33'),
(1552, 173, 28, '2025-02-10 21:52:33', '2025-02-10 21:52:33'),
(1553, 173, 29, '2025-02-10 21:52:33', '2025-02-10 21:52:33'),
(1554, 173, 30, '2025-02-10 21:52:33', '2025-02-10 21:52:33'),
(1555, 173, 31, '2025-02-10 21:52:33', '2025-02-10 21:52:33'),
(1556, 173, 33, '2025-02-10 21:52:33', '2025-02-10 21:52:33'),
(1557, 173, 34, '2025-02-10 21:52:33', '2025-02-10 21:52:33'),
(1558, 173, 35, '2025-02-10 21:52:33', '2025-02-10 21:52:33'),
(1559, 173, 36, '2025-02-10 21:52:33', '2025-02-10 21:52:33'),
(1560, 173, 37, '2025-02-10 21:52:33', '2025-02-10 21:52:33'),
(1561, 173, 38, '2025-02-10 21:52:33', '2025-02-10 21:52:33'),
(1562, 173, 39, '2025-02-10 21:52:33', '2025-02-10 21:52:33'),
(1563, 173, 40, '2025-02-10 21:52:33', '2025-02-10 21:52:33'),
(1564, 174, 5, '2025-02-10 22:00:33', '2025-02-10 22:00:33'),
(1565, 174, 7, '2025-02-10 22:00:33', '2025-02-10 22:00:33'),
(1566, 174, 8, '2025-02-10 22:00:33', '2025-02-10 22:00:33'),
(1567, 174, 9, '2025-02-10 22:00:33', '2025-02-10 22:00:33'),
(1568, 174, 10, '2025-02-10 22:00:33', '2025-02-10 22:00:33'),
(1569, 174, 11, '2025-02-10 22:00:33', '2025-02-10 22:00:33'),
(1570, 174, 12, '2025-02-10 22:00:33', '2025-02-10 22:00:33'),
(1571, 174, 13, '2025-02-10 22:00:33', '2025-02-10 22:00:33'),
(1572, 174, 14, '2025-02-10 22:00:33', '2025-02-10 22:00:33'),
(1573, 174, 15, '2025-02-10 22:00:33', '2025-02-10 22:00:33'),
(1574, 174, 18, '2025-02-10 22:00:33', '2025-02-10 22:00:33'),
(1575, 174, 19, '2025-02-10 22:00:33', '2025-02-10 22:00:33'),
(1576, 174, 20, '2025-02-10 22:00:33', '2025-02-10 22:00:33'),
(1577, 174, 21, '2025-02-10 22:00:33', '2025-02-10 22:00:33'),
(1578, 174, 26, '2025-02-10 22:00:33', '2025-02-10 22:00:33'),
(1579, 174, 27, '2025-02-10 22:00:33', '2025-02-10 22:00:33'),
(1580, 174, 28, '2025-02-10 22:00:33', '2025-02-10 22:00:33'),
(1581, 174, 29, '2025-02-10 22:00:33', '2025-02-10 22:00:33'),
(1582, 174, 30, '2025-02-10 22:00:33', '2025-02-10 22:00:33'),
(1583, 174, 31, '2025-02-10 22:00:33', '2025-02-10 22:00:33'),
(1584, 174, 33, '2025-02-10 22:00:33', '2025-02-10 22:00:33'),
(1585, 174, 34, '2025-02-10 22:00:33', '2025-02-10 22:00:33'),
(1586, 174, 35, '2025-02-10 22:00:33', '2025-02-10 22:00:33'),
(1587, 174, 36, '2025-02-10 22:00:33', '2025-02-10 22:00:33'),
(1588, 174, 37, '2025-02-10 22:00:33', '2025-02-10 22:00:33'),
(1589, 174, 38, '2025-02-10 22:00:33', '2025-02-10 22:00:33'),
(1590, 174, 39, '2025-02-10 22:00:33', '2025-02-10 22:00:33'),
(1591, 174, 40, '2025-02-10 22:00:33', '2025-02-10 22:00:33'),
(1592, 175, 5, '2025-02-10 22:32:53', '2025-02-10 22:32:53'),
(1593, 175, 7, '2025-02-10 22:32:53', '2025-02-10 22:32:53'),
(1594, 175, 8, '2025-02-10 22:32:53', '2025-02-10 22:32:53'),
(1595, 175, 9, '2025-02-10 22:32:53', '2025-02-10 22:32:53'),
(1596, 175, 10, '2025-02-10 22:32:53', '2025-02-10 22:32:53'),
(1597, 175, 11, '2025-02-10 22:32:53', '2025-02-10 22:32:53'),
(1598, 175, 12, '2025-02-10 22:32:53', '2025-02-10 22:32:53'),
(1599, 175, 13, '2025-02-10 22:32:53', '2025-02-10 22:32:53'),
(1600, 175, 14, '2025-02-10 22:32:53', '2025-02-10 22:32:53'),
(1601, 175, 15, '2025-02-10 22:32:53', '2025-02-10 22:32:53'),
(1602, 175, 18, '2025-02-10 22:32:53', '2025-02-10 22:32:53'),
(1603, 175, 19, '2025-02-10 22:32:53', '2025-02-10 22:32:53'),
(1604, 175, 20, '2025-02-10 22:32:53', '2025-02-10 22:32:53'),
(1605, 175, 21, '2025-02-10 22:32:53', '2025-02-10 22:32:53'),
(1606, 175, 26, '2025-02-10 22:32:53', '2025-02-10 22:32:53'),
(1607, 175, 27, '2025-02-10 22:32:53', '2025-02-10 22:32:53'),
(1608, 175, 28, '2025-02-10 22:32:53', '2025-02-10 22:32:53'),
(1609, 175, 29, '2025-02-10 22:32:53', '2025-02-10 22:32:53'),
(1610, 175, 30, '2025-02-10 22:32:53', '2025-02-10 22:32:53'),
(1611, 175, 31, '2025-02-10 22:32:53', '2025-02-10 22:32:53'),
(1612, 175, 33, '2025-02-10 22:32:53', '2025-02-10 22:32:53'),
(1613, 175, 34, '2025-02-10 22:32:53', '2025-02-10 22:32:53'),
(1614, 175, 35, '2025-02-10 22:32:53', '2025-02-10 22:32:53'),
(1615, 175, 36, '2025-02-10 22:32:53', '2025-02-10 22:32:53'),
(1616, 175, 37, '2025-02-10 22:32:53', '2025-02-10 22:32:53'),
(1617, 175, 38, '2025-02-10 22:32:53', '2025-02-10 22:32:53'),
(1618, 175, 39, '2025-02-10 22:32:53', '2025-02-10 22:32:53'),
(1619, 175, 40, '2025-02-10 22:32:53', '2025-02-10 22:32:53'),
(1620, 176, 5, '2025-02-10 23:01:49', '2025-02-10 23:01:49'),
(1621, 176, 7, '2025-02-10 23:01:49', '2025-02-10 23:01:49'),
(1622, 176, 8, '2025-02-10 23:01:49', '2025-02-10 23:01:49'),
(1623, 176, 9, '2025-02-10 23:01:49', '2025-02-10 23:01:49'),
(1624, 176, 10, '2025-02-10 23:01:49', '2025-02-10 23:01:49'),
(1625, 176, 11, '2025-02-10 23:01:49', '2025-02-10 23:01:49'),
(1626, 176, 12, '2025-02-10 23:01:49', '2025-02-10 23:01:49'),
(1627, 176, 13, '2025-02-10 23:01:49', '2025-02-10 23:01:49'),
(1628, 176, 14, '2025-02-10 23:01:49', '2025-02-10 23:01:49'),
(1629, 176, 15, '2025-02-10 23:01:49', '2025-02-10 23:01:49'),
(1630, 176, 18, '2025-02-10 23:01:49', '2025-02-10 23:01:49'),
(1631, 176, 19, '2025-02-10 23:01:49', '2025-02-10 23:01:49'),
(1632, 176, 20, '2025-02-10 23:01:49', '2025-02-10 23:01:49'),
(1633, 176, 21, '2025-02-10 23:01:49', '2025-02-10 23:01:49'),
(1634, 176, 26, '2025-02-10 23:01:49', '2025-02-10 23:01:49'),
(1635, 176, 27, '2025-02-10 23:01:49', '2025-02-10 23:01:49'),
(1636, 176, 28, '2025-02-10 23:01:49', '2025-02-10 23:01:49'),
(1637, 176, 29, '2025-02-10 23:01:49', '2025-02-10 23:01:49'),
(1638, 176, 30, '2025-02-10 23:01:49', '2025-02-10 23:01:49'),
(1639, 176, 31, '2025-02-10 23:01:49', '2025-02-10 23:01:49'),
(1640, 176, 33, '2025-02-10 23:01:49', '2025-02-10 23:01:49'),
(1641, 176, 34, '2025-02-10 23:01:50', '2025-02-10 23:01:50'),
(1642, 176, 35, '2025-02-10 23:01:50', '2025-02-10 23:01:50'),
(1643, 176, 36, '2025-02-10 23:01:50', '2025-02-10 23:01:50'),
(1644, 176, 37, '2025-02-10 23:01:50', '2025-02-10 23:01:50'),
(1645, 176, 38, '2025-02-10 23:01:50', '2025-02-10 23:01:50'),
(1646, 176, 39, '2025-02-10 23:01:50', '2025-02-10 23:01:50'),
(1647, 176, 40, '2025-02-10 23:01:50', '2025-02-10 23:01:50'),
(1648, 177, 5, '2025-02-12 00:05:43', '2025-02-12 00:05:43'),
(1649, 177, 7, '2025-02-12 00:05:43', '2025-02-12 00:05:43'),
(1650, 177, 8, '2025-02-12 00:05:43', '2025-02-12 00:05:43'),
(1651, 177, 9, '2025-02-12 00:05:43', '2025-02-12 00:05:43'),
(1652, 177, 10, '2025-02-12 00:05:43', '2025-02-12 00:05:43'),
(1653, 177, 11, '2025-02-12 00:05:43', '2025-02-12 00:05:43'),
(1654, 177, 12, '2025-02-12 00:05:43', '2025-02-12 00:05:43'),
(1655, 177, 13, '2025-02-12 00:05:43', '2025-02-12 00:05:43'),
(1656, 177, 14, '2025-02-12 00:05:43', '2025-02-12 00:05:43'),
(1657, 177, 15, '2025-02-12 00:05:43', '2025-02-12 00:05:43'),
(1658, 177, 18, '2025-02-12 00:05:43', '2025-02-12 00:05:43'),
(1659, 177, 19, '2025-02-12 00:05:43', '2025-02-12 00:05:43'),
(1660, 177, 20, '2025-02-12 00:05:43', '2025-02-12 00:05:43'),
(1661, 177, 21, '2025-02-12 00:05:43', '2025-02-12 00:05:43'),
(1662, 177, 26, '2025-02-12 00:05:43', '2025-02-12 00:05:43'),
(1663, 177, 27, '2025-02-12 00:05:43', '2025-02-12 00:05:43'),
(1664, 177, 28, '2025-02-12 00:05:43', '2025-02-12 00:05:43'),
(1665, 177, 29, '2025-02-12 00:05:43', '2025-02-12 00:05:43'),
(1666, 177, 30, '2025-02-12 00:05:43', '2025-02-12 00:05:43'),
(1667, 177, 31, '2025-02-12 00:05:43', '2025-02-12 00:05:43'),
(1668, 177, 33, '2025-02-12 00:05:43', '2025-02-12 00:05:43'),
(1669, 177, 34, '2025-02-12 00:05:43', '2025-02-12 00:05:43'),
(1670, 177, 35, '2025-02-12 00:05:43', '2025-02-12 00:05:43'),
(1671, 177, 36, '2025-02-12 00:05:43', '2025-02-12 00:05:43'),
(1672, 177, 37, '2025-02-12 00:05:43', '2025-02-12 00:05:43'),
(1673, 177, 38, '2025-02-12 00:05:43', '2025-02-12 00:05:43'),
(1674, 177, 39, '2025-02-12 00:05:43', '2025-02-12 00:05:43'),
(1675, 177, 40, '2025-02-12 00:05:43', '2025-02-12 00:05:43'),
(1676, 178, 5, '2025-02-13 02:22:17', '2025-02-13 02:22:17'),
(1677, 178, 7, '2025-02-13 02:22:17', '2025-02-13 02:22:17'),
(1678, 178, 8, '2025-02-13 02:22:17', '2025-02-13 02:22:17'),
(1679, 178, 9, '2025-02-13 02:22:17', '2025-02-13 02:22:17'),
(1680, 178, 10, '2025-02-13 02:22:17', '2025-02-13 02:22:17'),
(1681, 178, 11, '2025-02-13 02:22:17', '2025-02-13 02:22:17'),
(1682, 178, 12, '2025-02-13 02:22:17', '2025-02-13 02:22:17'),
(1683, 178, 13, '2025-02-13 02:22:17', '2025-02-13 02:22:17'),
(1684, 178, 14, '2025-02-13 02:22:17', '2025-02-13 02:22:17'),
(1685, 178, 15, '2025-02-13 02:22:17', '2025-02-13 02:22:17'),
(1686, 178, 18, '2025-02-13 02:22:17', '2025-02-13 02:22:17'),
(1687, 178, 19, '2025-02-13 02:22:17', '2025-02-13 02:22:17'),
(1688, 178, 20, '2025-02-13 02:22:17', '2025-02-13 02:22:17'),
(1689, 178, 21, '2025-02-13 02:22:17', '2025-02-13 02:22:17'),
(1690, 178, 26, '2025-02-13 02:22:17', '2025-02-13 02:22:17'),
(1691, 178, 27, '2025-02-13 02:22:17', '2025-02-13 02:22:17'),
(1692, 178, 28, '2025-02-13 02:22:17', '2025-02-13 02:22:17'),
(1693, 178, 29, '2025-02-13 02:22:17', '2025-02-13 02:22:17'),
(1694, 178, 30, '2025-02-13 02:22:17', '2025-02-13 02:22:17'),
(1695, 178, 31, '2025-02-13 02:22:17', '2025-02-13 02:22:17'),
(1696, 178, 33, '2025-02-13 02:22:17', '2025-02-13 02:22:17'),
(1697, 178, 34, '2025-02-13 02:22:17', '2025-02-13 02:22:17'),
(1698, 178, 35, '2025-02-13 02:22:17', '2025-02-13 02:22:17'),
(1699, 178, 36, '2025-02-13 02:22:17', '2025-02-13 02:22:17'),
(1700, 178, 37, '2025-02-13 02:22:17', '2025-02-13 02:22:17'),
(1701, 178, 38, '2025-02-13 02:22:17', '2025-02-13 02:22:17'),
(1702, 178, 39, '2025-02-13 02:22:17', '2025-02-13 02:22:17'),
(1703, 178, 40, '2025-02-13 02:22:17', '2025-02-13 02:22:17'),
(1704, 179, 5, '2025-02-13 02:26:29', '2025-02-13 02:26:29'),
(1705, 179, 7, '2025-02-13 02:26:29', '2025-02-13 02:26:29'),
(1706, 179, 8, '2025-02-13 02:26:29', '2025-02-13 02:26:29'),
(1707, 179, 9, '2025-02-13 02:26:29', '2025-02-13 02:26:29'),
(1708, 179, 10, '2025-02-13 02:26:29', '2025-02-13 02:26:29'),
(1709, 179, 11, '2025-02-13 02:26:29', '2025-02-13 02:26:29'),
(1710, 179, 12, '2025-02-13 02:26:29', '2025-02-13 02:26:29'),
(1711, 179, 13, '2025-02-13 02:26:29', '2025-02-13 02:26:29'),
(1712, 179, 14, '2025-02-13 02:26:29', '2025-02-13 02:26:29'),
(1713, 179, 15, '2025-02-13 02:26:29', '2025-02-13 02:26:29'),
(1714, 179, 18, '2025-02-13 02:26:29', '2025-02-13 02:26:29'),
(1715, 179, 19, '2025-02-13 02:26:29', '2025-02-13 02:26:29'),
(1716, 179, 20, '2025-02-13 02:26:29', '2025-02-13 02:26:29'),
(1717, 179, 21, '2025-02-13 02:26:29', '2025-02-13 02:26:29'),
(1718, 179, 26, '2025-02-13 02:26:29', '2025-02-13 02:26:29'),
(1719, 179, 27, '2025-02-13 02:26:29', '2025-02-13 02:26:29'),
(1720, 179, 28, '2025-02-13 02:26:29', '2025-02-13 02:26:29'),
(1721, 179, 29, '2025-02-13 02:26:29', '2025-02-13 02:26:29'),
(1722, 179, 30, '2025-02-13 02:26:29', '2025-02-13 02:26:29'),
(1723, 179, 31, '2025-02-13 02:26:29', '2025-02-13 02:26:29'),
(1724, 179, 33, '2025-02-13 02:26:29', '2025-02-13 02:26:29'),
(1725, 179, 34, '2025-02-13 02:26:29', '2025-02-13 02:26:29'),
(1726, 179, 35, '2025-02-13 02:26:29', '2025-02-13 02:26:29'),
(1727, 179, 36, '2025-02-13 02:26:29', '2025-02-13 02:26:29'),
(1728, 179, 37, '2025-02-13 02:26:29', '2025-02-13 02:26:29'),
(1729, 179, 38, '2025-02-13 02:26:29', '2025-02-13 02:26:29'),
(1730, 179, 39, '2025-02-13 02:26:29', '2025-02-13 02:26:29'),
(1731, 179, 40, '2025-02-13 02:26:29', '2025-02-13 02:26:29'),
(1732, 180, 5, '2025-02-13 02:32:03', '2025-02-13 02:32:03'),
(1733, 180, 7, '2025-02-13 02:32:03', '2025-02-13 02:32:03'),
(1734, 180, 8, '2025-02-13 02:32:03', '2025-02-13 02:32:03'),
(1735, 180, 9, '2025-02-13 02:32:03', '2025-02-13 02:32:03'),
(1736, 180, 10, '2025-02-13 02:32:03', '2025-02-13 02:32:03'),
(1737, 180, 11, '2025-02-13 02:32:03', '2025-02-13 02:32:03'),
(1738, 180, 12, '2025-02-13 02:32:03', '2025-02-13 02:32:03'),
(1739, 180, 13, '2025-02-13 02:32:03', '2025-02-13 02:32:03'),
(1740, 180, 14, '2025-02-13 02:32:03', '2025-02-13 02:32:03'),
(1741, 180, 15, '2025-02-13 02:32:03', '2025-02-13 02:32:03'),
(1742, 180, 18, '2025-02-13 02:32:03', '2025-02-13 02:32:03'),
(1743, 180, 19, '2025-02-13 02:32:03', '2025-02-13 02:32:03'),
(1744, 180, 20, '2025-02-13 02:32:03', '2025-02-13 02:32:03'),
(1745, 180, 21, '2025-02-13 02:32:03', '2025-02-13 02:32:03'),
(1746, 180, 26, '2025-02-13 02:32:03', '2025-02-13 02:32:03'),
(1747, 180, 27, '2025-02-13 02:32:03', '2025-02-13 02:32:03'),
(1748, 180, 28, '2025-02-13 02:32:03', '2025-02-13 02:32:03'),
(1749, 180, 29, '2025-02-13 02:32:03', '2025-02-13 02:32:03'),
(1750, 180, 30, '2025-02-13 02:32:03', '2025-02-13 02:32:03'),
(1751, 180, 31, '2025-02-13 02:32:03', '2025-02-13 02:32:03'),
(1752, 180, 33, '2025-02-13 02:32:03', '2025-02-13 02:32:03'),
(1753, 180, 34, '2025-02-13 02:32:03', '2025-02-13 02:32:03'),
(1754, 180, 35, '2025-02-13 02:32:03', '2025-02-13 02:32:03'),
(1755, 180, 36, '2025-02-13 02:32:03', '2025-02-13 02:32:03'),
(1756, 180, 37, '2025-02-13 02:32:03', '2025-02-13 02:32:03'),
(1757, 180, 38, '2025-02-13 02:32:03', '2025-02-13 02:32:03'),
(1758, 180, 39, '2025-02-13 02:32:03', '2025-02-13 02:32:03'),
(1759, 180, 40, '2025-02-13 02:32:03', '2025-02-13 02:32:03'),
(1760, 181, 5, '2025-02-13 02:38:21', '2025-02-13 02:38:21'),
(1761, 181, 7, '2025-02-13 02:38:21', '2025-02-13 02:38:21'),
(1762, 181, 8, '2025-02-13 02:38:21', '2025-02-13 02:38:21'),
(1763, 181, 9, '2025-02-13 02:38:21', '2025-02-13 02:38:21'),
(1764, 181, 10, '2025-02-13 02:38:21', '2025-02-13 02:38:21'),
(1765, 181, 11, '2025-02-13 02:38:21', '2025-02-13 02:38:21'),
(1766, 181, 12, '2025-02-13 02:38:21', '2025-02-13 02:38:21'),
(1767, 181, 13, '2025-02-13 02:38:21', '2025-02-13 02:38:21'),
(1768, 181, 14, '2025-02-13 02:38:21', '2025-02-13 02:38:21'),
(1769, 181, 15, '2025-02-13 02:38:21', '2025-02-13 02:38:21'),
(1770, 181, 18, '2025-02-13 02:38:21', '2025-02-13 02:38:21'),
(1771, 181, 19, '2025-02-13 02:38:21', '2025-02-13 02:38:21'),
(1772, 181, 20, '2025-02-13 02:38:21', '2025-02-13 02:38:21'),
(1773, 181, 21, '2025-02-13 02:38:21', '2025-02-13 02:38:21'),
(1774, 181, 26, '2025-02-13 02:38:21', '2025-02-13 02:38:21'),
(1775, 181, 27, '2025-02-13 02:38:21', '2025-02-13 02:38:21'),
(1776, 181, 28, '2025-02-13 02:38:21', '2025-02-13 02:38:21'),
(1777, 181, 29, '2025-02-13 02:38:21', '2025-02-13 02:38:21'),
(1778, 181, 30, '2025-02-13 02:38:21', '2025-02-13 02:38:21'),
(1779, 181, 31, '2025-02-13 02:38:21', '2025-02-13 02:38:21'),
(1780, 181, 33, '2025-02-13 02:38:21', '2025-02-13 02:38:21'),
(1781, 181, 34, '2025-02-13 02:38:21', '2025-02-13 02:38:21'),
(1782, 181, 35, '2025-02-13 02:38:21', '2025-02-13 02:38:21'),
(1783, 181, 36, '2025-02-13 02:38:21', '2025-02-13 02:38:21'),
(1784, 181, 37, '2025-02-13 02:38:21', '2025-02-13 02:38:21'),
(1785, 181, 38, '2025-02-13 02:38:21', '2025-02-13 02:38:21'),
(1786, 181, 39, '2025-02-13 02:38:21', '2025-02-13 02:38:21'),
(1787, 181, 40, '2025-02-13 02:38:21', '2025-02-13 02:38:21'),
(1788, 182, 5, '2025-02-18 03:04:42', '2025-02-18 03:04:42'),
(1789, 182, 7, '2025-02-18 03:04:42', '2025-02-18 03:04:42'),
(1790, 182, 8, '2025-02-18 03:04:42', '2025-02-18 03:04:42'),
(1791, 182, 9, '2025-02-18 03:04:42', '2025-02-18 03:04:42'),
(1792, 182, 10, '2025-02-18 03:04:42', '2025-02-18 03:04:42'),
(1793, 182, 11, '2025-02-18 03:04:42', '2025-02-18 03:04:42'),
(1794, 182, 12, '2025-02-18 03:04:42', '2025-02-18 03:04:42'),
(1795, 182, 13, '2025-02-18 03:04:42', '2025-02-18 03:04:42'),
(1796, 182, 14, '2025-02-18 03:04:42', '2025-02-18 03:04:42'),
(1797, 182, 15, '2025-02-18 03:04:42', '2025-02-18 03:04:42'),
(1798, 182, 18, '2025-02-18 03:04:42', '2025-02-18 03:04:42'),
(1799, 182, 19, '2025-02-18 03:04:42', '2025-02-18 03:04:42'),
(1800, 182, 20, '2025-02-18 03:04:42', '2025-02-18 03:04:42'),
(1801, 182, 21, '2025-02-18 03:04:42', '2025-02-18 03:04:42'),
(1802, 182, 26, '2025-02-18 03:04:42', '2025-02-18 03:04:42'),
(1803, 182, 27, '2025-02-18 03:04:42', '2025-02-18 03:04:42'),
(1804, 182, 28, '2025-02-18 03:04:42', '2025-02-18 03:04:42'),
(1805, 182, 29, '2025-02-18 03:04:42', '2025-02-18 03:04:42'),
(1806, 182, 30, '2025-02-18 03:04:42', '2025-02-18 03:04:42'),
(1807, 182, 31, '2025-02-18 03:04:42', '2025-02-18 03:04:42'),
(1808, 182, 33, '2025-02-18 03:04:42', '2025-02-18 03:04:42'),
(1809, 182, 34, '2025-02-18 03:04:42', '2025-02-18 03:04:42'),
(1810, 182, 35, '2025-02-18 03:04:42', '2025-02-18 03:04:42'),
(1811, 182, 36, '2025-02-18 03:04:42', '2025-02-18 03:04:42'),
(1812, 182, 37, '2025-02-18 03:04:42', '2025-02-18 03:04:42'),
(1813, 182, 38, '2025-02-18 03:04:42', '2025-02-18 03:04:42'),
(1814, 182, 39, '2025-02-18 03:04:42', '2025-02-18 03:04:42'),
(1815, 182, 40, '2025-02-18 03:04:42', '2025-02-18 03:04:42'),
(1816, 183, 5, '2025-02-18 03:18:22', '2025-02-18 03:18:22'),
(1817, 183, 7, '2025-02-18 03:18:22', '2025-02-18 03:18:22'),
(1818, 183, 8, '2025-02-18 03:18:22', '2025-02-18 03:18:22'),
(1819, 183, 9, '2025-02-18 03:18:22', '2025-02-18 03:18:22'),
(1820, 183, 10, '2025-02-18 03:18:22', '2025-02-18 03:18:22'),
(1821, 183, 11, '2025-02-18 03:18:22', '2025-02-18 03:18:22'),
(1822, 183, 12, '2025-02-18 03:18:22', '2025-02-18 03:18:22'),
(1823, 183, 13, '2025-02-18 03:18:22', '2025-02-18 03:18:22'),
(1824, 183, 14, '2025-02-18 03:18:22', '2025-02-18 03:18:22'),
(1825, 183, 15, '2025-02-18 03:18:22', '2025-02-18 03:18:22'),
(1826, 183, 18, '2025-02-18 03:18:22', '2025-02-18 03:18:22'),
(1827, 183, 19, '2025-02-18 03:18:22', '2025-02-18 03:18:22'),
(1828, 183, 20, '2025-02-18 03:18:22', '2025-02-18 03:18:22'),
(1829, 183, 21, '2025-02-18 03:18:22', '2025-02-18 03:18:22'),
(1830, 183, 26, '2025-02-18 03:18:22', '2025-02-18 03:18:22'),
(1831, 183, 27, '2025-02-18 03:18:22', '2025-02-18 03:18:22'),
(1832, 183, 28, '2025-02-18 03:18:22', '2025-02-18 03:18:22'),
(1833, 183, 29, '2025-02-18 03:18:22', '2025-02-18 03:18:22'),
(1834, 183, 30, '2025-02-18 03:18:22', '2025-02-18 03:18:22'),
(1835, 183, 31, '2025-02-18 03:18:22', '2025-02-18 03:18:22'),
(1836, 183, 33, '2025-02-18 03:18:22', '2025-02-18 03:18:22'),
(1837, 183, 34, '2025-02-18 03:18:22', '2025-02-18 03:18:22'),
(1838, 183, 35, '2025-02-18 03:18:22', '2025-02-18 03:18:22'),
(1839, 183, 36, '2025-02-18 03:18:22', '2025-02-18 03:18:22'),
(1840, 183, 37, '2025-02-18 03:18:22', '2025-02-18 03:18:22'),
(1841, 183, 38, '2025-02-18 03:18:22', '2025-02-18 03:18:22'),
(1842, 183, 39, '2025-02-18 03:18:22', '2025-02-18 03:18:22'),
(1843, 183, 40, '2025-02-18 03:18:22', '2025-02-18 03:18:22'),
(1844, 184, 5, '2025-02-18 03:22:07', '2025-02-18 03:22:07'),
(1845, 184, 7, '2025-02-18 03:22:07', '2025-02-18 03:22:07'),
(1846, 184, 8, '2025-02-18 03:22:07', '2025-02-18 03:22:07'),
(1847, 184, 9, '2025-02-18 03:22:07', '2025-02-18 03:22:07'),
(1848, 184, 10, '2025-02-18 03:22:07', '2025-02-18 03:22:07'),
(1849, 184, 11, '2025-02-18 03:22:07', '2025-02-18 03:22:07'),
(1850, 184, 12, '2025-02-18 03:22:07', '2025-02-18 03:22:07'),
(1851, 184, 13, '2025-02-18 03:22:07', '2025-02-18 03:22:07'),
(1852, 184, 14, '2025-02-18 03:22:07', '2025-02-18 03:22:07'),
(1853, 184, 15, '2025-02-18 03:22:07', '2025-02-18 03:22:07'),
(1854, 184, 18, '2025-02-18 03:22:07', '2025-02-18 03:22:07'),
(1855, 184, 19, '2025-02-18 03:22:07', '2025-02-18 03:22:07'),
(1856, 184, 20, '2025-02-18 03:22:07', '2025-02-18 03:22:07'),
(1857, 184, 21, '2025-02-18 03:22:07', '2025-02-18 03:22:07'),
(1858, 184, 26, '2025-02-18 03:22:07', '2025-02-18 03:22:07'),
(1859, 184, 27, '2025-02-18 03:22:07', '2025-02-18 03:22:07'),
(1860, 184, 28, '2025-02-18 03:22:07', '2025-02-18 03:22:07'),
(1861, 184, 29, '2025-02-18 03:22:07', '2025-02-18 03:22:07'),
(1862, 184, 30, '2025-02-18 03:22:07', '2025-02-18 03:22:07'),
(1863, 184, 31, '2025-02-18 03:22:07', '2025-02-18 03:22:07'),
(1864, 184, 33, '2025-02-18 03:22:07', '2025-02-18 03:22:07'),
(1865, 184, 34, '2025-02-18 03:22:07', '2025-02-18 03:22:07'),
(1866, 184, 35, '2025-02-18 03:22:07', '2025-02-18 03:22:07'),
(1867, 184, 36, '2025-02-18 03:22:07', '2025-02-18 03:22:07'),
(1868, 184, 37, '2025-02-18 03:22:07', '2025-02-18 03:22:07'),
(1869, 184, 38, '2025-02-18 03:22:07', '2025-02-18 03:22:07'),
(1870, 184, 39, '2025-02-18 03:22:07', '2025-02-18 03:22:07'),
(1871, 184, 40, '2025-02-18 03:22:07', '2025-02-18 03:22:07'),
(1872, 185, 5, '2025-02-19 02:09:19', '2025-02-19 02:09:19'),
(1873, 185, 7, '2025-02-19 02:09:20', '2025-02-19 02:09:20'),
(1874, 185, 8, '2025-02-19 02:09:20', '2025-02-19 02:09:20'),
(1875, 185, 9, '2025-02-19 02:09:20', '2025-02-19 02:09:20'),
(1876, 185, 10, '2025-02-19 02:09:20', '2025-02-19 02:09:20'),
(1877, 185, 11, '2025-02-19 02:09:20', '2025-02-19 02:09:20'),
(1878, 185, 12, '2025-02-19 02:09:20', '2025-02-19 02:09:20'),
(1879, 185, 13, '2025-02-19 02:09:20', '2025-02-19 02:09:20'),
(1880, 185, 14, '2025-02-19 02:09:20', '2025-02-19 02:09:20'),
(1881, 185, 15, '2025-02-19 02:09:20', '2025-02-19 02:09:20'),
(1882, 185, 18, '2025-02-19 02:09:20', '2025-02-19 02:09:20'),
(1883, 185, 19, '2025-02-19 02:09:20', '2025-02-19 02:09:20'),
(1884, 185, 20, '2025-02-19 02:09:20', '2025-02-19 02:09:20'),
(1885, 185, 21, '2025-02-19 02:09:20', '2025-02-19 02:09:20'),
(1886, 185, 26, '2025-02-19 02:09:20', '2025-02-19 02:09:20'),
(1887, 185, 27, '2025-02-19 02:09:20', '2025-02-19 02:09:20'),
(1888, 185, 28, '2025-02-19 02:09:20', '2025-02-19 02:09:20'),
(1889, 185, 29, '2025-02-19 02:09:20', '2025-02-19 02:09:20'),
(1890, 185, 30, '2025-02-19 02:09:20', '2025-02-19 02:09:20'),
(1891, 185, 31, '2025-02-19 02:09:20', '2025-02-19 02:09:20'),
(1892, 185, 33, '2025-02-19 02:09:20', '2025-02-19 02:09:20'),
(1893, 185, 34, '2025-02-19 02:09:20', '2025-02-19 02:09:20'),
(1894, 185, 35, '2025-02-19 02:09:20', '2025-02-19 02:09:20'),
(1895, 185, 36, '2025-02-19 02:09:20', '2025-02-19 02:09:20'),
(1896, 185, 37, '2025-02-19 02:09:20', '2025-02-19 02:09:20'),
(1897, 185, 38, '2025-02-19 02:09:20', '2025-02-19 02:09:20'),
(1898, 185, 39, '2025-02-19 02:09:20', '2025-02-19 02:09:20'),
(1899, 185, 40, '2025-02-19 02:09:20', '2025-02-19 02:09:20'),
(1900, 186, 5, '2025-02-19 02:24:27', '2025-02-19 02:24:27'),
(1901, 186, 7, '2025-02-19 02:24:27', '2025-02-19 02:24:27'),
(1902, 186, 8, '2025-02-19 02:24:27', '2025-02-19 02:24:27'),
(1903, 186, 9, '2025-02-19 02:24:27', '2025-02-19 02:24:27'),
(1904, 186, 10, '2025-02-19 02:24:27', '2025-02-19 02:24:27'),
(1905, 186, 11, '2025-02-19 02:24:27', '2025-02-19 02:24:27'),
(1906, 186, 12, '2025-02-19 02:24:27', '2025-02-19 02:24:27'),
(1907, 186, 13, '2025-02-19 02:24:27', '2025-02-19 02:24:27'),
(1908, 186, 14, '2025-02-19 02:24:27', '2025-02-19 02:24:27'),
(1909, 186, 15, '2025-02-19 02:24:27', '2025-02-19 02:24:27'),
(1910, 186, 18, '2025-02-19 02:24:27', '2025-02-19 02:24:27'),
(1911, 186, 19, '2025-02-19 02:24:27', '2025-02-19 02:24:27'),
(1912, 186, 20, '2025-02-19 02:24:27', '2025-02-19 02:24:27'),
(1913, 186, 21, '2025-02-19 02:24:27', '2025-02-19 02:24:27'),
(1914, 186, 26, '2025-02-19 02:24:27', '2025-02-19 02:24:27'),
(1915, 186, 27, '2025-02-19 02:24:27', '2025-02-19 02:24:27'),
(1916, 186, 28, '2025-02-19 02:24:27', '2025-02-19 02:24:27'),
(1917, 186, 29, '2025-02-19 02:24:27', '2025-02-19 02:24:27'),
(1918, 186, 30, '2025-02-19 02:24:27', '2025-02-19 02:24:27'),
(1919, 186, 31, '2025-02-19 02:24:27', '2025-02-19 02:24:27'),
(1920, 186, 33, '2025-02-19 02:24:27', '2025-02-19 02:24:27'),
(1921, 186, 34, '2025-02-19 02:24:27', '2025-02-19 02:24:27'),
(1922, 186, 35, '2025-02-19 02:24:27', '2025-02-19 02:24:27'),
(1923, 186, 36, '2025-02-19 02:24:27', '2025-02-19 02:24:27'),
(1924, 186, 37, '2025-02-19 02:24:28', '2025-02-19 02:24:28'),
(1925, 186, 38, '2025-02-19 02:24:28', '2025-02-19 02:24:28'),
(1926, 186, 39, '2025-02-19 02:24:28', '2025-02-19 02:24:28'),
(1927, 186, 40, '2025-02-19 02:24:28', '2025-02-19 02:24:28'),
(1928, 187, 5, '2025-02-19 02:29:40', '2025-02-19 02:29:40'),
(1929, 187, 7, '2025-02-19 02:29:40', '2025-02-19 02:29:40'),
(1930, 187, 8, '2025-02-19 02:29:40', '2025-02-19 02:29:40'),
(1931, 187, 9, '2025-02-19 02:29:40', '2025-02-19 02:29:40'),
(1932, 187, 10, '2025-02-19 02:29:40', '2025-02-19 02:29:40'),
(1933, 187, 11, '2025-02-19 02:29:40', '2025-02-19 02:29:40'),
(1934, 187, 12, '2025-02-19 02:29:40', '2025-02-19 02:29:40'),
(1935, 187, 13, '2025-02-19 02:29:40', '2025-02-19 02:29:40'),
(1936, 187, 14, '2025-02-19 02:29:40', '2025-02-19 02:29:40'),
(1937, 187, 15, '2025-02-19 02:29:40', '2025-02-19 02:29:40'),
(1938, 187, 18, '2025-02-19 02:29:40', '2025-02-19 02:29:40'),
(1939, 187, 19, '2025-02-19 02:29:40', '2025-02-19 02:29:40'),
(1940, 187, 20, '2025-02-19 02:29:40', '2025-02-19 02:29:40'),
(1941, 187, 21, '2025-02-19 02:29:40', '2025-02-19 02:29:40'),
(1942, 187, 26, '2025-02-19 02:29:40', '2025-02-19 02:29:40'),
(1943, 187, 27, '2025-02-19 02:29:40', '2025-02-19 02:29:40'),
(1944, 187, 28, '2025-02-19 02:29:40', '2025-02-19 02:29:40'),
(1945, 187, 29, '2025-02-19 02:29:40', '2025-02-19 02:29:40'),
(1946, 187, 30, '2025-02-19 02:29:40', '2025-02-19 02:29:40'),
(1947, 187, 31, '2025-02-19 02:29:40', '2025-02-19 02:29:40'),
(1948, 187, 33, '2025-02-19 02:29:40', '2025-02-19 02:29:40'),
(1949, 187, 34, '2025-02-19 02:29:40', '2025-02-19 02:29:40'),
(1950, 187, 35, '2025-02-19 02:29:40', '2025-02-19 02:29:40'),
(1951, 187, 36, '2025-02-19 02:29:40', '2025-02-19 02:29:40'),
(1952, 187, 37, '2025-02-19 02:29:40', '2025-02-19 02:29:40'),
(1953, 187, 38, '2025-02-19 02:29:40', '2025-02-19 02:29:40'),
(1954, 187, 39, '2025-02-19 02:29:40', '2025-02-19 02:29:40'),
(1955, 187, 40, '2025-02-19 02:29:40', '2025-02-19 02:29:40'),
(1956, 188, 5, '2025-02-19 02:40:43', '2025-02-19 02:40:43'),
(1957, 188, 7, '2025-02-19 02:40:43', '2025-02-19 02:40:43'),
(1958, 188, 8, '2025-02-19 02:40:43', '2025-02-19 02:40:43'),
(1959, 188, 9, '2025-02-19 02:40:43', '2025-02-19 02:40:43');
INSERT INTO `cotizacion_has_costes` (`id`, `idCotizacion`, `idCoste`, `created_at`, `updated_at`) VALUES
(1960, 188, 10, '2025-02-19 02:40:43', '2025-02-19 02:40:43'),
(1961, 188, 11, '2025-02-19 02:40:43', '2025-02-19 02:40:43'),
(1962, 188, 12, '2025-02-19 02:40:43', '2025-02-19 02:40:43'),
(1963, 188, 13, '2025-02-19 02:40:43', '2025-02-19 02:40:43'),
(1964, 188, 14, '2025-02-19 02:40:43', '2025-02-19 02:40:43'),
(1965, 188, 15, '2025-02-19 02:40:43', '2025-02-19 02:40:43'),
(1966, 188, 18, '2025-02-19 02:40:43', '2025-02-19 02:40:43'),
(1967, 188, 19, '2025-02-19 02:40:43', '2025-02-19 02:40:43'),
(1968, 188, 20, '2025-02-19 02:40:43', '2025-02-19 02:40:43'),
(1969, 188, 21, '2025-02-19 02:40:44', '2025-02-19 02:40:44'),
(1970, 188, 26, '2025-02-19 02:40:44', '2025-02-19 02:40:44'),
(1971, 188, 27, '2025-02-19 02:40:44', '2025-02-19 02:40:44'),
(1972, 188, 28, '2025-02-19 02:40:44', '2025-02-19 02:40:44'),
(1973, 188, 29, '2025-02-19 02:40:44', '2025-02-19 02:40:44'),
(1974, 188, 30, '2025-02-19 02:40:44', '2025-02-19 02:40:44'),
(1975, 188, 31, '2025-02-19 02:40:44', '2025-02-19 02:40:44'),
(1976, 188, 33, '2025-02-19 02:40:44', '2025-02-19 02:40:44'),
(1977, 188, 34, '2025-02-19 02:40:44', '2025-02-19 02:40:44'),
(1978, 188, 35, '2025-02-19 02:40:44', '2025-02-19 02:40:44'),
(1979, 188, 36, '2025-02-19 02:40:44', '2025-02-19 02:40:44'),
(1980, 188, 37, '2025-02-19 02:40:44', '2025-02-19 02:40:44'),
(1981, 188, 38, '2025-02-19 02:40:44', '2025-02-19 02:40:44'),
(1982, 188, 39, '2025-02-19 02:40:44', '2025-02-19 02:40:44'),
(1983, 188, 40, '2025-02-19 02:40:44', '2025-02-19 02:40:44'),
(1984, 189, 5, '2025-02-19 02:45:35', '2025-02-19 02:45:35'),
(1985, 189, 7, '2025-02-19 02:45:35', '2025-02-19 02:45:35'),
(1986, 189, 8, '2025-02-19 02:45:35', '2025-02-19 02:45:35'),
(1987, 189, 9, '2025-02-19 02:45:35', '2025-02-19 02:45:35'),
(1988, 189, 10, '2025-02-19 02:45:35', '2025-02-19 02:45:35'),
(1989, 189, 11, '2025-02-19 02:45:35', '2025-02-19 02:45:35'),
(1990, 189, 12, '2025-02-19 02:45:35', '2025-02-19 02:45:35'),
(1991, 189, 13, '2025-02-19 02:45:35', '2025-02-19 02:45:35'),
(1992, 189, 14, '2025-02-19 02:45:35', '2025-02-19 02:45:35'),
(1993, 189, 15, '2025-02-19 02:45:35', '2025-02-19 02:45:35'),
(1994, 189, 18, '2025-02-19 02:45:35', '2025-02-19 02:45:35'),
(1995, 189, 19, '2025-02-19 02:45:35', '2025-02-19 02:45:35'),
(1996, 189, 20, '2025-02-19 02:45:35', '2025-02-19 02:45:35'),
(1997, 189, 21, '2025-02-19 02:45:35', '2025-02-19 02:45:35'),
(1998, 189, 26, '2025-02-19 02:45:35', '2025-02-19 02:45:35'),
(1999, 189, 27, '2025-02-19 02:45:35', '2025-02-19 02:45:35'),
(2000, 189, 28, '2025-02-19 02:45:35', '2025-02-19 02:45:35'),
(2001, 189, 29, '2025-02-19 02:45:35', '2025-02-19 02:45:35'),
(2002, 189, 30, '2025-02-19 02:45:35', '2025-02-19 02:45:35'),
(2003, 189, 31, '2025-02-19 02:45:35', '2025-02-19 02:45:35'),
(2004, 189, 33, '2025-02-19 02:45:35', '2025-02-19 02:45:35'),
(2005, 189, 34, '2025-02-19 02:45:35', '2025-02-19 02:45:35'),
(2006, 189, 35, '2025-02-19 02:45:35', '2025-02-19 02:45:35'),
(2007, 189, 36, '2025-02-19 02:45:35', '2025-02-19 02:45:35'),
(2008, 189, 37, '2025-02-19 02:45:35', '2025-02-19 02:45:35'),
(2009, 189, 38, '2025-02-19 02:45:35', '2025-02-19 02:45:35'),
(2010, 189, 39, '2025-02-19 02:45:35', '2025-02-19 02:45:35'),
(2011, 189, 40, '2025-02-19 02:45:35', '2025-02-19 02:45:35'),
(2012, 190, 5, '2025-02-19 03:18:59', '2025-02-19 03:18:59'),
(2013, 190, 7, '2025-02-19 03:18:59', '2025-02-19 03:18:59'),
(2014, 190, 8, '2025-02-19 03:18:59', '2025-02-19 03:18:59'),
(2015, 190, 9, '2025-02-19 03:18:59', '2025-02-19 03:18:59'),
(2016, 190, 10, '2025-02-19 03:18:59', '2025-02-19 03:18:59'),
(2017, 190, 11, '2025-02-19 03:18:59', '2025-02-19 03:18:59'),
(2018, 190, 12, '2025-02-19 03:18:59', '2025-02-19 03:18:59'),
(2019, 190, 13, '2025-02-19 03:19:00', '2025-02-19 03:19:00'),
(2020, 190, 14, '2025-02-19 03:19:00', '2025-02-19 03:19:00'),
(2021, 190, 15, '2025-02-19 03:19:00', '2025-02-19 03:19:00'),
(2022, 190, 18, '2025-02-19 03:19:00', '2025-02-19 03:19:00'),
(2023, 190, 19, '2025-02-19 03:19:00', '2025-02-19 03:19:00'),
(2024, 190, 20, '2025-02-19 03:19:00', '2025-02-19 03:19:00'),
(2025, 190, 21, '2025-02-19 03:19:00', '2025-02-19 03:19:00'),
(2026, 190, 26, '2025-02-19 03:19:00', '2025-02-19 03:19:00'),
(2027, 190, 27, '2025-02-19 03:19:00', '2025-02-19 03:19:00'),
(2028, 190, 28, '2025-02-19 03:19:00', '2025-02-19 03:19:00'),
(2029, 190, 29, '2025-02-19 03:19:00', '2025-02-19 03:19:00'),
(2030, 190, 30, '2025-02-19 03:19:00', '2025-02-19 03:19:00'),
(2031, 190, 31, '2025-02-19 03:19:00', '2025-02-19 03:19:00'),
(2032, 190, 33, '2025-02-19 03:19:00', '2025-02-19 03:19:00'),
(2033, 190, 34, '2025-02-19 03:19:00', '2025-02-19 03:19:00'),
(2034, 190, 35, '2025-02-19 03:19:00', '2025-02-19 03:19:00'),
(2035, 190, 36, '2025-02-19 03:19:00', '2025-02-19 03:19:00'),
(2036, 190, 37, '2025-02-19 03:19:00', '2025-02-19 03:19:00'),
(2037, 190, 38, '2025-02-19 03:19:00', '2025-02-19 03:19:00'),
(2038, 190, 39, '2025-02-19 03:19:00', '2025-02-19 03:19:00'),
(2039, 190, 40, '2025-02-19 03:19:00', '2025-02-19 03:19:00'),
(2040, 191, 5, '2025-02-19 03:34:35', '2025-02-19 03:34:35'),
(2041, 191, 7, '2025-02-19 03:34:35', '2025-02-19 03:34:35'),
(2042, 191, 8, '2025-02-19 03:34:35', '2025-02-19 03:34:35'),
(2043, 191, 9, '2025-02-19 03:34:35', '2025-02-19 03:34:35'),
(2044, 191, 10, '2025-02-19 03:34:35', '2025-02-19 03:34:35'),
(2045, 191, 11, '2025-02-19 03:34:35', '2025-02-19 03:34:35'),
(2046, 191, 12, '2025-02-19 03:34:35', '2025-02-19 03:34:35'),
(2047, 191, 13, '2025-02-19 03:34:35', '2025-02-19 03:34:35'),
(2048, 191, 14, '2025-02-19 03:34:35', '2025-02-19 03:34:35'),
(2049, 191, 15, '2025-02-19 03:34:35', '2025-02-19 03:34:35'),
(2050, 191, 18, '2025-02-19 03:34:35', '2025-02-19 03:34:35'),
(2051, 191, 19, '2025-02-19 03:34:35', '2025-02-19 03:34:35'),
(2052, 191, 20, '2025-02-19 03:34:35', '2025-02-19 03:34:35'),
(2053, 191, 21, '2025-02-19 03:34:35', '2025-02-19 03:34:35'),
(2054, 191, 26, '2025-02-19 03:34:35', '2025-02-19 03:34:35'),
(2055, 191, 27, '2025-02-19 03:34:35', '2025-02-19 03:34:35'),
(2056, 191, 28, '2025-02-19 03:34:35', '2025-02-19 03:34:35'),
(2057, 191, 29, '2025-02-19 03:34:35', '2025-02-19 03:34:35'),
(2058, 191, 30, '2025-02-19 03:34:35', '2025-02-19 03:34:35'),
(2059, 191, 31, '2025-02-19 03:34:35', '2025-02-19 03:34:35'),
(2060, 191, 33, '2025-02-19 03:34:35', '2025-02-19 03:34:35'),
(2061, 191, 34, '2025-02-19 03:34:35', '2025-02-19 03:34:35'),
(2062, 191, 35, '2025-02-19 03:34:35', '2025-02-19 03:34:35'),
(2063, 191, 36, '2025-02-19 03:34:35', '2025-02-19 03:34:35'),
(2064, 191, 37, '2025-02-19 03:34:35', '2025-02-19 03:34:35'),
(2065, 191, 38, '2025-02-19 03:34:35', '2025-02-19 03:34:35'),
(2066, 191, 39, '2025-02-19 03:34:35', '2025-02-19 03:34:35'),
(2067, 191, 40, '2025-02-19 03:34:35', '2025-02-19 03:34:35'),
(2068, 192, 5, '2025-02-19 05:09:43', '2025-02-19 05:09:43'),
(2069, 192, 7, '2025-02-19 05:09:43', '2025-02-19 05:09:43'),
(2070, 192, 8, '2025-02-19 05:09:43', '2025-02-19 05:09:43'),
(2071, 192, 9, '2025-02-19 05:09:43', '2025-02-19 05:09:43'),
(2072, 192, 10, '2025-02-19 05:09:43', '2025-02-19 05:09:43'),
(2073, 192, 11, '2025-02-19 05:09:43', '2025-02-19 05:09:43'),
(2074, 192, 12, '2025-02-19 05:09:43', '2025-02-19 05:09:43'),
(2075, 192, 13, '2025-02-19 05:09:43', '2025-02-19 05:09:43'),
(2076, 192, 14, '2025-02-19 05:09:43', '2025-02-19 05:09:43'),
(2077, 192, 15, '2025-02-19 05:09:43', '2025-02-19 05:09:43'),
(2078, 192, 18, '2025-02-19 05:09:43', '2025-02-19 05:09:43'),
(2079, 192, 19, '2025-02-19 05:09:43', '2025-02-19 05:09:43'),
(2080, 192, 20, '2025-02-19 05:09:43', '2025-02-19 05:09:43'),
(2081, 192, 21, '2025-02-19 05:09:43', '2025-02-19 05:09:43'),
(2082, 192, 26, '2025-02-19 05:09:43', '2025-02-19 05:09:43'),
(2083, 192, 27, '2025-02-19 05:09:43', '2025-02-19 05:09:43'),
(2084, 192, 28, '2025-02-19 05:09:43', '2025-02-19 05:09:43'),
(2085, 192, 29, '2025-02-19 05:09:43', '2025-02-19 05:09:43'),
(2086, 192, 30, '2025-02-19 05:09:43', '2025-02-19 05:09:43'),
(2087, 192, 31, '2025-02-19 05:09:43', '2025-02-19 05:09:43'),
(2088, 192, 33, '2025-02-19 05:09:43', '2025-02-19 05:09:43'),
(2089, 192, 34, '2025-02-19 05:09:43', '2025-02-19 05:09:43'),
(2090, 192, 35, '2025-02-19 05:09:43', '2025-02-19 05:09:43'),
(2091, 192, 36, '2025-02-19 05:09:43', '2025-02-19 05:09:43'),
(2092, 192, 37, '2025-02-19 05:09:43', '2025-02-19 05:09:43'),
(2093, 192, 38, '2025-02-19 05:09:43', '2025-02-19 05:09:43'),
(2094, 192, 39, '2025-02-19 05:09:43', '2025-02-19 05:09:43'),
(2095, 192, 40, '2025-02-19 05:09:43', '2025-02-19 05:09:43'),
(2096, 193, 5, '2025-02-20 03:11:13', '2025-02-20 03:11:13'),
(2097, 193, 7, '2025-02-20 03:11:13', '2025-02-20 03:11:13'),
(2098, 193, 8, '2025-02-20 03:11:13', '2025-02-20 03:11:13'),
(2099, 193, 9, '2025-02-20 03:11:13', '2025-02-20 03:11:13'),
(2100, 193, 10, '2025-02-20 03:11:13', '2025-02-20 03:11:13'),
(2101, 193, 11, '2025-02-20 03:11:13', '2025-02-20 03:11:13'),
(2102, 193, 12, '2025-02-20 03:11:13', '2025-02-20 03:11:13'),
(2103, 193, 13, '2025-02-20 03:11:13', '2025-02-20 03:11:13'),
(2104, 193, 14, '2025-02-20 03:11:13', '2025-02-20 03:11:13'),
(2105, 193, 15, '2025-02-20 03:11:13', '2025-02-20 03:11:13'),
(2106, 193, 18, '2025-02-20 03:11:13', '2025-02-20 03:11:13'),
(2107, 193, 19, '2025-02-20 03:11:13', '2025-02-20 03:11:13'),
(2108, 193, 20, '2025-02-20 03:11:13', '2025-02-20 03:11:13'),
(2109, 193, 21, '2025-02-20 03:11:13', '2025-02-20 03:11:13'),
(2110, 193, 26, '2025-02-20 03:11:13', '2025-02-20 03:11:13'),
(2111, 193, 27, '2025-02-20 03:11:13', '2025-02-20 03:11:13'),
(2112, 193, 28, '2025-02-20 03:11:13', '2025-02-20 03:11:13'),
(2113, 193, 29, '2025-02-20 03:11:13', '2025-02-20 03:11:13'),
(2114, 193, 30, '2025-02-20 03:11:13', '2025-02-20 03:11:13'),
(2115, 193, 31, '2025-02-20 03:11:13', '2025-02-20 03:11:13'),
(2116, 193, 33, '2025-02-20 03:11:13', '2025-02-20 03:11:13'),
(2117, 193, 34, '2025-02-20 03:11:13', '2025-02-20 03:11:13'),
(2118, 193, 35, '2025-02-20 03:11:13', '2025-02-20 03:11:13'),
(2119, 193, 36, '2025-02-20 03:11:13', '2025-02-20 03:11:13'),
(2120, 193, 37, '2025-02-20 03:11:13', '2025-02-20 03:11:13'),
(2121, 193, 38, '2025-02-20 03:11:13', '2025-02-20 03:11:13'),
(2122, 193, 39, '2025-02-20 03:11:13', '2025-02-20 03:11:13'),
(2123, 193, 40, '2025-02-20 03:11:13', '2025-02-20 03:11:13'),
(2124, 194, 5, '2025-02-20 04:04:02', '2025-02-20 04:04:02'),
(2125, 194, 7, '2025-02-20 04:04:02', '2025-02-20 04:04:02'),
(2126, 194, 8, '2025-02-20 04:04:02', '2025-02-20 04:04:02'),
(2127, 194, 9, '2025-02-20 04:04:02', '2025-02-20 04:04:02'),
(2128, 194, 10, '2025-02-20 04:04:02', '2025-02-20 04:04:02'),
(2129, 194, 11, '2025-02-20 04:04:02', '2025-02-20 04:04:02'),
(2130, 194, 12, '2025-02-20 04:04:02', '2025-02-20 04:04:02'),
(2131, 194, 13, '2025-02-20 04:04:02', '2025-02-20 04:04:02'),
(2132, 194, 14, '2025-02-20 04:04:02', '2025-02-20 04:04:02'),
(2133, 194, 15, '2025-02-20 04:04:02', '2025-02-20 04:04:02'),
(2134, 194, 18, '2025-02-20 04:04:02', '2025-02-20 04:04:02'),
(2135, 194, 19, '2025-02-20 04:04:02', '2025-02-20 04:04:02'),
(2136, 194, 20, '2025-02-20 04:04:02', '2025-02-20 04:04:02'),
(2137, 194, 21, '2025-02-20 04:04:02', '2025-02-20 04:04:02'),
(2138, 194, 26, '2025-02-20 04:04:02', '2025-02-20 04:04:02'),
(2139, 194, 27, '2025-02-20 04:04:02', '2025-02-20 04:04:02'),
(2140, 194, 28, '2025-02-20 04:04:02', '2025-02-20 04:04:02'),
(2141, 194, 29, '2025-02-20 04:04:02', '2025-02-20 04:04:02'),
(2142, 194, 30, '2025-02-20 04:04:02', '2025-02-20 04:04:02'),
(2143, 194, 31, '2025-02-20 04:04:02', '2025-02-20 04:04:02'),
(2144, 194, 33, '2025-02-20 04:04:02', '2025-02-20 04:04:02'),
(2145, 194, 34, '2025-02-20 04:04:02', '2025-02-20 04:04:02'),
(2146, 194, 35, '2025-02-20 04:04:02', '2025-02-20 04:04:02'),
(2147, 194, 36, '2025-02-20 04:04:02', '2025-02-20 04:04:02'),
(2148, 194, 37, '2025-02-20 04:04:02', '2025-02-20 04:04:02'),
(2149, 194, 38, '2025-02-20 04:04:02', '2025-02-20 04:04:02'),
(2150, 194, 39, '2025-02-20 04:04:02', '2025-02-20 04:04:02'),
(2151, 194, 40, '2025-02-20 04:04:02', '2025-02-20 04:04:02'),
(2152, 195, 5, '2025-02-20 04:42:26', '2025-02-20 04:42:26'),
(2153, 195, 7, '2025-02-20 04:42:26', '2025-02-20 04:42:26'),
(2154, 195, 8, '2025-02-20 04:42:26', '2025-02-20 04:42:26'),
(2155, 195, 9, '2025-02-20 04:42:26', '2025-02-20 04:42:26'),
(2156, 195, 10, '2025-02-20 04:42:26', '2025-02-20 04:42:26'),
(2157, 195, 11, '2025-02-20 04:42:26', '2025-02-20 04:42:26'),
(2158, 195, 12, '2025-02-20 04:42:26', '2025-02-20 04:42:26'),
(2159, 195, 13, '2025-02-20 04:42:26', '2025-02-20 04:42:26'),
(2160, 195, 14, '2025-02-20 04:42:26', '2025-02-20 04:42:26'),
(2161, 195, 15, '2025-02-20 04:42:26', '2025-02-20 04:42:26'),
(2162, 195, 18, '2025-02-20 04:42:26', '2025-02-20 04:42:26'),
(2163, 195, 19, '2025-02-20 04:42:26', '2025-02-20 04:42:26'),
(2164, 195, 20, '2025-02-20 04:42:26', '2025-02-20 04:42:26'),
(2165, 195, 21, '2025-02-20 04:42:26', '2025-02-20 04:42:26'),
(2166, 195, 26, '2025-02-20 04:42:26', '2025-02-20 04:42:26'),
(2167, 195, 27, '2025-02-20 04:42:26', '2025-02-20 04:42:26'),
(2168, 195, 28, '2025-02-20 04:42:26', '2025-02-20 04:42:26'),
(2169, 195, 29, '2025-02-20 04:42:26', '2025-02-20 04:42:26'),
(2170, 195, 30, '2025-02-20 04:42:26', '2025-02-20 04:42:26'),
(2171, 195, 31, '2025-02-20 04:42:26', '2025-02-20 04:42:26'),
(2172, 195, 33, '2025-02-20 04:42:26', '2025-02-20 04:42:26'),
(2173, 195, 34, '2025-02-20 04:42:26', '2025-02-20 04:42:26'),
(2174, 195, 35, '2025-02-20 04:42:26', '2025-02-20 04:42:26'),
(2175, 195, 36, '2025-02-20 04:42:26', '2025-02-20 04:42:26'),
(2176, 195, 37, '2025-02-20 04:42:26', '2025-02-20 04:42:26'),
(2177, 195, 38, '2025-02-20 04:42:26', '2025-02-20 04:42:26'),
(2178, 195, 39, '2025-02-20 04:42:26', '2025-02-20 04:42:26'),
(2179, 195, 40, '2025-02-20 04:42:26', '2025-02-20 04:42:26'),
(2180, 196, 5, '2025-02-20 04:52:37', '2025-02-20 04:52:37'),
(2181, 196, 7, '2025-02-20 04:52:37', '2025-02-20 04:52:37'),
(2182, 196, 8, '2025-02-20 04:52:37', '2025-02-20 04:52:37'),
(2183, 196, 9, '2025-02-20 04:52:37', '2025-02-20 04:52:37'),
(2184, 196, 10, '2025-02-20 04:52:37', '2025-02-20 04:52:37'),
(2185, 196, 11, '2025-02-20 04:52:37', '2025-02-20 04:52:37'),
(2186, 196, 12, '2025-02-20 04:52:37', '2025-02-20 04:52:37'),
(2187, 196, 13, '2025-02-20 04:52:37', '2025-02-20 04:52:37'),
(2188, 196, 14, '2025-02-20 04:52:38', '2025-02-20 04:52:38'),
(2189, 196, 15, '2025-02-20 04:52:38', '2025-02-20 04:52:38'),
(2190, 196, 18, '2025-02-20 04:52:38', '2025-02-20 04:52:38'),
(2191, 196, 19, '2025-02-20 04:52:38', '2025-02-20 04:52:38'),
(2192, 196, 20, '2025-02-20 04:52:38', '2025-02-20 04:52:38'),
(2193, 196, 21, '2025-02-20 04:52:38', '2025-02-20 04:52:38'),
(2194, 196, 26, '2025-02-20 04:52:38', '2025-02-20 04:52:38'),
(2195, 196, 27, '2025-02-20 04:52:38', '2025-02-20 04:52:38'),
(2196, 196, 28, '2025-02-20 04:52:38', '2025-02-20 04:52:38'),
(2197, 196, 29, '2025-02-20 04:52:38', '2025-02-20 04:52:38'),
(2198, 196, 30, '2025-02-20 04:52:38', '2025-02-20 04:52:38'),
(2199, 196, 31, '2025-02-20 04:52:38', '2025-02-20 04:52:38'),
(2200, 196, 33, '2025-02-20 04:52:38', '2025-02-20 04:52:38'),
(2201, 196, 34, '2025-02-20 04:52:38', '2025-02-20 04:52:38'),
(2202, 196, 35, '2025-02-20 04:52:38', '2025-02-20 04:52:38'),
(2203, 196, 36, '2025-02-20 04:52:38', '2025-02-20 04:52:38'),
(2204, 196, 37, '2025-02-20 04:52:38', '2025-02-20 04:52:38'),
(2205, 196, 38, '2025-02-20 04:52:38', '2025-02-20 04:52:38'),
(2206, 196, 39, '2025-02-20 04:52:38', '2025-02-20 04:52:38'),
(2207, 196, 40, '2025-02-20 04:52:38', '2025-02-20 04:52:38'),
(2208, 197, 5, '2025-02-20 04:57:22', '2025-02-20 04:57:22'),
(2209, 197, 7, '2025-02-20 04:57:22', '2025-02-20 04:57:22'),
(2210, 197, 8, '2025-02-20 04:57:22', '2025-02-20 04:57:22'),
(2211, 197, 9, '2025-02-20 04:57:22', '2025-02-20 04:57:22'),
(2212, 197, 10, '2025-02-20 04:57:22', '2025-02-20 04:57:22'),
(2213, 197, 11, '2025-02-20 04:57:23', '2025-02-20 04:57:23'),
(2214, 197, 12, '2025-02-20 04:57:23', '2025-02-20 04:57:23'),
(2215, 197, 13, '2025-02-20 04:57:23', '2025-02-20 04:57:23'),
(2216, 197, 14, '2025-02-20 04:57:23', '2025-02-20 04:57:23'),
(2217, 197, 15, '2025-02-20 04:57:23', '2025-02-20 04:57:23'),
(2218, 197, 18, '2025-02-20 04:57:23', '2025-02-20 04:57:23'),
(2219, 197, 19, '2025-02-20 04:57:23', '2025-02-20 04:57:23'),
(2220, 197, 20, '2025-02-20 04:57:23', '2025-02-20 04:57:23'),
(2221, 197, 21, '2025-02-20 04:57:23', '2025-02-20 04:57:23'),
(2222, 197, 26, '2025-02-20 04:57:23', '2025-02-20 04:57:23'),
(2223, 197, 27, '2025-02-20 04:57:23', '2025-02-20 04:57:23'),
(2224, 197, 28, '2025-02-20 04:57:23', '2025-02-20 04:57:23'),
(2225, 197, 29, '2025-02-20 04:57:23', '2025-02-20 04:57:23'),
(2226, 197, 30, '2025-02-20 04:57:23', '2025-02-20 04:57:23'),
(2227, 197, 31, '2025-02-20 04:57:23', '2025-02-20 04:57:23'),
(2228, 197, 33, '2025-02-20 04:57:23', '2025-02-20 04:57:23'),
(2229, 197, 34, '2025-02-20 04:57:23', '2025-02-20 04:57:23'),
(2230, 197, 35, '2025-02-20 04:57:23', '2025-02-20 04:57:23'),
(2231, 197, 36, '2025-02-20 04:57:23', '2025-02-20 04:57:23'),
(2232, 197, 37, '2025-02-20 04:57:23', '2025-02-20 04:57:23'),
(2233, 197, 38, '2025-02-20 04:57:23', '2025-02-20 04:57:23'),
(2234, 197, 39, '2025-02-20 04:57:23', '2025-02-20 04:57:23'),
(2235, 197, 40, '2025-02-20 04:57:23', '2025-02-20 04:57:23'),
(2236, 198, 5, '2025-02-20 22:28:01', '2025-02-20 22:28:01'),
(2237, 198, 7, '2025-02-20 22:28:01', '2025-02-20 22:28:01'),
(2238, 198, 8, '2025-02-20 22:28:01', '2025-02-20 22:28:01'),
(2239, 198, 9, '2025-02-20 22:28:01', '2025-02-20 22:28:01'),
(2240, 198, 10, '2025-02-20 22:28:01', '2025-02-20 22:28:01'),
(2241, 198, 11, '2025-02-20 22:28:01', '2025-02-20 22:28:01'),
(2242, 198, 12, '2025-02-20 22:28:01', '2025-02-20 22:28:01'),
(2243, 198, 13, '2025-02-20 22:28:01', '2025-02-20 22:28:01'),
(2244, 198, 14, '2025-02-20 22:28:01', '2025-02-20 22:28:01'),
(2245, 198, 15, '2025-02-20 22:28:01', '2025-02-20 22:28:01'),
(2246, 198, 18, '2025-02-20 22:28:01', '2025-02-20 22:28:01'),
(2247, 198, 19, '2025-02-20 22:28:01', '2025-02-20 22:28:01'),
(2248, 198, 20, '2025-02-20 22:28:01', '2025-02-20 22:28:01'),
(2249, 198, 21, '2025-02-20 22:28:01', '2025-02-20 22:28:01'),
(2250, 198, 26, '2025-02-20 22:28:01', '2025-02-20 22:28:01'),
(2251, 198, 27, '2025-02-20 22:28:01', '2025-02-20 22:28:01'),
(2252, 198, 28, '2025-02-20 22:28:01', '2025-02-20 22:28:01'),
(2253, 198, 29, '2025-02-20 22:28:01', '2025-02-20 22:28:01'),
(2254, 198, 30, '2025-02-20 22:28:01', '2025-02-20 22:28:01'),
(2255, 198, 31, '2025-02-20 22:28:01', '2025-02-20 22:28:01'),
(2256, 198, 33, '2025-02-20 22:28:01', '2025-02-20 22:28:01'),
(2257, 198, 34, '2025-02-20 22:28:01', '2025-02-20 22:28:01'),
(2258, 198, 35, '2025-02-20 22:28:01', '2025-02-20 22:28:01'),
(2259, 198, 36, '2025-02-20 22:28:01', '2025-02-20 22:28:01'),
(2260, 198, 37, '2025-02-20 22:28:01', '2025-02-20 22:28:01'),
(2261, 198, 38, '2025-02-20 22:28:01', '2025-02-20 22:28:01'),
(2262, 198, 39, '2025-02-20 22:28:01', '2025-02-20 22:28:01'),
(2263, 198, 40, '2025-02-20 22:28:01', '2025-02-20 22:28:01'),
(2264, 199, 5, '2025-02-20 22:29:47', '2025-02-20 22:29:47'),
(2265, 199, 7, '2025-02-20 22:29:47', '2025-02-20 22:29:47'),
(2266, 199, 8, '2025-02-20 22:29:47', '2025-02-20 22:29:47'),
(2267, 199, 9, '2025-02-20 22:29:47', '2025-02-20 22:29:47'),
(2268, 199, 10, '2025-02-20 22:29:47', '2025-02-20 22:29:47'),
(2269, 199, 11, '2025-02-20 22:29:47', '2025-02-20 22:29:47'),
(2270, 199, 12, '2025-02-20 22:29:47', '2025-02-20 22:29:47'),
(2271, 199, 13, '2025-02-20 22:29:47', '2025-02-20 22:29:47'),
(2272, 199, 14, '2025-02-20 22:29:47', '2025-02-20 22:29:47'),
(2273, 199, 15, '2025-02-20 22:29:47', '2025-02-20 22:29:47'),
(2274, 199, 18, '2025-02-20 22:29:47', '2025-02-20 22:29:47'),
(2275, 199, 19, '2025-02-20 22:29:47', '2025-02-20 22:29:47'),
(2276, 199, 20, '2025-02-20 22:29:47', '2025-02-20 22:29:47'),
(2277, 199, 21, '2025-02-20 22:29:47', '2025-02-20 22:29:47'),
(2278, 199, 26, '2025-02-20 22:29:47', '2025-02-20 22:29:47'),
(2279, 199, 27, '2025-02-20 22:29:47', '2025-02-20 22:29:47'),
(2280, 199, 28, '2025-02-20 22:29:47', '2025-02-20 22:29:47'),
(2281, 199, 29, '2025-02-20 22:29:47', '2025-02-20 22:29:47'),
(2282, 199, 30, '2025-02-20 22:29:47', '2025-02-20 22:29:47'),
(2283, 199, 31, '2025-02-20 22:29:47', '2025-02-20 22:29:47'),
(2284, 199, 33, '2025-02-20 22:29:47', '2025-02-20 22:29:47'),
(2285, 199, 34, '2025-02-20 22:29:47', '2025-02-20 22:29:47'),
(2286, 199, 35, '2025-02-20 22:29:47', '2025-02-20 22:29:47'),
(2287, 199, 36, '2025-02-20 22:29:47', '2025-02-20 22:29:47'),
(2288, 199, 37, '2025-02-20 22:29:47', '2025-02-20 22:29:47'),
(2289, 199, 38, '2025-02-20 22:29:47', '2025-02-20 22:29:47'),
(2290, 199, 39, '2025-02-20 22:29:47', '2025-02-20 22:29:47'),
(2291, 199, 40, '2025-02-20 22:29:47', '2025-02-20 22:29:47'),
(2292, 200, 5, '2025-02-20 22:57:55', '2025-02-20 22:57:55'),
(2293, 200, 7, '2025-02-20 22:57:55', '2025-02-20 22:57:55'),
(2294, 200, 8, '2025-02-20 22:57:55', '2025-02-20 22:57:55'),
(2295, 200, 9, '2025-02-20 22:57:55', '2025-02-20 22:57:55'),
(2296, 200, 10, '2025-02-20 22:57:55', '2025-02-20 22:57:55'),
(2297, 200, 11, '2025-02-20 22:57:55', '2025-02-20 22:57:55'),
(2298, 200, 12, '2025-02-20 22:57:56', '2025-02-20 22:57:56'),
(2299, 200, 13, '2025-02-20 22:57:56', '2025-02-20 22:57:56'),
(2300, 200, 14, '2025-02-20 22:57:56', '2025-02-20 22:57:56'),
(2301, 200, 15, '2025-02-20 22:57:56', '2025-02-20 22:57:56'),
(2302, 200, 18, '2025-02-20 22:57:56', '2025-02-20 22:57:56'),
(2303, 200, 19, '2025-02-20 22:57:56', '2025-02-20 22:57:56'),
(2304, 200, 20, '2025-02-20 22:57:56', '2025-02-20 22:57:56'),
(2305, 200, 21, '2025-02-20 22:57:56', '2025-02-20 22:57:56'),
(2306, 200, 26, '2025-02-20 22:57:56', '2025-02-20 22:57:56'),
(2307, 200, 27, '2025-02-20 22:57:56', '2025-02-20 22:57:56'),
(2308, 200, 28, '2025-02-20 22:57:56', '2025-02-20 22:57:56'),
(2309, 200, 29, '2025-02-20 22:57:56', '2025-02-20 22:57:56'),
(2310, 200, 30, '2025-02-20 22:57:56', '2025-02-20 22:57:56'),
(2311, 200, 31, '2025-02-20 22:57:56', '2025-02-20 22:57:56'),
(2312, 200, 33, '2025-02-20 22:57:56', '2025-02-20 22:57:56'),
(2313, 200, 34, '2025-02-20 22:57:56', '2025-02-20 22:57:56'),
(2314, 200, 35, '2025-02-20 22:57:56', '2025-02-20 22:57:56'),
(2315, 200, 36, '2025-02-20 22:57:56', '2025-02-20 22:57:56'),
(2316, 200, 37, '2025-02-20 22:57:56', '2025-02-20 22:57:56'),
(2317, 200, 38, '2025-02-20 22:57:56', '2025-02-20 22:57:56'),
(2318, 200, 39, '2025-02-20 22:57:56', '2025-02-20 22:57:56'),
(2319, 200, 40, '2025-02-20 22:57:56', '2025-02-20 22:57:56'),
(2320, 201, 5, '2025-02-20 23:09:25', '2025-02-20 23:09:25'),
(2321, 201, 7, '2025-02-20 23:09:25', '2025-02-20 23:09:25'),
(2322, 201, 8, '2025-02-20 23:09:25', '2025-02-20 23:09:25'),
(2323, 201, 9, '2025-02-20 23:09:25', '2025-02-20 23:09:25'),
(2324, 201, 10, '2025-02-20 23:09:25', '2025-02-20 23:09:25'),
(2325, 201, 11, '2025-02-20 23:09:25', '2025-02-20 23:09:25'),
(2326, 201, 12, '2025-02-20 23:09:25', '2025-02-20 23:09:25'),
(2327, 201, 13, '2025-02-20 23:09:25', '2025-02-20 23:09:25'),
(2328, 201, 14, '2025-02-20 23:09:25', '2025-02-20 23:09:25'),
(2329, 201, 15, '2025-02-20 23:09:25', '2025-02-20 23:09:25'),
(2330, 201, 18, '2025-02-20 23:09:25', '2025-02-20 23:09:25'),
(2331, 201, 19, '2025-02-20 23:09:25', '2025-02-20 23:09:25'),
(2332, 201, 20, '2025-02-20 23:09:25', '2025-02-20 23:09:25'),
(2333, 201, 21, '2025-02-20 23:09:25', '2025-02-20 23:09:25'),
(2334, 201, 26, '2025-02-20 23:09:25', '2025-02-20 23:09:25'),
(2335, 201, 27, '2025-02-20 23:09:25', '2025-02-20 23:09:25'),
(2336, 201, 28, '2025-02-20 23:09:25', '2025-02-20 23:09:25'),
(2337, 201, 29, '2025-02-20 23:09:25', '2025-02-20 23:09:25'),
(2338, 201, 30, '2025-02-20 23:09:25', '2025-02-20 23:09:25'),
(2339, 201, 31, '2025-02-20 23:09:25', '2025-02-20 23:09:25'),
(2340, 201, 33, '2025-02-20 23:09:25', '2025-02-20 23:09:25'),
(2341, 201, 34, '2025-02-20 23:09:25', '2025-02-20 23:09:25'),
(2342, 201, 35, '2025-02-20 23:09:25', '2025-02-20 23:09:25'),
(2343, 201, 36, '2025-02-20 23:09:25', '2025-02-20 23:09:25'),
(2344, 201, 37, '2025-02-20 23:09:25', '2025-02-20 23:09:25'),
(2345, 201, 38, '2025-02-20 23:09:25', '2025-02-20 23:09:25'),
(2346, 201, 39, '2025-02-20 23:09:25', '2025-02-20 23:09:25'),
(2347, 201, 40, '2025-02-20 23:09:25', '2025-02-20 23:09:25');

-- --------------------------------------------------------

--
-- Estructura de tabla para la tabla `cotizacion_has_costos`
--

CREATE TABLE `cotizacion_has_costos` (
  `id` bigint(20) UNSIGNED NOT NULL,
  `idCotizacion` bigint(20) UNSIGNED NOT NULL,
  `idCosto` bigint(20) UNSIGNED NOT NULL,
  `created_at` timestamp NULL DEFAULT NULL,
  `updated_at` timestamp NULL DEFAULT NULL
) ENGINE=InnoDB DEFAULT CHARSET=utf8mb4 COLLATE=utf8mb4_unicode_ci;

--
-- Volcado de datos para la tabla `cotizacion_has_costos`
--

INSERT INTO `cotizacion_has_costos` (`id`, `idCotizacion`, `idCosto`, `created_at`, `updated_at`) VALUES
(112, 125, 6, '2024-11-15 01:42:31', '2024-11-15 01:42:31'),
(113, 125, 14, '2024-11-15 01:42:31', '2024-11-15 01:42:31'),
(116, 127, 6, '2024-11-15 05:24:21', '2024-11-15 05:24:21'),
(117, 127, 14, '2024-11-15 05:24:21', '2024-11-15 05:24:21'),
(118, 128, 6, '2024-11-20 04:53:36', '2024-11-20 04:53:36'),
(119, 128, 14, '2024-11-20 04:53:36', '2024-11-20 04:53:36'),
(120, 129, 6, '2024-11-20 05:25:26', '2024-11-20 05:25:26'),
(121, 129, 7, '2024-11-20 05:25:26', '2024-11-20 05:25:26'),
(122, 130, 6, '2024-11-30 04:30:31', '2024-11-30 04:30:31'),
(123, 130, 7, '2024-11-30 04:30:31', '2024-11-30 04:30:31'),
(124, 131, 6, '2024-11-30 04:34:36', '2024-11-30 04:34:36'),
(125, 131, 14, '2024-11-30 04:34:36', '2024-11-30 04:34:36'),
(126, 132, 6, '2024-12-02 23:28:42', '2024-12-02 23:28:42'),
(127, 132, 13, '2024-12-02 23:28:42', '2024-12-02 23:28:42'),
(128, 133, 6, '2024-12-03 05:24:14', '2024-12-03 05:24:14'),
(129, 133, 13, '2024-12-03 05:24:14', '2024-12-03 05:24:14'),
(130, 134, 6, '2025-01-20 23:30:58', '2025-01-20 23:30:58'),
(131, 134, 7, '2025-01-20 23:30:58', '2025-01-20 23:30:58'),
(132, 135, 6, '2025-01-21 05:50:25', '2025-01-21 05:50:25'),
(133, 135, 7, '2025-01-21 05:50:25', '2025-01-21 05:50:25'),
(134, 136, 6, '2025-01-21 05:53:43', '2025-01-21 05:53:43'),
(135, 136, 7, '2025-01-21 05:53:43', '2025-01-21 05:53:43'),
(136, 137, 6, '2025-01-21 06:03:35', '2025-01-21 06:03:35'),
(137, 137, 14, '2025-01-21 06:03:35', '2025-01-21 06:03:35'),
(138, 138, 6, '2025-01-21 06:07:37', '2025-01-21 06:07:37'),
(139, 138, 9, '2025-01-21 06:07:37', '2025-01-21 06:07:37'),
(140, 139, 6, '2025-01-22 04:55:05', '2025-01-22 04:55:05'),
(141, 139, 7, '2025-01-22 04:55:05', '2025-01-22 04:55:05'),
(142, 140, 6, '2025-01-22 05:04:36', '2025-01-22 05:04:36'),
(143, 140, 7, '2025-01-22 05:04:36', '2025-01-22 05:04:36'),
(144, 141, 6, '2025-01-22 05:18:58', '2025-01-22 05:18:58'),
(145, 141, 7, '2025-01-22 05:18:58', '2025-01-22 05:18:58'),
(146, 142, 6, '2025-01-22 05:21:08', '2025-01-22 05:21:08'),
(147, 142, 7, '2025-01-22 05:21:08', '2025-01-22 05:21:08'),
(148, 143, 6, '2025-01-22 05:29:42', '2025-01-22 05:29:42'),
(149, 143, 7, '2025-01-22 05:29:42', '2025-01-22 05:29:42'),
(150, 144, 6, '2025-01-22 05:31:52', '2025-01-22 05:31:52'),
(151, 144, 7, '2025-01-22 05:31:52', '2025-01-22 05:31:52'),
(152, 145, 6, '2025-01-22 20:39:55', '2025-01-22 20:39:55'),
(153, 145, 7, '2025-01-22 20:39:55', '2025-01-22 20:39:55'),
(154, 146, 6, '2025-01-27 21:41:39', '2025-01-27 21:41:39'),
(155, 146, 7, '2025-01-27 21:41:39', '2025-01-27 21:41:39'),
(156, 147, 6, '2025-01-27 21:43:37', '2025-01-27 21:43:37'),
(157, 147, 7, '2025-01-27 21:43:37', '2025-01-27 21:43:37'),
(158, 148, 6, '2025-01-27 21:46:00', '2025-01-27 21:46:00'),
(159, 148, 7, '2025-01-27 21:46:00', '2025-01-27 21:46:00'),
(160, 149, 6, '2025-01-27 21:48:57', '2025-01-27 21:48:57'),
(161, 149, 7, '2025-01-27 21:48:57', '2025-01-27 21:48:57'),
(162, 150, 6, '2025-01-27 22:05:06', '2025-01-27 22:05:06'),
(163, 150, 7, '2025-01-27 22:05:06', '2025-01-27 22:05:06'),
(164, 151, 6, '2025-01-27 22:07:38', '2025-01-27 22:07:38'),
(165, 151, 7, '2025-01-27 22:07:38', '2025-01-27 22:07:38'),
(168, 153, 6, '2025-01-27 23:01:35', '2025-01-27 23:01:35'),
(169, 153, 14, '2025-01-27 23:01:35', '2025-01-27 23:01:35'),
(170, 154, 6, '2025-01-27 23:05:05', '2025-01-27 23:05:05'),
(171, 154, 7, '2025-01-27 23:05:05', '2025-01-27 23:05:05'),
(172, 155, 6, '2025-01-27 23:16:26', '2025-01-27 23:16:26'),
(173, 155, 9, '2025-01-27 23:16:26', '2025-01-27 23:16:26'),
(174, 156, 6, '2025-01-27 23:19:07', '2025-01-27 23:19:07'),
(175, 156, 7, '2025-01-27 23:19:07', '2025-01-27 23:19:07'),
(176, 157, 6, '2025-01-28 00:30:11', '2025-01-28 00:30:11'),
(177, 157, 14, '2025-01-28 00:30:11', '2025-01-28 00:30:11'),
(178, 158, 6, '2025-01-28 02:54:48', '2025-01-28 02:54:48'),
(179, 158, 9, '2025-01-28 02:54:48', '2025-01-28 02:54:48'),
(180, 159, 6, '2025-01-28 03:04:28', '2025-01-28 03:04:28'),
(181, 159, 9, '2025-01-28 03:04:28', '2025-01-28 03:04:28'),
(182, 160, 6, '2025-01-28 04:27:10', '2025-01-28 04:27:10'),
(183, 160, 14, '2025-01-28 04:27:10', '2025-01-28 04:27:10'),
(184, 161, 6, '2025-01-28 07:38:46', '2025-01-28 07:38:46'),
(185, 161, 7, '2025-01-28 07:38:46', '2025-01-28 07:38:46'),
(186, 162, 6, '2025-01-28 07:44:15', '2025-01-28 07:44:15'),
(187, 162, 7, '2025-01-28 07:44:15', '2025-01-28 07:44:15'),
(188, 163, 6, '2025-01-30 04:49:39', '2025-01-30 04:49:39'),
(189, 163, 9, '2025-01-30 04:49:39', '2025-01-30 04:49:39'),
(190, 164, 6, '2025-01-30 22:39:03', '2025-01-30 22:39:03'),
(191, 164, 14, '2025-01-30 22:39:03', '2025-01-30 22:39:03'),
(192, 165, 6, '2025-01-30 22:58:14', '2025-01-30 22:58:14'),
(193, 165, 13, '2025-01-30 22:58:14', '2025-01-30 22:58:14'),
(194, 166, 6, '2025-01-30 23:16:25', '2025-01-30 23:16:25'),
(195, 166, 14, '2025-01-30 23:16:25', '2025-01-30 23:16:25'),
(196, 167, 6, '2025-01-30 23:23:42', '2025-01-30 23:23:42'),
(197, 167, 14, '2025-01-30 23:23:42', '2025-01-30 23:23:42'),
(202, 170, 6, '2025-02-04 04:14:31', '2025-02-04 04:14:31'),
(203, 170, 14, '2025-02-04 04:14:31', '2025-02-04 04:14:31'),
(204, 171, 6, '2025-02-04 05:22:09', '2025-02-04 05:22:09'),
(205, 171, 7, '2025-02-04 05:22:09', '2025-02-04 05:22:09'),
(206, 172, 6, '2025-02-10 21:46:42', '2025-02-10 21:46:42'),
(207, 172, 9, '2025-02-10 21:46:42', '2025-02-10 21:46:42'),
(208, 173, 6, '2025-02-10 21:52:32', '2025-02-10 21:52:32'),
(209, 173, 9, '2025-02-10 21:52:32', '2025-02-10 21:52:32'),
(210, 174, 6, '2025-02-10 22:00:33', '2025-02-10 22:00:33'),
(211, 174, 14, '2025-02-10 22:00:33', '2025-02-10 22:00:33'),
(212, 175, 6, '2025-02-10 22:32:53', '2025-02-10 22:32:53'),
(213, 175, 9, '2025-02-10 22:32:53', '2025-02-10 22:32:53'),
(214, 176, 6, '2025-02-10 23:01:49', '2025-02-10 23:01:49'),
(215, 176, 9, '2025-02-10 23:01:49', '2025-02-10 23:01:49'),
(216, 177, 6, '2025-02-12 00:05:43', '2025-02-12 00:05:43'),
(217, 177, 9, '2025-02-12 00:05:43', '2025-02-12 00:05:43'),
(218, 178, 6, '2025-02-13 02:22:17', '2025-02-13 02:22:17'),
(219, 178, 13, '2025-02-13 02:22:17', '2025-02-13 02:22:17'),
(220, 179, 6, '2025-02-13 02:26:29', '2025-02-13 02:26:29'),
(221, 179, 7, '2025-02-13 02:26:29', '2025-02-13 02:26:29'),
(222, 180, 6, '2025-02-13 02:32:03', '2025-02-13 02:32:03'),
(223, 180, 7, '2025-02-13 02:32:03', '2025-02-13 02:32:03'),
(224, 181, 6, '2025-02-13 02:38:21', '2025-02-13 02:38:21'),
(225, 181, 14, '2025-02-13 02:38:21', '2025-02-13 02:38:21'),
(226, 182, 6, '2025-02-18 03:04:42', '2025-02-18 03:04:42'),
(227, 182, 7, '2025-02-18 03:04:42', '2025-02-18 03:04:42'),
(228, 183, 6, '2025-02-18 03:18:22', '2025-02-18 03:18:22'),
(229, 183, 7, '2025-02-18 03:18:22', '2025-02-18 03:18:22'),
(230, 184, 6, '2025-02-18 03:22:07', '2025-02-18 03:22:07'),
(231, 184, 13, '2025-02-18 03:22:07', '2025-02-18 03:22:07'),
(232, 185, 6, '2025-02-19 02:09:19', '2025-02-19 02:09:19'),
(233, 185, 7, '2025-02-19 02:09:19', '2025-02-19 02:09:19'),
(234, 186, 6, '2025-02-19 02:24:27', '2025-02-19 02:24:27'),
(235, 186, 7, '2025-02-19 02:24:27', '2025-02-19 02:24:27'),
(236, 187, 6, '2025-02-19 02:29:40', '2025-02-19 02:29:40'),
(237, 187, 7, '2025-02-19 02:29:40', '2025-02-19 02:29:40'),
(238, 188, 6, '2025-02-19 02:40:43', '2025-02-19 02:40:43'),
(239, 188, 14, '2025-02-19 02:40:43', '2025-02-19 02:40:43'),
(240, 189, 6, '2025-02-19 02:45:35', '2025-02-19 02:45:35'),
(241, 189, 14, '2025-02-19 02:45:35', '2025-02-19 02:45:35'),
(242, 190, 6, '2025-02-19 03:18:59', '2025-02-19 03:18:59'),
(243, 190, 14, '2025-02-19 03:18:59', '2025-02-19 03:18:59'),
(244, 191, 6, '2025-02-19 03:34:35', '2025-02-19 03:34:35'),
(245, 191, 14, '2025-02-19 03:34:35', '2025-02-19 03:34:35'),
(246, 192, 6, '2025-02-19 05:09:43', '2025-02-19 05:09:43'),
(247, 192, 7, '2025-02-19 05:09:43', '2025-02-19 05:09:43'),
(248, 193, 6, '2025-02-20 03:11:13', '2025-02-20 03:11:13'),
(249, 193, 7, '2025-02-20 03:11:13', '2025-02-20 03:11:13'),
(250, 194, 6, '2025-02-20 04:04:02', '2025-02-20 04:04:02'),
(251, 194, 7, '2025-02-20 04:04:02', '2025-02-20 04:04:02'),
(252, 195, 6, '2025-02-20 04:42:26', '2025-02-20 04:42:26'),
(253, 195, 9, '2025-02-20 04:42:26', '2025-02-20 04:42:26'),
(254, 196, 6, '2025-02-20 04:52:37', '2025-02-20 04:52:37'),
(255, 196, 14, '2025-02-20 04:52:37', '2025-02-20 04:52:37'),
(256, 197, 6, '2025-02-20 04:57:22', '2025-02-20 04:57:22'),
(257, 197, 14, '2025-02-20 04:57:22', '2025-02-20 04:57:22'),
(258, 198, 6, '2025-02-20 22:28:01', '2025-02-20 22:28:01'),
(259, 198, 7, '2025-02-20 22:28:01', '2025-02-20 22:28:01'),
(260, 199, 6, '2025-02-20 22:29:47', '2025-02-20 22:29:47'),
(261, 199, 7, '2025-02-20 22:29:47', '2025-02-20 22:29:47'),
(262, 200, 6, '2025-02-20 22:57:55', '2025-02-20 22:57:55'),
(263, 200, 7, '2025-02-20 22:57:55', '2025-02-20 22:57:55'),
(264, 201, 6, '2025-02-20 23:09:25', '2025-02-20 23:09:25'),
(265, 201, 7, '2025-02-20 23:09:25', '2025-02-20 23:09:25');

-- --------------------------------------------------------

--
-- Estructura de tabla para la tabla `cotizacion_has_numeraciones`
--

CREATE TABLE `cotizacion_has_numeraciones` (
  `id` bigint(20) UNSIGNED NOT NULL,
  `idCotizacion` bigint(20) UNSIGNED NOT NULL,
  `idNumeracion` bigint(20) UNSIGNED NOT NULL,
  `cantidad` bigint(20) UNSIGNED NOT NULL,
  `created_at` timestamp NULL DEFAULT NULL,
  `updated_at` timestamp NULL DEFAULT NULL
) ENGINE=InnoDB DEFAULT CHARSET=utf8mb4 COLLATE=utf8mb4_unicode_ci;

--
-- Volcado de datos para la tabla `cotizacion_has_numeraciones`
--

INSERT INTO `cotizacion_has_numeraciones` (`id`, `idCotizacion`, `idNumeracion`, `cantidad`, `created_at`, `updated_at`) VALUES
(207, 125, 26, 10, '2024-11-15 01:49:41', '2024-11-15 01:49:41'),
(208, 125, 27, 20, '2024-11-15 01:49:41', '2024-11-15 01:49:41'),
(209, 125, 28, 20, '2024-11-15 01:49:41', '2024-11-15 01:49:41'),
(210, 125, 29, 10, '2024-11-15 01:49:41', '2024-11-15 01:49:41'),
(211, 125, 30, 5, '2024-11-15 01:49:41', '2024-11-15 01:49:41'),
(212, 127, 26, 10, '2024-11-15 05:25:18', '2024-11-15 05:25:18'),
(213, 127, 27, 20, '2024-11-15 05:25:18', '2024-11-15 05:25:18'),
(214, 127, 28, 20, '2024-11-15 05:25:18', '2024-11-15 05:25:18'),
(215, 127, 29, 10, '2024-11-15 05:25:18', '2024-11-15 05:25:18'),
(216, 127, 30, 5, '2024-11-15 05:25:18', '2024-11-15 05:25:18'),
(217, 128, 26, 3, '2024-11-20 04:55:16', '2024-11-20 04:55:16'),
(218, 128, 27, 9, '2024-11-20 04:55:16', '2024-11-20 04:55:16'),
(219, 128, 28, 9, '2024-11-20 04:55:16', '2024-11-20 04:55:16'),
(220, 128, 29, 6, '2024-11-20 04:55:16', '2024-11-20 04:55:16'),
(221, 128, 30, 3, '2024-11-20 04:55:16', '2024-11-20 04:55:16'),
(222, 129, 24, 2, '2024-11-20 05:27:25', '2024-11-20 05:27:25'),
(223, 129, 25, 5, '2024-11-20 05:27:25', '2024-11-20 05:27:25'),
(224, 129, 26, 1, '2024-11-20 05:27:25', '2024-11-20 05:27:25'),
(225, 129, 27, 10, '2024-11-20 05:27:25', '2024-11-20 05:27:25'),
(226, 129, 28, 15, '2024-11-20 05:27:25', '2024-11-20 05:27:25'),
(227, 129, 29, 15, '2024-11-20 05:27:25', '2024-11-20 05:27:25'),
(228, 129, 30, 10, '2024-11-20 05:27:25', '2024-11-20 05:27:25'),
(229, 129, 31, 5, '2024-11-20 05:27:25', '2024-11-20 05:27:25'),
(230, 129, 32, 2, '2024-11-20 05:27:25', '2024-11-20 05:27:25'),
(231, 129, 33, 1, '2024-11-20 05:27:25', '2024-11-20 05:27:25'),
(232, 130, 24, 5, '2024-11-30 04:39:18', '2024-11-30 04:39:18'),
(233, 130, 25, 5, '2024-11-30 04:39:18', '2024-11-30 04:39:18'),
(234, 130, 26, 10, '2024-11-30 04:39:18', '2024-11-30 04:39:18'),
(235, 130, 27, 15, '2024-11-30 04:39:18', '2024-11-30 04:39:18'),
(236, 130, 28, 20, '2024-11-30 04:39:18', '2024-11-30 04:39:18'),
(237, 130, 29, 15, '2024-11-30 04:39:18', '2024-11-30 04:39:18'),
(238, 130, 30, 20, '2024-11-30 04:39:18', '2024-11-30 04:39:18'),
(239, 130, 31, 10, '2024-11-30 04:39:18', '2024-11-30 04:39:18'),
(240, 130, 32, 5, '2024-11-30 04:39:18', '2024-11-30 04:39:18'),
(241, 130, 33, 5, '2024-11-30 04:39:18', '2024-11-30 04:39:18'),
(242, 131, 26, 10, '2024-11-30 04:39:18', '2024-11-30 04:39:18'),
(243, 131, 27, 20, '2024-11-30 04:39:18', '2024-11-30 04:39:18'),
(244, 131, 28, 20, '2024-11-30 04:39:18', '2024-11-30 04:39:18'),
(245, 131, 29, 10, '2024-11-30 04:39:18', '2024-11-30 04:39:18'),
(246, 131, 30, 5, '2024-11-30 04:39:18', '2024-11-30 04:39:18'),
(247, 132, 24, 0, '2024-12-02 23:30:20', '2024-12-02 23:30:20'),
(248, 132, 25, 0, '2024-12-02 23:30:20', '2024-12-02 23:30:20'),
(249, 132, 26, 0, '2024-12-02 23:30:20', '2024-12-02 23:30:20'),
(250, 132, 27, 3, '2024-12-02 23:30:20', '2024-12-02 23:30:20'),
(251, 132, 28, 4, '2024-12-02 23:30:20', '2024-12-02 23:30:20'),
(252, 132, 29, 3, '2024-12-02 23:30:20', '2024-12-02 23:30:20'),
(253, 132, 30, 2, '2024-12-02 23:30:20', '2024-12-02 23:30:20'),
(254, 133, 24, 0, '2024-12-03 05:25:10', '2024-12-03 05:25:10'),
(255, 133, 25, 0, '2024-12-03 05:25:10', '2024-12-03 05:25:10'),
(256, 133, 26, 0, '2024-12-03 05:25:10', '2024-12-03 05:25:10'),
(257, 133, 27, 3, '2024-12-03 05:25:10', '2024-12-03 05:25:10'),
(258, 133, 28, 4, '2024-12-03 05:25:10', '2024-12-03 05:25:10'),
(259, 133, 29, 3, '2024-12-03 05:25:10', '2024-12-03 05:25:10'),
(260, 133, 30, 2, '2024-12-03 05:25:10', '2024-12-03 05:25:10'),
(261, 134, 24, 25, '2025-01-20 23:34:45', '2025-01-20 23:34:45'),
(262, 134, 25, 50, '2025-01-20 23:34:45', '2025-01-20 23:34:45'),
(263, 134, 26, 50, '2025-01-20 23:34:45', '2025-01-20 23:34:45'),
(264, 134, 27, 60, '2025-01-20 23:34:45', '2025-01-20 23:34:45'),
(265, 134, 28, 80, '2025-01-20 23:34:45', '2025-01-20 23:34:45'),
(266, 134, 29, 60, '2025-01-20 23:34:45', '2025-01-20 23:34:45'),
(267, 134, 30, 24, '2025-01-20 23:34:45', '2025-01-20 23:34:45'),
(268, 134, 31, 5, '2025-01-20 23:34:45', '2025-01-20 23:34:45'),
(269, 134, 32, 2, '2025-01-20 23:34:45', '2025-01-20 23:34:45'),
(270, 134, 33, 0, '2025-01-20 23:34:45', '2025-01-20 23:34:45'),
(271, 138, 23, 0, '2025-01-21 06:11:22', '2025-01-21 06:11:22'),
(272, 138, 24, 0, '2025-01-21 06:11:22', '2025-01-21 06:11:22'),
(273, 138, 25, 0, '2025-01-21 06:11:22', '2025-01-21 06:11:22'),
(274, 138, 26, 6, '2025-01-21 06:11:22', '2025-01-21 06:11:22'),
(275, 138, 27, 6, '2025-01-21 06:11:22', '2025-01-21 06:11:22'),
(276, 138, 28, 6, '2025-01-21 06:11:22', '2025-01-21 06:11:22'),
(277, 138, 29, 6, '2025-01-21 06:11:22', '2025-01-21 06:11:22'),
(278, 138, 30, 0, '2025-01-21 06:11:22', '2025-01-21 06:11:22'),
(279, 137, 24, 15, '2025-01-21 06:11:22', '2025-01-21 06:11:22'),
(280, 137, 25, 20, '2025-01-21 06:11:22', '2025-01-21 06:11:22'),
(281, 137, 26, 15, '2025-01-21 06:11:22', '2025-01-21 06:11:22'),
(282, 137, 27, 6, '2025-01-21 06:11:22', '2025-01-21 06:11:22'),
(283, 137, 28, 0, '2025-01-21 06:11:22', '2025-01-21 06:11:22'),
(284, 137, 29, 0, '2025-01-21 06:11:22', '2025-01-21 06:11:22'),
(285, 137, 30, 0, '2025-01-21 06:11:22', '2025-01-21 06:11:22'),
(286, 135, 23, 0, '2025-01-21 06:11:22', '2025-01-21 06:11:22'),
(287, 135, 24, 0, '2025-01-21 06:11:22', '2025-01-21 06:11:22'),
(288, 135, 25, 0, '2025-01-21 06:11:22', '2025-01-21 06:11:22'),
(289, 135, 26, 0, '2025-01-21 06:11:22', '2025-01-21 06:11:22'),
(290, 135, 27, 15, '2025-01-21 06:11:22', '2025-01-21 06:11:22'),
(291, 135, 28, 40, '2025-01-21 06:11:22', '2025-01-21 06:11:22'),
(292, 135, 29, 40, '2025-01-21 06:11:22', '2025-01-21 06:11:22'),
(293, 135, 30, 20, '2025-01-21 06:11:22', '2025-01-21 06:11:22'),
(294, 136, 23, 0, '2025-01-21 06:11:22', '2025-01-21 06:11:22'),
(295, 136, 24, 0, '2025-01-21 06:11:22', '2025-01-21 06:11:22'),
(296, 136, 25, 0, '2025-01-21 06:11:22', '2025-01-21 06:11:22'),
(297, 136, 26, 0, '2025-01-21 06:11:22', '2025-01-21 06:11:22'),
(298, 136, 27, 0, '2025-01-21 06:11:22', '2025-01-21 06:11:22'),
(299, 136, 28, 0, '2025-01-21 06:11:22', '2025-01-21 06:11:22'),
(300, 136, 29, 10, '2025-01-21 06:11:22', '2025-01-21 06:11:22'),
(301, 136, 30, 10, '2025-01-21 06:11:22', '2025-01-21 06:11:22'),
(302, 139, 23, 0, '2025-01-22 05:06:43', '2025-01-22 05:06:43'),
(303, 139, 24, 0, '2025-01-22 05:06:43', '2025-01-22 05:06:43'),
(304, 139, 25, 0, '2025-01-22 05:06:43', '2025-01-22 05:06:43'),
(305, 139, 26, 0, '2025-01-22 05:06:43', '2025-01-22 05:06:43'),
(306, 139, 27, 15, '2025-01-22 05:06:43', '2025-01-22 05:06:43'),
(307, 139, 28, 40, '2025-01-22 05:06:43', '2025-01-22 05:06:43'),
(308, 139, 29, 40, '2025-01-22 05:06:43', '2025-01-22 05:06:43'),
(309, 139, 30, 20, '2025-01-22 05:06:43', '2025-01-22 05:06:43'),
(310, 140, 23, 0, '2025-01-22 05:06:43', '2025-01-22 05:06:43'),
(311, 140, 24, 0, '2025-01-22 05:06:43', '2025-01-22 05:06:43'),
(312, 140, 25, 0, '2025-01-22 05:06:43', '2025-01-22 05:06:43'),
(313, 140, 26, 0, '2025-01-22 05:06:43', '2025-01-22 05:06:43'),
(314, 140, 27, 0, '2025-01-22 05:06:43', '2025-01-22 05:06:43'),
(315, 140, 28, 0, '2025-01-22 05:06:43', '2025-01-22 05:06:43'),
(316, 140, 29, 10, '2025-01-22 05:06:43', '2025-01-22 05:06:43'),
(317, 140, 30, 10, '2025-01-22 05:06:43', '2025-01-22 05:06:43'),
(318, 141, 23, 0, '2025-01-22 05:22:15', '2025-01-22 05:22:15'),
(319, 141, 24, 0, '2025-01-22 05:22:15', '2025-01-22 05:22:15'),
(320, 141, 25, 0, '2025-01-22 05:22:15', '2025-01-22 05:22:15'),
(321, 141, 26, 0, '2025-01-22 05:22:15', '2025-01-22 05:22:15'),
(322, 141, 27, 15, '2025-01-22 05:22:15', '2025-01-22 05:22:15'),
(323, 141, 28, 40, '2025-01-22 05:22:15', '2025-01-22 05:22:15'),
(324, 141, 29, 40, '2025-01-22 05:22:15', '2025-01-22 05:22:15'),
(325, 141, 30, 20, '2025-01-22 05:22:16', '2025-01-22 05:22:16'),
(326, 142, 23, 0, '2025-01-22 05:22:16', '2025-01-22 05:22:16'),
(327, 142, 24, 0, '2025-01-22 05:22:16', '2025-01-22 05:22:16'),
(328, 142, 25, 0, '2025-01-22 05:22:16', '2025-01-22 05:22:16'),
(329, 142, 26, 0, '2025-01-22 05:22:16', '2025-01-22 05:22:16'),
(330, 142, 27, 0, '2025-01-22 05:22:16', '2025-01-22 05:22:16'),
(331, 142, 28, 0, '2025-01-22 05:22:16', '2025-01-22 05:22:16'),
(332, 142, 29, 10, '2025-01-22 05:22:16', '2025-01-22 05:22:16'),
(333, 142, 30, 10, '2025-01-22 05:22:16', '2025-01-22 05:22:16'),
(334, 143, 23, 0, '2025-01-22 05:32:21', '2025-01-22 05:32:21'),
(335, 143, 24, 0, '2025-01-22 05:32:21', '2025-01-22 05:32:21'),
(336, 143, 25, 0, '2025-01-22 05:32:21', '2025-01-22 05:32:21'),
(337, 143, 26, 0, '2025-01-22 05:32:21', '2025-01-22 05:32:21'),
(338, 143, 27, 15, '2025-01-22 05:32:21', '2025-01-22 05:32:21'),
(339, 143, 28, 40, '2025-01-22 05:32:21', '2025-01-22 05:32:21'),
(340, 143, 29, 40, '2025-01-22 05:32:21', '2025-01-22 05:32:21'),
(341, 143, 30, 20, '2025-01-22 05:32:21', '2025-01-22 05:32:21'),
(342, 144, 23, 0, '2025-01-22 05:32:21', '2025-01-22 05:32:21'),
(343, 144, 24, 0, '2025-01-22 05:32:21', '2025-01-22 05:32:21'),
(344, 144, 25, 0, '2025-01-22 05:32:21', '2025-01-22 05:32:21'),
(345, 144, 26, 0, '2025-01-22 05:32:21', '2025-01-22 05:32:21'),
(346, 144, 27, 0, '2025-01-22 05:32:21', '2025-01-22 05:32:21'),
(347, 144, 28, 0, '2025-01-22 05:32:21', '2025-01-22 05:32:21'),
(348, 144, 29, 10, '2025-01-22 05:32:21', '2025-01-22 05:32:21'),
(349, 144, 30, 10, '2025-01-22 05:32:21', '2025-01-22 05:32:21'),
(350, 146, 23, 4, '2025-01-27 21:50:49', '2025-01-27 21:50:49'),
(351, 146, 24, 25, '2025-01-27 21:50:49', '2025-01-27 21:50:49'),
(352, 146, 25, 50, '2025-01-27 21:50:49', '2025-01-27 21:50:49'),
(353, 146, 26, 50, '2025-01-27 21:50:49', '2025-01-27 21:50:49'),
(354, 146, 27, 60, '2025-01-27 21:50:49', '2025-01-27 21:50:49'),
(355, 146, 28, 80, '2025-01-27 21:50:49', '2025-01-27 21:50:49'),
(356, 146, 29, 60, '2025-01-27 21:50:49', '2025-01-27 21:50:49'),
(357, 146, 30, 24, '2025-01-27 21:50:49', '2025-01-27 21:50:49'),
(358, 146, 31, 5, '2025-01-27 21:50:49', '2025-01-27 21:50:49'),
(359, 146, 32, 2, '2025-01-27 21:50:49', '2025-01-27 21:50:49'),
(360, 146, 33, 0, '2025-01-27 21:50:49', '2025-01-27 21:50:49'),
(361, 147, 23, 4, '2025-01-27 21:50:49', '2025-01-27 21:50:49'),
(362, 147, 24, 25, '2025-01-27 21:50:49', '2025-01-27 21:50:49'),
(363, 147, 25, 50, '2025-01-27 21:50:49', '2025-01-27 21:50:49'),
(364, 147, 26, 50, '2025-01-27 21:50:49', '2025-01-27 21:50:49'),
(365, 147, 27, 60, '2025-01-27 21:50:49', '2025-01-27 21:50:49'),
(366, 147, 28, 80, '2025-01-27 21:50:49', '2025-01-27 21:50:49'),
(367, 147, 29, 60, '2025-01-27 21:50:49', '2025-01-27 21:50:49'),
(368, 147, 30, 24, '2025-01-27 21:50:49', '2025-01-27 21:50:49'),
(369, 147, 31, 5, '2025-01-27 21:50:49', '2025-01-27 21:50:49'),
(370, 147, 32, 2, '2025-01-27 21:50:49', '2025-01-27 21:50:49'),
(371, 147, 33, 0, '2025-01-27 21:50:49', '2025-01-27 21:50:49'),
(372, 148, 23, 4, '2025-01-27 21:50:49', '2025-01-27 21:50:49'),
(373, 148, 24, 25, '2025-01-27 21:50:49', '2025-01-27 21:50:49'),
(374, 148, 25, 50, '2025-01-27 21:50:49', '2025-01-27 21:50:49'),
(375, 148, 26, 50, '2025-01-27 21:50:49', '2025-01-27 21:50:49'),
(376, 148, 27, 60, '2025-01-27 21:50:49', '2025-01-27 21:50:49'),
(377, 148, 28, 80, '2025-01-27 21:50:49', '2025-01-27 21:50:49'),
(378, 148, 29, 60, '2025-01-27 21:50:49', '2025-01-27 21:50:49'),
(379, 148, 30, 24, '2025-01-27 21:50:49', '2025-01-27 21:50:49'),
(380, 148, 31, 5, '2025-01-27 21:50:49', '2025-01-27 21:50:49'),
(381, 148, 32, 2, '2025-01-27 21:50:49', '2025-01-27 21:50:49'),
(382, 148, 33, 0, '2025-01-27 21:50:49', '2025-01-27 21:50:49'),
(383, 149, 23, 4, '2025-01-27 21:50:49', '2025-01-27 21:50:49'),
(384, 149, 24, 25, '2025-01-27 21:50:49', '2025-01-27 21:50:49'),
(385, 149, 25, 50, '2025-01-27 21:50:49', '2025-01-27 21:50:49'),
(386, 149, 26, 50, '2025-01-27 21:50:49', '2025-01-27 21:50:49'),
(387, 149, 27, 60, '2025-01-27 21:50:49', '2025-01-27 21:50:49'),
(388, 149, 28, 80, '2025-01-27 21:50:49', '2025-01-27 21:50:49'),
(389, 149, 29, 60, '2025-01-27 21:50:49', '2025-01-27 21:50:49'),
(390, 149, 30, 24, '2025-01-27 21:50:49', '2025-01-27 21:50:49'),
(391, 149, 31, 5, '2025-01-27 21:50:49', '2025-01-27 21:50:49'),
(392, 149, 32, 2, '2025-01-27 21:50:49', '2025-01-27 21:50:49'),
(393, 149, 33, 0, '2025-01-27 21:50:49', '2025-01-27 21:50:49'),
(394, 155, 23, 0, '2025-01-27 23:24:18', '2025-01-27 23:24:18'),
(395, 155, 24, 0, '2025-01-27 23:24:18', '2025-01-27 23:24:18'),
(396, 155, 25, 6, '2025-01-27 23:24:18', '2025-01-27 23:24:18'),
(397, 155, 26, 6, '2025-01-27 23:24:18', '2025-01-27 23:24:18'),
(398, 155, 27, 6, '2025-01-27 23:24:18', '2025-01-27 23:24:18'),
(399, 155, 28, 6, '2025-01-27 23:24:18', '2025-01-27 23:24:18'),
(400, 155, 29, 0, '2025-01-27 23:24:18', '2025-01-27 23:24:18'),
(401, 155, 30, 0, '2025-01-27 23:24:18', '2025-01-27 23:24:18'),
(402, 153, 24, 15, '2025-01-27 23:24:18', '2025-01-27 23:24:18'),
(403, 153, 25, 20, '2025-01-27 23:24:18', '2025-01-27 23:24:18'),
(404, 153, 26, 15, '2025-01-27 23:24:18', '2025-01-27 23:24:18'),
(405, 153, 27, 6, '2025-01-27 23:24:18', '2025-01-27 23:24:18'),
(406, 153, 28, 0, '2025-01-27 23:24:18', '2025-01-27 23:24:18'),
(407, 153, 29, 0, '2025-01-27 23:24:18', '2025-01-27 23:24:18'),
(408, 153, 30, 0, '2025-01-27 23:24:18', '2025-01-27 23:24:18'),
(409, 156, 23, 0, '2025-01-27 23:24:18', '2025-01-27 23:24:18'),
(410, 156, 24, 0, '2025-01-27 23:24:18', '2025-01-27 23:24:18'),
(411, 156, 25, 0, '2025-01-27 23:24:18', '2025-01-27 23:24:18'),
(412, 156, 26, 6, '2025-01-27 23:24:18', '2025-01-27 23:24:18'),
(413, 156, 27, 6, '2025-01-27 23:24:18', '2025-01-27 23:24:18'),
(414, 156, 28, 15, '2025-01-27 23:24:18', '2025-01-27 23:24:18'),
(415, 156, 29, 0, '2025-01-27 23:24:18', '2025-01-27 23:24:18'),
(416, 156, 30, 0, '2025-01-27 23:24:18', '2025-01-27 23:24:18'),
(417, 150, 23, 0, '2025-01-27 23:24:18', '2025-01-27 23:24:18'),
(418, 150, 24, 0, '2025-01-27 23:24:18', '2025-01-27 23:24:18'),
(419, 150, 25, 0, '2025-01-27 23:24:18', '2025-01-27 23:24:18'),
(420, 150, 26, 0, '2025-01-27 23:24:18', '2025-01-27 23:24:18'),
(421, 150, 27, 15, '2025-01-27 23:24:19', '2025-01-27 23:24:19'),
(422, 150, 28, 40, '2025-01-27 23:24:19', '2025-01-27 23:24:19'),
(423, 150, 29, 40, '2025-01-27 23:24:19', '2025-01-27 23:24:19'),
(424, 150, 30, 20, '2025-01-27 23:24:19', '2025-01-27 23:24:19'),
(425, 151, 23, 0, '2025-01-27 23:24:19', '2025-01-27 23:24:19'),
(426, 151, 24, 0, '2025-01-27 23:24:19', '2025-01-27 23:24:19'),
(427, 151, 25, 0, '2025-01-27 23:24:19', '2025-01-27 23:24:19'),
(428, 151, 26, 0, '2025-01-27 23:24:19', '2025-01-27 23:24:19'),
(429, 151, 27, 0, '2025-01-27 23:24:19', '2025-01-27 23:24:19'),
(430, 151, 28, 0, '2025-01-27 23:24:19', '2025-01-27 23:24:19'),
(431, 151, 29, 10, '2025-01-27 23:24:19', '2025-01-27 23:24:19'),
(432, 151, 30, 10, '2025-01-27 23:24:19', '2025-01-27 23:24:19'),
(433, 154, 24, 6, '2025-01-27 23:24:19', '2025-01-27 23:24:19'),
(434, 154, 25, 6, '2025-01-27 23:24:19', '2025-01-27 23:24:19'),
(435, 154, 26, 6, '2025-01-27 23:24:19', '2025-01-27 23:24:19'),
(436, 154, 27, 0, '2025-01-27 23:24:19', '2025-01-27 23:24:19'),
(437, 154, 28, 15, '2025-01-27 23:24:19', '2025-01-27 23:24:19'),
(438, 154, 29, 15, '2025-01-27 23:24:19', '2025-01-27 23:24:19'),
(439, 154, 30, 0, '2025-01-27 23:24:19', '2025-01-27 23:24:19'),
(440, 157, 24, 0, '2025-01-28 00:32:17', '2025-01-28 00:32:17'),
(441, 157, 25, 0, '2025-01-28 00:32:17', '2025-01-28 00:32:17'),
(442, 157, 26, 0, '2025-01-28 00:32:17', '2025-01-28 00:32:17'),
(443, 157, 27, 6, '2025-01-28 00:32:17', '2025-01-28 00:32:17'),
(444, 157, 28, 6, '2025-01-28 00:32:17', '2025-01-28 00:32:17'),
(445, 157, 29, 6, '2025-01-28 00:32:17', '2025-01-28 00:32:17'),
(446, 157, 30, 6, '2025-01-28 00:32:17', '2025-01-28 00:32:17'),
(447, 157, 31, 0, '2025-01-28 00:32:17', '2025-01-28 00:32:17'),
(448, 157, 32, 0, '2025-01-28 00:32:17', '2025-01-28 00:32:17'),
(449, 158, 23, 0, '2025-01-28 03:08:43', '2025-01-28 03:08:43'),
(450, 158, 24, 0, '2025-01-28 03:08:43', '2025-01-28 03:08:43'),
(451, 158, 25, 0, '2025-01-28 03:08:43', '2025-01-28 03:08:43'),
(452, 158, 26, 0, '2025-01-28 03:08:43', '2025-01-28 03:08:43'),
(453, 158, 27, 5, '2025-01-28 03:08:43', '2025-01-28 03:08:43'),
(454, 158, 28, 0, '2025-01-28 03:08:43', '2025-01-28 03:08:43'),
(455, 158, 29, 0, '2025-01-28 03:08:43', '2025-01-28 03:08:43'),
(456, 158, 30, 5, '2025-01-28 03:08:43', '2025-01-28 03:08:43'),
(457, 159, 23, 1, '2025-01-28 03:08:43', '2025-01-28 03:08:43'),
(458, 159, 24, 14, '2025-01-28 03:08:43', '2025-01-28 03:08:43'),
(459, 159, 25, 9, '2025-01-28 03:08:43', '2025-01-28 03:08:43'),
(460, 159, 26, 6, '2025-01-28 03:08:43', '2025-01-28 03:08:43'),
(461, 159, 27, 8, '2025-01-28 03:08:43', '2025-01-28 03:08:43'),
(462, 159, 28, 8, '2025-01-28 03:08:43', '2025-01-28 03:08:43'),
(463, 159, 29, 6, '2025-01-28 03:08:43', '2025-01-28 03:08:43'),
(464, 159, 30, 0, '2025-01-28 03:08:43', '2025-01-28 03:08:43'),
(465, 160, 24, 2, '2025-01-28 04:28:40', '2025-01-28 04:28:40'),
(466, 160, 25, 2, '2025-01-28 04:28:40', '2025-01-28 04:28:40'),
(467, 160, 26, 4, '2025-01-28 04:28:40', '2025-01-28 04:28:40'),
(468, 160, 27, 4, '2025-01-28 04:28:40', '2025-01-28 04:28:40'),
(469, 160, 28, 4, '2025-01-28 04:28:40', '2025-01-28 04:28:40'),
(470, 160, 29, 4, '2025-01-28 04:28:40', '2025-01-28 04:28:40'),
(471, 160, 30, 2, '2025-01-28 04:28:40', '2025-01-28 04:28:40'),
(472, 160, 31, 2, '2025-01-28 04:28:40', '2025-01-28 04:28:40'),
(473, 160, 32, 0, '2025-01-28 04:28:40', '2025-01-28 04:28:40'),
(474, 161, 22, 0, '2025-01-28 07:39:23', '2025-01-28 07:39:23'),
(475, 161, 23, 0, '2025-01-28 07:39:23', '2025-01-28 07:39:23'),
(476, 161, 24, 10, '2025-01-28 07:39:23', '2025-01-28 07:39:23'),
(477, 161, 25, 10, '2025-01-28 07:39:23', '2025-01-28 07:39:23'),
(478, 161, 26, 10, '2025-01-28 07:39:23', '2025-01-28 07:39:23'),
(479, 161, 27, 10, '2025-01-28 07:39:23', '2025-01-28 07:39:23'),
(480, 161, 28, 10, '2025-01-28 07:39:23', '2025-01-28 07:39:23'),
(481, 161, 29, 0, '2025-01-28 07:39:23', '2025-01-28 07:39:23'),
(482, 161, 30, 0, '2025-01-28 07:39:23', '2025-01-28 07:39:23'),
(483, 161, 31, 0, '2025-01-28 07:39:23', '2025-01-28 07:39:23'),
(484, 162, 22, 0, '2025-01-28 07:44:52', '2025-01-28 07:44:52'),
(485, 162, 23, 0, '2025-01-28 07:44:52', '2025-01-28 07:44:52'),
(486, 162, 24, 10, '2025-01-28 07:44:52', '2025-01-28 07:44:52'),
(487, 162, 25, 10, '2025-01-28 07:44:52', '2025-01-28 07:44:52'),
(488, 162, 26, 10, '2025-01-28 07:44:52', '2025-01-28 07:44:52'),
(489, 162, 27, 10, '2025-01-28 07:44:52', '2025-01-28 07:44:52'),
(490, 162, 28, 10, '2025-01-28 07:44:52', '2025-01-28 07:44:52'),
(491, 162, 29, 0, '2025-01-28 07:44:52', '2025-01-28 07:44:52'),
(492, 162, 30, 0, '2025-01-28 07:44:52', '2025-01-28 07:44:52'),
(493, 162, 31, 0, '2025-01-28 07:44:52', '2025-01-28 07:44:52'),
(494, 164, 24, 0, '2025-01-30 23:01:16', '2025-01-30 23:01:16'),
(495, 164, 25, 2, '2025-01-30 23:01:16', '2025-01-30 23:01:16'),
(496, 164, 26, 0, '2025-01-30 23:01:16', '2025-01-30 23:01:16'),
(497, 164, 27, 0, '2025-01-30 23:01:16', '2025-01-30 23:01:16'),
(498, 164, 28, 15, '2025-01-30 23:01:16', '2025-01-30 23:01:16'),
(499, 164, 29, 15, '2025-01-30 23:01:16', '2025-01-30 23:01:16'),
(500, 164, 30, 0, '2025-01-30 23:01:16', '2025-01-30 23:01:16'),
(501, 164, 31, 0, '2025-01-30 23:01:16', '2025-01-30 23:01:16'),
(502, 164, 32, 0, '2025-01-30 23:01:16', '2025-01-30 23:01:16'),
(503, 165, 24, 0, '2025-01-30 23:01:16', '2025-01-30 23:01:16'),
(504, 165, 25, 0, '2025-01-30 23:01:16', '2025-01-30 23:01:16'),
(505, 165, 26, 0, '2025-01-30 23:01:16', '2025-01-30 23:01:16'),
(506, 165, 27, 0, '2025-01-30 23:01:16', '2025-01-30 23:01:16'),
(507, 165, 28, 6, '2025-01-30 23:01:16', '2025-01-30 23:01:16'),
(508, 165, 29, 6, '2025-01-30 23:01:16', '2025-01-30 23:01:16'),
(509, 165, 30, 4, '2025-01-30 23:01:16', '2025-01-30 23:01:16'),
(510, 166, 24, 0, '2025-01-30 23:24:22', '2025-01-30 23:24:22'),
(511, 166, 25, 0, '2025-01-30 23:24:22', '2025-01-30 23:24:22'),
(512, 166, 26, 0, '2025-01-30 23:24:22', '2025-01-30 23:24:22'),
(513, 166, 27, 0, '2025-01-30 23:24:22', '2025-01-30 23:24:22'),
(514, 166, 28, 2, '2025-01-30 23:24:22', '2025-01-30 23:24:22'),
(515, 166, 29, 2, '2025-01-30 23:24:22', '2025-01-30 23:24:22'),
(516, 166, 30, 0, '2025-01-30 23:24:22', '2025-01-30 23:24:22'),
(517, 166, 31, 0, '2025-01-30 23:24:22', '2025-01-30 23:24:22'),
(518, 166, 32, 0, '2025-01-30 23:24:22', '2025-01-30 23:24:22'),
(519, 167, 24, 0, '2025-01-30 23:24:22', '2025-01-30 23:24:22'),
(520, 167, 25, 0, '2025-01-30 23:24:22', '2025-01-30 23:24:22'),
(521, 167, 26, 0, '2025-01-30 23:24:22', '2025-01-30 23:24:22'),
(522, 167, 27, 0, '2025-01-30 23:24:22', '2025-01-30 23:24:22'),
(523, 167, 28, 1, '2025-01-30 23:24:22', '2025-01-30 23:24:22'),
(524, 167, 29, 0, '2025-01-30 23:24:22', '2025-01-30 23:24:22'),
(525, 167, 30, 0, '2025-01-30 23:24:22', '2025-01-30 23:24:22'),
(526, 167, 31, 0, '2025-01-30 23:24:22', '2025-01-30 23:24:22'),
(527, 167, 32, 0, '2025-01-30 23:24:22', '2025-01-30 23:24:22'),
(528, 170, 24, 0, '2025-02-04 04:16:26', '2025-02-04 04:16:26'),
(529, 170, 25, 2, '2025-02-04 04:16:26', '2025-02-04 04:16:26'),
(530, 170, 26, 2, '2025-02-04 04:16:26', '2025-02-04 04:16:26'),
(531, 170, 27, 5, '2025-02-04 04:16:26', '2025-02-04 04:16:26'),
(532, 170, 28, 10, '2025-02-04 04:16:26', '2025-02-04 04:16:26'),
(533, 170, 29, 5, '2025-02-04 04:16:26', '2025-02-04 04:16:26'),
(534, 170, 30, 0, '2025-02-04 04:16:26', '2025-02-04 04:16:26'),
(535, 170, 31, 0, '2025-02-04 04:16:26', '2025-02-04 04:16:26'),
(536, 170, 32, 0, '2025-02-04 04:16:26', '2025-02-04 04:16:26'),
(537, 171, 23, 0, '2025-02-04 05:22:54', '2025-02-04 05:22:54'),
(538, 171, 24, 0, '2025-02-04 05:22:54', '2025-02-04 05:22:54'),
(539, 171, 25, 1, '2025-02-04 05:22:54', '2025-02-04 05:22:54'),
(540, 171, 26, 0, '2025-02-04 05:22:54', '2025-02-04 05:22:54'),
(541, 171, 27, 2, '2025-02-04 05:22:54', '2025-02-04 05:22:54'),
(542, 171, 28, 12, '2025-02-04 05:22:54', '2025-02-04 05:22:54'),
(543, 171, 29, 0, '2025-02-04 05:22:54', '2025-02-04 05:22:54'),
(544, 171, 30, 0, '2025-02-04 05:22:54', '2025-02-04 05:22:54'),
(545, 172, 23, 2, '2025-02-10 22:02:26', '2025-02-10 22:02:26'),
(546, 172, 24, 2, '2025-02-10 22:02:26', '2025-02-10 22:02:26'),
(547, 172, 25, 2, '2025-02-10 22:02:26', '2025-02-10 22:02:26'),
(548, 172, 26, 2, '2025-02-10 22:02:26', '2025-02-10 22:02:26'),
(549, 172, 27, 2, '2025-02-10 22:02:26', '2025-02-10 22:02:26'),
(550, 172, 28, 2, '2025-02-10 22:02:26', '2025-02-10 22:02:26'),
(551, 172, 29, 0, '2025-02-10 22:02:26', '2025-02-10 22:02:26'),
(552, 172, 30, 0, '2025-02-10 22:02:26', '2025-02-10 22:02:26'),
(553, 173, 23, 0, '2025-02-10 22:02:26', '2025-02-10 22:02:26'),
(554, 173, 24, 1, '2025-02-10 22:02:26', '2025-02-10 22:02:26'),
(555, 173, 25, 0, '2025-02-10 22:02:26', '2025-02-10 22:02:26'),
(556, 173, 26, 3, '2025-02-10 22:02:26', '2025-02-10 22:02:26'),
(557, 173, 27, 4, '2025-02-10 22:02:26', '2025-02-10 22:02:26'),
(558, 173, 28, 4, '2025-02-10 22:02:26', '2025-02-10 22:02:26'),
(559, 173, 29, 0, '2025-02-10 22:02:26', '2025-02-10 22:02:26'),
(560, 173, 30, 0, '2025-02-10 22:02:26', '2025-02-10 22:02:26'),
(561, 174, 24, 0, '2025-02-10 22:02:26', '2025-02-10 22:02:26'),
(562, 174, 25, 0, '2025-02-10 22:02:26', '2025-02-10 22:02:26'),
(563, 174, 26, 0, '2025-02-10 22:02:26', '2025-02-10 22:02:26'),
(564, 174, 27, 2, '2025-02-10 22:02:26', '2025-02-10 22:02:26'),
(565, 174, 28, 2, '2025-02-10 22:02:26', '2025-02-10 22:02:26'),
(566, 174, 29, 2, '2025-02-10 22:02:26', '2025-02-10 22:02:26'),
(567, 174, 30, 2, '2025-02-10 22:02:26', '2025-02-10 22:02:26'),
(568, 174, 31, 2, '2025-02-10 22:02:26', '2025-02-10 22:02:26'),
(569, 174, 32, 2, '2025-02-10 22:02:26', '2025-02-10 22:02:26'),
(570, 175, 23, 10, '2025-02-10 23:06:21', '2025-02-10 23:06:21'),
(571, 175, 24, 10, '2025-02-10 23:06:21', '2025-02-10 23:06:21'),
(572, 175, 25, 10, '2025-02-10 23:06:21', '2025-02-10 23:06:21'),
(573, 175, 26, 10, '2025-02-10 23:06:21', '2025-02-10 23:06:21'),
(574, 175, 27, 10, '2025-02-10 23:06:21', '2025-02-10 23:06:21'),
(575, 175, 28, 10, '2025-02-10 23:06:21', '2025-02-10 23:06:21'),
(576, 175, 29, 10, '2025-02-10 23:06:21', '2025-02-10 23:06:21'),
(577, 175, 30, 0, '2025-02-10 23:06:21', '2025-02-10 23:06:21'),
(578, 176, 23, 10, '2025-02-10 23:06:21', '2025-02-10 23:06:21'),
(579, 176, 24, 10, '2025-02-10 23:06:21', '2025-02-10 23:06:21'),
(580, 176, 25, 10, '2025-02-10 23:06:21', '2025-02-10 23:06:21'),
(581, 176, 26, 10, '2025-02-10 23:06:21', '2025-02-10 23:06:21'),
(582, 176, 27, 10, '2025-02-10 23:06:21', '2025-02-10 23:06:21'),
(583, 176, 28, 10, '2025-02-10 23:06:21', '2025-02-10 23:06:21'),
(584, 176, 29, 10, '2025-02-10 23:06:21', '2025-02-10 23:06:21'),
(585, 176, 30, 0, '2025-02-10 23:06:21', '2025-02-10 23:06:21'),
(586, 181, 24, 1, '2025-02-13 02:41:02', '2025-02-13 02:41:02'),
(587, 181, 25, 2, '2025-02-13 02:41:02', '2025-02-13 02:41:02'),
(588, 181, 26, 0, '2025-02-13 02:41:02', '2025-02-13 02:41:02'),
(589, 181, 27, 0, '2025-02-13 02:41:02', '2025-02-13 02:41:02'),
(590, 181, 28, 0, '2025-02-13 02:41:02', '2025-02-13 02:41:02'),
(591, 181, 29, 0, '2025-02-13 02:41:02', '2025-02-13 02:41:02'),
(592, 181, 30, 0, '2025-02-13 02:41:02', '2025-02-13 02:41:02'),
(593, 181, 31, 0, '2025-02-13 02:41:02', '2025-02-13 02:41:02'),
(594, 181, 32, 0, '2025-02-13 02:41:02', '2025-02-13 02:41:02'),
(595, 179, 24, 0, '2025-02-13 02:41:02', '2025-02-13 02:41:02'),
(596, 179, 25, 2, '2025-02-13 02:41:02', '2025-02-13 02:41:02'),
(597, 179, 26, 2, '2025-02-13 02:41:02', '2025-02-13 02:41:02'),
(598, 179, 27, 4, '2025-02-13 02:41:02', '2025-02-13 02:41:02'),
(599, 179, 28, 5, '2025-02-13 02:41:02', '2025-02-13 02:41:02'),
(600, 179, 29, 4, '2025-02-13 02:41:02', '2025-02-13 02:41:02'),
(601, 179, 30, 0, '2025-02-13 02:41:02', '2025-02-13 02:41:02'),
(602, 179, 31, 0, '2025-02-13 02:41:02', '2025-02-13 02:41:02'),
(603, 179, 32, 0, '2025-02-13 02:41:02', '2025-02-13 02:41:02'),
(604, 180, 24, 1, '2025-02-13 02:41:02', '2025-02-13 02:41:02'),
(605, 180, 25, 0, '2025-02-13 02:41:02', '2025-02-13 02:41:02'),
(606, 180, 26, 0, '2025-02-13 02:41:02', '2025-02-13 02:41:02'),
(607, 180, 27, 4, '2025-02-13 02:41:02', '2025-02-13 02:41:02'),
(608, 180, 28, 5, '2025-02-13 02:41:02', '2025-02-13 02:41:02'),
(609, 180, 29, 4, '2025-02-13 02:41:02', '2025-02-13 02:41:02'),
(610, 180, 30, 0, '2025-02-13 02:41:02', '2025-02-13 02:41:02'),
(611, 180, 31, 0, '2025-02-13 02:41:02', '2025-02-13 02:41:02'),
(612, 180, 32, 0, '2025-02-13 02:41:03', '2025-02-13 02:41:03'),
(613, 178, 25, 2, '2025-02-13 02:41:03', '2025-02-13 02:41:03'),
(614, 178, 26, 2, '2025-02-13 02:41:03', '2025-02-13 02:41:03'),
(615, 178, 27, 4, '2025-02-13 02:41:03', '2025-02-13 02:41:03'),
(616, 178, 28, 4, '2025-02-13 02:41:03', '2025-02-13 02:41:03'),
(617, 178, 29, 4, '2025-02-13 02:41:03', '2025-02-13 02:41:03'),
(618, 182, 24, 3, '2025-02-18 03:24:50', '2025-02-18 03:24:50'),
(619, 182, 25, 1, '2025-02-18 03:24:50', '2025-02-18 03:24:50'),
(620, 182, 26, 2, '2025-02-18 03:24:50', '2025-02-18 03:24:50'),
(621, 182, 27, 2, '2025-02-18 03:24:50', '2025-02-18 03:24:50'),
(622, 182, 28, 2, '2025-02-18 03:24:50', '2025-02-18 03:24:50'),
(623, 182, 29, 2, '2025-02-18 03:24:50', '2025-02-18 03:24:50'),
(624, 182, 30, 0, '2025-02-18 03:24:50', '2025-02-18 03:24:50'),
(625, 182, 31, 0, '2025-02-18 03:24:50', '2025-02-18 03:24:50'),
(626, 182, 32, 0, '2025-02-18 03:24:50', '2025-02-18 03:24:50'),
(627, 183, 23, 0, '2025-02-18 03:24:50', '2025-02-18 03:24:50'),
(628, 183, 24, 2, '2025-02-18 03:24:50', '2025-02-18 03:24:50'),
(629, 183, 25, 2, '2025-02-18 03:24:50', '2025-02-18 03:24:50'),
(630, 183, 26, 2, '2025-02-18 03:24:50', '2025-02-18 03:24:50'),
(631, 183, 27, 2, '2025-02-18 03:24:50', '2025-02-18 03:24:50'),
(632, 183, 28, 2, '2025-02-18 03:24:50', '2025-02-18 03:24:50'),
(633, 183, 29, 2, '2025-02-18 03:24:50', '2025-02-18 03:24:50'),
(634, 183, 30, 0, '2025-02-18 03:24:50', '2025-02-18 03:24:50'),
(635, 183, 31, 0, '2025-02-18 03:24:50', '2025-02-18 03:24:50'),
(636, 183, 32, 0, '2025-02-18 03:24:50', '2025-02-18 03:24:50'),
(637, 183, 33, 0, '2025-02-18 03:24:50', '2025-02-18 03:24:50'),
(638, 184, 24, 2, '2025-02-18 03:24:50', '2025-02-18 03:24:50'),
(639, 184, 25, 3, '2025-02-18 03:24:50', '2025-02-18 03:24:50'),
(640, 184, 26, 3, '2025-02-18 03:24:50', '2025-02-18 03:24:50'),
(641, 184, 27, 3, '2025-02-18 03:24:50', '2025-02-18 03:24:50'),
(642, 184, 28, 3, '2025-02-18 03:24:50', '2025-02-18 03:24:50'),
(643, 184, 29, 3, '2025-02-18 03:24:50', '2025-02-18 03:24:50'),
(644, 184, 30, 1, '2025-02-18 03:24:50', '2025-02-18 03:24:50'),
(645, 188, 24, 6, '2025-02-19 05:21:35', '2025-02-19 05:21:35'),
(646, 188, 25, 6, '2025-02-19 05:21:35', '2025-02-19 05:21:35'),
(647, 188, 26, 10, '2025-02-19 05:21:35', '2025-02-19 05:21:35'),
(648, 188, 27, 15, '2025-02-19 05:21:35', '2025-02-19 05:21:35'),
(649, 188, 28, 20, '2025-02-19 05:21:35', '2025-02-19 05:21:35'),
(650, 188, 29, 20, '2025-02-19 05:21:35', '2025-02-19 05:21:35'),
(651, 188, 30, 10, '2025-02-19 05:21:35', '2025-02-19 05:21:35'),
(652, 188, 31, 10, '2025-02-19 05:21:35', '2025-02-19 05:21:35'),
(653, 188, 32, 0, '2025-02-19 05:21:35', '2025-02-19 05:21:35'),
(654, 189, 24, 6, '2025-02-19 05:21:35', '2025-02-19 05:21:35'),
(655, 189, 25, 6, '2025-02-19 05:21:35', '2025-02-19 05:21:35'),
(656, 189, 26, 10, '2025-02-19 05:21:35', '2025-02-19 05:21:35'),
(657, 189, 27, 15, '2025-02-19 05:21:35', '2025-02-19 05:21:35'),
(658, 189, 28, 20, '2025-02-19 05:21:35', '2025-02-19 05:21:35'),
(659, 189, 29, 20, '2025-02-19 05:21:35', '2025-02-19 05:21:35'),
(660, 189, 30, 10, '2025-02-19 05:21:35', '2025-02-19 05:21:35'),
(661, 189, 31, 10, '2025-02-19 05:21:35', '2025-02-19 05:21:35'),
(662, 189, 32, 0, '2025-02-19 05:21:35', '2025-02-19 05:21:35'),
(663, 190, 24, 6, '2025-02-19 05:21:36', '2025-02-19 05:21:36'),
(664, 190, 25, 10, '2025-02-19 05:21:36', '2025-02-19 05:21:36'),
(665, 190, 26, 10, '2025-02-19 05:21:36', '2025-02-19 05:21:36'),
(666, 190, 27, 10, '2025-02-19 05:21:36', '2025-02-19 05:21:36'),
(667, 190, 28, 10, '2025-02-19 05:21:36', '2025-02-19 05:21:36'),
(668, 190, 29, 6, '2025-02-19 05:21:36', '2025-02-19 05:21:36'),
(669, 190, 30, 0, '2025-02-19 05:21:36', '2025-02-19 05:21:36'),
(670, 191, 24, 6, '2025-02-19 05:21:36', '2025-02-19 05:21:36'),
(671, 191, 25, 10, '2025-02-19 05:21:36', '2025-02-19 05:21:36'),
(672, 191, 26, 10, '2025-02-19 05:21:36', '2025-02-19 05:21:36'),
(673, 191, 27, 10, '2025-02-19 05:21:36', '2025-02-19 05:21:36'),
(674, 191, 28, 10, '2025-02-19 05:21:36', '2025-02-19 05:21:36'),
(675, 191, 29, 6, '2025-02-19 05:21:36', '2025-02-19 05:21:36'),
(676, 191, 30, 0, '2025-02-19 05:21:36', '2025-02-19 05:21:36'),
(677, 185, 23, 0, '2025-02-19 05:21:36', '2025-02-19 05:21:36'),
(678, 185, 24, 10, '2025-02-19 05:21:36', '2025-02-19 05:21:36'),
(679, 185, 25, 10, '2025-02-19 05:21:36', '2025-02-19 05:21:36'),
(680, 185, 26, 20, '2025-02-19 05:21:36', '2025-02-19 05:21:36'),
(681, 185, 27, 30, '2025-02-19 05:21:36', '2025-02-19 05:21:36'),
(682, 185, 28, 30, '2025-02-19 05:21:36', '2025-02-19 05:21:36'),
(683, 185, 29, 30, '2025-02-19 05:21:36', '2025-02-19 05:21:36'),
(684, 185, 30, 15, '2025-02-19 05:21:36', '2025-02-19 05:21:36'),
(685, 185, 31, 15, '2025-02-19 05:21:36', '2025-02-19 05:21:36'),
(686, 186, 23, 0, '2025-02-19 05:21:36', '2025-02-19 05:21:36'),
(687, 186, 24, 0, '2025-02-19 05:21:36', '2025-02-19 05:21:36'),
(688, 186, 25, 0, '2025-02-19 05:21:36', '2025-02-19 05:21:36'),
(689, 186, 26, 6, '2025-02-19 05:21:36', '2025-02-19 05:21:36'),
(690, 186, 27, 0, '2025-02-19 05:21:36', '2025-02-19 05:21:36'),
(691, 186, 28, 0, '2025-02-19 05:21:36', '2025-02-19 05:21:36'),
(692, 186, 29, 0, '2025-02-19 05:21:36', '2025-02-19 05:21:36'),
(693, 186, 30, 0, '2025-02-19 05:21:36', '2025-02-19 05:21:36'),
(694, 186, 31, 10, '2025-02-19 05:21:36', '2025-02-19 05:21:36'),
(695, 187, 23, 0, '2025-02-19 05:21:36', '2025-02-19 05:21:36'),
(696, 187, 24, 0, '2025-02-19 05:21:36', '2025-02-19 05:21:36'),
(697, 187, 25, 0, '2025-02-19 05:21:36', '2025-02-19 05:21:36'),
(698, 187, 26, 0, '2025-02-19 05:21:36', '2025-02-19 05:21:36'),
(699, 187, 27, 0, '2025-02-19 05:21:36', '2025-02-19 05:21:36'),
(700, 187, 28, 0, '2025-02-19 05:21:36', '2025-02-19 05:21:36'),
(701, 187, 29, 0, '2025-02-19 05:21:36', '2025-02-19 05:21:36'),
(702, 187, 30, 6, '2025-02-19 05:21:36', '2025-02-19 05:21:36'),
(703, 187, 31, 6, '2025-02-19 05:21:36', '2025-02-19 05:21:36'),
(704, 192, 24, 0, '2025-02-19 05:21:36', '2025-02-19 05:21:36'),
(705, 192, 25, 10, '2025-02-19 05:21:36', '2025-02-19 05:21:36'),
(706, 192, 26, 15, '2025-02-19 05:21:36', '2025-02-19 05:21:36'),
(707, 192, 27, 15, '2025-02-19 05:21:36', '2025-02-19 05:21:36'),
(708, 192, 28, 15, '2025-02-19 05:21:36', '2025-02-19 05:21:36'),
(709, 192, 29, 20, '2025-02-19 05:21:36', '2025-02-19 05:21:36'),
(710, 192, 30, 6, '2025-02-19 05:21:36', '2025-02-19 05:21:36'),
(711, 193, 23, 3, '2025-02-20 03:12:22', '2025-02-20 03:12:22'),
(712, 193, 24, 30, '2025-02-20 03:12:22', '2025-02-20 03:12:22'),
(713, 193, 25, 45, '2025-02-20 03:12:22', '2025-02-20 03:12:22'),
(714, 193, 26, 45, '2025-02-20 03:12:22', '2025-02-20 03:12:22'),
(715, 193, 27, 70, '2025-02-20 03:12:22', '2025-02-20 03:12:22'),
(716, 193, 28, 80, '2025-02-20 03:12:22', '2025-02-20 03:12:22'),
(717, 193, 29, 65, '2025-02-20 03:12:22', '2025-02-20 03:12:22'),
(718, 193, 30, 15, '2025-02-20 03:12:22', '2025-02-20 03:12:22'),
(719, 193, 31, 5, '2025-02-20 03:12:23', '2025-02-20 03:12:23'),
(720, 193, 32, 2, '2025-02-20 03:12:23', '2025-02-20 03:12:23'),
(721, 193, 33, 0, '2025-02-20 03:12:23', '2025-02-20 03:12:23'),
(722, 194, 23, 0, '2025-02-20 04:05:41', '2025-02-20 04:05:41'),
(723, 194, 24, 0, '2025-02-20 04:05:41', '2025-02-20 04:05:41'),
(724, 194, 25, 0, '2025-02-20 04:05:41', '2025-02-20 04:05:41'),
(725, 194, 26, 0, '2025-02-20 04:05:41', '2025-02-20 04:05:41'),
(726, 194, 27, 50, '2025-02-20 04:05:41', '2025-02-20 04:05:41'),
(727, 194, 28, 0, '2025-02-20 04:05:41', '2025-02-20 04:05:41'),
(728, 194, 29, 20, '2025-02-20 04:05:41', '2025-02-20 04:05:41'),
(729, 194, 30, 0, '2025-02-20 04:05:41', '2025-02-20 04:05:41'),
(730, 194, 31, 0, '2025-02-20 04:05:41', '2025-02-20 04:05:41'),
(731, 194, 32, 0, '2025-02-20 04:05:41', '2025-02-20 04:05:41'),
(732, 194, 33, 0, '2025-02-20 04:05:41', '2025-02-20 04:05:41'),
(733, 195, 23, 4, '2025-02-20 04:59:56', '2025-02-20 04:59:56'),
(734, 195, 24, 0, '2025-02-20 04:59:56', '2025-02-20 04:59:56'),
(735, 195, 25, 0, '2025-02-20 04:59:56', '2025-02-20 04:59:56'),
(736, 195, 26, 3, '2025-02-20 04:59:56', '2025-02-20 04:59:56'),
(737, 195, 27, 3, '2025-02-20 04:59:56', '2025-02-20 04:59:56'),
(738, 195, 28, 1, '2025-02-20 04:59:56', '2025-02-20 04:59:56'),
(739, 195, 29, 2, '2025-02-20 04:59:56', '2025-02-20 04:59:56'),
(740, 195, 30, 0, '2025-02-20 04:59:56', '2025-02-20 04:59:56'),
(741, 196, 24, 0, '2025-02-20 04:59:56', '2025-02-20 04:59:56'),
(742, 196, 25, 0, '2025-02-20 04:59:56', '2025-02-20 04:59:56'),
(743, 196, 26, 1, '2025-02-20 04:59:56', '2025-02-20 04:59:56'),
(744, 196, 27, 1, '2025-02-20 04:59:56', '2025-02-20 04:59:56'),
(745, 196, 28, 1, '2025-02-20 04:59:56', '2025-02-20 04:59:56'),
(746, 196, 29, 1, '2025-02-20 04:59:56', '2025-02-20 04:59:56'),
(747, 196, 30, 1, '2025-02-20 04:59:56', '2025-02-20 04:59:56'),
(748, 196, 31, 1, '2025-02-20 04:59:56', '2025-02-20 04:59:56'),
(749, 196, 32, 0, '2025-02-20 04:59:56', '2025-02-20 04:59:56'),
(750, 197, 24, 0, '2025-02-20 04:59:56', '2025-02-20 04:59:56'),
(751, 197, 25, 0, '2025-02-20 04:59:56', '2025-02-20 04:59:56'),
(752, 197, 26, 1, '2025-02-20 04:59:56', '2025-02-20 04:59:56'),
(753, 197, 27, 1, '2025-02-20 04:59:56', '2025-02-20 04:59:56'),
(754, 197, 28, 1, '2025-02-20 04:59:56', '2025-02-20 04:59:56'),
(755, 197, 29, 1, '2025-02-20 04:59:56', '2025-02-20 04:59:56'),
(756, 197, 30, 1, '2025-02-20 04:59:56', '2025-02-20 04:59:56'),
(757, 197, 31, 1, '2025-02-20 04:59:56', '2025-02-20 04:59:56'),
(758, 197, 32, 0, '2025-02-20 04:59:56', '2025-02-20 04:59:56'),
(759, 198, 23, 2, '2025-02-20 22:39:10', '2025-02-20 22:39:10'),
(760, 198, 34, 2, '2025-02-20 22:39:10', '2025-02-20 22:39:10'),
(761, 198, 24, 0, '2025-02-20 22:39:10', '2025-02-20 22:39:10'),
(762, 198, 35, 2, '2025-02-20 22:39:10', '2025-02-20 22:39:10'),
(763, 198, 25, 4, '2025-02-20 22:39:10', '2025-02-20 22:39:10'),
(764, 198, 36, 4, '2025-02-20 22:39:10', '2025-02-20 22:39:10'),
(765, 198, 26, 4, '2025-02-20 22:39:10', '2025-02-20 22:39:10'),
(766, 198, 37, 4, '2025-02-20 22:39:10', '2025-02-20 22:39:10'),
(767, 198, 27, 0, '2025-02-20 22:39:10', '2025-02-20 22:39:10'),
(768, 198, 38, 0, '2025-02-20 22:39:10', '2025-02-20 22:39:10'),
(769, 198, 28, 0, '2025-02-20 22:39:10', '2025-02-20 22:39:10'),
(770, 198, 39, 0, '2025-02-20 22:39:10', '2025-02-20 22:39:10'),
(771, 198, 29, 0, '2025-02-20 22:39:10', '2025-02-20 22:39:10'),
(772, 198, 40, 0, '2025-02-20 22:39:10', '2025-02-20 22:39:10'),
(773, 198, 30, 0, '2025-02-20 22:39:10', '2025-02-20 22:39:10'),
(774, 198, 31, 0, '2025-02-20 22:39:10', '2025-02-20 22:39:10'),
(775, 198, 32, 0, '2025-02-20 22:39:10', '2025-02-20 22:39:10'),
(776, 198, 33, 0, '2025-02-20 22:39:10', '2025-02-20 22:39:10'),
(777, 199, 23, 2, '2025-02-20 22:39:10', '2025-02-20 22:39:10'),
(778, 199, 34, 2, '2025-02-20 22:39:10', '2025-02-20 22:39:10'),
(779, 199, 24, 4, '2025-02-20 22:39:10', '2025-02-20 22:39:10'),
(780, 199, 35, 4, '2025-02-20 22:39:10', '2025-02-20 22:39:10'),
(781, 199, 25, 4, '2025-02-20 22:39:10', '2025-02-20 22:39:10'),
(782, 199, 36, 4, '2025-02-20 22:39:10', '2025-02-20 22:39:10'),
(783, 199, 26, 4, '2025-02-20 22:39:10', '2025-02-20 22:39:10'),
(784, 199, 37, 4, '2025-02-20 22:39:10', '2025-02-20 22:39:10'),
(785, 199, 27, 4, '2025-02-20 22:39:10', '2025-02-20 22:39:10'),
(786, 199, 38, 4, '2025-02-20 22:39:10', '2025-02-20 22:39:10'),
(787, 199, 28, 0, '2025-02-20 22:39:10', '2025-02-20 22:39:10'),
(788, 199, 39, 0, '2025-02-20 22:39:10', '2025-02-20 22:39:10'),
(789, 199, 29, 3, '2025-02-20 22:39:10', '2025-02-20 22:39:10'),
(790, 199, 40, 3, '2025-02-20 22:39:10', '2025-02-20 22:39:10'),
(791, 199, 30, 0, '2025-02-20 22:39:10', '2025-02-20 22:39:10'),
(792, 199, 31, 0, '2025-02-20 22:39:10', '2025-02-20 22:39:10'),
(793, 199, 32, 0, '2025-02-20 22:39:10', '2025-02-20 22:39:10'),
(794, 199, 33, 0, '2025-02-20 22:39:10', '2025-02-20 22:39:10'),
(795, 200, 23, 2, '2025-02-20 22:58:50', '2025-02-20 22:58:50'),
(796, 200, 34, 2, '2025-02-20 22:58:50', '2025-02-20 22:58:50'),
(797, 200, 24, 4, '2025-02-20 22:58:50', '2025-02-20 22:58:50'),
(798, 200, 35, 4, '2025-02-20 22:58:50', '2025-02-20 22:58:50'),
(799, 200, 25, 4, '2025-02-20 22:58:50', '2025-02-20 22:58:50'),
(800, 200, 36, 4, '2025-02-20 22:58:50', '2025-02-20 22:58:50'),
(801, 200, 26, 4, '2025-02-20 22:58:50', '2025-02-20 22:58:50'),
(802, 200, 37, 4, '2025-02-20 22:58:50', '2025-02-20 22:58:50'),
(803, 200, 27, 4, '2025-02-20 22:58:50', '2025-02-20 22:58:50'),
(804, 200, 38, 4, '2025-02-20 22:58:50', '2025-02-20 22:58:50'),
(805, 200, 28, 0, '2025-02-20 22:58:50', '2025-02-20 22:58:50'),
(806, 200, 39, 0, '2025-02-20 22:58:50', '2025-02-20 22:58:50'),
(807, 200, 29, 3, '2025-02-20 22:58:50', '2025-02-20 22:58:50'),
(808, 200, 40, 3, '2025-02-20 22:58:50', '2025-02-20 22:58:50'),
(809, 200, 30, 0, '2025-02-20 22:58:50', '2025-02-20 22:58:50'),
(810, 200, 31, 0, '2025-02-20 22:58:50', '2025-02-20 22:58:50'),
(811, 200, 32, 0, '2025-02-20 22:58:50', '2025-02-20 22:58:50'),
(812, 200, 33, 0, '2025-02-20 22:58:50', '2025-02-20 22:58:50'),
(813, 200, 22, 1, '2025-02-20 23:06:11', '2025-02-20 23:07:13'),
(814, 201, 22, 0, '2025-02-20 23:09:49', '2025-02-20 23:09:49'),
(815, 201, 23, 2, '2025-02-20 23:09:49', '2025-02-20 23:09:49'),
(816, 201, 34, 2, '2025-02-20 23:09:49', '2025-02-20 23:09:49'),
(817, 201, 24, 4, '2025-02-20 23:09:49', '2025-02-20 23:09:49'),
(818, 201, 35, 4, '2025-02-20 23:09:49', '2025-02-20 23:09:49'),
(819, 201, 25, 4, '2025-02-20 23:09:49', '2025-02-20 23:09:49'),
(820, 201, 36, 4, '2025-02-20 23:09:49', '2025-02-20 23:09:49'),
(821, 201, 26, 4, '2025-02-20 23:09:49', '2025-02-20 23:09:49'),
(822, 201, 37, 4, '2025-02-20 23:09:49', '2025-02-20 23:09:49'),
(823, 201, 27, 4, '2025-02-20 23:09:49', '2025-02-20 23:09:49'),
(824, 201, 38, 4, '2025-02-20 23:09:49', '2025-02-20 23:09:49'),
(825, 201, 28, 0, '2025-02-20 23:09:49', '2025-02-20 23:09:49'),
(826, 201, 39, 0, '2025-02-20 23:09:49', '2025-02-20 23:09:49'),
(827, 201, 29, 3, '2025-02-20 23:09:50', '2025-02-20 23:09:50'),
(828, 201, 40, 3, '2025-02-20 23:09:50', '2025-02-20 23:09:50');

-- --------------------------------------------------------

--
-- Estructura de tabla para la tabla `cotizacion_has_piezas`
--

CREATE TABLE `cotizacion_has_piezas` (
  `id` bigint(20) UNSIGNED NOT NULL,
  `idCotizacion` bigint(20) UNSIGNED NOT NULL,
  `idPieza` bigint(20) UNSIGNED NOT NULL,
  `idMaterial` bigint(20) UNSIGNED NOT NULL,
  `colorMaterial` varchar(255) COLLATE utf8mb4_unicode_ci DEFAULT NULL,
  `created_at` timestamp NULL DEFAULT NULL,
  `updated_at` timestamp NULL DEFAULT NULL
) ENGINE=InnoDB DEFAULT CHARSET=utf8mb4 COLLATE=utf8mb4_unicode_ci;

--
-- Volcado de datos para la tabla `cotizacion_has_piezas`
--

INSERT INTO `cotizacion_has_piezas` (`id`, `idCotizacion`, `idPieza`, `idMaterial`, `colorMaterial`, `created_at`, `updated_at`) VALUES
(502, 125, 112, 12, 'Negro', '2024-11-15 01:42:30', '2024-11-15 01:42:30'),
(503, 125, 123, 22, 'Negro', '2024-11-15 01:42:30', '2024-11-15 01:42:30'),
(504, 125, 108, 17, 'Negro', '2024-11-15 01:42:30', '2024-11-15 01:42:30'),
(505, 125, 122, 21, 'Ambar', '2024-11-15 01:42:30', '2024-11-15 01:42:30'),
(506, 125, 121, 19, 'Ambar', '2024-11-15 01:42:30', '2024-11-15 01:42:30'),
(507, 125, 106, 13, 'Negro', '2024-11-15 01:42:30', '2024-11-15 01:42:30'),
(508, 125, 119, 11, 'Negro', '2024-11-15 01:42:30', '2024-11-15 01:42:30'),
(509, 125, 118, 11, 'Negro', '2024-11-15 01:42:30', '2024-11-15 01:42:30'),
(510, 125, 120, 11, 'Negro', '2024-11-15 01:42:30', '2024-11-15 01:42:30'),
(511, 125, 107, 13, 'Negro', '2024-11-15 01:42:30', '2024-11-15 01:42:30'),
(512, 125, 109, 17, 'Negro', '2024-11-15 01:42:30', '2024-11-15 01:42:30'),
(513, 125, 110, 17, 'Negro', '2024-11-15 01:42:30', '2024-11-15 01:42:30'),
(514, 125, 117, 13, 'Negro', '2024-11-15 01:42:30', '2024-11-15 01:42:30'),
(515, 125, 114, 18, 'Amarillo', '2024-11-15 01:42:30', '2024-11-15 01:42:30'),
(516, 125, 111, 17, 'Negro', '2024-11-15 01:42:30', '2024-11-15 01:42:30'),
(517, 125, 124, 16, 'Rosa', '2024-11-15 01:42:30', '2024-11-15 01:42:30'),
(518, 125, 125, 16, 'Rosa', '2024-11-15 01:42:30', '2024-11-15 01:42:30'),
(519, 125, 113, 15, 'Negro', '2024-11-15 01:42:30', '2024-11-15 01:42:30'),
(520, 125, 116, 18, 'Amarillo', '2024-11-15 01:42:30', '2024-11-15 01:42:30'),
(521, 125, 115, 18, 'Amarillo', '2024-11-15 01:42:30', '2024-11-15 01:42:30'),
(542, 127, 112, 12, 'Negro', '2024-11-15 05:24:21', '2024-11-15 05:24:21'),
(543, 127, 123, 22, 'Negro', '2024-11-15 05:24:21', '2024-11-15 05:24:21'),
(544, 127, 108, 17, 'Negro', '2024-11-15 05:24:21', '2024-11-15 05:24:21'),
(545, 127, 122, 21, 'Ambar', '2024-11-15 05:24:21', '2024-11-15 05:24:21'),
(546, 127, 121, 19, 'Ambar', '2024-11-15 05:24:21', '2024-11-15 05:24:21'),
(547, 127, 106, 13, 'Negro', '2024-11-15 05:24:21', '2024-11-15 05:24:21'),
(548, 127, 119, 11, 'Negro', '2024-11-15 05:24:21', '2024-11-15 05:24:21'),
(549, 127, 118, 11, 'Negro', '2024-11-15 05:24:21', '2024-11-15 05:24:21'),
(550, 127, 120, 11, 'Negro', '2024-11-15 05:24:21', '2024-11-15 05:24:21'),
(551, 127, 107, 13, 'Negro', '2024-11-15 05:24:21', '2024-11-15 05:24:21'),
(552, 127, 109, 17, 'Negro', '2024-11-15 05:24:21', '2024-11-15 05:24:21'),
(553, 127, 110, 17, 'Negro', '2024-11-15 05:24:21', '2024-11-15 05:24:21'),
(554, 127, 117, 13, 'Negro', '2024-11-15 05:24:21', '2024-11-15 05:24:21'),
(555, 127, 114, 18, 'Amarillo', '2024-11-15 05:24:21', '2024-11-15 05:24:21'),
(556, 127, 111, 17, 'Negro', '2024-11-15 05:24:21', '2024-11-15 05:24:21'),
(557, 127, 124, 16, 'Rosa', '2024-11-15 05:24:21', '2024-11-15 05:24:21'),
(559, 127, 113, 15, 'Negro', '2024-11-15 05:24:21', '2024-11-15 05:24:21'),
(560, 127, 116, 18, 'Amarillo', '2024-11-15 05:24:21', '2024-11-15 05:24:21'),
(561, 127, 115, 18, 'Amarillo', '2024-11-15 05:24:21', '2024-11-15 05:24:21'),
(562, 128, 112, 12, 'Negro', '2024-11-20 04:53:36', '2024-11-20 04:53:36'),
(563, 128, 123, 22, 'Negro', '2024-11-20 04:53:36', '2024-11-20 04:53:36'),
(564, 128, 108, 14, 'Negro', '2024-11-20 04:53:36', '2024-11-20 04:53:36'),
(565, 128, 122, 21, 'Ambar', '2024-11-20 04:53:36', '2024-11-20 04:53:36'),
(566, 128, 121, 19, 'Ambar', '2024-11-20 04:53:36', '2024-11-20 04:53:36'),
(567, 128, 106, 13, 'Negro', '2024-11-20 04:53:36', '2024-11-20 04:53:36'),
(568, 128, 119, 11, 'Negro', '2024-11-20 04:53:36', '2024-11-20 04:53:36'),
(569, 128, 118, 11, 'Negro', '2024-11-20 04:53:36', '2024-11-20 04:53:36'),
(570, 128, 120, 11, 'Negro', '2024-11-20 04:53:36', '2024-11-20 04:53:36'),
(571, 128, 107, 13, 'Negro', '2024-11-20 04:53:36', '2024-11-20 04:53:36'),
(572, 128, 109, 14, 'Negro', '2024-11-20 04:53:36', '2024-11-20 04:53:36'),
(573, 128, 110, 14, 'Negro', '2024-11-20 04:53:36', '2024-11-20 04:53:36'),
(574, 128, 117, 13, 'Negro', '2024-11-20 04:53:36', '2024-11-20 04:53:36'),
(575, 128, 114, 18, 'Amarillo', '2024-11-20 04:53:36', '2024-11-20 04:53:36'),
(576, 128, 111, 14, 'Negro', '2024-11-20 04:53:36', '2024-11-20 04:53:36'),
(577, 128, 124, 16, 'Rosa', '2024-11-20 04:53:36', '2024-11-20 04:53:36'),
(579, 128, 113, 15, 'Negro', '2024-11-20 04:53:36', '2024-11-20 04:53:36'),
(580, 128, 116, 18, 'Amarillo', '2024-11-20 04:53:36', '2024-11-20 04:53:36'),
(581, 128, 115, 18, 'Amarillo', '2024-11-20 04:53:36', '2024-11-20 04:53:36'),
(582, 129, 126, 24, 'Negro', '2024-11-20 05:25:26', '2024-11-20 05:25:26'),
(583, 129, 129, 11, 'Negro', '2024-11-20 05:25:26', '2024-11-20 05:25:26'),
(584, 129, 130, 11, 'Negro', '2024-11-20 05:25:26', '2024-11-20 05:25:26'),
(585, 129, 128, 24, 'Negro', '2024-11-20 05:25:26', '2024-11-20 05:25:26'),
(588, 129, 127, 24, 'Negro', '2024-11-20 05:25:26', '2024-11-20 05:25:26'),
(589, 130, 126, 24, 'Negro', '2024-11-30 04:30:31', '2024-11-30 04:30:31'),
(590, 130, 129, 11, 'Negro', '2024-11-30 04:30:31', '2024-11-30 04:30:31'),
(591, 130, 130, 11, 'Negro', '2024-11-30 04:30:31', '2024-11-30 04:30:31'),
(592, 130, 128, 24, 'Negro', '2024-11-30 04:30:31', '2024-11-30 04:30:31'),
(595, 130, 127, 24, 'Negro', '2024-11-30 04:30:31', '2024-11-30 04:30:31'),
(596, 131, 112, 12, 'Negro', '2024-11-30 04:34:36', '2024-11-30 04:34:36'),
(597, 131, 123, 22, 'Negro', '2024-11-30 04:34:36', '2024-11-30 04:34:36'),
(598, 131, 108, 14, 'Negro', '2024-11-30 04:34:36', '2024-11-30 04:34:36'),
(599, 131, 122, 21, 'Ambar', '2024-11-30 04:34:36', '2024-11-30 04:34:36'),
(600, 131, 121, 19, 'Ambar', '2024-11-30 04:34:36', '2024-11-30 04:34:36'),
(601, 131, 106, 13, 'Negro', '2024-11-30 04:34:36', '2024-11-30 04:34:36'),
(602, 131, 119, 11, 'Negro', '2024-11-30 04:34:36', '2024-11-30 04:34:36'),
(603, 131, 118, 11, 'Negro', '2024-11-30 04:34:36', '2024-11-30 04:34:36'),
(604, 131, 120, 11, 'Negro', '2024-11-30 04:34:36', '2024-11-30 04:34:36'),
(605, 131, 107, 13, 'Negro', '2024-11-30 04:34:36', '2024-11-30 04:34:36'),
(606, 131, 109, 14, 'Negro', '2024-11-30 04:34:36', '2024-11-30 04:34:36'),
(607, 131, 110, 14, 'Negro', '2024-11-30 04:34:36', '2024-11-30 04:34:36'),
(608, 131, 117, 13, 'Negro', '2024-11-30 04:34:36', '2024-11-30 04:34:36'),
(609, 131, 114, 18, 'Amarillo', '2024-11-30 04:34:36', '2024-11-30 04:34:36'),
(610, 131, 111, 14, 'Negro', '2024-11-30 04:34:36', '2024-11-30 04:34:36'),
(611, 131, 124, 16, 'Rosa', '2024-11-30 04:34:36', '2024-11-30 04:34:36'),
(613, 131, 113, 12, 'Negro', '2024-11-30 04:34:36', '2024-11-30 04:34:36'),
(614, 131, 116, 18, 'Amarillo', '2024-11-30 04:34:36', '2024-11-30 04:34:36'),
(615, 131, 115, 18, 'Amarillo', '2024-11-30 04:34:36', '2024-11-30 04:34:36'),
(616, 132, 136, 12, 'Negro', '2024-12-02 23:28:42', '2024-12-02 23:28:42'),
(617, 132, 144, 22, 'Negro', '2024-12-02 23:28:42', '2024-12-02 23:28:42'),
(618, 132, 137, 14, 'Negro', '2024-12-02 23:28:42', '2024-12-02 23:28:42'),
(619, 132, 143, 21, 'Ambar', '2024-12-02 23:28:42', '2024-12-02 23:28:42'),
(620, 132, 142, 19, 'Ambar', '2024-12-02 23:28:42', '2024-12-02 23:28:42'),
(621, 132, 133, 13, 'Negro', '2024-12-02 23:28:42', '2024-12-02 23:28:42'),
(622, 132, 140, 8, 'Negro', '2024-12-02 23:28:42', '2024-12-02 23:28:42'),
(623, 132, 141, 8, 'Negro', '2024-12-02 23:28:42', '2024-12-02 23:28:42'),
(624, 132, 139, 8, 'Negro', '2024-12-02 23:28:42', '2024-12-02 23:28:42'),
(625, 132, 135, 13, 'Negro', '2024-12-02 23:28:42', '2024-12-02 23:28:42'),
(626, 132, 134, 13, 'Negro', '2024-12-02 23:28:42', '2024-12-02 23:28:42'),
(627, 132, 145, 16, 'Rosa', '2024-12-02 23:28:42', '2024-12-02 23:28:42'),
(629, 132, 138, 25, 'Negro', '2024-12-02 23:28:42', '2024-12-02 23:28:42'),
(630, 133, 136, 12, 'Negro', '2024-12-03 05:24:14', '2024-12-03 05:24:14'),
(631, 133, 144, 22, 'Negro', '2024-12-03 05:24:14', '2024-12-03 05:24:14'),
(632, 133, 137, 14, 'Negro', '2024-12-03 05:24:14', '2024-12-03 05:24:14'),
(633, 133, 143, 21, 'Ambar', '2024-12-03 05:24:14', '2024-12-03 05:24:14'),
(634, 133, 142, 19, 'Ambar', '2024-12-03 05:24:14', '2024-12-03 05:24:14'),
(635, 133, 133, 13, 'Negro', '2024-12-03 05:24:14', '2024-12-03 05:24:14'),
(636, 133, 140, 8, 'Negro', '2024-12-03 05:24:14', '2024-12-03 05:24:14'),
(637, 133, 141, 8, 'Negro', '2024-12-03 05:24:14', '2024-12-03 05:24:14'),
(638, 133, 139, 8, 'Negro', '2024-12-03 05:24:14', '2024-12-03 05:24:14'),
(639, 133, 135, 13, 'Negro', '2024-12-03 05:24:14', '2024-12-03 05:24:14'),
(640, 133, 134, 13, 'Negro', '2024-12-03 05:24:14', '2024-12-03 05:24:14'),
(641, 133, 145, 16, 'Rosa', '2024-12-03 05:24:14', '2024-12-03 05:24:14'),
(643, 133, 138, 25, 'Negro', '2024-12-03 05:24:14', '2024-12-03 05:24:14'),
(644, 134, 126, 24, 'Negro', '2025-01-20 23:30:58', '2025-01-20 23:30:58'),
(645, 134, 129, 11, 'Negro', '2025-01-20 23:30:58', '2025-01-20 23:30:58'),
(646, 134, 130, 11, 'Negro', '2025-01-20 23:30:58', '2025-01-20 23:30:58'),
(647, 134, 128, 24, 'Negro', '2025-01-20 23:30:58', '2025-01-20 23:30:58'),
(650, 134, 127, 24, 'Negro', '2025-01-20 23:30:58', '2025-01-20 23:30:58'),
(651, 135, 177, 12, 'Negro', '2025-01-21 05:50:25', '2025-01-21 05:50:25'),
(652, 135, 181, 19, 'Ambar', '2025-01-21 05:50:25', '2025-01-21 05:50:25'),
(653, 135, 179, 11, 'Negro', '2025-01-21 05:50:25', '2025-01-21 05:50:25'),
(654, 135, 180, 11, 'Negro', '2025-01-21 05:50:25', '2025-01-21 05:50:25'),
(655, 135, 178, 11, 'Negro', '2025-01-21 05:50:25', '2025-01-21 05:50:25'),
(656, 135, 176, 29, 'Negro', '2025-01-21 05:50:25', '2025-01-21 05:50:25'),
(659, 136, 177, 12, 'Negro', '2025-01-21 05:53:43', '2025-01-21 05:53:43'),
(660, 136, 181, 19, 'Ambar', '2025-01-21 05:53:43', '2025-01-21 05:53:43'),
(661, 136, 179, 11, 'Negro', '2025-01-21 05:53:43', '2025-01-21 05:53:43'),
(662, 136, 180, 11, 'Negro', '2025-01-21 05:53:43', '2025-01-21 05:53:43'),
(663, 136, 178, 11, 'Negro', '2025-01-21 05:53:43', '2025-01-21 05:53:43'),
(664, 136, 176, 29, 'Negro', '2025-01-21 05:53:43', '2025-01-21 05:53:43'),
(667, 137, 184, 26, 'Negro', '2025-01-21 06:03:35', '2025-01-21 06:03:35'),
(669, 137, 193, 20, 'Ambar', '2025-01-21 06:03:35', '2025-01-21 06:03:35'),
(670, 137, 191, 11, 'Negro', '2025-01-21 06:03:35', '2025-01-21 06:03:35'),
(671, 137, 190, 11, 'Negro', '2025-01-21 06:03:35', '2025-01-21 06:03:35'),
(672, 137, 186, 26, 'Negro', '2025-01-21 06:03:35', '2025-01-21 06:03:35'),
(673, 137, 185, 26, 'Negro', '2025-01-21 06:03:35', '2025-01-21 06:03:35'),
(674, 137, 188, 28, 'Negro', '2025-01-21 06:03:35', '2025-01-21 06:03:35'),
(676, 137, 196, 16, 'Rosa', '2025-01-21 06:03:35', '2025-01-21 06:03:35'),
(678, 137, 192, 31, 'Negro', '2025-01-21 06:03:35', '2025-01-21 06:03:35'),
(680, 137, 187, 26, 'Negro', '2025-01-21 06:03:35', '2025-01-21 06:03:35'),
(681, 137, 189, 26, 'Negro', '2025-01-21 06:03:35', '2025-01-21 06:03:35'),
(682, 138, 212, 30, 'Negro', '2025-01-21 06:07:37', '2025-01-21 06:07:37'),
(683, 138, 222, 30, 'Negro', '2025-01-21 06:07:37', '2025-01-21 06:07:37'),
(684, 138, 224, 19, 'Ambar', '2025-01-21 06:07:37', '2025-01-21 06:07:37'),
(685, 138, 208, 30, 'Negro', '2025-01-21 06:07:37', '2025-01-21 06:07:37'),
(686, 138, 209, 31, 'Negro', '2025-01-21 06:07:37', '2025-01-21 06:07:37'),
(687, 138, 220, 11, 'Negro', '2025-01-21 06:07:37', '2025-01-21 06:07:37'),
(688, 138, 221, 11, 'Negro', '2025-01-21 06:07:37', '2025-01-21 06:07:37'),
(689, 138, 223, 11, 'Negro', '2025-01-21 06:07:37', '2025-01-21 06:07:37'),
(690, 138, 210, 30, 'Negro', '2025-01-21 06:07:37', '2025-01-21 06:07:37'),
(691, 138, 215, 30, 'Negro', '2025-01-21 06:07:37', '2025-01-21 06:07:37'),
(692, 138, 216, 31, 'Negro', '2025-01-21 06:07:37', '2025-01-21 06:07:37'),
(693, 138, 211, 31, 'Negro', '2025-01-21 06:07:37', '2025-01-21 06:07:37'),
(694, 138, 217, 30, 'Negro', '2025-01-21 06:07:37', '2025-01-21 06:07:37'),
(695, 138, 213, 30, 'Negro', '2025-01-21 06:07:37', '2025-01-21 06:07:37'),
(696, 138, 225, 16, 'Rosa', '2025-01-21 06:07:37', '2025-01-21 06:07:37'),
(698, 138, 214, 30, 'Negro', '2025-01-21 06:07:37', '2025-01-21 06:07:37'),
(699, 139, 177, 12, 'Negro', '2025-01-22 04:55:05', '2025-01-22 04:55:05'),
(700, 139, 181, 19, 'Ambar', '2025-01-22 04:55:05', '2025-01-22 04:55:05'),
(701, 139, 179, 11, 'Negro', '2025-01-22 04:55:05', '2025-01-22 04:55:05'),
(702, 139, 180, 11, 'Negro', '2025-01-22 04:55:05', '2025-01-22 04:55:05'),
(703, 139, 178, 11, 'Negro', '2025-01-22 04:55:05', '2025-01-22 04:55:05'),
(704, 139, 176, 91, 'Negro', '2025-01-22 04:55:05', '2025-01-22 04:55:05'),
(705, 139, 328, 169, 'Marino', '2025-01-22 04:55:05', '2025-01-22 04:55:05'),
(706, 139, 327, 16, 'Rosa', '2025-01-22 04:55:05', '2025-01-22 04:55:05'),
(708, 140, 177, 12, 'Negro', '2025-01-22 05:04:36', '2025-01-22 05:04:36'),
(709, 140, 181, 19, 'Ambar', '2025-01-22 05:04:36', '2025-01-22 05:04:36'),
(710, 140, 179, 11, 'Negro', '2025-01-22 05:04:36', '2025-01-22 05:04:36'),
(711, 140, 180, 11, 'Negro', '2025-01-22 05:04:36', '2025-01-22 05:04:36'),
(712, 140, 178, 11, 'Negro', '2025-01-22 05:04:36', '2025-01-22 05:04:36'),
(713, 140, 176, 91, 'Negro', '2025-01-22 05:04:36', '2025-01-22 05:04:36'),
(714, 140, 328, 169, 'Marino', '2025-01-22 05:04:36', '2025-01-22 05:04:36'),
(715, 140, 327, 16, 'Rosa', '2025-01-22 05:04:36', '2025-01-22 05:04:36'),
(717, 141, 177, 12, 'Negro', '2025-01-22 05:18:58', '2025-01-22 05:18:58'),
(718, 141, 181, 19, 'Ambar', '2025-01-22 05:18:58', '2025-01-22 05:18:58'),
(719, 141, 179, 11, 'Negro', '2025-01-22 05:18:58', '2025-01-22 05:18:58'),
(720, 141, 180, 11, 'Negro', '2025-01-22 05:18:58', '2025-01-22 05:18:58'),
(721, 141, 178, 11, 'Negro', '2025-01-22 05:18:58', '2025-01-22 05:18:58'),
(722, 141, 176, 91, 'Negro', '2025-01-22 05:18:58', '2025-01-22 05:18:58'),
(723, 141, 328, 169, 'Negro', '2025-01-22 05:18:58', '2025-01-22 05:18:58'),
(724, 141, 327, 16, 'Rosa', '2025-01-22 05:18:58', '2025-01-22 05:18:58'),
(726, 142, 177, 12, 'Negro', '2025-01-22 05:21:08', '2025-01-22 05:21:08'),
(727, 142, 181, 19, 'Ambar', '2025-01-22 05:21:08', '2025-01-22 05:21:08'),
(728, 142, 179, 11, 'Negro', '2025-01-22 05:21:08', '2025-01-22 05:21:08'),
(729, 142, 180, 11, 'Negro', '2025-01-22 05:21:08', '2025-01-22 05:21:08'),
(730, 142, 178, 11, 'Negro', '2025-01-22 05:21:08', '2025-01-22 05:21:08'),
(731, 142, 176, 91, 'Negro', '2025-01-22 05:21:08', '2025-01-22 05:21:08'),
(732, 142, 328, 169, 'Marino', '2025-01-22 05:21:08', '2025-01-22 05:21:08'),
(733, 142, 327, 16, 'Rosa', '2025-01-22 05:21:08', '2025-01-22 05:21:08'),
(735, 143, 177, 12, 'Negro', '2025-01-22 05:29:42', '2025-01-22 05:29:42'),
(736, 143, 181, 19, 'Ambar', '2025-01-22 05:29:42', '2025-01-22 05:29:42'),
(737, 143, 179, 11, 'Negro', '2025-01-22 05:29:42', '2025-01-22 05:29:42'),
(738, 143, 180, 11, 'Negro', '2025-01-22 05:29:42', '2025-01-22 05:29:42'),
(739, 143, 178, 11, 'Negro', '2025-01-22 05:29:42', '2025-01-22 05:29:42'),
(740, 143, 176, 91, 'Negro', '2025-01-22 05:29:42', '2025-01-22 05:29:42'),
(741, 143, 328, 169, 'Negro', '2025-01-22 05:29:42', '2025-01-22 05:29:42'),
(742, 143, 327, 16, 'Rosa', '2025-01-22 05:29:42', '2025-01-22 05:29:42'),
(744, 144, 177, 12, 'Negro', '2025-01-22 05:31:51', '2025-01-22 05:31:51'),
(745, 144, 181, 19, 'Ambar', '2025-01-22 05:31:51', '2025-01-22 05:31:51'),
(746, 144, 179, 11, 'Negro', '2025-01-22 05:31:51', '2025-01-22 05:31:51'),
(747, 144, 180, 11, 'Negro', '2025-01-22 05:31:51', '2025-01-22 05:31:51'),
(748, 144, 178, 11, 'Negro', '2025-01-22 05:31:51', '2025-01-22 05:31:51'),
(749, 144, 176, 91, 'Negro', '2025-01-22 05:31:51', '2025-01-22 05:31:51'),
(750, 144, 328, 169, 'Marino', '2025-01-22 05:31:51', '2025-01-22 05:31:51'),
(751, 144, 327, 16, 'Rosa', '2025-01-22 05:31:51', '2025-01-22 05:31:51'),
(753, 145, 177, 22, 'Negro', '2025-01-22 20:39:55', '2025-01-22 20:39:55'),
(754, 145, 181, 22, 'Negro', '2025-01-22 20:39:55', '2025-01-22 20:39:55'),
(755, 145, 179, 51, 'Negro', '2025-01-22 20:39:55', '2025-01-22 20:39:55'),
(756, 145, 180, 37, 'Negro', '2025-01-22 20:39:55', '2025-01-22 20:39:55'),
(757, 145, 178, 51, 'Negro', '2025-01-22 20:39:55', '2025-01-22 20:39:55'),
(758, 145, 176, 54, 'Negro', '2025-01-22 20:39:55', '2025-01-22 20:39:55'),
(759, 145, 328, 8, 'Negro', '2025-01-22 20:39:55', '2025-01-22 20:39:55'),
(760, 145, 327, 8, 'Negro', '2025-01-22 20:39:55', '2025-01-22 20:39:55'),
(761, 145, 182, 69, 'Negro', '2025-01-22 20:39:55', '2025-01-22 20:39:55'),
(762, 146, 126, 24, 'Negro', '2025-01-27 21:41:39', '2025-01-27 21:41:39'),
(763, 146, 129, 11, 'Negro', '2025-01-27 21:41:39', '2025-01-27 21:41:39'),
(764, 146, 130, 11, 'Negro', '2025-01-27 21:41:39', '2025-01-27 21:41:39'),
(765, 146, 128, 24, 'Negro', '2025-01-27 21:41:39', '2025-01-27 21:41:39'),
(768, 146, 127, 24, 'Negro', '2025-01-27 21:41:39', '2025-01-27 21:41:39'),
(769, 147, 126, 24, 'Negro', '2025-01-27 21:43:37', '2025-01-27 21:43:37'),
(770, 147, 129, 11, 'Negro', '2025-01-27 21:43:37', '2025-01-27 21:43:37'),
(771, 147, 130, 11, 'Negro', '2025-01-27 21:43:37', '2025-01-27 21:43:37'),
(772, 147, 128, 24, 'Negro', '2025-01-27 21:43:37', '2025-01-27 21:43:37'),
(775, 147, 127, 24, 'Negro', '2025-01-27 21:43:37', '2025-01-27 21:43:37'),
(776, 148, 126, 24, 'Negro', '2025-01-27 21:46:00', '2025-01-27 21:46:00'),
(777, 148, 129, 11, 'Negro', '2025-01-27 21:46:00', '2025-01-27 21:46:00'),
(778, 148, 130, 11, 'Negro', '2025-01-27 21:46:00', '2025-01-27 21:46:00'),
(779, 148, 128, 24, 'Negro', '2025-01-27 21:46:00', '2025-01-27 21:46:00'),
(782, 148, 127, 24, 'Negro', '2025-01-27 21:46:00', '2025-01-27 21:46:00'),
(783, 149, 126, 24, 'Negro', '2025-01-27 21:48:56', '2025-01-27 21:48:56'),
(784, 149, 129, 11, 'Negro', '2025-01-27 21:48:56', '2025-01-27 21:48:56'),
(785, 149, 130, 11, 'Negro', '2025-01-27 21:48:57', '2025-01-27 21:48:57'),
(786, 149, 128, 24, 'Negro', '2025-01-27 21:48:57', '2025-01-27 21:48:57'),
(789, 149, 127, 24, 'Negro', '2025-01-27 21:48:57', '2025-01-27 21:48:57'),
(790, 150, 177, 12, 'Negro', '2025-01-27 22:05:06', '2025-01-27 22:05:06'),
(791, 150, 181, 19, 'Ambar', '2025-01-27 22:05:06', '2025-01-27 22:05:06'),
(792, 150, 179, 11, 'Negro', '2025-01-27 22:05:06', '2025-01-27 22:05:06'),
(793, 150, 180, 11, 'Negro', '2025-01-27 22:05:06', '2025-01-27 22:05:06'),
(794, 150, 178, 11, 'Negro', '2025-01-27 22:05:06', '2025-01-27 22:05:06'),
(795, 150, 176, 91, 'Negro', '2025-01-27 22:05:06', '2025-01-27 22:05:06'),
(796, 150, 328, 169, 'Negro', '2025-01-27 22:05:06', '2025-01-27 22:05:06'),
(797, 150, 327, 16, 'Rosa', '2025-01-27 22:05:06', '2025-01-27 22:05:06'),
(799, 151, 177, 12, 'Negro', '2025-01-27 22:07:38', '2025-01-27 22:07:38'),
(800, 151, 181, 19, 'Ambar', '2025-01-27 22:07:38', '2025-01-27 22:07:38'),
(801, 151, 179, 11, 'Negro', '2025-01-27 22:07:38', '2025-01-27 22:07:38'),
(802, 151, 180, 11, 'Negro', '2025-01-27 22:07:38', '2025-01-27 22:07:38'),
(803, 151, 178, 11, 'Negro', '2025-01-27 22:07:38', '2025-01-27 22:07:38'),
(804, 151, 176, 91, 'Negro', '2025-01-27 22:07:38', '2025-01-27 22:07:38'),
(805, 151, 328, 169, 'Marino', '2025-01-27 22:07:38', '2025-01-27 22:07:38'),
(806, 151, 327, 16, 'Rosa', '2025-01-27 22:07:38', '2025-01-27 22:07:38'),
(822, 153, 184, 12, 'Negro', '2025-01-27 23:01:35', '2025-01-27 23:01:35'),
(823, 153, 193, 19, 'Ambar', '2025-01-27 23:01:35', '2025-01-27 23:01:35'),
(824, 153, 192, 11, 'Negro', '2025-01-27 23:01:35', '2025-01-27 23:01:35'),
(825, 153, 191, 11, 'Negro', '2025-01-27 23:01:35', '2025-01-27 23:01:35'),
(826, 153, 190, 11, 'Negro', '2025-01-27 23:01:35', '2025-01-27 23:01:35'),
(827, 153, 186, 26, 'Negro', '2025-01-27 23:01:35', '2025-01-27 23:01:35'),
(828, 153, 185, 26, 'Negro', '2025-01-27 23:01:35', '2025-01-27 23:01:35'),
(829, 153, 188, 28, 'Negro', '2025-01-27 23:01:35', '2025-01-27 23:01:35'),
(830, 153, 329, 28, 'Negro', '2025-01-27 23:01:35', '2025-01-27 23:01:35'),
(831, 153, 196, 16, 'Rosa', '2025-01-27 23:01:35', '2025-01-27 23:01:35'),
(833, 153, 330, 31, 'Negro', '2025-01-27 23:01:35', '2025-01-27 23:01:35'),
(834, 153, 187, 26, 'Negro', '2025-01-27 23:01:35', '2025-01-27 23:01:35'),
(835, 153, 189, 26, 'Negro', '2025-01-27 23:01:35', '2025-01-27 23:01:35'),
(836, 154, 201, 12, 'Negro', '2025-01-27 23:05:04', '2025-01-27 23:05:04'),
(837, 154, 205, 19, 'Ambar', '2025-01-27 23:05:04', '2025-01-27 23:05:04'),
(838, 154, 203, 11, 'Negro', '2025-01-27 23:05:04', '2025-01-27 23:05:04'),
(839, 154, 204, 11, 'Negro', '2025-01-27 23:05:04', '2025-01-27 23:05:04'),
(840, 154, 202, 11, 'Negro', '2025-01-27 23:05:04', '2025-01-27 23:05:04'),
(841, 154, 200, 91, 'Negro', '2025-01-27 23:05:05', '2025-01-27 23:05:05'),
(842, 154, 199, 27, 'Marino', '2025-01-27 23:05:05', '2025-01-27 23:05:05'),
(843, 154, 206, 16, 'Rosa', '2025-01-27 23:05:05', '2025-01-27 23:05:05'),
(845, 154, 198, 31, 'Negro', '2025-01-27 23:05:05', '2025-01-27 23:05:05'),
(846, 155, 212, 30, 'Negro', '2025-01-27 23:16:25', '2025-01-27 23:16:25'),
(847, 155, 222, 30, 'Negro', '2025-01-27 23:16:25', '2025-01-27 23:16:25'),
(848, 155, 224, 19, 'Ambar', '2025-01-27 23:16:25', '2025-01-27 23:16:25'),
(849, 155, 208, 30, 'Negro', '2025-01-27 23:16:25', '2025-01-27 23:16:25'),
(850, 155, 209, 108, 'Negro', '2025-01-27 23:16:25', '2025-01-27 23:16:25'),
(851, 155, 220, 11, 'Negro', '2025-01-27 23:16:25', '2025-01-27 23:16:25'),
(852, 155, 221, 71, 'Negro', '2025-01-27 23:16:25', '2025-01-27 23:16:25'),
(853, 155, 223, 71, 'Negro', '2025-01-27 23:16:25', '2025-01-27 23:16:25'),
(854, 155, 210, 30, 'Negro', '2025-01-27 23:16:25', '2025-01-27 23:16:25'),
(855, 155, 215, 30, 'Negro', '2025-01-27 23:16:25', '2025-01-27 23:16:25'),
(856, 155, 216, 108, 'Negro', '2025-01-27 23:16:25', '2025-01-27 23:16:25'),
(857, 155, 211, 108, 'Negro', '2025-01-27 23:16:25', '2025-01-27 23:16:25'),
(858, 155, 217, 30, 'Negro', '2025-01-27 23:16:25', '2025-01-27 23:16:25'),
(859, 155, 213, 30, 'Negro', '2025-01-27 23:16:25', '2025-01-27 23:16:25'),
(860, 155, 225, 16, 'Rosa', '2025-01-27 23:16:25', '2025-01-27 23:16:25'),
(862, 155, 214, 30, 'Negro', '2025-01-27 23:16:25', '2025-01-27 23:16:25'),
(863, 156, 229, 12, 'Negro', '2025-01-27 23:19:07', '2025-01-27 23:19:07'),
(864, 156, 233, 19, 'Ambar', '2025-01-27 23:19:07', '2025-01-27 23:19:07'),
(865, 156, 231, 11, 'Negro', '2025-01-27 23:19:07', '2025-01-27 23:19:07'),
(866, 156, 232, 11, 'Negro', '2025-01-27 23:19:07', '2025-01-27 23:19:07'),
(867, 156, 230, 11, 'Negro', '2025-01-27 23:19:07', '2025-01-27 23:19:07'),
(868, 156, 228, 91, 'Negro', '2025-01-27 23:19:07', '2025-01-27 23:19:07'),
(869, 156, 227, 114, 'Negro', '2025-01-27 23:19:07', '2025-01-27 23:19:07'),
(870, 156, 234, 16, 'Rosa', '2025-01-27 23:19:07', '2025-01-27 23:19:07'),
(872, 157, 284, 12, 'Negro', '2025-01-28 00:30:10', '2025-01-28 00:30:10'),
(873, 157, 287, 21, 'Ambar', '2025-01-28 00:30:10', '2025-01-28 00:30:10'),
(874, 157, 286, 19, 'Ambar', '2025-01-28 00:30:10', '2025-01-28 00:30:10'),
(875, 157, 289, 11, 'Negro', '2025-01-28 00:30:10', '2025-01-28 00:30:10'),
(876, 157, 288, 11, 'Negro', '2025-01-28 00:30:10', '2025-01-28 00:30:10'),
(877, 157, 290, 11, 'Negro', '2025-01-28 00:30:10', '2025-01-28 00:30:10'),
(878, 157, 279, 30, 'Negro', '2025-01-28 00:30:10', '2025-01-28 00:30:10'),
(879, 157, 285, 82, 'Negro', '2025-01-28 00:30:10', '2025-01-28 00:30:10'),
(880, 157, 282, 30, 'Negro', '2025-01-28 00:30:10', '2025-01-28 00:30:10'),
(881, 157, 278, 30, 'Negro', '2025-01-28 00:30:10', '2025-01-28 00:30:10'),
(882, 157, 283, 82, 'Negro', '2025-01-28 00:30:10', '2025-01-28 00:30:10'),
(883, 157, 291, 16, 'Rosa', '2025-01-28 00:30:11', '2025-01-28 00:30:11'),
(885, 157, 293, 31, 'Negro', '2025-01-28 00:30:11', '2025-01-28 00:30:11'),
(886, 157, 294, 31, 'Negro', '2025-01-28 00:30:11', '2025-01-28 00:30:11'),
(887, 157, 295, 31, 'Negro', '2025-01-28 00:30:11', '2025-01-28 00:30:11'),
(888, 157, 296, 31, 'Negro', '2025-01-28 00:30:11', '2025-01-28 00:30:11'),
(889, 157, 281, 15, 'Negro', '2025-01-28 00:30:11', '2025-01-28 00:30:11'),
(890, 157, 348, 30, 'Negro', '2025-01-28 00:30:11', '2025-01-28 00:30:11'),
(891, 158, 212, 32, 'Negro', '2025-01-28 02:54:47', '2025-01-28 02:54:47'),
(892, 158, 222, 32, 'Negro', '2025-01-28 02:54:47', '2025-01-28 02:54:47'),
(893, 158, 224, 19, 'Ambar', '2025-01-28 02:54:47', '2025-01-28 02:54:47'),
(894, 158, 208, 14, 'Negro', '2025-01-28 02:54:47', '2025-01-28 02:54:47'),
(895, 158, 209, 108, 'Negro', '2025-01-28 02:54:47', '2025-01-28 02:54:47'),
(896, 158, 220, 11, 'Negro', '2025-01-28 02:54:47', '2025-01-28 02:54:47'),
(897, 158, 221, 11, 'Negro', '2025-01-28 02:54:47', '2025-01-28 02:54:47'),
(898, 158, 223, 11, 'Negro', '2025-01-28 02:54:48', '2025-01-28 02:54:48'),
(899, 158, 210, 14, 'Negro', '2025-01-28 02:54:48', '2025-01-28 02:54:48'),
(900, 158, 215, 32, 'Negro', '2025-01-28 02:54:48', '2025-01-28 02:54:48'),
(901, 158, 216, 108, 'Negro', '2025-01-28 02:54:48', '2025-01-28 02:54:48'),
(902, 158, 211, 108, 'Negro', '2025-01-28 02:54:48', '2025-01-28 02:54:48'),
(903, 158, 217, 14, 'Negro', '2025-01-28 02:54:48', '2025-01-28 02:54:48'),
(904, 158, 213, 32, 'Negro', '2025-01-28 02:54:48', '2025-01-28 02:54:48'),
(905, 158, 225, 16, 'Rosa', '2025-01-28 02:54:48', '2025-01-28 02:54:48'),
(907, 158, 214, 32, 'Negro', '2025-01-28 02:54:48', '2025-01-28 02:54:48'),
(908, 159, 212, 32, 'Blanco', '2025-01-28 03:04:27', '2025-01-28 03:04:27'),
(909, 159, 222, 32, 'Blanco', '2025-01-28 03:04:27', '2025-01-28 03:04:27'),
(910, 159, 224, 19, 'Ambar', '2025-01-28 03:04:27', '2025-01-28 03:04:27'),
(911, 159, 208, 14, 'Blanco', '2025-01-28 03:04:27', '2025-01-28 03:04:27'),
(912, 159, 209, 108, 'Negro', '2025-01-28 03:04:27', '2025-01-28 03:04:27'),
(913, 159, 220, 11, 'Negro', '2025-01-28 03:04:27', '2025-01-28 03:04:27'),
(914, 159, 221, 9, 'Gris claro', '2025-01-28 03:04:27', '2025-01-28 03:04:27'),
(915, 159, 223, 9, 'Gris claro', '2025-01-28 03:04:27', '2025-01-28 03:04:27'),
(916, 159, 210, 14, 'Blanco', '2025-01-28 03:04:27', '2025-01-28 03:04:27'),
(917, 159, 215, 32, 'Blanco', '2025-01-28 03:04:27', '2025-01-28 03:04:27'),
(918, 159, 216, 108, 'Negro', '2025-01-28 03:04:27', '2025-01-28 03:04:27'),
(919, 159, 211, 108, 'Negro', '2025-01-28 03:04:27', '2025-01-28 03:04:27'),
(920, 159, 217, 14, 'Blanco', '2025-01-28 03:04:27', '2025-01-28 03:04:27'),
(921, 159, 213, 32, 'Blanco', '2025-01-28 03:04:28', '2025-01-28 03:04:28'),
(922, 159, 225, 124, 'Gris', '2025-01-28 03:04:28', '2025-01-28 03:04:28'),
(924, 159, 214, 32, 'Blanco', '2025-01-28 03:04:28', '2025-01-28 03:04:28'),
(925, 160, 284, 12, 'Negro', '2025-01-28 04:27:09', '2025-01-28 04:27:09'),
(926, 160, 287, 21, 'Ambar', '2025-01-28 04:27:09', '2025-01-28 04:27:09'),
(927, 160, 286, 19, 'Ambar', '2025-01-28 04:27:09', '2025-01-28 04:27:09'),
(928, 160, 289, 11, 'Negro', '2025-01-28 04:27:09', '2025-01-28 04:27:09'),
(929, 160, 288, 8, 'Negro', '2025-01-28 04:27:09', '2025-01-28 04:27:09'),
(930, 160, 290, 8, 'Negro', '2025-01-28 04:27:09', '2025-01-28 04:27:09'),
(931, 160, 279, 174, 'Chocolate', '2025-01-28 04:27:09', '2025-01-28 04:27:09'),
(932, 160, 285, 24, 'Negro', '2025-01-28 04:27:09', '2025-01-28 04:27:09'),
(933, 160, 282, 174, 'Chocolate', '2025-01-28 04:27:09', '2025-01-28 04:27:09'),
(934, 160, 278, 174, 'Chocolate', '2025-01-28 04:27:09', '2025-01-28 04:27:09'),
(935, 160, 283, 24, 'Negro', '2025-01-28 04:27:09', '2025-01-28 04:27:09'),
(936, 160, 291, 16, 'Rosa', '2025-01-28 04:27:10', '2025-01-28 04:27:10'),
(938, 160, 293, 31, 'Negro', '2025-01-28 04:27:10', '2025-01-28 04:27:10'),
(939, 160, 294, 31, 'Negro', '2025-01-28 04:27:10', '2025-01-28 04:27:10'),
(940, 160, 295, 31, 'Negro', '2025-01-28 04:27:10', '2025-01-28 04:27:10'),
(941, 160, 296, 31, 'Negro', '2025-01-28 04:27:10', '2025-01-28 04:27:10'),
(942, 160, 281, 15, 'Negro', '2025-01-28 04:27:10', '2025-01-28 04:27:10'),
(943, 160, 348, 174, 'Chocolate', '2025-01-28 04:27:10', '2025-01-28 04:27:10'),
(944, 161, 356, 52, 'Negro', '2025-01-28 07:38:46', '2025-01-28 07:38:46'),
(945, 161, 354, 19, 'Ambar', '2025-01-28 07:38:46', '2025-01-28 07:38:46'),
(946, 161, 352, 11, 'Negro', '2025-01-28 07:38:46', '2025-01-28 07:38:46'),
(947, 161, 351, 11, 'Negro', '2025-01-28 07:38:46', '2025-01-28 07:38:46'),
(948, 161, 353, 11, 'Negro', '2025-01-28 07:38:46', '2025-01-28 07:38:46'),
(949, 161, 350, 88, 'Negro', '2025-01-28 07:38:46', '2025-01-28 07:38:46'),
(950, 161, 349, 114, 'Negro', '2025-01-28 07:38:46', '2025-01-28 07:38:46'),
(951, 161, 355, 108, 'Negro', '2025-01-28 07:38:46', '2025-01-28 07:38:46'),
(952, 162, 356, 52, 'Negro', '2025-01-28 07:44:15', '2025-01-28 07:44:15'),
(953, 162, 354, 19, 'Ambar', '2025-01-28 07:44:15', '2025-01-28 07:44:15'),
(954, 162, 352, 9, 'Gris claro', '2025-01-28 07:44:15', '2025-01-28 07:44:15'),
(955, 162, 351, 9, 'Gris claro', '2025-01-28 07:44:15', '2025-01-28 07:44:15'),
(956, 162, 353, 9, 'Gris claro', '2025-01-28 07:44:15', '2025-01-28 07:44:15'),
(957, 162, 350, 88, 'Negro', '2025-01-28 07:44:15', '2025-01-28 07:44:15'),
(958, 162, 349, 114, 'Negro', '2025-01-28 07:44:15', '2025-01-28 07:44:15'),
(959, 162, 355, 31, 'Negro', '2025-01-28 07:44:15', '2025-01-28 07:44:15'),
(960, 163, 208, 169, 'Negro', '2025-01-30 04:49:39', '2025-01-30 04:49:39'),
(961, 164, 474, 175, 'Amarillo', '2025-01-30 22:39:03', '2025-01-30 22:39:03'),
(962, 164, 284, 30, 'Negro', '2025-01-30 22:39:03', '2025-01-30 22:39:03'),
(963, 164, 287, 21, 'Ambar', '2025-01-30 22:39:03', '2025-01-30 22:39:03'),
(964, 164, 286, 19, 'Ambar', '2025-01-30 22:39:03', '2025-01-30 22:39:03'),
(965, 164, 289, 11, 'Negro', '2025-01-30 22:39:03', '2025-01-30 22:39:03'),
(966, 164, 288, 11, 'Negro', '2025-01-30 22:39:03', '2025-01-30 22:39:03'),
(967, 164, 290, 11, 'Negro', '2025-01-30 22:39:03', '2025-01-30 22:39:03'),
(968, 164, 279, 30, 'Negro', '2025-01-30 22:39:03', '2025-01-30 22:39:03'),
(969, 164, 285, 24, 'Negro', '2025-01-30 22:39:03', '2025-01-30 22:39:03'),
(970, 164, 282, 30, 'Negro', '2025-01-30 22:39:03', '2025-01-30 22:39:03'),
(971, 164, 278, 30, 'Negro', '2025-01-30 22:39:03', '2025-01-30 22:39:03'),
(972, 164, 283, 24, 'Negro', '2025-01-30 22:39:03', '2025-01-30 22:39:03'),
(973, 164, 291, 16, 'Rosa', '2025-01-30 22:39:03', '2025-01-30 22:39:03'),
(975, 164, 293, 31, 'Negro', '2025-01-30 22:39:03', '2025-01-30 22:39:03'),
(976, 164, 294, 31, 'Negro', '2025-01-30 22:39:03', '2025-01-30 22:39:03'),
(977, 164, 295, 31, 'Negro', '2025-01-30 22:39:03', '2025-01-30 22:39:03'),
(978, 164, 296, 31, 'Negro', '2025-01-30 22:39:03', '2025-01-30 22:39:03'),
(979, 164, 281, 15, 'Negro', '2025-01-30 22:39:03', '2025-01-30 22:39:03'),
(980, 164, 348, 30, 'Negro', '2025-01-30 22:39:03', '2025-01-30 22:39:03'),
(981, 165, 473, 175, 'Amarillo', '2025-01-30 22:58:13', '2025-01-30 22:58:13'),
(982, 165, 136, 12, 'Negro', '2025-01-30 22:58:14', '2025-01-30 22:58:14'),
(983, 165, 144, 51, 'Negro', '2025-01-30 22:58:14', '2025-01-30 22:58:14'),
(984, 165, 137, 32, 'Negro', '2025-01-30 22:58:14', '2025-01-30 22:58:14'),
(985, 165, 143, 21, 'Ambar', '2025-01-30 22:58:14', '2025-01-30 22:58:14'),
(986, 165, 142, 19, 'Ambar', '2025-01-30 22:58:14', '2025-01-30 22:58:14'),
(987, 165, 133, 13, 'Negro', '2025-01-30 22:58:14', '2025-01-30 22:58:14'),
(988, 165, 140, 11, 'Negro', '2025-01-30 22:58:14', '2025-01-30 22:58:14'),
(989, 165, 141, 11, 'Negro', '2025-01-30 22:58:14', '2025-01-30 22:58:14'),
(990, 165, 139, 11, 'Negro', '2025-01-30 22:58:14', '2025-01-30 22:58:14'),
(991, 165, 135, 13, 'Negro', '2025-01-30 22:58:14', '2025-01-30 22:58:14'),
(992, 165, 134, 13, 'Negro', '2025-01-30 22:58:14', '2025-01-30 22:58:14'),
(993, 165, 145, 16, 'Rosa', '2025-01-30 22:58:14', '2025-01-30 22:58:14'),
(995, 165, 138, 25, 'Negro', '2025-01-30 22:58:14', '2025-01-30 22:58:14'),
(996, 166, 474, 175, 'Amarillo', '2025-01-30 23:16:24', '2025-01-30 23:16:24'),
(997, 166, 284, 12, 'Negro', '2025-01-30 23:16:24', '2025-01-30 23:16:24'),
(998, 166, 287, 21, 'Ambar', '2025-01-30 23:16:24', '2025-01-30 23:16:24'),
(999, 166, 286, 19, 'Ambar', '2025-01-30 23:16:24', '2025-01-30 23:16:24'),
(1000, 166, 289, 11, 'Negro', '2025-01-30 23:16:25', '2025-01-30 23:16:25'),
(1001, 166, 288, 8, 'Negro', '2025-01-30 23:16:25', '2025-01-30 23:16:25'),
(1002, 166, 290, 8, 'Negro', '2025-01-30 23:16:25', '2025-01-30 23:16:25'),
(1003, 166, 279, 32, 'Negro', '2025-01-30 23:16:25', '2025-01-30 23:16:25'),
(1004, 166, 285, 82, 'Negro', '2025-01-30 23:16:25', '2025-01-30 23:16:25'),
(1005, 166, 282, 32, 'Negro', '2025-01-30 23:16:25', '2025-01-30 23:16:25'),
(1006, 166, 278, 32, 'Negro', '2025-01-30 23:16:25', '2025-01-30 23:16:25'),
(1007, 166, 283, 82, 'Negro', '2025-01-30 23:16:25', '2025-01-30 23:16:25'),
(1008, 166, 291, 16, 'Rosa', '2025-01-30 23:16:25', '2025-01-30 23:16:25'),
(1010, 166, 293, 31, 'Negro', '2025-01-30 23:16:25', '2025-01-30 23:16:25'),
(1011, 166, 294, 31, 'Negro', '2025-01-30 23:16:25', '2025-01-30 23:16:25'),
(1012, 166, 295, 31, 'Negro', '2025-01-30 23:16:25', '2025-01-30 23:16:25'),
(1013, 166, 296, 31, 'Negro', '2025-01-30 23:16:25', '2025-01-30 23:16:25'),
(1014, 166, 281, 32, 'Negro', '2025-01-30 23:16:25', '2025-01-30 23:16:25'),
(1015, 166, 348, 32, 'Negro', '2025-01-30 23:16:25', '2025-01-30 23:16:25'),
(1016, 167, 474, 175, 'Amarillo', '2025-01-30 23:23:42', '2025-01-30 23:23:42'),
(1017, 167, 284, 12, 'Negro', '2025-01-30 23:23:42', '2025-01-30 23:23:42'),
(1018, 167, 287, 21, 'Ambar', '2025-01-30 23:23:42', '2025-01-30 23:23:42'),
(1019, 167, 286, 19, 'Ambar', '2025-01-30 23:23:42', '2025-01-30 23:23:42'),
(1020, 167, 289, 11, 'Negro', '2025-01-30 23:23:42', '2025-01-30 23:23:42'),
(1021, 167, 288, 8, 'Negro', '2025-01-30 23:23:42', '2025-01-30 23:23:42'),
(1022, 167, 290, 8, 'Negro', '2025-01-30 23:23:42', '2025-01-30 23:23:42'),
(1023, 167, 279, 174, 'Chocolate', '2025-01-30 23:23:42', '2025-01-30 23:23:42'),
(1024, 167, 285, 84, 'Negro', '2025-01-30 23:23:42', '2025-01-30 23:23:42'),
(1025, 167, 282, 174, 'Chocolate', '2025-01-30 23:23:42', '2025-01-30 23:23:42'),
(1026, 167, 278, 174, 'Chocolate', '2025-01-30 23:23:42', '2025-01-30 23:23:42'),
(1027, 167, 283, 84, 'Negro', '2025-01-30 23:23:42', '2025-01-30 23:23:42'),
(1028, 167, 291, 16, 'Rosa', '2025-01-30 23:23:42', '2025-01-30 23:23:42'),
(1029, 167, 292, 129, 'Negro', '2025-01-30 23:23:42', '2025-01-30 23:23:42'),
(1030, 167, 293, 31, 'Negro', '2025-01-30 23:23:42', '2025-01-30 23:23:42'),
(1031, 167, 294, 31, 'Negro', '2025-01-30 23:23:42', '2025-01-30 23:23:42'),
(1032, 167, 295, 31, 'Negro', '2025-01-30 23:23:42', '2025-01-30 23:23:42'),
(1033, 167, 296, 31, 'Negro', '2025-01-30 23:23:42', '2025-01-30 23:23:42'),
(1034, 167, 281, 15, 'Negro', '2025-01-30 23:23:42', '2025-01-30 23:23:42'),
(1035, 167, 348, 174, 'Chocolate', '2025-01-30 23:23:42', '2025-01-30 23:23:42'),
(1076, 170, 474, 175, 'Amarillo', '2025-02-04 04:14:31', '2025-02-04 04:14:31'),
(1077, 170, 284, 12, 'Negro', '2025-02-04 04:14:31', '2025-02-04 04:14:31'),
(1078, 170, 475, 51, 'Negro', '2025-02-04 04:14:31', '2025-02-04 04:14:31'),
(1079, 170, 476, 52, 'Negro', '2025-02-04 04:14:31', '2025-02-04 04:14:31'),
(1080, 170, 287, 21, 'Ambar', '2025-02-04 04:14:31', '2025-02-04 04:14:31'),
(1081, 170, 286, 19, 'Ambar', '2025-02-04 04:14:31', '2025-02-04 04:14:31'),
(1082, 170, 289, 11, 'Negro', '2025-02-04 04:14:31', '2025-02-04 04:14:31'),
(1083, 170, 288, 11, 'Negro', '2025-02-04 04:14:31', '2025-02-04 04:14:31'),
(1084, 170, 290, 11, 'Negro', '2025-02-04 04:14:31', '2025-02-04 04:14:31'),
(1085, 170, 279, 30, 'Negro', '2025-02-04 04:14:31', '2025-02-04 04:14:31'),
(1086, 170, 285, 24, 'Negro', '2025-02-04 04:14:31', '2025-02-04 04:14:31'),
(1087, 170, 282, 30, 'Negro', '2025-02-04 04:14:31', '2025-02-04 04:14:31'),
(1088, 170, 278, 30, 'Negro', '2025-02-04 04:14:31', '2025-02-04 04:14:31'),
(1089, 170, 283, 24, 'Negro', '2025-02-04 04:14:31', '2025-02-04 04:14:31'),
(1090, 170, 291, 16, 'Rosa', '2025-02-04 04:14:31', '2025-02-04 04:14:31'),
(1092, 170, 293, 31, 'Negro', '2025-02-04 04:14:31', '2025-02-04 04:14:31'),
(1093, 170, 294, 31, 'Negro', '2025-02-04 04:14:31', '2025-02-04 04:14:31'),
(1094, 170, 295, 31, 'Negro', '2025-02-04 04:14:31', '2025-02-04 04:14:31'),
(1095, 170, 296, 31, 'Negro', '2025-02-04 04:14:31', '2025-02-04 04:14:31'),
(1096, 170, 281, 15, 'Negro', '2025-02-04 04:14:31', '2025-02-04 04:14:31'),
(1097, 170, 348, 30, 'Negro', '2025-02-04 04:14:31', '2025-02-04 04:14:31'),
(1098, 171, 229, 12, 'Negro', '2025-02-04 05:22:09', '2025-02-04 05:22:09'),
(1099, 171, 233, 19, 'Ambar', '2025-02-04 05:22:09', '2025-02-04 05:22:09'),
(1100, 171, 231, 11, 'Negro', '2025-02-04 05:22:09', '2025-02-04 05:22:09'),
(1101, 171, 232, 11, 'Negro', '2025-02-04 05:22:09', '2025-02-04 05:22:09'),
(1102, 171, 230, 11, 'Negro', '2025-02-04 05:22:09', '2025-02-04 05:22:09'),
(1103, 171, 228, 91, 'Negro', '2025-02-04 05:22:09', '2025-02-04 05:22:09'),
(1104, 171, 227, 114, 'Negro', '2025-02-04 05:22:09', '2025-02-04 05:22:09'),
(1105, 171, 234, 16, 'Rosa', '2025-02-04 05:22:09', '2025-02-04 05:22:09'),
(1107, 172, 212, 30, 'Negro', '2025-02-10 21:46:41', '2025-02-10 21:46:41'),
(1108, 172, 222, 30, 'Negro', '2025-02-10 21:46:41', '2025-02-10 21:46:41'),
(1109, 172, 224, 19, 'Ambar', '2025-02-10 21:46:42', '2025-02-10 21:46:42'),
(1110, 172, 208, 30, 'Negro', '2025-02-10 21:46:42', '2025-02-10 21:46:42'),
(1111, 172, 209, 108, 'Negro', '2025-02-10 21:46:42', '2025-02-10 21:46:42'),
(1113, 172, 220, 11, 'Negro', '2025-02-10 21:46:42', '2025-02-10 21:46:42'),
(1114, 172, 221, 11, 'Negro', '2025-02-10 21:46:42', '2025-02-10 21:46:42'),
(1115, 172, 223, 11, 'Negro', '2025-02-10 21:46:42', '2025-02-10 21:46:42'),
(1116, 172, 210, 30, 'Negro', '2025-02-10 21:46:42', '2025-02-10 21:46:42'),
(1117, 172, 215, 30, 'Negro', '2025-02-10 21:46:42', '2025-02-10 21:46:42'),
(1118, 172, 216, 108, 'Negro', '2025-02-10 21:46:42', '2025-02-10 21:46:42'),
(1119, 172, 211, 108, 'Negro', '2025-02-10 21:46:42', '2025-02-10 21:46:42'),
(1120, 172, 217, 30, 'Negro', '2025-02-10 21:46:42', '2025-02-10 21:46:42'),
(1121, 172, 213, 30, 'Negro', '2025-02-10 21:46:42', '2025-02-10 21:46:42'),
(1122, 172, 225, 124, 'Gris', '2025-02-10 21:46:42', '2025-02-10 21:46:42'),
(1124, 172, 214, 30, 'Negro', '2025-02-10 21:46:42', '2025-02-10 21:46:42'),
(1125, 173, 212, 30, 'Blanco', '2025-02-10 21:52:32', '2025-02-10 21:52:32'),
(1126, 173, 222, 30, 'Blanco', '2025-02-10 21:52:32', '2025-02-10 21:52:32'),
(1127, 173, 224, 19, 'Ambar', '2025-02-10 21:52:32', '2025-02-10 21:52:32'),
(1128, 173, 208, 30, 'Blanco', '2025-02-10 21:52:32', '2025-02-10 21:52:32'),
(1129, 173, 209, 108, 'Negro', '2025-02-10 21:52:32', '2025-02-10 21:52:32'),
(1130, 173, 220, 11, 'Negro', '2025-02-10 21:52:32', '2025-02-10 21:52:32'),
(1131, 173, 221, 9, 'Gris claro', '2025-02-10 21:52:32', '2025-02-10 21:52:32'),
(1132, 173, 223, 9, 'Gris claro', '2025-02-10 21:52:32', '2025-02-10 21:52:32'),
(1133, 173, 210, 30, 'Blanco', '2025-02-10 21:52:32', '2025-02-10 21:52:32'),
(1134, 173, 215, 30, 'Blanco', '2025-02-10 21:52:32', '2025-02-10 21:52:32'),
(1135, 173, 216, 108, 'Negro', '2025-02-10 21:52:32', '2025-02-10 21:52:32'),
(1136, 173, 211, 30, 'Blanco', '2025-02-10 21:52:32', '2025-02-10 21:52:32'),
(1137, 173, 217, 30, 'Blanco', '2025-02-10 21:52:32', '2025-02-10 21:52:32'),
(1138, 173, 213, 30, 'Blanco', '2025-02-10 21:52:32', '2025-02-10 21:52:32'),
(1139, 173, 225, 124, 'Gris', '2025-02-10 21:52:32', '2025-02-10 21:52:32'),
(1141, 173, 214, 30, 'Blanco', '2025-02-10 21:52:32', '2025-02-10 21:52:32'),
(1142, 174, 474, 175, 'Amarillo', '2025-02-10 22:00:33', '2025-02-10 22:00:33'),
(1143, 174, 284, 12, 'Negro', '2025-02-10 22:00:33', '2025-02-10 22:00:33'),
(1144, 174, 475, 51, 'Negro', '2025-02-10 22:00:33', '2025-02-10 22:00:33'),
(1145, 174, 476, 52, 'Negro', '2025-02-10 22:00:33', '2025-02-10 22:00:33'),
(1146, 174, 287, 20, 'Ambar', '2025-02-10 22:00:33', '2025-02-10 22:00:33'),
(1147, 174, 286, 19, 'Ambar', '2025-02-10 22:00:33', '2025-02-10 22:00:33'),
(1148, 174, 289, 11, 'Negro', '2025-02-10 22:00:33', '2025-02-10 22:00:33'),
(1151, 174, 279, 174, 'Chocolate', '2025-02-10 22:00:33', '2025-02-10 22:00:33'),
(1152, 174, 285, 84, 'Negro', '2025-02-10 22:00:33', '2025-02-10 22:00:33'),
(1153, 174, 282, 174, 'Chocolate', '2025-02-10 22:00:33', '2025-02-10 22:00:33'),
(1154, 174, 278, 174, 'Chocolate', '2025-02-10 22:00:33', '2025-02-10 22:00:33'),
(1155, 174, 283, 84, 'Negro', '2025-02-10 22:00:33', '2025-02-10 22:00:33'),
(1156, 174, 291, 16, 'Rosa', '2025-02-10 22:00:33', '2025-02-10 22:00:33'),
(1158, 174, 293, 31, 'Negro', '2025-02-10 22:00:33', '2025-02-10 22:00:33'),
(1159, 174, 294, 31, 'Negro', '2025-02-10 22:00:33', '2025-02-10 22:00:33'),
(1160, 174, 295, 31, 'Negro', '2025-02-10 22:00:33', '2025-02-10 22:00:33'),
(1161, 174, 296, 31, 'Negro', '2025-02-10 22:00:33', '2025-02-10 22:00:33'),
(1162, 174, 281, 15, 'Negro', '2025-02-10 22:00:33', '2025-02-10 22:00:33'),
(1163, 174, 280, 174, 'Chocolate', '2025-02-10 22:00:33', '2025-02-10 22:00:33'),
(1164, 175, 212, 32, 'Negro', '2025-02-10 22:32:53', '2025-02-10 22:32:53'),
(1165, 175, 222, 32, 'Negro', '2025-02-10 22:32:53', '2025-02-10 22:32:53'),
(1166, 175, 224, 19, 'Ambar', '2025-02-10 22:32:53', '2025-02-10 22:32:53'),
(1167, 175, 208, 14, 'Negro', '2025-02-10 22:32:53', '2025-02-10 22:32:53'),
(1168, 175, 209, 108, 'Negro', '2025-02-10 22:32:53', '2025-02-10 22:32:53'),
(1169, 175, 220, 11, 'Negro', '2025-02-10 22:32:53', '2025-02-10 22:32:53'),
(1170, 175, 221, 11, 'Negro', '2025-02-10 22:32:53', '2025-02-10 22:32:53'),
(1171, 175, 223, 11, 'Negro', '2025-02-10 22:32:53', '2025-02-10 22:32:53'),
(1172, 175, 210, 14, 'Negro', '2025-02-10 22:32:53', '2025-02-10 22:32:53'),
(1173, 175, 215, 32, 'Negro', '2025-02-10 22:32:53', '2025-02-10 22:32:53'),
(1174, 175, 216, 108, 'Negro', '2025-02-10 22:32:53', '2025-02-10 22:32:53'),
(1175, 175, 211, 108, 'Negro', '2025-02-10 22:32:53', '2025-02-10 22:32:53'),
(1176, 175, 217, 14, 'Negro', '2025-02-10 22:32:53', '2025-02-10 22:32:53'),
(1177, 175, 213, 32, 'Negro', '2025-02-10 22:32:53', '2025-02-10 22:32:53'),
(1178, 175, 225, 124, 'Gris', '2025-02-10 22:32:53', '2025-02-10 22:32:53'),
(1180, 175, 214, 32, 'Negro', '2025-02-10 22:32:53', '2025-02-10 22:32:53'),
(1181, 176, 212, 32, 'Blanco', '2025-02-10 23:01:49', '2025-02-10 23:01:49'),
(1182, 176, 222, 32, 'Blanco', '2025-02-10 23:01:49', '2025-02-10 23:01:49'),
(1183, 176, 224, 19, 'Ambar', '2025-02-10 23:01:49', '2025-02-10 23:01:49'),
(1184, 176, 208, 14, 'Blanco', '2025-02-10 23:01:49', '2025-02-10 23:01:49'),
(1185, 176, 209, 108, 'Negro', '2025-02-10 23:01:49', '2025-02-10 23:01:49'),
(1186, 176, 220, 11, 'Negro', '2025-02-10 23:01:49', '2025-02-10 23:01:49'),
(1187, 176, 221, 9, 'Gris claro', '2025-02-10 23:01:49', '2025-02-10 23:01:49'),
(1188, 176, 223, 9, 'Gris claro', '2025-02-10 23:01:49', '2025-02-10 23:01:49'),
(1189, 176, 210, 14, 'Blanco', '2025-02-10 23:01:49', '2025-02-10 23:01:49'),
(1190, 176, 215, 32, 'Blanco', '2025-02-10 23:01:49', '2025-02-10 23:01:49'),
(1191, 176, 216, 108, 'Negro', '2025-02-10 23:01:49', '2025-02-10 23:01:49'),
(1192, 176, 211, 108, 'Negro', '2025-02-10 23:01:49', '2025-02-10 23:01:49'),
(1193, 176, 217, 14, 'Blanco', '2025-02-10 23:01:49', '2025-02-10 23:01:49'),
(1194, 176, 213, 32, 'Blanco', '2025-02-10 23:01:49', '2025-02-10 23:01:49'),
(1195, 176, 225, 124, 'Gris', '2025-02-10 23:01:49', '2025-02-10 23:01:49'),
(1197, 176, 214, 32, 'Blanco', '2025-02-10 23:01:49', '2025-02-10 23:01:49'),
(1198, 177, 477, 175, 'Amarillo', '2025-02-12 00:05:43', '2025-02-12 00:05:43'),
(1199, 177, 212, 32, 'Negro', '2025-02-12 00:05:43', '2025-02-12 00:05:43'),
(1200, 177, 222, 32, 'Negro', '2025-02-12 00:05:43', '2025-02-12 00:05:43'),
(1201, 177, 224, 19, 'Ambar', '2025-02-12 00:05:43', '2025-02-12 00:05:43'),
(1202, 177, 208, 14, 'Negro', '2025-02-12 00:05:43', '2025-02-12 00:05:43'),
(1203, 177, 209, 108, 'Negro', '2025-02-12 00:05:43', '2025-02-12 00:05:43'),
(1204, 177, 220, 11, 'Negro', '2025-02-12 00:05:43', '2025-02-12 00:05:43'),
(1207, 177, 210, 14, 'Negro', '2025-02-12 00:05:43', '2025-02-12 00:05:43'),
(1208, 177, 215, 32, 'Negro', '2025-02-12 00:05:43', '2025-02-12 00:05:43'),
(1209, 177, 216, 108, 'Negro', '2025-02-12 00:05:43', '2025-02-12 00:05:43'),
(1210, 177, 211, 108, 'Negro', '2025-02-12 00:05:43', '2025-02-12 00:05:43'),
(1211, 177, 217, 14, 'Negro', '2025-02-12 00:05:43', '2025-02-12 00:05:43'),
(1212, 177, 213, 32, 'Negro', '2025-02-12 00:05:43', '2025-02-12 00:05:43'),
(1213, 177, 225, 124, 'Gris', '2025-02-12 00:05:43', '2025-02-12 00:05:43'),
(1214, 177, 226, 129, 'Negro', '2025-02-12 00:05:43', '2025-02-12 00:05:43'),
(1215, 177, 214, 32, 'Negro', '2025-02-12 00:05:43', '2025-02-12 00:05:43'),
(1216, 178, 485, 37, 'Negro', '2025-02-13 02:22:16', '2025-02-13 02:22:16'),
(1217, 178, 483, 175, 'Amarillo', '2025-02-13 02:22:16', '2025-02-13 02:22:16'),
(1218, 178, 480, 12, 'Negro', '2025-02-13 02:22:16', '2025-02-13 02:22:16'),
(1219, 178, 484, 54, 'Negro', '2025-02-13 02:22:16', '2025-02-13 02:22:16'),
(1220, 178, 479, 13, 'Negro', '2025-02-13 02:22:17', '2025-02-13 02:22:17'),
(1221, 178, 482, 11, 'Negro', '2025-02-13 02:22:17', '2025-02-13 02:22:17'),
(1222, 178, 481, 11, 'Negro', '2025-02-13 02:22:17', '2025-02-13 02:22:17'),
(1223, 178, 478, 13, 'Negro', '2025-02-13 02:22:17', '2025-02-13 02:22:17'),
(1224, 178, 486, 16, 'Rosa', '2025-02-13 02:22:17', '2025-02-13 02:22:17'),
(1226, 179, 499, 175, 'Amarillo', '2025-02-13 02:26:29', '2025-02-13 02:26:29'),
(1227, 179, 495, 51, 'Negro', '2025-02-13 02:26:29', '2025-02-13 02:26:29'),
(1228, 179, 496, 19, 'Ambar', '2025-02-13 02:26:29', '2025-02-13 02:26:29'),
(1229, 179, 493, 11, 'Negro', '2025-02-13 02:26:29', '2025-02-13 02:26:29'),
(1230, 179, 494, 11, 'Negro', '2025-02-13 02:26:29', '2025-02-13 02:26:29'),
(1231, 179, 492, 11, 'Negro', '2025-02-13 02:26:29', '2025-02-13 02:26:29'),
(1232, 179, 490, 91, 'Negro', '2025-02-13 02:26:29', '2025-02-13 02:26:29'),
(1233, 179, 488, 114, 'Negro', '2025-02-13 02:26:29', '2025-02-13 02:26:29'),
(1234, 179, 497, 16, 'Rosa', '2025-02-13 02:26:29', '2025-02-13 02:26:29'),
(1236, 179, 489, 108, 'Negro', '2025-02-13 02:26:29', '2025-02-13 02:26:29'),
(1237, 179, 491, 15, 'Negro', '2025-02-13 02:26:29', '2025-02-13 02:26:29'),
(1238, 180, 499, 175, 'Amarillo', '2025-02-13 02:32:02', '2025-02-13 02:32:02'),
(1239, 180, 495, 51, 'Negro', '2025-02-13 02:32:02', '2025-02-13 02:32:02'),
(1240, 180, 496, 19, 'Ambar', '2025-02-13 02:32:02', '2025-02-13 02:32:02'),
(1241, 180, 493, 11, 'Negro', '2025-02-13 02:32:02', '2025-02-13 02:32:02'),
(1242, 180, 494, 11, 'Negro', '2025-02-13 02:32:02', '2025-02-13 02:32:02'),
(1243, 180, 492, 11, 'Negro', '2025-02-13 02:32:02', '2025-02-13 02:32:02'),
(1244, 180, 490, 91, 'Negro', '2025-02-13 02:32:02', '2025-02-13 02:32:02'),
(1245, 180, 488, 114, 'Negro', '2025-02-13 02:32:02', '2025-02-13 02:32:02'),
(1246, 180, 497, 16, 'Rosa', '2025-02-13 02:32:02', '2025-02-13 02:32:02'),
(1248, 180, 489, 108, 'Negro', '2025-02-13 02:32:03', '2025-02-13 02:32:03'),
(1249, 180, 491, 15, 'Negro', '2025-02-13 02:32:03', '2025-02-13 02:32:03'),
(1250, 181, 474, 175, 'Amarillo', '2025-02-13 02:38:21', '2025-02-13 02:38:21'),
(1251, 181, 284, 12, 'Negro', '2025-02-13 02:38:21', '2025-02-13 02:38:21'),
(1252, 181, 475, 51, 'Negro', '2025-02-13 02:38:21', '2025-02-13 02:38:21'),
(1253, 181, 476, 52, 'Negro', '2025-02-13 02:38:21', '2025-02-13 02:38:21'),
(1254, 181, 287, 19, 'Ambar', '2025-02-13 02:38:21', '2025-02-13 02:38:21'),
(1255, 181, 286, 20, 'Ambar', '2025-02-13 02:38:21', '2025-02-13 02:38:21'),
(1256, 181, 289, 11, 'Negro', '2025-02-13 02:38:21', '2025-02-13 02:38:21'),
(1257, 181, 288, 11, 'Negro', '2025-02-13 02:38:21', '2025-02-13 02:38:21'),
(1258, 181, 290, 11, 'Negro', '2025-02-13 02:38:21', '2025-02-13 02:38:21'),
(1259, 181, 279, 30, 'Negro', '2025-02-13 02:38:21', '2025-02-13 02:38:21'),
(1260, 181, 285, 24, 'Negro', '2025-02-13 02:38:21', '2025-02-13 02:38:21'),
(1261, 181, 282, 30, 'Negro', '2025-02-13 02:38:21', '2025-02-13 02:38:21'),
(1262, 181, 278, 30, 'Negro', '2025-02-13 02:38:21', '2025-02-13 02:38:21'),
(1263, 181, 283, 24, 'Negro', '2025-02-13 02:38:21', '2025-02-13 02:38:21'),
(1264, 181, 291, 16, 'Rosa', '2025-02-13 02:38:21', '2025-02-13 02:38:21'),
(1266, 181, 293, 31, 'Negro', '2025-02-13 02:38:21', '2025-02-13 02:38:21'),
(1267, 181, 294, 31, 'Negro', '2025-02-13 02:38:21', '2025-02-13 02:38:21'),
(1268, 181, 295, 31, 'Negro', '2025-02-13 02:38:21', '2025-02-13 02:38:21'),
(1269, 181, 296, 31, 'Negro', '2025-02-13 02:38:21', '2025-02-13 02:38:21'),
(1270, 181, 281, 15, 'Negro', '2025-02-13 02:38:21', '2025-02-13 02:38:21'),
(1271, 181, 348, 30, 'Negro', '2025-02-13 02:38:21', '2025-02-13 02:38:21'),
(1272, 182, 499, 175, 'Amarillo', '2025-02-18 03:04:42', '2025-02-18 03:04:42'),
(1273, 182, 495, 51, 'Negro', '2025-02-18 03:04:42', '2025-02-18 03:04:42'),
(1274, 182, 496, 19, 'Ambar', '2025-02-18 03:04:42', '2025-02-18 03:04:42'),
(1275, 182, 493, 11, 'Negro', '2025-02-18 03:04:42', '2025-02-18 03:04:42'),
(1276, 182, 494, 11, 'Negro', '2025-02-18 03:04:42', '2025-02-18 03:04:42'),
(1277, 182, 492, 11, 'Negro', '2025-02-18 03:04:42', '2025-02-18 03:04:42'),
(1278, 182, 490, 91, 'Negro', '2025-02-18 03:04:42', '2025-02-18 03:04:42'),
(1279, 182, 488, 170, 'Negro', '2025-02-18 03:04:42', '2025-02-18 03:04:42'),
(1280, 182, 497, 16, 'Rosa', '2025-02-18 03:04:42', '2025-02-18 03:04:42'),
(1282, 182, 489, 108, 'Negro', '2025-02-18 03:04:42', '2025-02-18 03:04:42'),
(1283, 182, 491, 15, 'Negro', '2025-02-18 03:04:42', '2025-02-18 03:04:42'),
(1284, 183, 126, 24, 'Negro', '2025-02-18 03:18:22', '2025-02-18 03:18:22'),
(1285, 183, 129, 11, 'Negro', '2025-02-18 03:18:22', '2025-02-18 03:18:22'),
(1286, 183, 130, 11, 'Negro', '2025-02-18 03:18:22', '2025-02-18 03:18:22'),
(1287, 183, 128, 24, 'Negro', '2025-02-18 03:18:22', '2025-02-18 03:18:22'),
(1290, 183, 127, 24, 'Negro', '2025-02-18 03:18:22', '2025-02-18 03:18:22'),
(1291, 184, 500, 175, 'Amarillo', '2025-02-18 03:22:07', '2025-02-18 03:22:07'),
(1292, 184, 315, 12, 'Negro', '2025-02-18 03:22:07', '2025-02-18 03:22:07'),
(1293, 184, 319, 30, 'Negro', '2025-02-18 03:22:07', '2025-02-18 03:22:07'),
(1294, 184, 316, 30, 'Negro', '2025-02-18 03:22:07', '2025-02-18 03:22:07'),
(1295, 184, 317, 30, 'Negro', '2025-02-18 03:22:07', '2025-02-18 03:22:07'),
(1296, 184, 322, 11, 'Negro', '2025-02-18 03:22:07', '2025-02-18 03:22:07'),
(1297, 184, 326, 11, 'Negro', '2025-02-18 03:22:07', '2025-02-18 03:22:07'),
(1298, 184, 318, 30, 'Negro', '2025-02-18 03:22:07', '2025-02-18 03:22:07'),
(1299, 184, 323, 13, 'Negro', '2025-02-18 03:22:07', '2025-02-18 03:22:07'),
(1300, 184, 314, 13, 'Negro', '2025-02-18 03:22:07', '2025-02-18 03:22:07'),
(1301, 184, 320, 30, 'Negro', '2025-02-18 03:22:07', '2025-02-18 03:22:07'),
(1302, 184, 501, 16, 'Rosa', '2025-02-18 03:22:07', '2025-02-18 03:22:07'),
(1303, 184, 502, 128, 'Negro', '2025-02-18 03:22:07', '2025-02-18 03:22:07'),
(1304, 184, 321, 30, 'Negro', '2025-02-18 03:22:07', '2025-02-18 03:22:07'),
(1305, 184, 325, 101, 'Negro', '2025-02-18 03:22:07', '2025-02-18 03:22:07'),
(1306, 184, 324, 101, 'Negro', '2025-02-18 03:22:07', '2025-02-18 03:22:07'),
(1307, 185, 503, 175, 'Amarillo', '2025-02-19 02:09:19', '2025-02-19 02:09:19'),
(1308, 185, 177, 12, 'Negro', '2025-02-19 02:09:19', '2025-02-19 02:09:19');
INSERT INTO `cotizacion_has_piezas` (`id`, `idCotizacion`, `idPieza`, `idMaterial`, `colorMaterial`, `created_at`, `updated_at`) VALUES
(1309, 185, 181, 19, 'Ambar', '2025-02-19 02:09:19', '2025-02-19 02:09:19'),
(1310, 185, 179, 11, 'Negro', '2025-02-19 02:09:19', '2025-02-19 02:09:19'),
(1311, 185, 180, 11, 'Negro', '2025-02-19 02:09:19', '2025-02-19 02:09:19'),
(1312, 185, 178, 11, 'Negro', '2025-02-19 02:09:19', '2025-02-19 02:09:19'),
(1313, 185, 176, 91, 'Negro', '2025-02-19 02:09:19', '2025-02-19 02:09:19'),
(1314, 185, 328, 169, 'Negro', '2025-02-19 02:09:19', '2025-02-19 02:09:19'),
(1315, 185, 327, 16, 'Rosa', '2025-02-19 02:09:19', '2025-02-19 02:09:19'),
(1316, 185, 182, 128, 'Negro', '2025-02-19 02:09:19', '2025-02-19 02:09:19'),
(1317, 186, 503, 175, 'Amarillo', '2025-02-19 02:24:27', '2025-02-19 02:24:27'),
(1318, 186, 177, 12, 'Negro', '2025-02-19 02:24:27', '2025-02-19 02:24:27'),
(1319, 186, 181, 19, 'Ambar', '2025-02-19 02:24:27', '2025-02-19 02:24:27'),
(1320, 186, 179, 11, 'Negro', '2025-02-19 02:24:27', '2025-02-19 02:24:27'),
(1321, 186, 180, 11, 'Negro', '2025-02-19 02:24:27', '2025-02-19 02:24:27'),
(1322, 186, 178, 11, 'Negro', '2025-02-19 02:24:27', '2025-02-19 02:24:27'),
(1323, 186, 176, 91, 'Negro', '2025-02-19 02:24:27', '2025-02-19 02:24:27'),
(1324, 186, 328, 169, 'Marino', '2025-02-19 02:24:27', '2025-02-19 02:24:27'),
(1325, 186, 327, 16, 'Rosa', '2025-02-19 02:24:27', '2025-02-19 02:24:27'),
(1326, 186, 182, 128, 'Negro', '2025-02-19 02:24:27', '2025-02-19 02:24:27'),
(1327, 187, 503, 175, 'Amarillo', '2025-02-19 02:29:40', '2025-02-19 02:29:40'),
(1328, 187, 177, 12, 'Negro', '2025-02-19 02:29:40', '2025-02-19 02:29:40'),
(1329, 187, 181, 19, 'Ambar', '2025-02-19 02:29:40', '2025-02-19 02:29:40'),
(1330, 187, 179, 11, 'Negro', '2025-02-19 02:29:40', '2025-02-19 02:29:40'),
(1331, 187, 180, 11, 'Negro', '2025-02-19 02:29:40', '2025-02-19 02:29:40'),
(1332, 187, 178, 11, 'Negro', '2025-02-19 02:29:40', '2025-02-19 02:29:40'),
(1333, 187, 176, 91, 'Negro', '2025-02-19 02:29:40', '2025-02-19 02:29:40'),
(1334, 187, 328, 169, 'Negro', '2025-02-19 02:29:40', '2025-02-19 02:29:40'),
(1335, 187, 327, 16, 'Rosa', '2025-02-19 02:29:40', '2025-02-19 02:29:40'),
(1336, 187, 182, 128, 'Negro', '2025-02-19 02:29:40', '2025-02-19 02:29:40'),
(1337, 188, 474, 175, 'Amarillo', '2025-02-19 02:40:43', '2025-02-19 02:40:43'),
(1338, 188, 284, 12, 'Negro', '2025-02-19 02:40:43', '2025-02-19 02:40:43'),
(1339, 188, 475, 51, 'Negro', '2025-02-19 02:40:43', '2025-02-19 02:40:43'),
(1340, 188, 476, 22, 'Negro', '2025-02-19 02:40:43', '2025-02-19 02:40:43'),
(1341, 188, 287, 20, 'Ambar', '2025-02-19 02:40:43', '2025-02-19 02:40:43'),
(1342, 188, 286, 19, 'Ambar', '2025-02-19 02:40:43', '2025-02-19 02:40:43'),
(1343, 188, 289, 11, 'Negro', '2025-02-19 02:40:43', '2025-02-19 02:40:43'),
(1346, 188, 279, 32, 'Negro', '2025-02-19 02:40:43', '2025-02-19 02:40:43'),
(1347, 188, 285, 24, 'Negro', '2025-02-19 02:40:43', '2025-02-19 02:40:43'),
(1348, 188, 282, 14, 'Negro', '2025-02-19 02:40:43', '2025-02-19 02:40:43'),
(1349, 188, 278, 32, 'Negro', '2025-02-19 02:40:43', '2025-02-19 02:40:43'),
(1350, 188, 283, 24, 'Negro', '2025-02-19 02:40:43', '2025-02-19 02:40:43'),
(1351, 188, 291, 16, 'Rosa', '2025-02-19 02:40:43', '2025-02-19 02:40:43'),
(1352, 188, 292, 128, 'Negro', '2025-02-19 02:40:43', '2025-02-19 02:40:43'),
(1353, 188, 293, 31, 'Negro', '2025-02-19 02:40:43', '2025-02-19 02:40:43'),
(1354, 188, 294, 31, 'Negro', '2025-02-19 02:40:43', '2025-02-19 02:40:43'),
(1355, 188, 295, 31, 'Negro', '2025-02-19 02:40:43', '2025-02-19 02:40:43'),
(1356, 188, 296, 31, 'Negro', '2025-02-19 02:40:43', '2025-02-19 02:40:43'),
(1357, 188, 281, 15, 'Negro', '2025-02-19 02:40:43', '2025-02-19 02:40:43'),
(1358, 188, 280, 32, 'Negro', '2025-02-19 02:40:43', '2025-02-19 02:40:43'),
(1359, 189, 474, 175, 'Amarillo', '2025-02-19 02:45:35', '2025-02-19 02:45:35'),
(1360, 189, 284, 12, 'Negro', '2025-02-19 02:45:35', '2025-02-19 02:45:35'),
(1361, 189, 475, 51, 'Negro', '2025-02-19 02:45:35', '2025-02-19 02:45:35'),
(1362, 189, 476, 52, 'Negro', '2025-02-19 02:45:35', '2025-02-19 02:45:35'),
(1363, 189, 287, 20, 'Ambar', '2025-02-19 02:45:35', '2025-02-19 02:45:35'),
(1364, 189, 286, 19, 'Ambar', '2025-02-19 02:45:35', '2025-02-19 02:45:35'),
(1365, 189, 289, 11, 'Negro', '2025-02-19 02:45:35', '2025-02-19 02:45:35'),
(1367, 189, 290, 8, 'Negro', '2025-02-19 02:45:35', '2025-02-19 02:45:35'),
(1368, 189, 279, 174, 'Chocolate', '2025-02-19 02:45:35', '2025-02-19 02:45:35'),
(1369, 189, 285, 24, 'Negro', '2025-02-19 02:45:35', '2025-02-19 02:45:35'),
(1370, 189, 282, 174, 'Chocolate', '2025-02-19 02:45:35', '2025-02-19 02:45:35'),
(1371, 189, 278, 174, 'Chocolate', '2025-02-19 02:45:35', '2025-02-19 02:45:35'),
(1372, 189, 283, 24, 'Negro', '2025-02-19 02:45:35', '2025-02-19 02:45:35'),
(1373, 189, 291, 16, 'Rosa', '2025-02-19 02:45:35', '2025-02-19 02:45:35'),
(1374, 189, 292, 128, 'Negro', '2025-02-19 02:45:35', '2025-02-19 02:45:35'),
(1375, 189, 293, 31, 'Negro', '2025-02-19 02:45:35', '2025-02-19 02:45:35'),
(1376, 189, 294, 31, 'Negro', '2025-02-19 02:45:35', '2025-02-19 02:45:35'),
(1377, 189, 295, 31, 'Negro', '2025-02-19 02:45:35', '2025-02-19 02:45:35'),
(1378, 189, 296, 31, 'Negro', '2025-02-19 02:45:35', '2025-02-19 02:45:35'),
(1379, 189, 281, 15, 'Negro', '2025-02-19 02:45:35', '2025-02-19 02:45:35'),
(1380, 189, 280, 174, 'Chocolate', '2025-02-19 02:45:35', '2025-02-19 02:45:35'),
(1381, 190, 504, 175, 'Amarillo', '2025-02-19 03:18:59', '2025-02-19 03:18:59'),
(1382, 190, 184, 30, 'Negro', '2025-02-19 03:18:59', '2025-02-19 03:18:59'),
(1383, 190, 193, 19, 'Ambar', '2025-02-19 03:18:59', '2025-02-19 03:18:59'),
(1384, 190, 192, 11, 'Negro', '2025-02-19 03:18:59', '2025-02-19 03:18:59'),
(1385, 190, 191, 11, 'Negro', '2025-02-19 03:18:59', '2025-02-19 03:18:59'),
(1386, 190, 190, 11, 'Negro', '2025-02-19 03:18:59', '2025-02-19 03:18:59'),
(1387, 190, 186, 30, 'Negro', '2025-02-19 03:18:59', '2025-02-19 03:18:59'),
(1388, 190, 185, 30, 'Negro', '2025-02-19 03:18:59', '2025-02-19 03:18:59'),
(1389, 190, 188, 90, 'Negro', '2025-02-19 03:18:59', '2025-02-19 03:18:59'),
(1390, 190, 329, 90, 'Negro', '2025-02-19 03:18:59', '2025-02-19 03:18:59'),
(1391, 190, 196, 16, 'Rosa', '2025-02-19 03:18:59', '2025-02-19 03:18:59'),
(1392, 190, 197, 128, 'Negro', '2025-02-19 03:18:59', '2025-02-19 03:18:59'),
(1393, 190, 330, 31, 'Negro', '2025-02-19 03:18:59', '2025-02-19 03:18:59'),
(1394, 190, 187, 30, 'Negro', '2025-02-19 03:18:59', '2025-02-19 03:18:59'),
(1395, 190, 189, 30, 'Negro', '2025-02-19 03:18:59', '2025-02-19 03:18:59'),
(1396, 191, 504, 175, 'Amarillo', '2025-02-19 03:34:35', '2025-02-19 03:34:35'),
(1397, 191, 184, 30, 'Negro', '2025-02-19 03:34:35', '2025-02-19 03:34:35'),
(1398, 191, 193, 19, 'Ambar', '2025-02-19 03:34:35', '2025-02-19 03:34:35'),
(1399, 191, 192, 11, 'Negro', '2025-02-19 03:34:35', '2025-02-19 03:34:35'),
(1400, 191, 191, 11, 'Negro', '2025-02-19 03:34:35', '2025-02-19 03:34:35'),
(1401, 191, 190, 11, 'Negro', '2025-02-19 03:34:35', '2025-02-19 03:34:35'),
(1402, 191, 186, 30, 'Negro', '2025-02-19 03:34:35', '2025-02-19 03:34:35'),
(1403, 191, 185, 30, 'Negro', '2025-02-19 03:34:35', '2025-02-19 03:34:35'),
(1404, 191, 188, 90, 'Negro', '2025-02-19 03:34:35', '2025-02-19 03:34:35'),
(1405, 191, 329, 90, 'Negro', '2025-02-19 03:34:35', '2025-02-19 03:34:35'),
(1406, 191, 505, 51, 'Negro', '2025-02-19 03:34:35', '2025-02-19 03:34:35'),
(1407, 191, 196, 16, 'Rosa', '2025-02-19 03:34:35', '2025-02-19 03:34:35'),
(1408, 191, 197, 128, 'Negro', '2025-02-19 03:34:35', '2025-02-19 03:34:35'),
(1409, 191, 330, 31, 'Negro', '2025-02-19 03:34:35', '2025-02-19 03:34:35'),
(1410, 191, 187, 30, 'Negro', '2025-02-19 03:34:35', '2025-02-19 03:34:35'),
(1411, 191, 189, 30, 'Negro', '2025-02-19 03:34:35', '2025-02-19 03:34:35'),
(1412, 192, 506, 175, 'Amarillo', '2025-02-19 05:09:43', '2025-02-19 05:09:43'),
(1413, 192, 201, 12, 'Negro', '2025-02-19 05:09:43', '2025-02-19 05:09:43'),
(1414, 192, 205, 19, 'Ambar', '2025-02-19 05:09:43', '2025-02-19 05:09:43'),
(1415, 192, 203, 11, 'Negro', '2025-02-19 05:09:43', '2025-02-19 05:09:43'),
(1416, 192, 204, 11, 'Negro', '2025-02-19 05:09:43', '2025-02-19 05:09:43'),
(1417, 192, 202, 11, 'Negro', '2025-02-19 05:09:43', '2025-02-19 05:09:43'),
(1418, 192, 200, 91, 'Negro', '2025-02-19 05:09:43', '2025-02-19 05:09:43'),
(1419, 192, 199, 27, 'Marino', '2025-02-19 05:09:43', '2025-02-19 05:09:43'),
(1420, 192, 206, 16, 'Rosa', '2025-02-19 05:09:43', '2025-02-19 05:09:43'),
(1421, 192, 207, 128, 'Negro', '2025-02-19 05:09:43', '2025-02-19 05:09:43'),
(1422, 192, 198, 31, 'Negro', '2025-02-19 05:09:43', '2025-02-19 05:09:43'),
(1423, 193, 126, 24, 'Negro', '2025-02-20 03:11:13', '2025-02-20 03:11:13'),
(1424, 193, 129, 11, 'Negro', '2025-02-20 03:11:13', '2025-02-20 03:11:13'),
(1425, 193, 130, 11, 'Negro', '2025-02-20 03:11:13', '2025-02-20 03:11:13'),
(1426, 193, 128, 24, 'Negro', '2025-02-20 03:11:13', '2025-02-20 03:11:13'),
(1429, 193, 127, 24, 'Negro', '2025-02-20 03:11:13', '2025-02-20 03:11:13'),
(1430, 194, 126, 24, 'Negro', '2025-02-20 04:04:02', '2025-02-20 04:04:02'),
(1431, 194, 129, 11, 'Negro', '2025-02-20 04:04:02', '2025-02-20 04:04:02'),
(1432, 194, 130, 11, 'Negro', '2025-02-20 04:04:02', '2025-02-20 04:04:02'),
(1433, 194, 128, 24, 'Negro', '2025-02-20 04:04:02', '2025-02-20 04:04:02'),
(1436, 194, 127, 24, 'Negro', '2025-02-20 04:04:02', '2025-02-20 04:04:02'),
(1437, 195, 477, 175, 'Amarillo', '2025-02-20 04:42:26', '2025-02-20 04:42:26'),
(1438, 195, 212, 30, 'Negro', '2025-02-20 04:42:26', '2025-02-20 04:42:26'),
(1439, 195, 222, 30, 'Negro', '2025-02-20 04:42:26', '2025-02-20 04:42:26'),
(1440, 195, 224, 19, 'Ambar', '2025-02-20 04:42:26', '2025-02-20 04:42:26'),
(1441, 195, 208, 30, 'Negro', '2025-02-20 04:42:26', '2025-02-20 04:42:26'),
(1442, 195, 209, 108, 'Negro', '2025-02-20 04:42:26', '2025-02-20 04:42:26'),
(1443, 195, 220, 11, 'Negro', '2025-02-20 04:42:26', '2025-02-20 04:42:26'),
(1444, 195, 221, 11, 'Negro', '2025-02-20 04:42:26', '2025-02-20 04:42:26'),
(1445, 195, 223, 11, 'Negro', '2025-02-20 04:42:26', '2025-02-20 04:42:26'),
(1446, 195, 210, 30, 'Negro', '2025-02-20 04:42:26', '2025-02-20 04:42:26'),
(1447, 195, 215, 30, 'Negro', '2025-02-20 04:42:26', '2025-02-20 04:42:26'),
(1448, 195, 216, 108, 'Negro', '2025-02-20 04:42:26', '2025-02-20 04:42:26'),
(1449, 195, 211, 108, 'Negro', '2025-02-20 04:42:26', '2025-02-20 04:42:26'),
(1450, 195, 217, 30, 'Negro', '2025-02-20 04:42:26', '2025-02-20 04:42:26'),
(1451, 195, 213, 30, 'Negro', '2025-02-20 04:42:26', '2025-02-20 04:42:26'),
(1452, 195, 225, 16, 'Rosa', '2025-02-20 04:42:26', '2025-02-20 04:42:26'),
(1453, 195, 226, 128, 'Negro', '2025-02-20 04:42:26', '2025-02-20 04:42:26'),
(1454, 195, 214, 30, 'Negro', '2025-02-20 04:42:26', '2025-02-20 04:42:26'),
(1455, 196, 474, 175, 'Amarillo', '2025-02-20 04:52:37', '2025-02-20 04:52:37'),
(1456, 196, 284, 12, 'Negro', '2025-02-20 04:52:37', '2025-02-20 04:52:37'),
(1457, 196, 475, 51, 'Negro', '2025-02-20 04:52:37', '2025-02-20 04:52:37'),
(1458, 196, 476, 52, 'Negro', '2025-02-20 04:52:37', '2025-02-20 04:52:37'),
(1459, 196, 287, 20, 'Ambar', '2025-02-20 04:52:37', '2025-02-20 04:52:37'),
(1460, 196, 286, 19, 'Ambar', '2025-02-20 04:52:37', '2025-02-20 04:52:37'),
(1461, 196, 289, 11, 'Negro', '2025-02-20 04:52:37', '2025-02-20 04:52:37'),
(1462, 196, 288, 11, 'Negro', '2025-02-20 04:52:37', '2025-02-20 04:52:37'),
(1463, 196, 290, 71, 'Negro', '2025-02-20 04:52:37', '2025-02-20 04:52:37'),
(1464, 196, 279, 177, '.', '2025-02-20 04:52:37', '2025-02-20 04:52:37'),
(1465, 196, 285, 24, 'Verde', '2025-02-20 04:52:37', '2025-02-20 04:52:37'),
(1466, 196, 282, 177, '.', '2025-02-20 04:52:37', '2025-02-20 04:52:37'),
(1467, 196, 278, 177, '.', '2025-02-20 04:52:37', '2025-02-20 04:52:37'),
(1468, 196, 283, 24, 'Verde', '2025-02-20 04:52:37', '2025-02-20 04:52:37'),
(1469, 196, 291, 16, 'Rosa', '2025-02-20 04:52:37', '2025-02-20 04:52:37'),
(1470, 196, 292, 128, 'Negro', '2025-02-20 04:52:37', '2025-02-20 04:52:37'),
(1471, 196, 293, 31, 'Negro', '2025-02-20 04:52:37', '2025-02-20 04:52:37'),
(1472, 196, 294, 31, 'Negro', '2025-02-20 04:52:37', '2025-02-20 04:52:37'),
(1473, 196, 295, 31, 'Negro', '2025-02-20 04:52:37', '2025-02-20 04:52:37'),
(1474, 196, 296, 31, 'Negro', '2025-02-20 04:52:37', '2025-02-20 04:52:37'),
(1475, 196, 281, 15, 'Negro', '2025-02-20 04:52:37', '2025-02-20 04:52:37'),
(1476, 196, 348, 177, '.', '2025-02-20 04:52:37', '2025-02-20 04:52:37'),
(1477, 197, 474, 175, 'Amarillo', '2025-02-20 04:57:22', '2025-02-20 04:57:22'),
(1478, 197, 284, 12, 'Negro', '2025-02-20 04:57:22', '2025-02-20 04:57:22'),
(1479, 197, 475, 51, 'Negro', '2025-02-20 04:57:22', '2025-02-20 04:57:22'),
(1480, 197, 476, 52, 'Negro', '2025-02-20 04:57:22', '2025-02-20 04:57:22'),
(1481, 197, 287, 20, 'Ambar', '2025-02-20 04:57:22', '2025-02-20 04:57:22'),
(1482, 197, 286, 19, 'Ambar', '2025-02-20 04:57:22', '2025-02-20 04:57:22'),
(1483, 197, 289, 11, 'Negro', '2025-02-20 04:57:22', '2025-02-20 04:57:22'),
(1484, 197, 288, 11, 'Negro', '2025-02-20 04:57:22', '2025-02-20 04:57:22'),
(1485, 197, 290, 11, 'Negro', '2025-02-20 04:57:22', '2025-02-20 04:57:22'),
(1486, 197, 279, 178, '.', '2025-02-20 04:57:22', '2025-02-20 04:57:22'),
(1487, 197, 285, 24, 'Marino', '2025-02-20 04:57:22', '2025-02-20 04:57:22'),
(1488, 197, 282, 178, '.', '2025-02-20 04:57:22', '2025-02-20 04:57:22'),
(1489, 197, 278, 178, '.', '2025-02-20 04:57:22', '2025-02-20 04:57:22'),
(1490, 197, 283, 24, 'Marino', '2025-02-20 04:57:22', '2025-02-20 04:57:22'),
(1491, 197, 291, 16, 'Rosa', '2025-02-20 04:57:22', '2025-02-20 04:57:22'),
(1492, 197, 292, 128, 'Negro', '2025-02-20 04:57:22', '2025-02-20 04:57:22'),
(1493, 197, 293, 31, 'Negro', '2025-02-20 04:57:22', '2025-02-20 04:57:22'),
(1494, 197, 294, 31, 'Negro', '2025-02-20 04:57:22', '2025-02-20 04:57:22'),
(1495, 197, 295, 31, 'Negro', '2025-02-20 04:57:22', '2025-02-20 04:57:22'),
(1496, 197, 296, 31, 'Negro', '2025-02-20 04:57:22', '2025-02-20 04:57:22'),
(1497, 197, 281, 15, 'Negro', '2025-02-20 04:57:22', '2025-02-20 04:57:22'),
(1498, 197, 348, 178, '.', '2025-02-20 04:57:22', '2025-02-20 04:57:22'),
(1499, 198, 126, 181, 'Mauve', '2025-02-20 22:28:01', '2025-02-20 22:28:01'),
(1500, 198, 129, 68, 'Negro', '2025-02-20 22:28:01', '2025-02-20 22:28:01'),
(1501, 198, 130, 68, 'Negro', '2025-02-20 22:28:01', '2025-02-20 22:28:01'),
(1502, 198, 128, 181, 'Mauve', '2025-02-20 22:28:01', '2025-02-20 22:28:01'),
(1503, 198, 127, 181, 'Mauve', '2025-02-20 22:28:01', '2025-02-20 22:28:01'),
(1504, 199, 126, 24, 'Negro', '2025-02-20 22:29:47', '2025-02-20 22:29:47'),
(1505, 199, 129, 11, 'Negro', '2025-02-20 22:29:47', '2025-02-20 22:29:47'),
(1506, 199, 130, 11, 'Negro', '2025-02-20 22:29:47', '2025-02-20 22:29:47'),
(1507, 199, 128, 24, 'Negro', '2025-02-20 22:29:47', '2025-02-20 22:29:47'),
(1508, 199, 127, 24, 'Negro', '2025-02-20 22:29:47', '2025-02-20 22:29:47'),
(1509, 200, 126, 24, 'Negro', '2025-02-20 22:57:55', '2025-02-20 22:57:55'),
(1510, 200, 129, 11, 'Negro', '2025-02-20 22:57:55', '2025-02-20 22:57:55'),
(1511, 200, 130, 11, 'Negro', '2025-02-20 22:57:55', '2025-02-20 22:57:55'),
(1512, 200, 128, 24, 'Negro', '2025-02-20 22:57:55', '2025-02-20 22:57:55'),
(1513, 200, 127, 24, 'Negro', '2025-02-20 22:57:55', '2025-02-20 22:57:55'),
(1514, 201, 126, 24, 'Negro', '2025-02-20 23:09:25', '2025-02-20 23:09:25'),
(1515, 201, 129, 11, 'Negro', '2025-02-20 23:09:25', '2025-02-20 23:09:25'),
(1516, 201, 130, 11, 'Negro', '2025-02-20 23:09:25', '2025-02-20 23:09:25'),
(1517, 201, 128, 24, 'Negro', '2025-02-20 23:09:25', '2025-02-20 23:09:25'),
(1518, 201, 127, 24, 'Negro', '2025-02-20 23:09:25', '2025-02-20 23:09:25');

-- --------------------------------------------------------

--
-- Estructura de tabla para la tabla `cotizacion_has_suelas`
--

CREATE TABLE `cotizacion_has_suelas` (
  `id` bigint(20) UNSIGNED NOT NULL,
  `idCotizacion` bigint(20) UNSIGNED NOT NULL,
  `idSuela` bigint(20) UNSIGNED NOT NULL,
  `created_at` timestamp NULL DEFAULT NULL,
  `updated_at` timestamp NULL DEFAULT NULL
) ENGINE=InnoDB DEFAULT CHARSET=utf8mb4 COLLATE=utf8mb4_unicode_ci;

--
-- Volcado de datos para la tabla `cotizacion_has_suelas`
--

INSERT INTO `cotizacion_has_suelas` (`id`, `idCotizacion`, `idSuela`, `created_at`, `updated_at`) VALUES
(98, 125, 5, '2024-11-15 01:42:31', '2024-11-15 01:42:31'),
(100, 127, 5, '2024-11-15 05:24:21', '2024-11-15 05:24:21'),
(101, 128, 5, '2024-11-20 04:53:36', '2024-11-20 04:53:36'),
(102, 129, 6, '2024-11-20 05:25:26', '2024-11-20 05:25:26'),
(103, 130, 6, '2024-11-30 04:30:32', '2024-11-30 04:30:32'),
(104, 131, 5, '2024-11-30 04:34:37', '2024-11-30 04:34:37'),
(105, 132, 7, '2024-12-02 23:28:42', '2024-12-02 23:28:42'),
(106, 133, 7, '2024-12-03 05:24:15', '2024-12-03 05:24:15'),
(107, 134, 6, '2025-01-20 23:30:59', '2025-01-20 23:30:59'),
(108, 135, 8, '2025-01-21 05:50:25', '2025-01-21 05:50:25'),
(109, 136, 8, '2025-01-21 05:53:43', '2025-01-21 05:53:43'),
(110, 137, 10, '2025-01-21 06:03:36', '2025-01-21 06:03:36'),
(111, 138, 11, '2025-01-21 06:07:37', '2025-01-21 06:07:37'),
(112, 139, 8, '2025-01-22 04:55:05', '2025-01-22 04:55:05'),
(113, 140, 8, '2025-01-22 05:04:37', '2025-01-22 05:04:37'),
(114, 141, 8, '2025-01-22 05:18:58', '2025-01-22 05:18:58'),
(115, 142, 8, '2025-01-22 05:21:08', '2025-01-22 05:21:08'),
(116, 143, 8, '2025-01-22 05:29:42', '2025-01-22 05:29:42'),
(117, 144, 8, '2025-01-22 05:31:52', '2025-01-22 05:31:52'),
(118, 145, 8, '2025-01-22 20:39:55', '2025-01-22 20:39:55'),
(119, 146, 6, '2025-01-27 21:41:40', '2025-01-27 21:41:40'),
(120, 147, 6, '2025-01-27 21:43:37', '2025-01-27 21:43:37'),
(121, 148, 6, '2025-01-27 21:46:00', '2025-01-27 21:46:00'),
(122, 149, 6, '2025-01-27 21:48:57', '2025-01-27 21:48:57'),
(123, 150, 8, '2025-01-27 22:05:07', '2025-01-27 22:05:07'),
(124, 151, 8, '2025-01-27 22:07:38', '2025-01-27 22:07:38'),
(126, 153, 9, '2025-01-27 23:01:35', '2025-01-27 23:01:35'),
(127, 154, 10, '2025-01-27 23:05:07', '2025-01-27 23:05:07'),
(128, 155, 11, '2025-01-27 23:16:26', '2025-01-27 23:16:26'),
(129, 156, 13, '2025-01-27 23:19:07', '2025-01-27 23:19:07'),
(130, 157, 80, '2025-01-28 00:30:12', '2025-01-28 00:30:12'),
(131, 158, 11, '2025-01-28 02:54:48', '2025-01-28 02:54:48'),
(132, 159, 11, '2025-01-28 03:04:28', '2025-01-28 03:04:28'),
(133, 160, 80, '2025-01-28 04:27:10', '2025-01-28 04:27:10'),
(134, 161, 13, '2025-01-28 07:38:46', '2025-01-28 07:38:46'),
(135, 162, 13, '2025-01-28 07:44:15', '2025-01-28 07:44:15'),
(136, 163, 11, '2025-01-30 04:49:40', '2025-01-30 04:49:40'),
(137, 163, 12, '2025-01-30 04:49:40', '2025-01-30 04:49:40'),
(138, 163, 109, '2025-01-30 04:49:40', '2025-01-30 04:49:40'),
(139, 164, 83, '2025-01-30 22:39:03', '2025-01-30 22:39:03'),
(140, 165, 7, '2025-01-30 22:58:14', '2025-01-30 22:58:14'),
(141, 166, 80, '2025-01-30 23:16:25', '2025-01-30 23:16:25'),
(142, 167, 100, '2025-01-30 23:23:43', '2025-01-30 23:23:43'),
(145, 170, 80, '2025-02-04 04:14:31', '2025-02-04 04:14:31'),
(146, 171, 13, '2025-02-04 05:22:09', '2025-02-04 05:22:09'),
(147, 172, 11, '2025-02-10 21:46:42', '2025-02-10 21:46:42'),
(148, 173, 11, '2025-02-10 21:52:33', '2025-02-10 21:52:33'),
(149, 174, 80, '2025-02-10 22:00:33', '2025-02-10 22:00:33'),
(150, 175, 11, '2025-02-10 22:32:53', '2025-02-10 22:32:53'),
(151, 176, 11, '2025-02-10 23:01:50', '2025-02-10 23:01:50'),
(152, 177, 11, '2025-02-12 00:05:43', '2025-02-12 00:05:43'),
(153, 178, 110, '2025-02-13 02:22:17', '2025-02-13 02:22:17'),
(154, 179, 13, '2025-02-13 02:26:30', '2025-02-13 02:26:30'),
(155, 180, 13, '2025-02-13 02:32:03', '2025-02-13 02:32:03'),
(156, 181, 80, '2025-02-13 02:38:21', '2025-02-13 02:38:21'),
(157, 182, 13, '2025-02-18 03:04:42', '2025-02-18 03:04:42'),
(158, 183, 6, '2025-02-18 03:18:22', '2025-02-18 03:18:22'),
(159, 184, 56, '2025-02-18 03:22:07', '2025-02-18 03:22:07'),
(160, 185, 8, '2025-02-19 02:09:20', '2025-02-19 02:09:20'),
(161, 186, 8, '2025-02-19 02:24:28', '2025-02-19 02:24:28'),
(162, 187, 8, '2025-02-19 02:29:41', '2025-02-19 02:29:41'),
(163, 188, 80, '2025-02-19 02:40:44', '2025-02-19 02:40:44'),
(164, 189, 80, '2025-02-19 02:45:35', '2025-02-19 02:45:35'),
(165, 190, 9, '2025-02-19 03:19:00', '2025-02-19 03:19:00'),
(166, 191, 9, '2025-02-19 03:34:36', '2025-02-19 03:34:36'),
(167, 192, 10, '2025-02-19 05:09:43', '2025-02-19 05:09:43'),
(168, 193, 6, '2025-02-20 03:11:13', '2025-02-20 03:11:13'),
(169, 194, 6, '2025-02-20 04:04:02', '2025-02-20 04:04:02'),
(170, 195, 11, '2025-02-20 04:42:26', '2025-02-20 04:42:26'),
(171, 196, 5, '2025-02-20 04:52:38', '2025-02-20 04:52:38'),
(172, 197, 5, '2025-02-20 04:57:23', '2025-02-20 04:57:23'),
(173, 198, 64, '2025-02-20 22:28:01', '2025-02-20 22:28:01'),
(174, 199, 64, '2025-02-20 22:29:47', '2025-02-20 22:29:47'),
(175, 200, 64, '2025-02-20 22:57:56', '2025-02-20 22:57:56'),
(176, 201, 64, '2025-02-20 23:09:25', '2025-02-20 23:09:25');

-- --------------------------------------------------------

--
-- Estructura de tabla para la tabla `failed_jobs`
--

CREATE TABLE `failed_jobs` (
  `id` bigint(20) UNSIGNED NOT NULL,
  `uuid` varchar(255) COLLATE utf8mb4_unicode_ci NOT NULL,
  `connection` text COLLATE utf8mb4_unicode_ci NOT NULL,
  `queue` text COLLATE utf8mb4_unicode_ci NOT NULL,
  `payload` longtext COLLATE utf8mb4_unicode_ci NOT NULL,
  `exception` longtext COLLATE utf8mb4_unicode_ci NOT NULL,
  `failed_at` timestamp NOT NULL DEFAULT CURRENT_TIMESTAMP
) ENGINE=InnoDB DEFAULT CHARSET=utf8mb4 COLLATE=utf8mb4_unicode_ci;

-- --------------------------------------------------------

--
-- Estructura de tabla para la tabla `materiales`
--

CREATE TABLE `materiales` (
  `id` bigint(20) UNSIGNED NOT NULL,
  `nombre` varchar(255) COLLATE utf8mb4_unicode_ci NOT NULL,
  `concepto` varchar(255) COLLATE utf8mb4_unicode_ci NOT NULL,
  `precio` decimal(10,2) NOT NULL,
  `unidades` decimal(10,2) DEFAULT NULL,
  `color` varchar(255) COLLATE utf8mb4_unicode_ci DEFAULT NULL,
  `hexColor` varchar(255) COLLATE utf8mb4_unicode_ci DEFAULT NULL,
  `created_at` timestamp NULL DEFAULT NULL,
  `updated_at` timestamp NULL DEFAULT NULL
) ENGINE=InnoDB DEFAULT CHARSET=utf8mb4 COLLATE=utf8mb4_unicode_ci;

--
-- Volcado de datos para la tabla `materiales`
--

INSERT INTO `materiales` (`id`, `nombre`, `concepto`, `precio`, `unidades`, `color`, `hexColor`, `created_at`, `updated_at`) VALUES
(8, 'Estonia', 'Forro', 69.60, 135.00, 'Negro', '#000000', '2024-11-15 00:12:19', '2024-11-15 00:12:19'),
(9, 'Eko', 'Forro', 54.52, 135.00, 'Gris claro', '#e4e2e2', '2024-11-15 00:13:34', '2024-11-15 00:13:34'),
(10, 'Eko', 'Forro', 54.52, 135.00, 'Blanco', '#ffffff', '2024-11-15 00:14:05', '2024-11-15 00:14:05'),
(11, 'N3-28', 'Forro', 40.00, 135.00, 'Negro', '#000000', '2024-11-15 00:14:55', '2024-11-15 00:14:55'),
(12, 'Seul 1.6', 'Microfibra', 166.00, 135.00, 'Negro', '#000000', '2024-11-15 00:17:02', '2024-11-15 00:17:02'),
(13, '997 b/c Flis', 'Malla', 143.84, 135.00, 'Negro', '#000000', '2024-11-15 00:18:00', '2024-11-15 00:18:00'),
(14, 'Micronike', 'Microfibra', 290.00, 135.00, 'Negro', '#000000', '2024-11-15 00:18:55', '2024-11-15 00:18:55'),
(15, 'Antiderrapante rugoso', 'Refuerzo', 92.92, 137.00, 'Negro', '#000000', '2024-11-15 00:20:59', '2025-01-21 20:35:15'),
(16, 'Celteck rosa', 'Planta', 38.00, 90.00, 'Rosa', '#f7b5e2', '2024-11-15 00:24:48', '2024-11-15 00:24:48'),
(17, 'Nairobi bondeado', 'Sintetico', 123.00, 135.00, 'Negro', '#000000', '2024-11-15 00:28:04', '2024-11-15 00:28:04'),
(18, 'Charol 0.8', 'Sintetico', 87.00, 135.00, 'Amarillo', '#fbff00', '2024-11-15 00:29:16', '2024-11-15 00:29:16'),
(19, '15/30', 'Esponja', 55.00, 90.00, 'Ambar', '#f8ffc7', '2024-11-15 00:30:28', '2024-11-15 00:30:28'),
(20, '9/30', 'Esponja', 49.00, 90.00, 'Ambar', '#fafebe', '2024-11-15 00:31:20', '2024-11-15 00:31:20'),
(21, '5/50', 'Esponja', 47.00, 90.00, 'Ambar', '#f1f9b4', '2024-11-15 00:31:59', '2024-11-15 01:58:45'),
(22, '14 mm', 'Cintilla', 2.50, 1.00, 'Negro', '#000000', '2024-11-15 00:33:35', '2025-01-28 07:33:41'),
(24, 'Mila', 'Malla', 82.00, 138.00, 'Negro', '#000000', '2024-11-20 05:13:11', '2024-11-20 05:13:11'),
(25, 'Antiderrapante rombos', 'Piel', 200.00, 130.00, 'Negro', '#000000', '2024-12-02 23:08:03', '2024-12-02 23:09:05'),
(26, 'Masedonia', 'Sintetico', 147.32, 135.00, 'Negro', '#000000', '2025-01-21 05:31:43', '2025-01-21 05:32:15'),
(27, 'Crono con TST', 'Malla', 122.50, 135.00, 'Marino', '#1b18e2', '2025-01-21 05:33:26', '2025-01-21 22:31:04'),
(28, 'M.V.P', 'Malla', 126.44, 135.00, 'Negro', '#000000', '2025-01-21 05:34:11', '2025-01-21 22:31:18'),
(29, 'Sandwich Bondeada Poro chico', 'Malla', 80.00, 135.00, 'Negro', '#000000', '2025-01-21 05:34:47', '2025-01-21 22:31:44'),
(30, 'Capri', 'Microfibra', 123.00, 135.00, 'Negro', '#000000', '2025-01-21 05:35:18', '2025-01-21 22:47:32'),
(31, 'Eva con Tst', 'Refuerzo', 34.12, 135.00, 'Negro', '#000000', '2025-01-21 05:58:44', '2025-01-30 09:22:53'),
(32, 'Action Leather', 'Piel', 451.01, 135.00, 'Negro', '#000000', '2025-01-21 20:29:13', '2025-01-28 02:56:02'),
(33, 'Amazona Multicolor', 'Sintetico', 114.84, 135.00, 'Negro', '#000000', '2025-01-21 20:31:59', '2025-01-21 20:31:59'),
(34, 'Antiderrapante rugoso', 'Refuerzo', 92.92, 135.00, 'Negro', '#000000', '2025-01-21 20:35:52', '2025-01-21 20:35:52'),
(35, 'Atmosfera Multi', 'Sintetico', 287.10, 135.00, 'Negro', '#000000', '2025-01-21 20:38:44', '2025-01-21 20:38:44'),
(36, 'Azteca', 'Sintetico', 196.04, 135.00, 'Negro', '#000000', '2025-01-21 20:39:40', '2025-01-21 20:39:40'),
(37, 'Bies Elastico', 'Cintilla', 5.50, 1.00, 'Negro', '#000000', '2025-01-21 20:42:32', '2025-01-28 07:35:12'),
(38, 'Bruselas Multicolor', 'Sintetico', 407.16, 135.00, 'Negro', '#000000', '2025-01-21 20:51:57', '2025-01-21 20:51:57'),
(39, 'Buck', 'Sintetico', 95.70, 135.00, 'Negro', '#000000', '2025-01-21 20:53:22', '2025-01-21 20:53:22'),
(40, 'Buck Bondeado', 'Sintetico', 133.70, 135.00, 'Negro', '#000000', '2025-01-21 20:54:27', '2025-01-21 20:54:27'),
(41, 'Cabra Bondeado', 'Sintetico', 141.24, 135.00, 'Negro', '#000000', '2025-01-21 20:55:59', '2025-01-21 20:55:59'),
(42, 'Cabra', 'Sintetico', 103.24, 135.00, 'Negro', '#000000', '2025-01-21 20:58:11', '2025-01-21 20:58:11'),
(43, 'Carey café', 'Sintetico', 128.76, 135.00, 'Cafe', '#5b4848', '2025-01-21 20:59:30', '2025-01-21 20:59:30'),
(44, 'Carnaza', 'Sintetico', 167.04, 135.00, 'Negro', '#000000', '2025-01-21 21:03:44', '2025-01-21 21:03:44'),
(45, 'Carnaza', 'Sintetico', 119.61, 135.00, 'Negro', '#000000', '2025-01-21 21:05:51', '2025-01-21 21:05:51'),
(46, 'Champion', 'Semi Microfibra', 137.75, 135.00, 'Negro', '#000000', '2025-01-21 21:09:17', '2025-01-21 22:47:51'),
(47, 'Charlot multicolor', 'Sintetico', 140.00, 135.00, 'Negro', '#000000', '2025-01-21 21:10:16', '2025-01-21 21:10:16'),
(48, 'Charol', 'Sintetico', 147.32, 135.00, 'Negro', '#000000', '2025-01-21 21:13:58', '2025-01-21 21:13:58'),
(49, 'Charol Blanco', 'Sintetico', 87.00, 135.00, 'Blanco', '#ffffff', '2025-01-21 21:15:40', '2025-01-21 21:15:40'),
(50, 'Charol Vetro Lazer', 'Sintetico', 141.64, 135.00, 'Negro', '#000000', '2025-01-21 21:17:27', '2025-01-21 21:17:27'),
(51, '10mm', 'Cintilla', 1.38, 1.00, 'Negro', '#000000', '2025-01-21 21:18:48', '2025-02-04 04:03:13'),
(52, '16mm', 'Cintilla', 1.74, 1.00, 'Negro', '#000000', '2025-01-21 21:19:27', '2025-01-28 07:34:40'),
(53, '19mm', 'Cintilla', 1.74, 1.00, 'Negro', '#000000', '2025-01-21 21:19:58', '2025-01-28 07:34:53'),
(54, 'Pesada 25mm', 'Cintilla', 4.20, 1.00, 'Negro', '#000000', '2025-01-21 21:21:52', '2025-01-28 07:34:28'),
(55, 'Cintilla Ribers', 'Cintilla', 4.00, 135.00, 'Negro', '#000000', '2025-01-21 21:22:48', '2025-01-21 21:22:48'),
(56, 'Cobra Rey Plata', 'Sintetico', 121.80, 135.00, 'Plata', '#b5b5b5', '2025-01-21 21:23:59', '2025-01-21 21:23:59'),
(57, 'Cremona', 'Sintetico', 143.26, 135.00, 'Negro', '#000000', '2025-01-21 21:26:18', '2025-01-21 21:26:18'),
(58, 'Cremona bondeado', 'Sintetico', 143.26, 135.00, 'Negro', '#000000', '2025-01-21 21:27:34', '2025-01-21 21:27:34'),
(59, 'Cuello de toro', 'Sintetico', 75.00, 135.00, 'Negro', '#000000', '2025-01-21 21:29:30', '2025-01-21 21:29:30'),
(60, 'D43', 'Sintetico', 65.00, 135.00, 'Negro', '#000000', '2025-01-21 21:30:20', '2025-01-21 21:30:20'),
(61, 'D43', 'Sintetico', 83.52, 135.00, 'Negro', '#000000', '2025-01-21 21:32:10', '2025-01-21 21:32:10'),
(62, 'Dakar (tipo gamuza)', 'Sintetico', 107.88, 135.00, 'Negro', '#000000', '2025-01-21 21:32:56', '2025-01-21 21:32:56'),
(63, 'Drilo', 'Sintetico', 129.92, 135.00, 'Negro', '#000000', '2025-01-21 21:33:44', '2025-01-21 21:33:44'),
(64, 'Durazno', 'Sintetico', 73.08, 135.00, 'Negro', '#000000', '2025-01-21 21:35:06', '2025-01-21 21:35:06'),
(65, 'Durazno bondeado', 'Sintetico', 93.00, 135.00, 'Negro', '#000000', '2025-01-21 21:35:56', '2025-01-21 21:35:56'),
(66, 'Cola de rata negro 200 mts', 'Elastico', 2.05, 135.00, 'Negro', '#000000', '2025-01-21 21:36:50', '2025-01-21 21:41:44'),
(67, 'Everest', 'Sintetico', 110.20, 135.00, 'Negro', '#000000', '2025-01-21 21:43:57', '2025-01-21 21:43:57'),
(68, 'Forro alpha', 'Forro', 44.87, 135.00, 'Negro', '#000000', '2025-01-21 21:45:15', '2025-01-21 21:45:15'),
(69, 'Forro eko', 'Forro', 54.52, 135.00, 'Negro', '#000000', '2025-01-21 21:47:13', '2025-01-21 21:47:13'),
(71, 'N3-28 Color', 'Forro', 40.00, 135.00, 'Negro', '#cedce8', '2025-01-21 21:50:21', '2025-01-21 21:50:21'),
(72, 'Forro new arauka', 'Forro', 59.83, 135.00, 'Negro', '#000000', '2025-01-21 21:51:15', '2025-01-21 21:51:15'),
(73, 'Forro Perla', 'Forro', 41.60, 135.00, 'Perla', '#f0f0f0', '2025-01-21 21:53:48', '2025-01-21 21:53:48'),
(75, 'Gamusa', 'Piel', 422.82, 135.00, 'Negro', '#000000', '2025-01-21 22:13:00', '2025-01-21 22:13:00'),
(76, 'Gari ahorcador y bellota', 'Plastico', 0.75, 135.00, 'Negro', '#000000', '2025-01-21 22:14:19', '2025-01-21 22:15:23'),
(77, 'Hotmail', 'Sintetico', 170.00, 135.00, 'Negro', '#000000', '2025-01-21 22:16:22', '2025-01-21 22:16:22'),
(78, 'Injection', 'Sintetico', 133.40, 135.00, 'Negro', '#000000', '2025-01-21 22:19:03', '2025-01-21 22:19:03'),
(79, 'Lagarto Armañac', 'Sintetico', 114.84, 135.00, 'Negro', '#000000', '2025-01-21 22:21:09', '2025-01-21 22:21:09'),
(80, 'Licra Sport', 'Malla', 80.04, 135.00, 'Negro', '#000000', '2025-01-21 22:21:40', '2025-01-21 22:21:40'),
(81, 'Lince camel', 'Sintetico', 114.84, 135.00, 'Negro', '#000000', '2025-01-21 22:23:38', '2025-01-21 22:23:38'),
(82, '2520D Bondeada', 'Lona', 138.00, 135.00, 'Negro', '#000000', '2025-01-21 22:24:56', '2025-01-21 22:24:56'),
(83, 'Lona algodón', 'Lona', 95.00, 135.00, 'Negro', '#000000', '2025-01-21 22:26:35', '2025-01-21 22:26:35'),
(84, 'Lona Lux  esponja y pellon', 'Lona', 137.58, 135.00, 'Negro', '#000000', '2025-01-21 22:27:06', '2025-01-21 22:27:06'),
(85, '997 bondeada con flis', 'Malla', 143.84, 135.00, 'Negra', '#000000', '2025-01-21 22:27:42', '2025-01-21 22:27:42'),
(86, 'Crono con tst', 'Malla', 122.50, 135.00, 'Negro', '#000000', '2025-01-21 22:28:13', '2025-01-21 22:28:13'),
(87, 'Flow con forro GIO', 'Malla', 171.10, 135.00, 'Negro', '#000000', '2025-01-21 22:29:22', '2025-01-21 22:29:22'),
(88, 'Higtec', 'Malla', 61.00, 135.00, 'Negro', '#000000', '2025-01-21 22:30:38', '2025-01-21 22:30:38'),
(89, 'Mila', 'Malla', 92.00, 135.00, 'Negro', '#000000', '2025-01-21 22:34:36', '2025-01-21 22:34:36'),
(90, 'Net 1', 'Malla', 90.48, 135.00, 'Negro', '#000000', '2025-01-21 22:36:49', '2025-01-21 22:36:49'),
(91, 'Sandwich Bondeada Poro Grande', 'Malla', 80.00, 135.00, 'Negro', '#000000', '2025-01-21 22:38:08', '2025-01-21 22:38:08'),
(92, 'Sandwich/Tst/Espuma', 'Malla', 85.00, 135.00, 'Negro', '#000000', '2025-01-21 22:39:31', '2025-01-21 22:39:31'),
(93, 'Sandwich/Tst/Espuma/Forro', 'Malla', 133.50, 135.00, 'Negro', '#000000', '2025-01-21 22:40:18', '2025-01-21 22:40:18'),
(94, 'Uno', 'Malla', 84.45, 135.00, 'Negro', '#000000', '2025-01-21 22:41:03', '2025-01-21 22:41:03'),
(95, 'Mangle late', 'Sintetico', 109.04, 135.00, 'Negro', '#000000', '2025-01-21 22:41:50', '2025-01-21 22:41:50'),
(96, 'Marsella', 'Sintetico', 89.32, 135.00, 'Negro', '#000000', '2025-01-21 22:42:18', '2025-01-21 22:42:18'),
(97, 'Micro Malla', 'Malla', 96.28, 135.00, 'Negro', '#000000', '2025-01-21 22:45:28', '2025-01-21 22:45:28'),
(98, 'Diamante p/puntera', 'Microfibra', 591.60, 135.00, 'Negro', '#000000', '2025-01-21 22:46:42', '2025-01-21 22:47:09'),
(99, 'Micronike Hus', 'Micro Piel', 285.00, 135.00, 'Negro', '#000000', '2025-01-21 22:48:43', '2025-01-21 22:48:43'),
(101, 'Nairobi virgen', 'Sintetico', 85.00, 135.00, 'Negro', '#000000', '2025-01-21 22:50:54', '2025-01-21 22:50:54'),
(102, 'Oggi Cielo', 'Sintetico', 111.36, 135.00, 'Negro', '#000000', '2025-01-21 22:51:55', '2025-01-21 22:51:55'),
(103, 'Oggi Cielo bondeado', 'Sintetico', 111.36, 135.00, 'Negro', '#000000', '2025-01-21 23:35:42', '2025-01-21 23:35:42'),
(104, 'Gancho T-19 Metalico', 'Ojillo', 0.38, 135.00, 'Negro', '#000000', '2025-01-21 23:37:32', '2025-01-21 23:37:32'),
(105, 'Gancho C/Clavo Cerrado', 'Ojillo', 1.61, 135.00, 'Negro', '#000000', '2025-01-21 23:38:34', '2025-01-21 23:38:34'),
(106, 'K19 c/Arandela', 'Ojillo', 0.26, 135.00, 'Negro', '#000000', '2025-01-21 23:40:56', '2025-01-21 23:40:56'),
(107, 'K19 Sin Arandela', 'Ojillo', 0.13, 135.00, 'Negro', '#000000', '2025-01-21 23:41:34', '2025-01-21 23:41:34'),
(108, 'Oropal 300', 'Refuerzo', 26.33, 135.00, 'Negro', '#000000', '2025-01-21 23:42:15', '2025-01-21 23:42:15'),
(109, 'Alpha', 'Pala', 74.00, 135.00, 'Negro', '#000000', '2025-01-21 23:42:50', '2025-01-21 23:42:50'),
(110, 'Bota Silverado', 'Pala', 84.00, 135.00, 'Negro', '#000000', '2025-01-21 23:44:00', '2025-01-21 23:44:00'),
(111, 'Calceta Bota', 'Pala', 82.00, 135.00, 'Negro', '#000000', '2025-01-21 23:45:53', '2025-01-21 23:45:53'),
(112, 'Epic', 'Pala', 58.00, 135.00, 'Negro', '#000000', '2025-01-21 23:47:42', '2025-01-21 23:47:42'),
(113, 'Omar', 'Pala', 60.00, 135.00, 'Negro', '#000000', '2025-01-21 23:48:10', '2025-01-21 23:51:13'),
(114, 'Barracuda/Rombos', 'Pala tejida', 66.00, 16.80, 'Negro', '#000000', '2025-01-21 23:50:45', '2025-01-28 07:40:08'),
(115, 'Ragnar 2.0', 'Pala', 80.00, 135.00, 'Negro', '#000000', '2025-01-21 23:52:30', '2025-01-21 23:52:30'),
(116, 'Piel Flor', 'Forro', 438.48, 135.00, 'Negro', '#000000', '2025-01-21 23:53:16', '2025-01-21 23:53:53'),
(117, 'Arizona fol.ottanio', 'Piel', 923.94, 135.00, 'Marino', '#2205ff', '2025-01-21 23:54:41', '2025-01-21 23:54:41'),
(118, 'Napa Ford Nácar', 'Piel', 861.30, 135.00, 'Rosa', '#ffc2e2', '2025-01-21 23:55:32', '2025-01-21 23:55:32'),
(119, 'Nobuk', 'Piel', 391.50, 135.00, 'Negro', '#000000', '2025-01-21 23:57:01', '2025-01-21 23:57:01'),
(120, 'Cafe', 'Piel', 704.70, 135.00, 'Cafe', '#8f6200', '2025-01-21 23:58:19', '2025-01-21 23:58:19'),
(121, 'Napa de Res', 'Piel', 297.00, 135.00, 'Negro', '#000000', '2025-01-21 23:59:16', '2025-01-21 23:59:16'),
(122, 'Nobuk', 'Piel', 451.01, 135.00, 'Negro', '#000000', '2025-01-22 00:00:00', '2025-01-22 00:00:00'),
(123, 'Piton Negro', 'Sintetico', 113.68, 135.00, 'Negro', '#000000', '2025-01-22 00:01:39', '2025-01-22 00:01:39'),
(124, 'Celfil Especial #4', 'Planta', 52.40, 135.00, 'Gris', '#d1d1d1', '2025-01-22 00:07:46', '2025-01-22 00:07:46'),
(126, 'Kevlar', 'Planta', 591.60, 135.00, 'Negro', '#000000', '2025-01-22 00:11:32', '2025-01-22 00:11:32'),
(127, '2.5 mm', 'Plantilla', 42.00, 135.00, 'Negro', '#000000', '2025-01-22 00:12:20', '2025-01-22 00:12:20'),
(128, '5 mm', 'Plantilla', 75.00, 135.00, 'Negro', '#000000', '2025-01-22 00:15:58', '2025-01-22 00:15:58'),
(129, 'Memory', 'Plantilla', 190.25, 135.00, 'Negro', '#000000', '2025-01-22 00:16:45', '2025-02-11 23:59:44'),
(130, 'Preformada', 'Plantilla', 42.00, 135.00, 'Negro', '#000000', '2025-01-22 00:18:33', '2025-01-22 00:21:18'),
(131, 'AYDEÉ (bota)', 'Plastisol', 2.00, 135.00, 'Negro', '#000000', '2025-01-22 00:22:04', '2025-01-22 00:22:04'),
(132, 'AYDEÉ (Suela)', 'Plastisol', 1.50, 135.00, 'Negro', '#000000', '2025-01-22 00:24:14', '2025-01-22 00:24:14'),
(133, 'Extraduro (RUDERS) par sencillo', 'Plastisol', 9.00, 135.00, 'Negro', '#000000', '2025-01-22 00:25:25', '2025-01-22 00:25:25'),
(134, 'Feeling', 'Plastisol', 1.50, 135.00, 'Negro', '#000000', '2025-01-22 00:26:14', '2025-01-22 00:26:14'),
(135, 'MKT', 'Plastisol', 1.50, 135.00, 'Negro', '#000000', '2025-01-22 00:27:00', '2025-01-22 00:27:00'),
(136, 'Pala (RIBERS)', 'Plastisol', 29.00, 135.00, 'Negro', '#000000', '2025-01-22 00:30:51', '2025-01-22 00:30:51'),
(137, 'Strada Sport', 'Plastisol', 1.50, 135.00, 'Negro', '#000000', '2025-01-22 00:31:52', '2025-01-22 00:31:52'),
(138, 'Lamina 06', 'Poliflex', 76.00, 135.00, 'Negro', '#000000', '2025-01-22 00:32:38', '2025-01-22 00:32:38'),
(139, 'Tela 06', 'Poliflex', 76.00, 135.00, 'Negro', '#000000', '2025-01-22 00:33:16', '2025-01-22 00:33:16'),
(140, 'Puntera', 'Sintetico', 151.96, 135.00, 'Negro', '#000000', '2025-01-22 00:35:01', '2025-01-22 00:35:01'),
(141, 'Cristal 3 pasa agujetas (para el panal)', 'PVC', 10.00, 135.00, 'Negro', '#000000', '2025-01-22 00:36:06', '2025-01-22 00:36:06'),
(142, 'Cristal Alpha (3400)', 'PVC', 18.00, 135.00, 'Negro', '#000000', '2025-01-22 00:37:19', '2025-01-22 00:37:19'),
(143, 'Cristal Dybala (Puma)', 'PVC', 10.00, 135.00, 'Negro', '#000000', '2025-01-22 00:38:14', '2025-01-22 00:38:14'),
(144, 'Cristal Huarache', 'PVC', 6.00, 135.00, 'Negro', '#000000', '2025-01-22 00:38:44', '2025-01-22 00:38:44'),
(145, 'Cristal Huarache Completo', 'PVC', 14.00, 135.00, 'Negro', '#000000', '2025-01-22 00:39:25', '2025-01-22 00:39:25'),
(146, 'Cristal Pegassus (3800) CHICO', 'PVC', 10.00, 135.00, 'Negro', '#000000', '2025-01-22 00:39:48', '2025-01-22 00:39:48'),
(147, 'Cristal Pegassus (3800) GRANDE', 'PVC', 11.75, 135.00, 'Negro', '#000000', '2025-01-22 00:41:07', '2025-01-22 00:41:07'),
(148, 'Cristal Ultra (AD2 2200)', 'PVC', 12.00, 135.00, 'Negro', '#000000', '2025-01-22 00:41:40', '2025-01-22 00:41:40'),
(149, 'PM 1127-1-2 (Par Completo)', 'PVC', 16.70, 135.00, 'Negro', '#000000', '2025-01-22 00:42:43', '2025-01-22 00:42:43'),
(150, 'PM 1194-1-2 (Par Completo)', 'PVC', 9.66, 135.00, 'Negro', '#000000', '2025-01-22 00:43:48', '2025-01-22 00:43:48'),
(151, 'R8', 'Sintetico', 74.24, 135.00, 'Negro', '#000000', '2025-01-22 00:45:12', '2025-01-22 00:45:12'),
(152, 'Real Lyk', 'Sintetico', 120.00, 135.00, 'Negro', '#000000', '2025-01-22 00:49:33', '2025-01-22 00:49:33'),
(153, 'Selma', 'Sintetico', 125.94, 135.00, 'Negro', '#000000', '2025-01-22 00:50:11', '2025-01-22 00:50:11'),
(154, 'Snake Beige', 'Sintetico', 74.39, 135.00, 'Beige', '#e6d5b7', '2025-01-22 00:53:36', '2025-01-22 00:53:36'),
(155, 'STICKER C/ TST', 'Sintetico', 38.00, 135.00, 'Negro', '#000000', '2025-01-22 00:56:18', '2025-01-22 00:56:18'),
(156, 'T90', 'Sintetico', 110.00, 135.00, 'Negro', '#000000', '2025-01-22 00:57:55', '2025-01-22 00:57:55'),
(157, 'Tamboreado', 'Sintetico', 184.44, 135.00, 'Negro', '#000000', '2025-01-22 00:58:28', '2025-01-22 00:58:28'),
(158, 'Tamboreado Sultana', 'Sintetico', 116.00, 135.00, 'Negro', '#000000', '2025-01-22 00:59:45', '2025-01-22 00:59:45'),
(159, 'Tejido omar', 'Tejido', 155.00, 135.00, 'Negro', '#000000', '2025-01-22 01:00:14', '2025-01-22 01:00:14'),
(160, 'Tenis', 'Sintetico', 144.00, 135.00, 'Negro', '#000000', '2025-01-22 01:02:21', '2025-01-22 01:02:21'),
(161, 'Tenis', 'Sintetico', 155.44, 135.00, 'Negro', '#000000', '2025-01-22 01:05:37', '2025-01-22 01:05:37'),
(162, 'Textil Oggi Cielo Bondeado', 'Sintetico', 149.50, 135.00, 'Negro', '#000000', '2025-01-22 01:06:11', '2025-01-22 01:06:11'),
(163, 'Tiger', 'Sintetico', 125.30, 135.00, 'Negro', '#000000', '2025-01-22 01:07:50', '2025-01-22 01:07:50'),
(164, 'Tiza', 'Sintetico', 145.00, 135.00, 'Negro', '#000000', '2025-01-22 01:08:42', '2025-01-22 01:08:42'),
(165, 'Tiza Bondeado', 'Sintetico', 183.00, 135.00, 'Negro', '#000000', '2025-01-22 01:09:19', '2025-01-22 01:09:19'),
(166, 'Toga Sirena', 'Sintetico', 186.00, 135.00, 'Negro', '#000000', '2025-01-22 01:09:45', '2025-01-22 01:09:45'),
(167, 'Toga Sport', 'Sintetico', 278.54, 135.00, 'Negro', '#000000', '2025-01-22 01:10:14', '2025-01-22 01:10:14'),
(168, 'Contactel escolar', 'Refuerzo', 10.00, 135.00, 'Negro', '#000000', '2025-01-22 01:11:38', '2025-01-22 01:11:38'),
(169, 'Marti', 'Pala tejida', 66.00, 16.80, 'Negro', '#000000', '2025-01-22 04:30:10', '2025-01-22 04:34:30'),
(170, 'Rombos', 'Pala tejida', 66.00, 16.80, 'Negro', '#000000', '2025-01-22 04:37:21', '2025-01-22 04:37:21'),
(171, 'Marti', 'Pala tejida', 66.00, 16.80, 'Marino', '#0011ff', '2025-01-22 04:38:27', '2025-01-22 04:38:27'),
(172, 'Action Leather', 'Piel', 451.01, 135.00, 'Blanco', '#ffffff', '2025-01-28 02:56:56', '2025-01-28 02:56:56'),
(173, 'Micronike', 'Microfibra', 290.00, 135.00, 'Blanco', '#ffffff', '2025-01-28 02:57:44', '2025-01-28 02:57:44'),
(174, 'Napa', 'Piel', 297.00, 135.00, 'Chocolate', '#644417', '2025-01-28 04:15:48', '2025-01-28 04:15:48'),
(175, 'Celfil 112', 'Celaste', 70.00, 90.00, 'Amarillo', '#e8f778', '2025-01-30 22:23:14', '2025-01-30 22:23:14'),
(176, 'Capri', 'Microfibra', 123.00, 135.00, 'Blanco', '#ffffff', '2025-02-10 21:47:53', '2025-02-10 21:47:53'),
(177, 'Tiza Verde', 'Sintetico', 145.00, 135.00, '.', '#448632', '2025-02-20 04:15:01', '2025-02-20 04:15:01'),
(178, 'Tiza Marino', 'Sintetico', 145.00, 135.00, '.', '#2e4ead', '2025-02-20 04:17:17', '2025-02-20 04:17:17'),
(179, 'Mila', 'Malla', 86.00, 135.00, 'Marino', '#2d3495', '2025-02-20 04:20:34', '2025-02-20 04:20:54'),
(180, 'Mila', 'Malla', 86.00, 135.00, 'Verde', '#24701a', '2025-02-20 04:21:46', '2025-02-20 04:21:46'),
(181, 'Mila-', 'Malla', 86.00, 135.00, 'Mauve', '#eea0a0', '2025-02-20 22:12:55', '2025-02-20 22:12:55');

-- --------------------------------------------------------

--
-- Estructura de tabla para la tabla `migrations`
--

CREATE TABLE `migrations` (
  `id` int(10) UNSIGNED NOT NULL,
  `migration` varchar(255) COLLATE utf8mb4_unicode_ci NOT NULL,
  `batch` int(11) NOT NULL
) ENGINE=InnoDB DEFAULT CHARSET=utf8mb4 COLLATE=utf8mb4_unicode_ci;

-- --------------------------------------------------------

--
-- Estructura de tabla para la tabla `modelos`
--

CREATE TABLE `modelos` (
  `id` bigint(20) UNSIGNED NOT NULL,
  `nombre` varchar(255) COLLATE utf8mb4_unicode_ci NOT NULL,
  `numero` varchar(255) COLLATE utf8mb4_unicode_ci NOT NULL,
  `horma` varchar(255) COLLATE utf8mb4_unicode_ci DEFAULT NULL,
  `descripcion` varchar(255) COLLATE utf8mb4_unicode_ci DEFAULT NULL,
  `variante` varchar(2032) COLLATE utf8mb4_unicode_ci DEFAULT NULL,
  `puntoMenor` varchar(255) COLLATE utf8mb4_unicode_ci DEFAULT NULL,
  `created_at` timestamp NULL DEFAULT NULL,
  `updated_at` timestamp NULL DEFAULT NULL
) ENGINE=InnoDB DEFAULT CHARSET=utf8mb4 COLLATE=utf8mb4_unicode_ci;

--
-- Volcado de datos para la tabla `modelos`
--

INSERT INTO `modelos` (`id`, `nombre`, `numero`, `horma`, `descripcion`, `variante`, `puntoMenor`, `created_at`, `updated_at`) VALUES
(69, 'Advantage', '800', 'AyD', 'Modelo libre', '|Advantage|800|Lateral|Lengua|Forro lengua|Floreta|Paloma|Oropal Lateral|Oropal Floreta|Forro Talon|Esponja|Poliflex|Remate|Cuello Corto|Planta|Plantilla', NULL, '2024-11-14 21:52:44', '2025-01-20 22:43:40'),
(70, 'Advantage Kids', '900', 'Brasil', 'Modelo libre', '|Advantage Kids|900|Floreta|Lateral|Paloma|Lengua|Oropal Lateral|Forro Atras|Forro Lengua|Remate|Planta|Plantilla|Poliflex|Esponja', NULL, '2024-11-14 21:54:23', '2025-01-21 01:34:47'),
(71, 'Dybala Casco', '1400', 'Sketch', 'Modelo libre', '|Dybala Casco|1400|Floreta|Remate|Lengua|Forro floreta|Forro talon|1443|361 90cm negra|Celfil rosa #2|Etiqueta Aydee|Eva 5mm|NOM Textil|PVC Puma|Super bota cafe|Transfer Aydee|Cosmos|Skin', NULL, '2024-11-14 21:56:26', '2025-02-20 22:25:55'),
(72, 'Air Casco', '1800', 'Sketch', 'Modelo libre', '|Air Casco|1800|Floreta|Floreta Refuerzo|Lateral|Lateral Refuerzo|Chinela|Paloma|Remate|Lateral Atras|Lateral Atras Refuerzo|Lengua|Pipa|Forro Delantero Refuerzo|Forro Lengua|Cuello|Forro Trasero|Esponja|Planta|Plantilla|Celaste|1443|Americana plana 110cm Bca|Costura suela|Cuña|Marca Lengua RB|NOM Piel|NOM Sintetico|Super bota cafe|Air Force|Air Force 1 Blanco|XT-032 (Air Plataforma)', NULL, '2024-11-14 21:57:25', '2025-02-11 23:58:45'),
(73, 'Dybala', '1450', 'Element', 'Modelo libre', '|Dybala|1450|Floreta|Remate|Lengua|Poliflex|Forro Delantero|Forro Trasero', NULL, '2024-11-14 21:58:23', '2025-01-21 02:03:56'),
(74, 'Air', '1850', 'AyD', 'Modelo libre', NULL, NULL, '2024-11-14 22:06:36', '2024-11-14 22:09:19'),
(75, 'Ultra Protec', '2200', 'Sketch', 'Exclusivo Ribers', '|Ultra Protec|2200|Lengua|Chinela|Forro Trasero|Forro Delantero|Forro Lengua|Esponja|Plantilla|Planta|Pala|Celaste|1443|361 130cm negra|Etiqueta Ribers|Numero Rivers|PVC AD2-2200|Super bota cafe|Pegaso Negro', NULL, '2024-11-14 22:07:53', '2025-02-19 02:12:18'),
(76, 'Element', '2400', 'Sketch', 'Modelo libre', NULL, NULL, '2024-11-14 22:08:33', '2024-11-14 22:08:33'),
(77, 'Duke', '3200', 'AyD', 'Modelo libre', NULL, NULL, '2024-11-14 22:09:09', '2024-11-14 22:09:09'),
(78, 'Xport', '3300', 'sketch', 'Exclusivo Ribers', '|Xport|3300|Refuerzo Pala|Pala|Lengua|Chilena|Forro Trasero|Forro Delantero|Forro Lengua|Esponja|Planta|Plantilla|Celaste|1443|361 130cm negra|Etiqueta Ribers|Numero Rivers|Pala plastisol Xport|Super bota cafe|Luna Blanca', NULL, '2024-11-14 22:42:31', '2025-02-19 05:01:41'),
(79, 'Mopar', '3600', 'Sketch', 'Exclusivo Ribers', '|Mopar|3600|Pala|Lengua|Chinela|Forro Trasero|Forro Delantero|Forro Lengua|Esponja|Planta|Plantilla|361 130cm negra|Etiqueta lengua Ribers|Textil|CTY-012 (Valvula)', NULL, '2024-11-14 22:43:57', '2025-01-27 22:52:03'),
(80, 'Blast', '4000', 'Sketch', 'Modelo Libre', '|Blast|4000|Pala|Refuerzo|Lengua|Talon|Forro tracero|Forro delantero|Forro lengua|Cintilla|Esponja|Planta|Plantilla|Celaste|1443|361 130cm negra|Costura suela|Etiqueta Aydee|NOM Textil|Super bota cafe|Transfer Aydee|CTY-012 (Valvula)', NULL, '2024-11-14 22:45:27', '2025-02-13 02:10:50'),
(81, 'Silverado', '4300', 'Sketch', 'Exclusivo Ribers', NULL, NULL, '2024-11-14 22:46:39', '2024-11-14 22:46:39'),
(82, 'Bota BJ', '4500', 'Sketch', 'Modelo libre', NULL, NULL, '2024-11-14 22:47:20', '2024-11-14 22:47:20'),
(83, 'Raptor / Gladiador', '5500', 'Sketch', 'Exclusivo Barracuda', '|Raptor / Gladiador|5500|Pala|Lengua|Forro Lengua|Forro floreta|Forro talon|Esponja|Refuerzo pala|Cintilla|361 130cm negra|Barracuda|Barracuda (Cintilla)|Barracuda (Pala)|PVC Plasticos Muñoz 1194-1-2|Transfer Barracuda con numero|Pegaso Negro|CTY-012 (Valvula)', NULL, '2024-11-14 22:48:37', '2025-01-28 07:31:52'),
(84, 'Air Barracuda', '4100', 'Sketch', 'Exclusivo Barracuda', NULL, NULL, '2024-11-14 22:49:31', '2024-11-14 22:49:31'),
(85, 'ATX', '4900', 'Sketch', 'Modelo libre', '|ATX|4900|Pala|Lateral|Vista Lateral (Sin marca)|Talon|Lengua Sup|Paloma (Talon Sup)|Chinela|Lengua Baja|Esponja Paloma|Esponja Lengua|Forro Lengua|Forro Floreta|Forro Talon|Planta|Plantilla|Refuerzo Lateral|Refuerzo Pala|Refuerzo Talon|Refuerzo Vista Lateral|Vista lateral (Con marca)|Celaste|Cintilla agujeta|Cintilla jaladera|1443|361 130cm negra|Barracuda|Costura suela|Etiqueta Aydee|Gancho dielectrico|NOM Piel|NOM Sintetico|NOM Textil|Super bota cafe|Transfer Aydee|Transfer Barracuda con numero|Vista lateral ATX (Aydee)|Vista lateral ATX (Barracuda)|City|Tactica Doble Dencidad|Tactica Doble Dencidad|Tactica Doble Dencidad|Tactica Monodencidad|Tactica Monodencidad|Sin Suela', NULL, '2024-11-14 22:50:24', '2025-02-04 04:11:01'),
(86, 'Puma', '5100', 'Sketch', 'Modelo libre', NULL, 'Desactivado', '2024-11-14 22:51:42', '2024-11-15 00:44:06'),
(87, 'Shein', '5900', 'Sketch', 'Modelo libre', NULL, NULL, '2024-11-14 22:52:29', '2024-11-14 22:52:29'),
(88, 'Fox', '6000', 'Skecth', 'Modelo libre', '|Fox|6000|Floreta Malla|Paloma malla|Lengua|Chinela|Cuello|Talon|Forro talon|Forro floreta|Forro lengua|Esponja talon|Esponja lengua|Cintilla|Planta|Plantilla|Celaste|1443|361 110cm negra|Etiqueta lengua autoaderente Aydee|Gancho dielectrico|NOM Sintetico|PVC Fox - 60|Transfer Aydee|City|Caiman', NULL, '2024-11-14 22:52:53', '2025-01-30 22:18:03'),
(89, 'Aurora', '850', 'AyD', 'Modelo libre', '|Aurora|850|Floreta|Lateral|Paloma Aurora|Lengua|Oropal Lateral|Forro Talon|Poliflex|Forro Lengua|Remate|Esponja|Planta|Plantilla', NULL, '2025-01-20 22:44:43', '2025-01-20 22:57:50'),
(90, 'Maxi', '5600', 'Sketch', 'Exclusivo Ribers', '|Maxi|5600|Chinela|Lateral Superior|Lateral Inferior|Talon|Lengua|Tobillera (brasitos)|Forro Talon|Forro Lengua|Forro Floreta|Esponja talon|Planta|Plantilla|Pala|Refuerzo Pala|Celaste|Pasa agujetas|1443|361 130cm negra|Bandera Ribers|Marca Lengua RB|Numero Rivers|Super bota cafe|Hopper Negra/Negra', NULL, '2025-01-20 23:54:58', '2025-02-19 03:21:16'),
(91, 'Kalua', '1300', '23 - 26', 'Modelo Libre', NULL, NULL, '2025-01-21 02:08:17', '2025-01-21 02:08:17'),
(92, 'Falcon', '1700', NULL, 'Modelo Libre', NULL, NULL, '2025-01-21 02:37:38', '2025-01-21 02:37:38'),
(93, 'Neo', '1900', NULL, 'Modelo Libre', '|Neo|1900|Pala|Chinela|Lateral|Lateral Brazitos|Cuello|Paloma|Forro Delantero|Forro Trasero|Esponja|Poliflex|Lengua|Forro Lengua', NULL, '2025-01-21 02:41:14', '2025-01-21 02:59:37'),
(94, 'Valentina', '2000', NULL, 'Modelo Libre', '|Valentina|2000|Pala|Chinela|Cuello Alto|Lateral Trasero (Brasito)|Cuello Bajo|Cuello|Paloma|Remate (talon)|Forro Delantero (Suaje Up)|Lengua|Vista Remate|Vista Chinela|Forro Trasero|Poliflex|Esponja|Planta|Plantilla', NULL, '2025-01-21 04:11:42', '2025-01-21 04:46:37'),
(95, 'Valentina Casco', '2000', 'Sketch', 'Modelo Libre', '|Valentina Casco|2000|Pala|Chinela|Cuello Alto|Cuello Bajo|Lateral Trasero (Brasito)|Cuello|Paloma|Remate (Talon)|Forro Delantero (Suaje Up)|Lengua|Vista Remate|Vista Chinela|Forro trasero|Celaste|Planta|Plantilla|1443|361 130cm negra|Costura suela|Etiqueta Aydee|NOM Piel|NOM Sintetico|NOM Textil|Super bota cafe|Transfer Aydee|Rosy TPU', NULL, '2025-01-21 04:48:10', '2025-02-18 02:38:40'),
(96, 'Bota RB', '5700', 'Sketch', 'Exclusivo Ribers', NULL, NULL, '2025-01-24 05:03:44', '2025-01-24 05:04:19'),
(97, 'Bota barracuda', '5800', 'Challenger', 'Exclusivo barracuda', NULL, NULL, '2025-01-28 20:23:37', '2025-01-28 20:25:57'),
(98, 'Premier', '5400', 'Challenger', 'Modelo libre', NULL, NULL, '2025-01-28 22:08:12', '2025-01-28 22:08:12'),
(99, 'Clasica BRCD', '6100', 'Challenger', 'Exclusivo Barracuda', NULL, NULL, '2025-01-28 23:51:06', '2025-01-28 23:51:06'),
(100, 'Cobra', '5300', 'Styleto', 'Modelo Libre', NULL, NULL, '2025-01-30 00:32:03', '2025-01-30 00:32:03'),
(101, 'Wolf', '5200', 'Sketch', 'Modelo libre', NULL, NULL, '2025-01-30 00:47:11', '2025-01-30 00:47:11'),
(102, 'Flow', '5000', 'Sketch', 'Modelo libre', NULL, NULL, '2025-01-30 01:04:44', '2025-01-30 01:04:44'),
(103, 'Strix', '4800', 'Sketch', 'Modelo libre', NULL, NULL, '2025-01-30 01:29:18', '2025-01-30 01:29:18'),
(104, 'Panal', '4700', 'Sketch', 'Modelo libre', NULL, NULL, '2025-01-30 02:25:53', '2025-01-30 02:25:53'),
(105, 'Thor', '4600', 'Sketch', 'Modelo libre', NULL, NULL, '2025-01-30 02:37:08', '2025-01-30 02:37:08'),
(106, 'Xpandex', '3100', 'Sketch', 'Modelo libre', '|Xpandex|3100|Lateral|Floreta|Chinela|Forro talon|Forro floreta|Celaste|Cintilla talon|Bies elastico|Planta|Plantilla|1443|361 130cm negra|Costura suela|Etiqueta Aydee|NOM Sintetico|NOM Textil|PVC Huarache|Super bota cafe|Transfer Aydee|Sin Suela|Winflow', NULL, '2025-02-13 01:25:54', '2025-02-13 01:48:14');

-- --------------------------------------------------------

--
-- Estructura de tabla para la tabla `modelo_has_consumibles`
--

CREATE TABLE `modelo_has_consumibles` (
  `id` bigint(20) UNSIGNED NOT NULL,
  `idModelo` bigint(20) UNSIGNED NOT NULL,
  `idConsumible` bigint(20) UNSIGNED NOT NULL,
  `created_at` timestamp NULL DEFAULT NULL,
  `updated_at` timestamp NULL DEFAULT NULL
) ENGINE=InnoDB DEFAULT CHARSET=utf8mb4 COLLATE=utf8mb4_unicode_ci;

--
-- Volcado de datos para la tabla `modelo_has_consumibles`
--

INSERT INTO `modelo_has_consumibles` (`id`, `idModelo`, `idConsumible`, `created_at`, `updated_at`) VALUES
(49, 86, 5, '2024-11-15 01:30:33', '2024-11-15 01:30:33'),
(50, 86, 6, '2024-11-15 01:30:33', '2024-11-15 01:30:33'),
(51, 86, 7, '2024-11-15 01:30:33', '2024-11-15 01:30:33'),
(93, 79, 10, '2025-01-27 22:51:09', '2025-01-27 22:51:09'),
(94, 79, 21, '2025-01-27 22:51:09', '2025-01-27 22:51:09'),
(95, 79, 13, '2025-01-27 22:51:09', '2025-01-27 22:51:09'),
(105, 83, 10, '2025-01-28 07:31:41', '2025-01-28 07:31:41'),
(106, 83, 28, '2025-01-28 07:31:41', '2025-01-28 07:31:41'),
(107, 83, 25, '2025-01-28 07:31:41', '2025-01-28 07:31:41'),
(108, 83, 26, '2025-01-28 07:31:41', '2025-01-28 07:31:41'),
(109, 83, 29, '2025-01-28 07:31:41', '2025-01-28 07:31:41'),
(110, 83, 27, '2025-01-28 07:31:41', '2025-01-28 07:31:41'),
(111, 88, 30, '2025-01-30 22:17:24', '2025-01-30 22:17:24'),
(112, 88, 9, '2025-01-30 22:17:24', '2025-01-30 22:17:24'),
(113, 88, 14, '2025-01-30 22:17:24', '2025-01-30 22:17:24'),
(114, 88, 16, '2025-01-30 22:17:24', '2025-01-30 22:17:24'),
(115, 88, 6, '2025-01-30 22:17:24', '2025-01-30 22:17:24'),
(116, 88, 15, '2025-01-30 22:17:24', '2025-01-30 22:17:24'),
(117, 88, 7, '2025-01-30 22:17:24', '2025-01-30 22:17:24'),
(153, 85, 30, '2025-02-04 04:10:53', '2025-02-04 04:10:53'),
(154, 85, 10, '2025-02-04 04:10:53', '2025-02-04 04:10:53'),
(155, 85, 28, '2025-02-04 04:10:53', '2025-02-04 04:10:53'),
(156, 85, 32, '2025-02-04 04:10:53', '2025-02-04 04:10:53'),
(157, 85, 5, '2025-02-04 04:10:53', '2025-02-04 04:10:53'),
(158, 85, 16, '2025-02-04 04:10:53', '2025-02-04 04:10:53'),
(159, 85, 22, '2025-02-04 04:10:53', '2025-02-04 04:10:53'),
(160, 85, 6, '2025-02-04 04:10:53', '2025-02-04 04:10:53'),
(161, 85, 13, '2025-02-04 04:10:53', '2025-02-04 04:10:53'),
(162, 85, 31, '2025-02-04 04:10:53', '2025-02-04 04:10:53'),
(163, 85, 7, '2025-02-04 04:10:53', '2025-02-04 04:10:53'),
(164, 85, 27, '2025-02-04 04:10:53', '2025-02-04 04:10:53'),
(165, 85, 23, '2025-02-04 04:10:53', '2025-02-04 04:10:53'),
(166, 85, 24, '2025-02-04 04:10:53', '2025-02-04 04:10:53'),
(174, 72, 30, '2025-02-11 23:56:31', '2025-02-11 23:56:31'),
(175, 72, 11, '2025-02-11 23:56:31', '2025-02-11 23:56:31'),
(176, 72, 32, '2025-02-11 23:56:31', '2025-02-11 23:56:31'),
(177, 72, 33, '2025-02-11 23:56:31', '2025-02-11 23:56:31'),
(178, 72, 19, '2025-02-11 23:56:31', '2025-02-11 23:56:31'),
(179, 72, 22, '2025-02-11 23:56:31', '2025-02-11 23:56:31'),
(180, 72, 6, '2025-02-11 23:56:31', '2025-02-11 23:56:31'),
(181, 72, 31, '2025-02-11 23:56:31', '2025-02-11 23:56:31'),
(182, 106, 30, '2025-02-13 01:43:20', '2025-02-13 01:43:20'),
(183, 106, 10, '2025-02-13 01:43:20', '2025-02-13 01:43:20'),
(184, 106, 32, '2025-02-13 01:43:20', '2025-02-13 01:43:20'),
(185, 106, 5, '2025-02-13 01:43:20', '2025-02-13 01:43:20'),
(186, 106, 6, '2025-02-13 01:43:20', '2025-02-13 01:43:20'),
(187, 106, 13, '2025-02-13 01:43:20', '2025-02-13 01:43:20'),
(188, 106, 34, '2025-02-13 01:43:20', '2025-02-13 01:43:20'),
(189, 106, 31, '2025-02-13 01:43:20', '2025-02-13 01:43:20'),
(190, 106, 7, '2025-02-13 01:43:20', '2025-02-13 01:43:20'),
(197, 80, 30, '2025-02-13 02:09:09', '2025-02-13 02:09:09'),
(198, 80, 10, '2025-02-13 02:09:09', '2025-02-13 02:09:09'),
(199, 80, 32, '2025-02-13 02:09:09', '2025-02-13 02:09:09'),
(200, 80, 5, '2025-02-13 02:09:09', '2025-02-13 02:09:09'),
(201, 80, 13, '2025-02-13 02:09:09', '2025-02-13 02:09:09'),
(202, 80, 31, '2025-02-13 02:09:09', '2025-02-13 02:09:09'),
(203, 80, 7, '2025-02-13 02:09:09', '2025-02-13 02:09:09'),
(204, 95, 30, '2025-02-18 02:35:07', '2025-02-18 02:35:07'),
(205, 95, 10, '2025-02-18 02:35:07', '2025-02-18 02:35:07'),
(206, 95, 32, '2025-02-18 02:35:07', '2025-02-18 02:35:07'),
(207, 95, 5, '2025-02-18 02:35:07', '2025-02-18 02:35:07'),
(208, 95, 22, '2025-02-18 02:35:07', '2025-02-18 02:35:07'),
(209, 95, 6, '2025-02-18 02:35:07', '2025-02-18 02:35:07'),
(210, 95, 13, '2025-02-18 02:35:07', '2025-02-18 02:35:07'),
(211, 95, 31, '2025-02-18 02:35:07', '2025-02-18 02:35:07'),
(212, 95, 7, '2025-02-18 02:35:07', '2025-02-18 02:35:07'),
(225, 75, 30, '2025-02-19 02:12:14', '2025-02-19 02:12:14'),
(226, 75, 10, '2025-02-19 02:12:14', '2025-02-19 02:12:14'),
(227, 75, 21, '2025-02-19 02:12:14', '2025-02-19 02:12:14'),
(228, 75, 35, '2025-02-19 02:12:14', '2025-02-19 02:12:14'),
(229, 75, 17, '2025-02-19 02:12:14', '2025-02-19 02:12:14'),
(230, 75, 31, '2025-02-19 02:12:14', '2025-02-19 02:12:14'),
(231, 90, 30, '2025-02-19 03:19:55', '2025-02-19 03:19:55'),
(232, 90, 10, '2025-02-19 03:19:55', '2025-02-19 03:19:55'),
(233, 90, 18, '2025-02-19 03:19:55', '2025-02-19 03:19:55'),
(234, 90, 19, '2025-02-19 03:19:55', '2025-02-19 03:19:55'),
(235, 90, 35, '2025-02-19 03:19:55', '2025-02-19 03:19:55'),
(236, 90, 31, '2025-02-19 03:19:55', '2025-02-19 03:19:55'),
(237, 78, 30, '2025-02-19 05:01:32', '2025-02-19 05:01:32'),
(238, 78, 10, '2025-02-19 05:01:32', '2025-02-19 05:01:32'),
(239, 78, 21, '2025-02-19 05:01:32', '2025-02-19 05:01:32'),
(240, 78, 35, '2025-02-19 05:01:32', '2025-02-19 05:01:32'),
(241, 78, 20, '2025-02-19 05:01:32', '2025-02-19 05:01:32'),
(242, 78, 31, '2025-02-19 05:01:32', '2025-02-19 05:01:32'),
(250, 71, 30, '2025-02-20 22:24:33', '2025-02-20 22:24:33'),
(251, 71, 8, '2025-02-20 22:24:33', '2025-02-20 22:24:33'),
(252, 71, 38, '2025-02-20 22:24:33', '2025-02-20 22:24:33'),
(253, 71, 5, '2025-02-20 22:24:33', '2025-02-20 22:24:33'),
(254, 71, 37, '2025-02-20 22:24:33', '2025-02-20 22:24:33'),
(255, 71, 13, '2025-02-20 22:24:33', '2025-02-20 22:24:33'),
(256, 71, 12, '2025-02-20 22:24:33', '2025-02-20 22:24:33'),
(257, 71, 31, '2025-02-20 22:24:33', '2025-02-20 22:24:33'),
(258, 71, 7, '2025-02-20 22:24:33', '2025-02-20 22:24:33');

-- --------------------------------------------------------

--
-- Estructura de tabla para la tabla `modelo_has_costes`
--

CREATE TABLE `modelo_has_costes` (
  `id` bigint(20) UNSIGNED NOT NULL,
  `idModelo` bigint(20) UNSIGNED NOT NULL,
  `idCoste` bigint(20) UNSIGNED NOT NULL,
  `created_at` timestamp NULL DEFAULT NULL,
  `updated_at` timestamp NULL DEFAULT NULL
) ENGINE=InnoDB DEFAULT CHARSET=utf8mb4 COLLATE=utf8mb4_unicode_ci;

--
-- Volcado de datos para la tabla `modelo_has_costes`
--

INSERT INTO `modelo_has_costes` (`id`, `idModelo`, `idCoste`, `created_at`, `updated_at`) VALUES
(31, 86, 5, '2024-11-15 01:30:09', '2024-11-15 01:30:09'),
(33, 86, 7, '2024-11-15 01:30:09', '2024-11-15 01:30:09'),
(34, 86, 8, '2024-11-15 01:30:09', '2024-11-15 01:30:09'),
(35, 86, 9, '2024-11-15 01:30:09', '2024-11-15 01:30:09'),
(36, 86, 10, '2024-11-15 01:30:09', '2024-11-15 01:30:09'),
(37, 86, 11, '2024-11-15 01:30:09', '2024-11-15 01:30:09'),
(38, 86, 12, '2024-11-15 01:30:09', '2024-11-15 01:30:09'),
(39, 86, 13, '2024-11-15 01:30:09', '2024-11-15 01:30:09'),
(40, 86, 14, '2024-11-15 01:30:09', '2024-11-15 01:30:09'),
(41, 86, 15, '2024-11-15 01:30:09', '2024-11-15 01:30:09'),
(42, 86, 18, '2024-11-15 01:30:09', '2024-11-15 01:30:09'),
(43, 86, 19, '2024-11-15 01:30:09', '2024-11-15 01:30:09'),
(44, 86, 20, '2024-11-15 01:30:09', '2024-11-15 01:30:09'),
(45, 86, 21, '2024-11-15 01:30:09', '2024-11-15 01:30:09'),
(48, 86, 26, '2024-11-15 01:30:09', '2024-11-15 01:30:09'),
(49, 86, 27, '2024-11-15 01:30:09', '2024-11-15 01:30:09'),
(50, 86, 28, '2024-11-15 01:30:09', '2024-11-15 01:30:09'),
(51, 86, 29, '2024-11-15 01:30:09', '2024-11-15 01:30:09'),
(52, 86, 30, '2024-11-15 01:30:09', '2024-11-15 01:30:09'),
(53, 86, 31, '2024-11-15 01:30:09', '2024-11-15 01:30:09'),
(55, 86, 33, '2024-11-15 01:30:09', '2024-11-15 01:30:09'),
(56, 86, 34, '2024-11-15 01:30:09', '2024-11-15 01:30:09'),
(57, 86, 35, '2024-11-15 01:30:09', '2024-11-15 01:30:09'),
(58, 86, 36, '2024-11-15 01:30:09', '2024-11-15 01:30:09'),
(59, 86, 37, '2024-11-15 01:30:09', '2024-11-15 01:30:09'),
(60, 86, 39, '2024-11-15 01:30:09', '2024-11-15 01:30:09'),
(61, 86, 40, '2024-11-15 01:30:09', '2024-11-15 01:30:09'),
(63, 71, 5, '2024-11-20 05:15:45', '2024-11-20 05:15:45'),
(65, 71, 7, '2024-11-20 05:15:45', '2024-11-20 05:15:45'),
(66, 71, 8, '2024-11-20 05:15:45', '2024-11-20 05:15:45'),
(67, 71, 9, '2024-11-20 05:15:45', '2024-11-20 05:15:45'),
(68, 71, 10, '2024-11-20 05:15:45', '2024-11-20 05:15:45'),
(69, 71, 11, '2024-11-20 05:15:45', '2024-11-20 05:15:45'),
(70, 71, 12, '2024-11-20 05:15:45', '2024-11-20 05:15:45'),
(71, 71, 13, '2024-11-20 05:15:45', '2024-11-20 05:15:45'),
(72, 71, 14, '2024-11-20 05:15:45', '2024-11-20 05:15:45'),
(73, 71, 15, '2024-11-20 05:15:45', '2024-11-20 05:15:45'),
(74, 71, 18, '2024-11-20 05:15:45', '2024-11-20 05:15:45'),
(75, 71, 19, '2024-11-20 05:15:45', '2024-11-20 05:15:45'),
(76, 71, 20, '2024-11-20 05:15:45', '2024-11-20 05:15:45'),
(77, 71, 21, '2024-11-20 05:15:45', '2024-11-20 05:15:45'),
(78, 71, 26, '2024-11-20 05:15:45', '2024-11-20 05:15:45'),
(79, 71, 27, '2024-11-20 05:15:45', '2024-11-20 05:15:45'),
(80, 71, 28, '2024-11-20 05:15:45', '2024-11-20 05:15:45'),
(81, 71, 29, '2024-11-20 05:15:45', '2024-11-20 05:15:45'),
(82, 71, 30, '2024-11-20 05:15:45', '2024-11-20 05:15:45'),
(83, 71, 31, '2024-11-20 05:15:45', '2024-11-20 05:15:45'),
(85, 71, 33, '2024-11-20 05:15:45', '2024-11-20 05:15:45'),
(86, 71, 34, '2024-11-20 05:15:45', '2024-11-20 05:15:45'),
(87, 71, 35, '2024-11-20 05:15:45', '2024-11-20 05:15:45'),
(88, 71, 36, '2024-11-20 05:15:45', '2024-11-20 05:15:45'),
(89, 71, 37, '2024-11-20 05:15:45', '2024-11-20 05:15:45'),
(90, 71, 38, '2024-11-20 05:15:45', '2024-11-20 05:15:45'),
(91, 71, 39, '2024-11-20 05:15:45', '2024-11-20 05:15:45'),
(92, 71, 40, '2024-11-20 05:15:46', '2024-11-20 05:15:46'),
(94, 88, 5, '2024-12-02 23:21:19', '2024-12-02 23:21:19'),
(96, 88, 7, '2024-12-02 23:21:19', '2024-12-02 23:21:19'),
(97, 88, 8, '2024-12-02 23:21:19', '2024-12-02 23:21:19'),
(98, 88, 9, '2024-12-02 23:21:19', '2024-12-02 23:21:19'),
(99, 88, 10, '2024-12-02 23:21:19', '2024-12-02 23:21:19'),
(100, 88, 11, '2024-12-02 23:21:19', '2024-12-02 23:21:19'),
(101, 88, 12, '2024-12-02 23:21:19', '2024-12-02 23:21:19'),
(102, 88, 13, '2024-12-02 23:21:19', '2024-12-02 23:21:19'),
(103, 88, 14, '2024-12-02 23:21:19', '2024-12-02 23:21:19'),
(104, 88, 15, '2024-12-02 23:21:19', '2024-12-02 23:21:19'),
(105, 88, 18, '2024-12-02 23:21:19', '2024-12-02 23:21:19'),
(106, 88, 19, '2024-12-02 23:21:19', '2024-12-02 23:21:19'),
(107, 88, 20, '2024-12-02 23:21:19', '2024-12-02 23:21:19'),
(108, 88, 21, '2024-12-02 23:21:19', '2024-12-02 23:21:19'),
(109, 88, 26, '2024-12-02 23:21:19', '2024-12-02 23:21:19'),
(110, 88, 27, '2024-12-02 23:21:19', '2024-12-02 23:21:19'),
(111, 88, 28, '2024-12-02 23:21:19', '2024-12-02 23:21:19'),
(112, 88, 29, '2024-12-02 23:21:19', '2024-12-02 23:21:19'),
(113, 88, 30, '2024-12-02 23:21:19', '2024-12-02 23:21:19'),
(114, 88, 31, '2024-12-02 23:21:19', '2024-12-02 23:21:19'),
(116, 88, 33, '2024-12-02 23:21:19', '2024-12-02 23:21:19'),
(117, 88, 34, '2024-12-02 23:21:19', '2024-12-02 23:21:19'),
(118, 88, 35, '2024-12-02 23:21:19', '2024-12-02 23:21:19'),
(119, 88, 36, '2024-12-02 23:21:19', '2024-12-02 23:21:19'),
(120, 88, 37, '2024-12-02 23:21:19', '2024-12-02 23:21:19'),
(121, 88, 38, '2024-12-02 23:21:19', '2024-12-02 23:21:19'),
(122, 88, 39, '2024-12-02 23:21:19', '2024-12-02 23:21:19'),
(123, 88, 40, '2024-12-02 23:21:19', '2024-12-02 23:21:19'),
(125, 75, 5, '2025-01-21 05:36:46', '2025-01-21 05:36:46'),
(127, 75, 7, '2025-01-21 05:36:46', '2025-01-21 05:36:46'),
(128, 75, 8, '2025-01-21 05:36:46', '2025-01-21 05:36:46'),
(129, 75, 9, '2025-01-21 05:36:46', '2025-01-21 05:36:46'),
(130, 75, 10, '2025-01-21 05:36:46', '2025-01-21 05:36:46'),
(131, 75, 11, '2025-01-21 05:36:46', '2025-01-21 05:36:46'),
(132, 75, 12, '2025-01-21 05:36:46', '2025-01-21 05:36:46'),
(133, 75, 13, '2025-01-21 05:36:46', '2025-01-21 05:36:46'),
(134, 75, 14, '2025-01-21 05:36:46', '2025-01-21 05:36:46'),
(135, 75, 15, '2025-01-21 05:36:46', '2025-01-21 05:36:46'),
(136, 75, 18, '2025-01-21 05:36:46', '2025-01-21 05:36:46'),
(137, 75, 19, '2025-01-21 05:36:46', '2025-01-21 05:36:46'),
(138, 75, 20, '2025-01-21 05:36:46', '2025-01-21 05:36:46'),
(139, 75, 21, '2025-01-21 05:36:46', '2025-01-21 05:36:46'),
(140, 75, 26, '2025-01-21 05:36:46', '2025-01-21 05:36:46'),
(141, 75, 27, '2025-01-21 05:36:46', '2025-01-21 05:36:46'),
(142, 75, 28, '2025-01-21 05:36:46', '2025-01-21 05:36:46'),
(143, 75, 29, '2025-01-21 05:36:46', '2025-01-21 05:36:46'),
(144, 75, 30, '2025-01-21 05:36:46', '2025-01-21 05:36:46'),
(145, 75, 31, '2025-01-21 05:36:46', '2025-01-21 05:36:46'),
(147, 75, 33, '2025-01-21 05:36:46', '2025-01-21 05:36:46'),
(148, 75, 34, '2025-01-21 05:36:46', '2025-01-21 05:36:46'),
(149, 75, 35, '2025-01-21 05:36:46', '2025-01-21 05:36:46'),
(150, 75, 36, '2025-01-21 05:36:47', '2025-01-21 05:36:47'),
(151, 75, 37, '2025-01-21 05:36:47', '2025-01-21 05:36:47'),
(152, 75, 38, '2025-01-21 05:36:47', '2025-01-21 05:36:47'),
(153, 75, 39, '2025-01-21 05:36:47', '2025-01-21 05:36:47'),
(154, 75, 40, '2025-01-21 05:36:47', '2025-01-21 05:36:47'),
(156, 90, 5, '2025-01-21 05:39:21', '2025-01-21 05:39:21'),
(158, 90, 7, '2025-01-21 05:39:21', '2025-01-21 05:39:21'),
(159, 90, 8, '2025-01-21 05:39:21', '2025-01-21 05:39:21'),
(160, 90, 9, '2025-01-21 05:39:21', '2025-01-21 05:39:21'),
(161, 90, 10, '2025-01-21 05:39:21', '2025-01-21 05:39:21'),
(162, 90, 11, '2025-01-21 05:39:21', '2025-01-21 05:39:21'),
(163, 90, 12, '2025-01-21 05:39:21', '2025-01-21 05:39:21'),
(164, 90, 13, '2025-01-21 05:39:21', '2025-01-21 05:39:21'),
(165, 90, 14, '2025-01-21 05:39:21', '2025-01-21 05:39:21'),
(166, 90, 15, '2025-01-21 05:39:21', '2025-01-21 05:39:21'),
(167, 90, 18, '2025-01-21 05:39:21', '2025-01-21 05:39:21'),
(168, 90, 19, '2025-01-21 05:39:21', '2025-01-21 05:39:21'),
(169, 90, 20, '2025-01-21 05:39:21', '2025-01-21 05:39:21'),
(170, 90, 21, '2025-01-21 05:39:21', '2025-01-21 05:39:21'),
(171, 90, 26, '2025-01-21 05:39:21', '2025-01-21 05:39:21'),
(172, 90, 27, '2025-01-21 05:39:21', '2025-01-21 05:39:21'),
(173, 90, 28, '2025-01-21 05:39:21', '2025-01-21 05:39:21'),
(174, 90, 29, '2025-01-21 05:39:21', '2025-01-21 05:39:21'),
(175, 90, 30, '2025-01-21 05:39:21', '2025-01-21 05:39:21'),
(176, 90, 31, '2025-01-21 05:39:21', '2025-01-21 05:39:21'),
(178, 90, 33, '2025-01-21 05:39:21', '2025-01-21 05:39:21'),
(179, 90, 34, '2025-01-21 05:39:21', '2025-01-21 05:39:21'),
(180, 90, 35, '2025-01-21 05:39:21', '2025-01-21 05:39:21'),
(181, 90, 36, '2025-01-21 05:39:21', '2025-01-21 05:39:21'),
(182, 90, 37, '2025-01-21 05:39:21', '2025-01-21 05:39:21'),
(183, 90, 38, '2025-01-21 05:39:21', '2025-01-21 05:39:21'),
(184, 90, 39, '2025-01-21 05:39:21', '2025-01-21 05:39:21'),
(185, 90, 40, '2025-01-21 05:39:21', '2025-01-21 05:39:21'),
(249, 78, 5, '2025-01-27 22:28:26', '2025-01-27 22:28:26'),
(251, 78, 7, '2025-01-27 22:28:26', '2025-01-27 22:28:26'),
(252, 78, 8, '2025-01-27 22:28:26', '2025-01-27 22:28:26'),
(253, 78, 9, '2025-01-27 22:28:26', '2025-01-27 22:28:26'),
(254, 78, 10, '2025-01-27 22:28:26', '2025-01-27 22:28:26'),
(255, 78, 11, '2025-01-27 22:28:26', '2025-01-27 22:28:26'),
(256, 78, 12, '2025-01-27 22:28:26', '2025-01-27 22:28:26'),
(257, 78, 13, '2025-01-27 22:28:26', '2025-01-27 22:28:26'),
(258, 78, 14, '2025-01-27 22:28:26', '2025-01-27 22:28:26'),
(259, 78, 15, '2025-01-27 22:28:26', '2025-01-27 22:28:26'),
(260, 78, 18, '2025-01-27 22:28:26', '2025-01-27 22:28:26'),
(261, 78, 19, '2025-01-27 22:28:26', '2025-01-27 22:28:26'),
(262, 78, 20, '2025-01-27 22:28:26', '2025-01-27 22:28:26'),
(263, 78, 21, '2025-01-27 22:28:26', '2025-01-27 22:28:26'),
(264, 78, 26, '2025-01-27 22:28:26', '2025-01-27 22:28:26'),
(265, 78, 27, '2025-01-27 22:28:26', '2025-01-27 22:28:26'),
(266, 78, 28, '2025-01-27 22:28:26', '2025-01-27 22:28:26'),
(267, 78, 29, '2025-01-27 22:28:26', '2025-01-27 22:28:26'),
(268, 78, 30, '2025-01-27 22:28:26', '2025-01-27 22:28:26'),
(269, 78, 31, '2025-01-27 22:28:26', '2025-01-27 22:28:26'),
(271, 78, 33, '2025-01-27 22:28:27', '2025-01-27 22:28:27'),
(272, 78, 34, '2025-01-27 22:28:27', '2025-01-27 22:28:27'),
(273, 78, 35, '2025-01-27 22:28:27', '2025-01-27 22:28:27'),
(274, 78, 36, '2025-01-27 22:28:27', '2025-01-27 22:28:27'),
(275, 78, 37, '2025-01-27 22:28:27', '2025-01-27 22:28:27'),
(276, 78, 38, '2025-01-27 22:28:27', '2025-01-27 22:28:27'),
(277, 78, 39, '2025-01-27 22:28:27', '2025-01-27 22:28:27'),
(278, 78, 40, '2025-01-27 22:28:27', '2025-01-27 22:28:27'),
(280, 72, 5, '2025-01-27 22:32:46', '2025-01-27 22:32:46'),
(282, 72, 7, '2025-01-27 22:32:46', '2025-01-27 22:32:46'),
(283, 72, 8, '2025-01-27 22:32:46', '2025-01-27 22:32:46'),
(284, 72, 9, '2025-01-27 22:32:46', '2025-01-27 22:32:46'),
(285, 72, 10, '2025-01-27 22:32:46', '2025-01-27 22:32:46'),
(286, 72, 11, '2025-01-27 22:32:46', '2025-01-27 22:32:46'),
(287, 72, 12, '2025-01-27 22:32:46', '2025-01-27 22:32:46'),
(288, 72, 13, '2025-01-27 22:32:46', '2025-01-27 22:32:46'),
(289, 72, 14, '2025-01-27 22:32:46', '2025-01-27 22:32:46'),
(290, 72, 15, '2025-01-27 22:32:46', '2025-01-27 22:32:46'),
(291, 72, 18, '2025-01-27 22:32:46', '2025-01-27 22:32:46'),
(292, 72, 19, '2025-01-27 22:32:46', '2025-01-27 22:32:46'),
(293, 72, 20, '2025-01-27 22:32:46', '2025-01-27 22:32:46'),
(294, 72, 21, '2025-01-27 22:32:46', '2025-01-27 22:32:46'),
(295, 72, 26, '2025-01-27 22:32:46', '2025-01-27 22:32:46'),
(296, 72, 27, '2025-01-27 22:32:46', '2025-01-27 22:32:46'),
(297, 72, 28, '2025-01-27 22:32:46', '2025-01-27 22:32:46'),
(298, 72, 29, '2025-01-27 22:32:46', '2025-01-27 22:32:46'),
(299, 72, 30, '2025-01-27 22:32:46', '2025-01-27 22:32:46'),
(300, 72, 31, '2025-01-27 22:32:46', '2025-01-27 22:32:46'),
(302, 72, 33, '2025-01-27 22:32:46', '2025-01-27 22:32:46'),
(303, 72, 34, '2025-01-27 22:32:46', '2025-01-27 22:32:46'),
(304, 72, 35, '2025-01-27 22:32:46', '2025-01-27 22:32:46'),
(305, 72, 36, '2025-01-27 22:32:46', '2025-01-27 22:32:46'),
(306, 72, 37, '2025-01-27 22:32:46', '2025-01-27 22:32:46'),
(307, 72, 38, '2025-01-27 22:32:46', '2025-01-27 22:32:46'),
(308, 72, 39, '2025-01-27 22:32:46', '2025-01-27 22:32:46'),
(309, 72, 40, '2025-01-27 22:32:46', '2025-01-27 22:32:46'),
(311, 79, 5, '2025-01-27 22:50:29', '2025-01-27 22:50:29'),
(313, 79, 7, '2025-01-27 22:50:29', '2025-01-27 22:50:29'),
(314, 79, 8, '2025-01-27 22:50:29', '2025-01-27 22:50:29'),
(315, 79, 9, '2025-01-27 22:50:29', '2025-01-27 22:50:29'),
(316, 79, 10, '2025-01-27 22:50:29', '2025-01-27 22:50:29'),
(317, 79, 11, '2025-01-27 22:50:29', '2025-01-27 22:50:29'),
(318, 79, 12, '2025-01-27 22:50:29', '2025-01-27 22:50:29'),
(319, 79, 13, '2025-01-27 22:50:29', '2025-01-27 22:50:29'),
(320, 79, 14, '2025-01-27 22:50:29', '2025-01-27 22:50:29'),
(321, 79, 15, '2025-01-27 22:50:29', '2025-01-27 22:50:29'),
(322, 79, 18, '2025-01-27 22:50:29', '2025-01-27 22:50:29'),
(323, 79, 19, '2025-01-27 22:50:29', '2025-01-27 22:50:29'),
(324, 79, 20, '2025-01-27 22:50:29', '2025-01-27 22:50:29'),
(325, 79, 21, '2025-01-27 22:50:29', '2025-01-27 22:50:29'),
(326, 79, 26, '2025-01-27 22:50:29', '2025-01-27 22:50:29'),
(327, 79, 27, '2025-01-27 22:50:29', '2025-01-27 22:50:29'),
(328, 79, 28, '2025-01-27 22:50:29', '2025-01-27 22:50:29'),
(329, 79, 29, '2025-01-27 22:50:29', '2025-01-27 22:50:29'),
(330, 79, 30, '2025-01-27 22:50:29', '2025-01-27 22:50:29'),
(331, 79, 31, '2025-01-27 22:50:29', '2025-01-27 22:50:29'),
(333, 79, 33, '2025-01-27 22:50:29', '2025-01-27 22:50:29'),
(334, 79, 34, '2025-01-27 22:50:29', '2025-01-27 22:50:29'),
(335, 79, 35, '2025-01-27 22:50:29', '2025-01-27 22:50:29'),
(336, 79, 36, '2025-01-27 22:50:29', '2025-01-27 22:50:29'),
(337, 79, 37, '2025-01-27 22:50:29', '2025-01-27 22:50:29'),
(338, 79, 38, '2025-01-27 22:50:29', '2025-01-27 22:50:29'),
(339, 79, 39, '2025-01-27 22:50:29', '2025-01-27 22:50:29'),
(340, 79, 40, '2025-01-27 22:50:29', '2025-01-27 22:50:29'),
(342, 85, 5, '2025-01-28 00:08:43', '2025-01-28 00:08:43'),
(344, 85, 7, '2025-01-28 00:08:43', '2025-01-28 00:08:43'),
(345, 85, 8, '2025-01-28 00:08:43', '2025-01-28 00:08:43'),
(346, 85, 9, '2025-01-28 00:08:43', '2025-01-28 00:08:43'),
(347, 85, 10, '2025-01-28 00:08:43', '2025-01-28 00:08:43'),
(348, 85, 11, '2025-01-28 00:08:43', '2025-01-28 00:08:43'),
(349, 85, 12, '2025-01-28 00:08:43', '2025-01-28 00:08:43'),
(350, 85, 13, '2025-01-28 00:08:43', '2025-01-28 00:08:43'),
(351, 85, 14, '2025-01-28 00:08:43', '2025-01-28 00:08:43'),
(352, 85, 15, '2025-01-28 00:08:43', '2025-01-28 00:08:43'),
(353, 85, 18, '2025-01-28 00:08:43', '2025-01-28 00:08:43'),
(354, 85, 19, '2025-01-28 00:08:43', '2025-01-28 00:08:43'),
(355, 85, 20, '2025-01-28 00:08:43', '2025-01-28 00:08:43'),
(356, 85, 21, '2025-01-28 00:08:43', '2025-01-28 00:08:43'),
(357, 85, 26, '2025-01-28 00:08:43', '2025-01-28 00:08:43'),
(358, 85, 27, '2025-01-28 00:08:43', '2025-01-28 00:08:43'),
(359, 85, 28, '2025-01-28 00:08:43', '2025-01-28 00:08:43'),
(360, 85, 29, '2025-01-28 00:08:43', '2025-01-28 00:08:43'),
(361, 85, 30, '2025-01-28 00:08:43', '2025-01-28 00:08:43'),
(362, 85, 31, '2025-01-28 00:08:43', '2025-01-28 00:08:43'),
(364, 85, 33, '2025-01-28 00:08:43', '2025-01-28 00:08:43'),
(365, 85, 34, '2025-01-28 00:08:43', '2025-01-28 00:08:43'),
(366, 85, 35, '2025-01-28 00:08:43', '2025-01-28 00:08:43'),
(367, 85, 36, '2025-01-28 00:08:43', '2025-01-28 00:08:43'),
(368, 85, 37, '2025-01-28 00:08:43', '2025-01-28 00:08:43'),
(369, 85, 38, '2025-01-28 00:08:43', '2025-01-28 00:08:43'),
(370, 85, 39, '2025-01-28 00:08:43', '2025-01-28 00:08:43'),
(371, 85, 40, '2025-01-28 00:08:43', '2025-01-28 00:08:43'),
(373, 83, 5, '2025-01-28 06:17:06', '2025-01-28 06:17:06'),
(375, 83, 7, '2025-01-28 06:17:06', '2025-01-28 06:17:06'),
(376, 83, 8, '2025-01-28 06:17:06', '2025-01-28 06:17:06'),
(377, 83, 9, '2025-01-28 06:17:06', '2025-01-28 06:17:06'),
(378, 83, 10, '2025-01-28 06:17:06', '2025-01-28 06:17:06'),
(379, 83, 11, '2025-01-28 06:17:06', '2025-01-28 06:17:06'),
(380, 83, 12, '2025-01-28 06:17:06', '2025-01-28 06:17:06'),
(381, 83, 13, '2025-01-28 06:17:06', '2025-01-28 06:17:06'),
(382, 83, 14, '2025-01-28 06:17:06', '2025-01-28 06:17:06'),
(383, 83, 15, '2025-01-28 06:17:06', '2025-01-28 06:17:06'),
(384, 83, 18, '2025-01-28 06:17:06', '2025-01-28 06:17:06'),
(385, 83, 19, '2025-01-28 06:17:06', '2025-01-28 06:17:06'),
(386, 83, 20, '2025-01-28 06:17:06', '2025-01-28 06:17:06'),
(387, 83, 21, '2025-01-28 06:17:06', '2025-01-28 06:17:06'),
(388, 83, 26, '2025-01-28 06:17:06', '2025-01-28 06:17:06'),
(389, 83, 27, '2025-01-28 06:17:07', '2025-01-28 06:17:07'),
(390, 83, 28, '2025-01-28 06:17:07', '2025-01-28 06:17:07'),
(391, 83, 29, '2025-01-28 06:17:07', '2025-01-28 06:17:07'),
(392, 83, 30, '2025-01-28 06:17:07', '2025-01-28 06:17:07'),
(393, 83, 31, '2025-01-28 06:17:07', '2025-01-28 06:17:07'),
(395, 83, 33, '2025-01-28 06:17:07', '2025-01-28 06:17:07'),
(396, 83, 34, '2025-01-28 06:17:07', '2025-01-28 06:17:07'),
(397, 83, 35, '2025-01-28 06:17:07', '2025-01-28 06:17:07'),
(398, 83, 36, '2025-01-28 06:17:07', '2025-01-28 06:17:07'),
(399, 83, 37, '2025-01-28 06:17:07', '2025-01-28 06:17:07'),
(400, 83, 38, '2025-01-28 06:17:07', '2025-01-28 06:17:07'),
(401, 83, 39, '2025-01-28 06:17:07', '2025-01-28 06:17:07'),
(402, 83, 40, '2025-01-28 06:17:07', '2025-01-28 06:17:07'),
(403, 106, 5, '2025-02-13 01:40:32', '2025-02-13 01:40:32'),
(404, 106, 7, '2025-02-13 01:40:32', '2025-02-13 01:40:32'),
(405, 106, 8, '2025-02-13 01:40:32', '2025-02-13 01:40:32'),
(406, 106, 9, '2025-02-13 01:40:32', '2025-02-13 01:40:32'),
(407, 106, 10, '2025-02-13 01:40:32', '2025-02-13 01:40:32'),
(408, 106, 11, '2025-02-13 01:40:32', '2025-02-13 01:40:32'),
(409, 106, 12, '2025-02-13 01:40:32', '2025-02-13 01:40:32'),
(410, 106, 13, '2025-02-13 01:40:32', '2025-02-13 01:40:32'),
(411, 106, 14, '2025-02-13 01:40:32', '2025-02-13 01:40:32'),
(412, 106, 15, '2025-02-13 01:40:32', '2025-02-13 01:40:32'),
(413, 106, 18, '2025-02-13 01:40:32', '2025-02-13 01:40:32'),
(414, 106, 19, '2025-02-13 01:40:32', '2025-02-13 01:40:32'),
(415, 106, 20, '2025-02-13 01:40:32', '2025-02-13 01:40:32'),
(416, 106, 21, '2025-02-13 01:40:32', '2025-02-13 01:40:32'),
(417, 106, 26, '2025-02-13 01:40:32', '2025-02-13 01:40:32'),
(418, 106, 27, '2025-02-13 01:40:32', '2025-02-13 01:40:32'),
(419, 106, 28, '2025-02-13 01:40:32', '2025-02-13 01:40:32'),
(420, 106, 29, '2025-02-13 01:40:32', '2025-02-13 01:40:32'),
(421, 106, 30, '2025-02-13 01:40:32', '2025-02-13 01:40:32'),
(422, 106, 31, '2025-02-13 01:40:32', '2025-02-13 01:40:32'),
(423, 106, 33, '2025-02-13 01:40:32', '2025-02-13 01:40:32'),
(424, 106, 34, '2025-02-13 01:40:32', '2025-02-13 01:40:32'),
(425, 106, 35, '2025-02-13 01:40:32', '2025-02-13 01:40:32'),
(426, 106, 36, '2025-02-13 01:40:32', '2025-02-13 01:40:32'),
(427, 106, 37, '2025-02-13 01:40:32', '2025-02-13 01:40:32'),
(428, 106, 38, '2025-02-13 01:40:32', '2025-02-13 01:40:32'),
(429, 106, 39, '2025-02-13 01:40:32', '2025-02-13 01:40:32'),
(430, 106, 40, '2025-02-13 01:40:32', '2025-02-13 01:40:32'),
(431, 80, 5, '2025-02-13 02:06:01', '2025-02-13 02:06:01'),
(432, 80, 7, '2025-02-13 02:06:01', '2025-02-13 02:06:01'),
(433, 80, 8, '2025-02-13 02:06:01', '2025-02-13 02:06:01'),
(434, 80, 9, '2025-02-13 02:06:01', '2025-02-13 02:06:01'),
(435, 80, 10, '2025-02-13 02:06:01', '2025-02-13 02:06:01'),
(436, 80, 11, '2025-02-13 02:06:01', '2025-02-13 02:06:01'),
(437, 80, 12, '2025-02-13 02:06:01', '2025-02-13 02:06:01'),
(438, 80, 13, '2025-02-13 02:06:01', '2025-02-13 02:06:01'),
(439, 80, 14, '2025-02-13 02:06:01', '2025-02-13 02:06:01'),
(440, 80, 15, '2025-02-13 02:06:02', '2025-02-13 02:06:02'),
(441, 80, 18, '2025-02-13 02:06:02', '2025-02-13 02:06:02'),
(442, 80, 19, '2025-02-13 02:06:02', '2025-02-13 02:06:02'),
(443, 80, 20, '2025-02-13 02:06:02', '2025-02-13 02:06:02'),
(444, 80, 21, '2025-02-13 02:06:02', '2025-02-13 02:06:02'),
(445, 80, 26, '2025-02-13 02:06:02', '2025-02-13 02:06:02'),
(446, 80, 27, '2025-02-13 02:06:02', '2025-02-13 02:06:02'),
(447, 80, 28, '2025-02-13 02:06:02', '2025-02-13 02:06:02'),
(448, 80, 29, '2025-02-13 02:06:02', '2025-02-13 02:06:02'),
(449, 80, 30, '2025-02-13 02:06:02', '2025-02-13 02:06:02'),
(450, 80, 31, '2025-02-13 02:06:02', '2025-02-13 02:06:02'),
(451, 80, 33, '2025-02-13 02:06:02', '2025-02-13 02:06:02'),
(452, 80, 34, '2025-02-13 02:06:02', '2025-02-13 02:06:02'),
(453, 80, 35, '2025-02-13 02:06:02', '2025-02-13 02:06:02'),
(454, 80, 36, '2025-02-13 02:06:02', '2025-02-13 02:06:02'),
(455, 80, 37, '2025-02-13 02:06:02', '2025-02-13 02:06:02'),
(456, 80, 38, '2025-02-13 02:06:02', '2025-02-13 02:06:02'),
(457, 80, 39, '2025-02-13 02:06:02', '2025-02-13 02:06:02'),
(458, 80, 40, '2025-02-13 02:06:02', '2025-02-13 02:06:02'),
(459, 95, 5, '2025-02-18 02:19:17', '2025-02-18 02:19:17'),
(460, 95, 7, '2025-02-18 02:19:17', '2025-02-18 02:19:17'),
(461, 95, 8, '2025-02-18 02:19:17', '2025-02-18 02:19:17'),
(462, 95, 9, '2025-02-18 02:19:17', '2025-02-18 02:19:17'),
(463, 95, 10, '2025-02-18 02:19:17', '2025-02-18 02:19:17'),
(464, 95, 11, '2025-02-18 02:19:17', '2025-02-18 02:19:17'),
(465, 95, 12, '2025-02-18 02:19:17', '2025-02-18 02:19:17'),
(466, 95, 13, '2025-02-18 02:19:17', '2025-02-18 02:19:17'),
(467, 95, 14, '2025-02-18 02:19:17', '2025-02-18 02:19:17'),
(468, 95, 15, '2025-02-18 02:19:17', '2025-02-18 02:19:17'),
(469, 95, 18, '2025-02-18 02:19:17', '2025-02-18 02:19:17'),
(470, 95, 19, '2025-02-18 02:19:17', '2025-02-18 02:19:17'),
(471, 95, 20, '2025-02-18 02:19:17', '2025-02-18 02:19:17'),
(472, 95, 21, '2025-02-18 02:19:17', '2025-02-18 02:19:17'),
(473, 95, 26, '2025-02-18 02:19:17', '2025-02-18 02:19:17'),
(474, 95, 27, '2025-02-18 02:19:17', '2025-02-18 02:19:17'),
(475, 95, 28, '2025-02-18 02:19:17', '2025-02-18 02:19:17'),
(476, 95, 29, '2025-02-18 02:19:17', '2025-02-18 02:19:17'),
(477, 95, 30, '2025-02-18 02:19:17', '2025-02-18 02:19:17'),
(478, 95, 31, '2025-02-18 02:19:17', '2025-02-18 02:19:17'),
(479, 95, 33, '2025-02-18 02:19:17', '2025-02-18 02:19:17'),
(480, 95, 34, '2025-02-18 02:19:17', '2025-02-18 02:19:17'),
(481, 95, 35, '2025-02-18 02:19:17', '2025-02-18 02:19:17'),
(482, 95, 36, '2025-02-18 02:19:18', '2025-02-18 02:19:18'),
(483, 95, 37, '2025-02-18 02:19:18', '2025-02-18 02:19:18'),
(484, 95, 38, '2025-02-18 02:19:18', '2025-02-18 02:19:18'),
(485, 95, 39, '2025-02-18 02:19:18', '2025-02-18 02:19:18'),
(486, 95, 40, '2025-02-18 02:19:18', '2025-02-18 02:19:18');

-- --------------------------------------------------------

--
-- Estructura de tabla para la tabla `modelo_has_costos`
--

CREATE TABLE `modelo_has_costos` (
  `id` bigint(20) UNSIGNED NOT NULL,
  `idModelo` bigint(20) UNSIGNED NOT NULL,
  `idCosto` bigint(20) UNSIGNED NOT NULL,
  `created_at` timestamp NULL DEFAULT NULL,
  `updated_at` timestamp NULL DEFAULT NULL
) ENGINE=InnoDB DEFAULT CHARSET=utf8mb4 COLLATE=utf8mb4_unicode_ci;

--
-- Volcado de datos para la tabla `modelo_has_costos`
--

INSERT INTO `modelo_has_costos` (`id`, `idModelo`, `idCosto`, `created_at`, `updated_at`) VALUES
(46, 86, 6, '2024-11-15 01:28:34', '2024-11-15 01:28:34'),
(47, 86, 14, '2024-11-15 01:28:34', '2024-11-15 01:28:34'),
(48, 71, 6, '2024-11-20 05:15:21', '2024-11-20 05:15:21'),
(49, 71, 7, '2024-11-20 05:15:21', '2024-11-20 05:15:21'),
(50, 88, 6, '2024-12-02 23:20:56', '2024-12-02 23:20:56'),
(51, 88, 13, '2024-12-02 23:20:56', '2024-12-02 23:20:56'),
(52, 75, 6, '2025-01-21 05:36:22', '2025-01-21 05:36:22'),
(53, 75, 7, '2025-01-21 05:36:22', '2025-01-21 05:36:22'),
(54, 90, 6, '2025-01-21 05:39:15', '2025-01-21 05:39:15'),
(55, 90, 14, '2025-01-21 05:39:15', '2025-01-21 05:39:15'),
(56, 72, 6, '2025-01-21 05:41:18', '2025-01-21 05:41:18'),
(57, 72, 9, '2025-01-21 05:41:18', '2025-01-21 05:41:18'),
(58, 79, 6, '2025-01-21 05:43:42', '2025-01-21 05:43:42'),
(59, 79, 7, '2025-01-21 05:43:42', '2025-01-21 05:43:42'),
(60, 78, 6, '2025-01-27 22:28:20', '2025-01-27 22:28:20'),
(61, 78, 7, '2025-01-27 22:28:20', '2025-01-27 22:28:20'),
(62, 85, 6, '2025-01-28 00:08:28', '2025-01-28 00:08:28'),
(63, 85, 14, '2025-01-28 00:08:28', '2025-01-28 00:08:28'),
(64, 83, 6, '2025-01-28 06:16:59', '2025-01-28 06:16:59'),
(65, 83, 7, '2025-01-28 06:16:59', '2025-01-28 06:16:59'),
(66, 106, 6, '2025-02-13 01:40:26', '2025-02-13 01:40:26'),
(67, 106, 13, '2025-02-13 01:40:26', '2025-02-13 01:40:26'),
(68, 80, 6, '2025-02-13 02:05:48', '2025-02-13 02:05:48'),
(69, 80, 7, '2025-02-13 02:05:48', '2025-02-13 02:05:48'),
(70, 95, 6, '2025-02-18 02:19:12', '2025-02-18 02:19:12'),
(71, 95, 13, '2025-02-18 02:19:12', '2025-02-18 02:19:12');

-- --------------------------------------------------------

--
-- Estructura de tabla para la tabla `modelo_has_ganancias`
--

CREATE TABLE `modelo_has_ganancias` (
  `id` bigint(20) UNSIGNED NOT NULL,
  `ganancia` decimal(10,2) NOT NULL,
  `created_at` timestamp NULL DEFAULT NULL,
  `updated_at` timestamp NULL DEFAULT NULL
) ENGINE=InnoDB DEFAULT CHARSET=utf8mb4 COLLATE=utf8mb4_unicode_ci;

--
-- Volcado de datos para la tabla `modelo_has_ganancias`
--

INSERT INTO `modelo_has_ganancias` (`id`, `ganancia`, `created_at`, `updated_at`) VALUES
(1, 45.00, '2024-10-26 08:12:05', '2025-01-28 00:17:16');

-- --------------------------------------------------------

--
-- Estructura de tabla para la tabla `modelo_has_numeraciones`
--

CREATE TABLE `modelo_has_numeraciones` (
  `id` bigint(20) UNSIGNED NOT NULL,
  `idModelo` bigint(20) UNSIGNED NOT NULL,
  `idNumeracion` bigint(20) UNSIGNED NOT NULL,
  `created_at` timestamp NULL DEFAULT NULL,
  `updated_at` timestamp NULL DEFAULT NULL
) ENGINE=InnoDB DEFAULT CHARSET=utf8mb4 COLLATE=utf8mb4_unicode_ci;

--
-- Volcado de datos para la tabla `modelo_has_numeraciones`
--

INSERT INTO `modelo_has_numeraciones` (`id`, `idModelo`, `idNumeracion`, `created_at`, `updated_at`) VALUES
(218, 86, 26, '2024-11-15 01:30:59', '2024-11-15 01:30:59'),
(219, 86, 27, '2024-11-15 01:30:59', '2024-11-15 01:30:59'),
(220, 86, 28, '2024-11-15 01:30:59', '2024-11-15 01:30:59'),
(221, 86, 29, '2024-11-15 01:30:59', '2024-11-15 01:30:59'),
(222, 86, 30, '2024-11-15 01:30:59', '2024-11-15 01:30:59'),
(233, 88, 24, '2024-12-02 23:22:49', '2024-12-02 23:22:49'),
(234, 88, 25, '2024-12-02 23:22:49', '2024-12-02 23:22:49'),
(235, 88, 26, '2024-12-02 23:22:49', '2024-12-02 23:22:49'),
(236, 88, 27, '2024-12-02 23:22:49', '2024-12-02 23:22:49'),
(237, 88, 28, '2024-12-02 23:22:49', '2024-12-02 23:22:49'),
(238, 88, 29, '2024-12-02 23:22:49', '2024-12-02 23:22:49'),
(239, 88, 30, '2024-12-02 23:22:49', '2024-12-02 23:22:49'),
(259, 90, 24, '2025-01-21 05:40:37', '2025-01-21 05:40:37'),
(260, 90, 25, '2025-01-21 05:40:37', '2025-01-21 05:40:37'),
(261, 90, 26, '2025-01-21 05:40:37', '2025-01-21 05:40:37'),
(262, 90, 27, '2025-01-21 05:40:37', '2025-01-21 05:40:37'),
(263, 90, 28, '2025-01-21 05:40:37', '2025-01-21 05:40:37'),
(264, 90, 29, '2025-01-21 05:40:37', '2025-01-21 05:40:37'),
(265, 90, 30, '2025-01-21 05:40:37', '2025-01-21 05:40:37'),
(274, 79, 23, '2025-01-21 05:44:30', '2025-01-21 05:44:30'),
(275, 79, 24, '2025-01-21 05:44:30', '2025-01-21 05:44:30'),
(276, 79, 25, '2025-01-21 05:44:30', '2025-01-21 05:44:30'),
(277, 79, 26, '2025-01-21 05:44:30', '2025-01-21 05:44:30'),
(278, 79, 27, '2025-01-21 05:44:30', '2025-01-21 05:44:30'),
(279, 79, 28, '2025-01-21 05:44:30', '2025-01-21 05:44:30'),
(280, 79, 29, '2025-01-21 05:44:30', '2025-01-21 05:44:30'),
(281, 79, 30, '2025-01-21 05:44:30', '2025-01-21 05:44:30'),
(282, 78, 24, '2025-01-27 22:31:21', '2025-01-27 22:31:21'),
(283, 78, 25, '2025-01-27 22:31:21', '2025-01-27 22:31:21'),
(284, 78, 26, '2025-01-27 22:31:21', '2025-01-27 22:31:21'),
(285, 78, 27, '2025-01-27 22:31:21', '2025-01-27 22:31:21'),
(286, 78, 28, '2025-01-27 22:31:21', '2025-01-27 22:31:21'),
(287, 78, 29, '2025-01-27 22:31:21', '2025-01-27 22:31:21'),
(288, 78, 30, '2025-01-27 22:31:21', '2025-01-27 22:31:21'),
(289, 72, 23, '2025-01-27 22:48:46', '2025-01-27 22:48:46'),
(290, 72, 24, '2025-01-27 22:48:46', '2025-01-27 22:48:46'),
(291, 72, 25, '2025-01-27 22:48:46', '2025-01-27 22:48:46'),
(292, 72, 26, '2025-01-27 22:48:46', '2025-01-27 22:48:46'),
(293, 72, 27, '2025-01-27 22:48:46', '2025-01-27 22:48:46'),
(294, 72, 28, '2025-01-27 22:48:46', '2025-01-27 22:48:46'),
(295, 72, 29, '2025-01-27 22:48:46', '2025-01-27 22:48:46'),
(296, 72, 30, '2025-01-27 22:48:46', '2025-01-27 22:48:46'),
(297, 85, 24, '2025-01-28 00:16:05', '2025-01-28 00:16:05'),
(298, 85, 25, '2025-01-28 00:16:05', '2025-01-28 00:16:05'),
(299, 85, 26, '2025-01-28 00:16:05', '2025-01-28 00:16:05'),
(300, 85, 27, '2025-01-28 00:16:05', '2025-01-28 00:16:05'),
(301, 85, 28, '2025-01-28 00:16:05', '2025-01-28 00:16:05'),
(302, 85, 29, '2025-01-28 00:16:05', '2025-01-28 00:16:05'),
(303, 85, 30, '2025-01-28 00:16:05', '2025-01-28 00:16:05'),
(304, 85, 31, '2025-01-28 00:16:05', '2025-01-28 00:16:05'),
(305, 85, 32, '2025-01-28 00:16:05', '2025-01-28 00:16:05'),
(306, 83, 22, '2025-01-28 07:30:35', '2025-01-28 07:30:35'),
(307, 83, 23, '2025-01-28 07:30:35', '2025-01-28 07:30:35'),
(308, 83, 24, '2025-01-28 07:30:35', '2025-01-28 07:30:35'),
(309, 83, 25, '2025-01-28 07:30:35', '2025-01-28 07:30:35'),
(310, 83, 26, '2025-01-28 07:30:35', '2025-01-28 07:30:35'),
(311, 83, 27, '2025-01-28 07:30:35', '2025-01-28 07:30:35'),
(312, 83, 28, '2025-01-28 07:30:35', '2025-01-28 07:30:35'),
(313, 83, 29, '2025-01-28 07:30:35', '2025-01-28 07:30:35'),
(314, 83, 30, '2025-01-28 07:30:35', '2025-01-28 07:30:35'),
(315, 83, 31, '2025-01-28 07:30:35', '2025-01-28 07:30:35'),
(321, 80, 24, '2025-02-13 02:08:43', '2025-02-13 02:08:43'),
(322, 80, 25, '2025-02-13 02:08:43', '2025-02-13 02:08:43'),
(323, 80, 26, '2025-02-13 02:08:43', '2025-02-13 02:08:43'),
(324, 80, 27, '2025-02-13 02:08:43', '2025-02-13 02:08:43'),
(325, 80, 28, '2025-02-13 02:08:43', '2025-02-13 02:08:43'),
(326, 80, 29, '2025-02-13 02:08:43', '2025-02-13 02:08:43'),
(327, 80, 30, '2025-02-13 02:08:43', '2025-02-13 02:08:43'),
(328, 80, 31, '2025-02-13 02:08:43', '2025-02-13 02:08:43'),
(329, 80, 32, '2025-02-13 02:08:43', '2025-02-13 02:08:43'),
(330, 106, 25, '2025-02-13 02:12:11', '2025-02-13 02:12:11'),
(331, 106, 26, '2025-02-13 02:12:11', '2025-02-13 02:12:11'),
(332, 106, 27, '2025-02-13 02:12:11', '2025-02-13 02:12:11'),
(333, 106, 28, '2025-02-13 02:12:11', '2025-02-13 02:12:11'),
(334, 106, 29, '2025-02-13 02:12:11', '2025-02-13 02:12:11'),
(335, 95, 24, '2025-02-18 02:37:42', '2025-02-18 02:37:42'),
(336, 95, 25, '2025-02-18 02:37:42', '2025-02-18 02:37:42'),
(337, 95, 26, '2025-02-18 02:37:42', '2025-02-18 02:37:42'),
(338, 95, 27, '2025-02-18 02:37:42', '2025-02-18 02:37:42'),
(339, 95, 28, '2025-02-18 02:37:42', '2025-02-18 02:37:42'),
(340, 95, 29, '2025-02-18 02:37:42', '2025-02-18 02:37:42'),
(341, 95, 30, '2025-02-18 02:37:42', '2025-02-18 02:37:42'),
(342, 75, 23, '2025-02-18 02:43:13', '2025-02-18 02:43:13'),
(343, 75, 24, '2025-02-18 02:43:13', '2025-02-18 02:43:13'),
(344, 75, 25, '2025-02-18 02:43:13', '2025-02-18 02:43:13'),
(345, 75, 26, '2025-02-18 02:43:13', '2025-02-18 02:43:13'),
(346, 75, 27, '2025-02-18 02:43:13', '2025-02-18 02:43:13'),
(347, 75, 28, '2025-02-18 02:43:13', '2025-02-18 02:43:13'),
(348, 75, 29, '2025-02-18 02:43:13', '2025-02-18 02:43:13'),
(349, 75, 30, '2025-02-18 02:43:13', '2025-02-18 02:43:13'),
(350, 75, 31, '2025-02-18 02:43:13', '2025-02-18 02:43:13'),
(388, 71, 22, '2025-02-20 23:05:23', '2025-02-20 23:05:23'),
(389, 71, 23, '2025-02-20 23:05:23', '2025-02-20 23:05:23'),
(390, 71, 24, '2025-02-20 23:05:23', '2025-02-20 23:05:23'),
(391, 71, 25, '2025-02-20 23:05:23', '2025-02-20 23:05:23'),
(392, 71, 26, '2025-02-20 23:05:23', '2025-02-20 23:05:23'),
(393, 71, 27, '2025-02-20 23:05:23', '2025-02-20 23:05:23'),
(394, 71, 28, '2025-02-20 23:05:23', '2025-02-20 23:05:23'),
(395, 71, 29, '2025-02-20 23:05:23', '2025-02-20 23:05:23'),
(396, 71, 34, '2025-02-20 23:05:23', '2025-02-20 23:05:23'),
(397, 71, 35, '2025-02-20 23:05:23', '2025-02-20 23:05:23'),
(398, 71, 36, '2025-02-20 23:05:23', '2025-02-20 23:05:23'),
(399, 71, 37, '2025-02-20 23:05:23', '2025-02-20 23:05:23'),
(400, 71, 38, '2025-02-20 23:05:23', '2025-02-20 23:05:23'),
(401, 71, 39, '2025-02-20 23:05:23', '2025-02-20 23:05:23'),
(402, 71, 40, '2025-02-20 23:05:24', '2025-02-20 23:05:24');

-- --------------------------------------------------------

--
-- Estructura de tabla para la tabla `modelo_has_suelas`
--

CREATE TABLE `modelo_has_suelas` (
  `id` bigint(20) UNSIGNED NOT NULL,
  `idModelo` bigint(20) UNSIGNED NOT NULL,
  `idSuela` bigint(20) UNSIGNED NOT NULL,
  `created_at` timestamp NULL DEFAULT NULL,
  `updated_at` timestamp NULL DEFAULT NULL
) ENGINE=InnoDB DEFAULT CHARSET=utf8mb4 COLLATE=utf8mb4_unicode_ci;

--
-- Volcado de datos para la tabla `modelo_has_suelas`
--

INSERT INTO `modelo_has_suelas` (`id`, `idModelo`, `idSuela`, `created_at`, `updated_at`) VALUES
(31, 86, 5, '2024-11-15 01:30:41', '2024-11-15 01:30:41'),
(33, 88, 5, '2024-12-02 23:22:28', '2024-12-02 23:22:28'),
(34, 88, 7, '2024-12-02 23:22:28', '2024-12-02 23:22:28'),
(35, 75, 8, '2025-01-21 05:38:01', '2025-01-21 05:38:01'),
(39, 90, 9, '2025-01-27 22:27:19', '2025-01-27 22:27:19'),
(40, 78, 10, '2025-01-27 22:30:48', '2025-01-27 22:30:48'),
(41, 72, 11, '2025-01-27 22:48:36', '2025-01-27 22:48:36'),
(42, 72, 12, '2025-01-27 22:48:36', '2025-01-27 22:48:36'),
(43, 72, 109, '2025-01-27 22:48:36', '2025-01-27 22:48:36'),
(44, 79, 13, '2025-01-27 22:51:57', '2025-01-27 22:51:57'),
(45, 85, 5, '2025-01-28 00:15:48', '2025-01-28 00:15:48'),
(46, 85, 79, '2025-01-28 00:15:48', '2025-01-28 00:15:48'),
(47, 85, 80, '2025-01-28 00:15:48', '2025-01-28 00:15:48'),
(48, 85, 81, '2025-01-28 00:15:48', '2025-01-28 00:15:48'),
(49, 85, 82, '2025-01-28 00:15:48', '2025-01-28 00:15:48'),
(50, 85, 83, '2025-01-28 00:15:48', '2025-01-28 00:15:48'),
(51, 85, 100, '2025-01-28 00:15:48', '2025-01-28 00:15:48'),
(52, 83, 8, '2025-01-28 07:30:15', '2025-01-28 07:30:15'),
(53, 83, 13, '2025-01-28 07:30:15', '2025-01-28 07:30:15'),
(54, 106, 100, '2025-02-13 01:47:39', '2025-02-13 01:47:39'),
(55, 106, 110, '2025-02-13 01:47:39', '2025-02-13 01:47:39'),
(56, 80, 13, '2025-02-13 02:08:28', '2025-02-13 02:08:28'),
(57, 95, 56, '2025-02-18 02:36:59', '2025-02-18 02:36:59'),
(58, 71, 6, '2025-02-20 22:10:47', '2025-02-20 22:10:47'),
(59, 71, 64, '2025-02-20 22:10:47', '2025-02-20 22:10:47');

-- --------------------------------------------------------

--
-- Estructura de tabla para la tabla `model_has_permissions`
--

CREATE TABLE `model_has_permissions` (
  `permission_id` bigint(20) UNSIGNED NOT NULL,
  `model_type` varchar(255) COLLATE utf8mb4_unicode_ci NOT NULL,
  `model_id` bigint(20) UNSIGNED NOT NULL
) ENGINE=InnoDB DEFAULT CHARSET=utf8mb4 COLLATE=utf8mb4_unicode_ci;

-- --------------------------------------------------------

--
-- Estructura de tabla para la tabla `model_has_piezas`
--

CREATE TABLE `model_has_piezas` (
  `id` bigint(20) UNSIGNED NOT NULL,
  `idModelo` bigint(20) UNSIGNED NOT NULL,
  `idPieza` bigint(20) UNSIGNED NOT NULL,
  `cantidad` bigint(20) UNSIGNED NOT NULL,
  `created_at` timestamp NULL DEFAULT NULL,
  `updated_at` timestamp NULL DEFAULT NULL
) ENGINE=InnoDB DEFAULT CHARSET=utf8mb4 COLLATE=utf8mb4_unicode_ci;

-- --------------------------------------------------------

--
-- Estructura de tabla para la tabla `model_has_roles`
--

CREATE TABLE `model_has_roles` (
  `role_id` bigint(20) UNSIGNED NOT NULL,
  `model_type` varchar(255) COLLATE utf8mb4_unicode_ci NOT NULL,
  `model_id` bigint(20) UNSIGNED NOT NULL
) ENGINE=InnoDB DEFAULT CHARSET=utf8mb4 COLLATE=utf8mb4_unicode_ci;

-- --------------------------------------------------------

--
-- Estructura de tabla para la tabla `notas`
--

CREATE TABLE `notas` (
  `id` bigint(20) UNSIGNED NOT NULL,
  `idCliente` bigint(20) UNSIGNED NOT NULL,
  `pares` bigint(20) UNSIGNED NOT NULL,
  `total` decimal(10,2) NOT NULL,
  `estado` varchar(255) COLLATE utf8mb4_unicode_ci NOT NULL,
  `iva` varchar(255) COLLATE utf8mb4_unicode_ci DEFAULT NULL,
  `envio` varchar(255) COLLATE utf8mb4_unicode_ci DEFAULT NULL,
  `fecha_entrega` varchar(255) COLLATE utf8mb4_unicode_ci DEFAULT NULL,
  `created_at` timestamp NULL DEFAULT NULL,
  `updated_at` timestamp NULL DEFAULT NULL
) ENGINE=InnoDB DEFAULT CHARSET=utf8mb4 COLLATE=utf8mb4_unicode_ci;

--
-- Volcado de datos para la tabla `notas`
--

INSERT INTO `notas` (`id`, `idCliente`, `pares`, `total`, `estado`, `iva`, `envio`, `fecha_entrega`, `created_at`, `updated_at`) VALUES
(80, 14, 65, 30765.15, 'Pagada', 'True', '700', '2024-12-05 19:49:30', '2024-11-15 01:48:39', '2024-11-20 04:41:56'),
(81, 14, 65, 20351.50, 'Pagada', 'True', '400', '2024-11-14 23:25:12', '2024-11-15 05:24:36', '2024-11-20 04:42:08'),
(82, 14, 96, 25250.22, 'Pagada', 'True', 'Por cobrar', '2024-12-10 23:27:25', '2024-11-20 04:54:03', '2024-11-30 04:27:42'),
(83, 14, 175, 46902.35, 'Abierta', 'True', '3000', '2024-12-13 22:39:13', '2024-11-30 04:38:24', '2024-11-30 04:40:20'),
(84, 15, 12, 3369.96, 'Abierta', 'False', '0', '2024-12-16 17:29:18', '2024-12-02 23:29:18', '2024-12-02 23:30:36'),
(85, 14, 12, 3345.96, 'Abierta', 'False', '0', '2024-12-16 23:24:36', '2024-12-03 05:24:36', '2024-12-03 05:25:30'),
(86, 16, 356, 87216.44, 'Pagada', 'False', '0', '2025-02-10 17:31:54', '2025-01-20 23:31:54', '2025-02-20 03:12:50'),
(87, 17, 215, 54172.11, 'Pagada', 'False', '0', '2025-02-11 00:08:08', '2025-01-21 06:08:08', '2025-01-22 05:10:27'),
(88, 17, 135, 40501.35, 'Pagada', 'False', '0', '2025-02-11 23:06:43', '2025-01-22 05:04:56', '2025-01-22 05:13:32'),
(89, 17, 135, 40501.35, 'Pagada', 'False', '0', '2025-02-11 23:21:38', '2025-01-22 05:21:38', '2025-01-27 23:24:48'),
(90, 17, 135, 40501.35, 'Pagada', 'False', '0', '2025-02-11 23:32:01', '2025-01-22 05:32:01', '2025-01-27 23:24:53'),
(91, 16, 1440, 333302.40, 'Abierta', 'False', '0', '2025-02-26 15:49:10', '2025-01-27 21:49:10', '2025-01-27 21:52:27'),
(92, 17, 290, 82281.86, 'Abierta', 'False', '0', '2025-02-10 17:20:44', '2025-01-27 23:20:44', '2025-01-27 23:25:00'),
(93, 18, 24, 7349.28, 'Abierta', 'False', '0', '2025-02-17 18:31:49', '2025-01-28 00:31:49', '2025-01-28 00:50:15'),
(94, 19, 62, 17638.72, 'Abierta', 'False', '0', '2025-02-17 21:04:58', '2025-01-28 03:04:58', '2025-01-28 03:11:23'),
(95, 19, 24, 8343.60, 'Abierta', 'False', '0', '2025-02-17 22:28:06', '2025-01-28 04:28:06', '2025-01-28 04:30:06'),
(96, 15, 50, 14804.50, 'Pendiente', 'False', '0', '2025-02-18 01:39:01', '2025-01-28 07:39:01', '2025-01-28 07:39:23'),
(97, 19, 50, 17866.50, 'Abierta', 'False', '0', '2025-02-18 01:44:35', '2025-01-28 07:44:35', '2025-01-28 07:45:21'),
(98, 18, 48, 13468.16, 'Abierta', 'False', '0', '2025-02-13 16:58:42', '2025-01-30 22:58:42', '2025-01-30 23:01:36'),
(99, 19, 5, 1741.28, 'Abierta', 'False', '0', '2025-02-06 17:23:50', '2025-01-30 23:23:50', '2025-01-30 23:24:43'),
(100, 18, 24, 7559.04, 'Abierta', 'False', '0', '2025-02-24 22:15:38', '2025-02-04 04:15:38', '2025-02-04 04:21:19'),
(101, 17, 15, 5030.85, 'Abierta', 'False', '0', '2025-02-24 23:22:19', '2025-02-04 05:22:19', '2025-02-04 05:23:06'),
(102, 20, 36, 9246.36, 'Abierta', 'False', '0', '2025-03-03 16:00:48', '2025-02-10 22:00:48', '2025-02-10 22:02:42'),
(103, 19, 140, 36686.30, 'Abierta', 'False', '0', '2025-03-03 17:05:47', '2025-02-10 23:05:47', '2025-02-10 23:06:56'),
(104, 18, 50, 15989.89, 'Abierta', 'False', '0', '2025-03-05 20:38:57', '2025-02-13 02:38:57', '2025-02-13 02:41:42'),
(105, 21, 42, 12015.18, 'Abierta', 'False', '0', '2025-03-10 21:22:30', '2025-02-18 03:22:30', '2025-02-18 03:25:05'),
(106, 17, 567, 177753.69, 'Abierta', 'False', '0', '2025-03-11 23:13:08', '2025-02-19 05:13:08', '2025-02-19 06:14:19'),
(107, 16, 360, 77230.80, 'Abierta', 'False', '0', '2025-03-21 21:11:33', '2025-02-20 03:11:33', '2025-02-20 03:13:03'),
(108, 16, 70, 16590.70, 'Abierta', 'False', '0', '2025-03-05 22:04:13', '2025-02-20 04:04:13', '2025-02-20 04:05:51'),
(109, 17, 25, 7296.80, 'Abierta', 'False', '0', '2025-03-05 22:57:51', '2025-02-20 04:57:51', '2025-02-20 05:00:12'),
(110, 22, 64, 14674.14, 'Abierta', 'False', '0', '2025-03-13 16:30:07', '2025-02-20 22:30:07', '2025-02-20 22:53:05'),
(111, 22, 43, 9830.66, 'Pendiente', 'False', '0', '2025-03-06 17:06:51', '2025-02-20 22:58:10', '2025-02-20 23:07:13'),
(112, 22, 42, 9602.04, 'Pendiente', 'False', '0', '2025-03-06 17:09:32', '2025-02-20 23:09:32', '2025-02-20 23:09:50');

-- --------------------------------------------------------

--
-- Estructura de tabla para la tabla `nota_has_cotizaciones`
--

CREATE TABLE `nota_has_cotizaciones` (
  `id` bigint(20) UNSIGNED NOT NULL,
  `idNota` bigint(20) UNSIGNED NOT NULL,
  `idCotizacion` bigint(20) UNSIGNED NOT NULL,
  `totalPares` bigint(20) UNSIGNED NOT NULL,
  `monto` decimal(10,2) NOT NULL,
  `descuento` decimal(10,2) DEFAULT NULL,
  `created_at` timestamp NULL DEFAULT NULL,
  `updated_at` timestamp NULL DEFAULT NULL
) ENGINE=InnoDB DEFAULT CHARSET=utf8mb4 COLLATE=utf8mb4_unicode_ci;

--
-- Volcado de datos para la tabla `nota_has_cotizaciones`
--

INSERT INTO `nota_has_cotizaciones` (`id`, `idNota`, `idCotizacion`, `totalPares`, `monto`, `descuento`, `created_at`, `updated_at`) VALUES
(34, 80, 125, 65, 30765.15, 0.00, '2024-11-15 01:48:39', '2024-11-15 01:49:41'),
(35, 81, 127, 65, 20351.50, 2.00, '2024-11-15 05:24:37', '2024-11-15 05:25:18'),
(36, 82, 128, 30, 10012.80, 0.00, '2024-11-20 04:54:03', '2024-11-20 05:31:47'),
(37, 82, 129, 66, 15237.42, 0.00, '2024-11-20 05:25:36', '2024-11-20 05:31:47'),
(38, 83, 130, 110, 25316.50, 0.00, '2024-11-30 04:38:24', '2024-11-30 04:39:18'),
(39, 83, 131, 65, 21585.85, 0.00, '2024-11-30 04:38:24', '2024-11-30 04:39:18'),
(40, 84, 132, 12, 3369.96, 0.00, '2024-12-02 23:29:18', '2024-12-02 23:30:20'),
(41, 85, 133, 12, 3345.96, 0.00, '2024-12-03 05:24:36', '2024-12-03 05:25:10'),
(42, 86, 134, 356, 87216.44, 0.00, '2025-01-20 23:31:54', '2025-01-20 23:34:45'),
(43, 87, 135, 115, 28143.95, 0.00, '2025-01-21 06:08:08', '2025-01-21 06:11:22'),
(44, 87, 136, 20, 5280.80, 0.00, '2025-01-21 06:08:08', '2025-01-21 06:11:22'),
(45, 87, 137, 56, 15209.60, 0.00, '2025-01-21 06:08:08', '2025-01-21 06:11:22'),
(46, 87, 138, 24, 5537.76, 0.00, '2025-01-21 06:08:08', '2025-01-21 06:11:22'),
(47, 88, 139, 115, 34501.15, NULL, '2025-01-22 05:04:56', '2025-01-22 05:08:13'),
(48, 88, 140, 20, 6000.20, 0.00, '2025-01-22 05:04:56', '2025-01-22 05:08:13'),
(49, 89, 141, 115, 34501.15, 0.00, '2025-01-22 05:21:38', '2025-01-22 05:22:16'),
(50, 89, 142, 20, 6000.20, 0.00, '2025-01-22 05:21:38', '2025-01-22 05:22:16'),
(51, 90, 143, 115, 34501.15, 0.00, '2025-01-22 05:32:01', '2025-01-22 05:32:21'),
(52, 90, 144, 20, 6000.20, 0.00, '2025-01-22 05:32:01', '2025-01-22 05:32:21'),
(53, 91, 146, 360, 83394.00, 0.00, '2025-01-27 21:49:10', '2025-01-27 21:50:49'),
(54, 91, 147, 360, 83394.00, 0.00, '2025-01-27 21:49:10', '2025-01-27 21:50:49'),
(55, 91, 148, 360, 83120.40, 0.00, '2025-01-27 21:49:10', '2025-01-27 21:50:49'),
(56, 91, 149, 360, 83394.00, 0.00, '2025-01-27 21:49:10', '2025-01-27 21:50:49'),
(57, 92, 150, 115, 34501.15, 0.00, '2025-01-27 23:20:44', '2025-01-27 23:24:19'),
(58, 92, 151, 20, 6000.20, 0.00, '2025-01-27 23:20:44', '2025-01-27 23:24:19'),
(59, 92, 153, 56, 16353.68, 0.00, '2025-01-27 23:20:44', '2025-01-27 23:24:19'),
(60, 92, 154, 48, 12046.08, 0.00, '2025-01-27 23:20:44', '2025-01-27 23:24:19'),
(61, 92, 155, 24, 5423.04, 0.00, '2025-01-27 23:20:44', '2025-01-27 23:24:19'),
(62, 92, 156, 27, 7957.71, 0.00, '2025-01-27 23:20:44', '2025-01-27 23:24:19'),
(63, 93, 157, 24, 7349.28, 0.00, '2025-01-28 00:31:50', '2025-01-28 00:32:17'),
(64, 94, 158, 10, 2839.00, 0.00, '2025-01-28 03:04:59', '2025-01-28 03:08:43'),
(65, 94, 159, 52, 14799.72, 0.00, '2025-01-28 03:04:59', '2025-01-28 03:08:43'),
(66, 95, 160, 24, 8343.60, 0.00, '2025-01-28 04:28:06', '2025-01-28 04:28:40'),
(67, 96, 161, 50, 14804.50, 0.00, '2025-01-28 07:39:01', '2025-01-28 07:39:23'),
(68, 97, 162, 50, 17866.50, 0.00, '2025-01-28 07:44:35', '2025-01-28 07:44:52'),
(69, 98, 164, 32, 8946.88, 0.00, '2025-01-30 22:58:42', '2025-01-30 23:01:16'),
(70, 98, 165, 16, 4521.28, 0.00, '2025-01-30 22:58:42', '2025-01-30 23:01:16'),
(71, 99, 166, 4, 1479.72, 0.00, '2025-01-30 23:23:50', '2025-01-30 23:24:22'),
(72, 99, 167, 1, 261.56, 0.00, '2025-01-30 23:23:50', '2025-01-30 23:24:22'),
(73, 100, 170, 24, 7559.04, 0.00, '2025-02-04 04:15:38', '2025-02-04 04:16:26'),
(74, 101, 171, 15, 5030.85, 0.00, '2025-02-04 05:22:19', '2025-02-04 05:22:54'),
(75, 102, 172, 12, 2514.84, 0.00, '2025-02-10 22:00:48', '2025-02-10 22:02:26'),
(76, 102, 173, 12, 2570.64, 0.00, '2025-02-10 22:00:48', '2025-02-10 22:02:26'),
(77, 102, 174, 12, 4160.88, 0.00, '2025-02-10 22:00:48', '2025-02-10 22:02:26'),
(78, 103, 175, 70, 18312.00, 0.00, '2025-02-10 23:05:47', '2025-02-10 23:06:21'),
(79, 103, 176, 70, 18374.30, 0.00, '2025-02-10 23:05:47', '2025-02-10 23:06:21'),
(80, 104, 178, 16, 3928.96, 0.00, '2025-02-13 02:38:57', '2025-02-13 02:41:03'),
(81, 104, 179, 17, 6095.52, 0.00, '2025-02-13 02:38:57', '2025-02-13 02:41:03'),
(82, 104, 180, 14, 5019.84, 0.00, '2025-02-13 02:38:57', '2025-02-13 02:41:03'),
(83, 104, 181, 3, 945.57, 0.00, '2025-02-13 02:38:57', '2025-02-13 02:41:03'),
(84, 105, 182, 12, 4285.80, 0.00, '2025-02-18 03:22:30', '2025-02-18 03:24:51'),
(85, 105, 183, 12, 2557.44, 0.00, '2025-02-18 03:22:30', '2025-02-18 03:24:51'),
(86, 105, 184, 18, 5171.94, 0.00, '2025-02-18 03:22:30', '2025-02-18 03:24:51'),
(87, 106, 185, 160, 49046.40, 0.00, '2025-02-19 05:13:08', '2025-02-19 05:21:37'),
(88, 106, 186, 16, 4906.08, 0.00, '2025-02-19 05:13:08', '2025-02-19 05:21:37'),
(89, 106, 187, 12, 3679.56, 0.00, '2025-02-19 05:13:08', '2025-02-19 05:21:37'),
(90, 106, 188, 97, 35573.78, 0.00, '2025-02-19 05:13:08', '2025-02-19 05:21:37'),
(91, 106, 189, 97, 33560.06, 0.00, '2025-02-19 05:13:08', '2025-02-19 05:21:37'),
(92, 106, 190, 52, 15031.12, 0.00, '2025-02-19 05:13:08', '2025-02-19 05:21:37'),
(93, 106, 191, 52, 15093.52, 0.00, '2025-02-19 05:13:08', '2025-02-19 05:21:37'),
(94, 106, 192, 81, 20863.17, 0.00, '2025-02-19 05:13:08', '2025-02-19 05:21:37'),
(95, 107, 193, 360, 77230.80, 0.00, '2025-02-20 03:11:33', '2025-02-20 03:12:23'),
(96, 108, 194, 70, 16590.70, 0.00, '2025-02-20 04:04:13', '2025-02-20 04:05:42'),
(97, 109, 195, 13, 3064.88, 0.00, '2025-02-20 04:57:51', '2025-02-20 04:59:56'),
(98, 109, 196, 6, 2115.96, 0.00, '2025-02-20 04:57:51', '2025-02-20 04:59:56'),
(99, 109, 197, 6, 2115.96, 0.00, '2025-02-20 04:57:51', '2025-02-20 04:59:56'),
(100, 110, 198, 22, 5072.10, 0.00, '2025-02-20 22:30:07', '2025-02-20 22:39:10'),
(101, 110, 199, 42, 9602.04, 0.00, '2025-02-20 22:30:07', '2025-02-20 22:39:10'),
(102, 111, 200, 43, 9830.66, 0.00, '2025-02-20 22:58:10', '2025-02-20 23:07:13'),
(103, 112, 201, 42, 9602.04, 0.00, '2025-02-20 23:09:32', '2025-02-20 23:09:50');

-- --------------------------------------------------------

--
-- Estructura de tabla para la tabla `numeraciones`
--

CREATE TABLE `numeraciones` (
  `id` bigint(20) UNSIGNED NOT NULL,
  `numero` decimal(10,2) NOT NULL,
  `created_at` timestamp NULL DEFAULT NULL,
  `updated_at` timestamp NULL DEFAULT NULL
) ENGINE=InnoDB DEFAULT CHARSET=utf8mb4 COLLATE=utf8mb4_unicode_ci;

--
-- Volcado de datos para la tabla `numeraciones`
--

INSERT INTO `numeraciones` (`id`, `numero`, `created_at`, `updated_at`) VALUES
(13, 12.00, '2024-11-14 22:53:19', '2024-11-14 22:53:19'),
(14, 13.00, '2024-11-14 22:53:55', '2024-11-14 22:53:55'),
(15, 14.00, '2024-11-14 22:54:16', '2024-11-14 22:54:16'),
(16, 15.00, '2024-11-14 22:54:23', '2024-11-14 22:54:23'),
(17, 16.00, '2024-11-14 22:54:29', '2024-11-14 22:54:29'),
(18, 17.00, '2024-11-14 22:54:37', '2024-11-14 22:54:37'),
(19, 18.00, '2024-11-14 22:54:43', '2024-11-14 22:54:43'),
(20, 19.00, '2024-11-14 22:54:48', '2024-11-14 22:54:48'),
(21, 20.00, '2024-11-14 22:54:54', '2024-11-14 22:54:54'),
(22, 21.00, '2024-11-14 22:54:59', '2024-11-14 22:54:59'),
(23, 22.00, '2024-11-14 22:55:06', '2024-11-14 22:55:06'),
(24, 23.00, '2024-11-14 22:55:12', '2024-11-14 22:55:12'),
(25, 24.00, '2024-11-14 22:55:18', '2024-11-14 22:55:18'),
(26, 25.00, '2024-11-14 22:55:24', '2024-11-14 22:55:24'),
(27, 26.00, '2024-11-14 22:55:31', '2024-11-14 22:55:31'),
(28, 27.00, '2024-11-14 22:55:36', '2024-11-14 22:55:36'),
(29, 28.00, '2024-11-14 22:55:40', '2024-11-14 22:55:40'),
(30, 29.00, '2024-11-14 22:55:46', '2024-11-14 22:55:46'),
(31, 30.00, '2024-11-14 22:55:52', '2024-11-14 22:55:52'),
(32, 31.00, '2024-11-14 22:55:57', '2024-11-14 22:55:57'),
(33, 32.00, '2024-11-14 22:56:02', '2024-11-14 22:56:02'),
(34, 22.50, '2025-02-20 22:31:13', '2025-02-20 22:31:13'),
(35, 23.50, '2025-02-20 22:31:24', '2025-02-20 22:31:24'),
(36, 24.50, '2025-02-20 22:31:30', '2025-02-20 22:31:30'),
(37, 25.50, '2025-02-20 22:31:36', '2025-02-20 22:31:36'),
(38, 26.50, '2025-02-20 22:31:46', '2025-02-20 22:31:46'),
(39, 27.50, '2025-02-20 22:31:52', '2025-02-20 22:31:52'),
(40, 28.50, '2025-02-20 22:32:48', '2025-02-20 22:32:48');

-- --------------------------------------------------------

--
-- Estructura de tabla para la tabla `password_resets`
--

CREATE TABLE `password_resets` (
  `email` varchar(255) COLLATE utf8mb4_unicode_ci NOT NULL,
  `token` varchar(255) COLLATE utf8mb4_unicode_ci NOT NULL,
  `created_at` timestamp NULL DEFAULT NULL
) ENGINE=InnoDB DEFAULT CHARSET=utf8mb4 COLLATE=utf8mb4_unicode_ci;

-- --------------------------------------------------------

--
-- Estructura de tabla para la tabla `password_reset_tokens`
--

CREATE TABLE `password_reset_tokens` (
  `email` varchar(255) COLLATE utf8mb4_unicode_ci NOT NULL,
  `token` varchar(255) COLLATE utf8mb4_unicode_ci NOT NULL,
  `created_at` timestamp NULL DEFAULT NULL
) ENGINE=InnoDB DEFAULT CHARSET=utf8mb4 COLLATE=utf8mb4_unicode_ci;

-- --------------------------------------------------------

--
-- Estructura de tabla para la tabla `permissions`
--

CREATE TABLE `permissions` (
  `id` bigint(20) UNSIGNED NOT NULL,
  `name` varchar(255) COLLATE utf8mb4_unicode_ci NOT NULL,
  `guard_name` varchar(255) COLLATE utf8mb4_unicode_ci NOT NULL,
  `created_at` timestamp NULL DEFAULT NULL,
  `updated_at` timestamp NULL DEFAULT NULL
) ENGINE=InnoDB DEFAULT CHARSET=utf8mb4 COLLATE=utf8mb4_unicode_ci;

-- --------------------------------------------------------

--
-- Estructura de tabla para la tabla `personal_access_tokens`
--

CREATE TABLE `personal_access_tokens` (
  `id` bigint(20) UNSIGNED NOT NULL,
  `tokenable_type` varchar(255) COLLATE utf8mb4_unicode_ci NOT NULL,
  `tokenable_id` bigint(20) UNSIGNED NOT NULL,
  `name` varchar(255) COLLATE utf8mb4_unicode_ci NOT NULL,
  `token` varchar(64) COLLATE utf8mb4_unicode_ci NOT NULL,
  `abilities` text COLLATE utf8mb4_unicode_ci,
  `last_used_at` timestamp NULL DEFAULT NULL,
  `expires_at` timestamp NULL DEFAULT NULL,
  `created_at` timestamp NULL DEFAULT NULL,
  `updated_at` timestamp NULL DEFAULT NULL
) ENGINE=InnoDB DEFAULT CHARSET=utf8mb4 COLLATE=utf8mb4_unicode_ci;

-- --------------------------------------------------------

--
-- Estructura de tabla para la tabla `piezas`
--

CREATE TABLE `piezas` (
  `id` bigint(20) UNSIGNED NOT NULL,
  `nombre` varchar(255) COLLATE utf8mb4_unicode_ci NOT NULL,
  `alto` decimal(10,2) NOT NULL,
  `largo` decimal(10,2) NOT NULL,
  `descripcion` varchar(255) COLLATE utf8mb4_unicode_ci DEFAULT NULL,
  `idModelo` bigint(20) UNSIGNED DEFAULT NULL,
  `cantidad` bigint(20) UNSIGNED DEFAULT NULL,
  `suaje` varchar(255) COLLATE utf8mb4_unicode_ci DEFAULT NULL,
  `created_at` timestamp NULL DEFAULT NULL,
  `updated_at` timestamp NULL DEFAULT NULL
) ENGINE=InnoDB DEFAULT CHARSET=utf8mb4 COLLATE=utf8mb4_unicode_ci;

--
-- Volcado de datos para la tabla `piezas`
--

INSERT INTO `piezas` (`id`, `nombre`, `alto`, `largo`, `descripcion`, `idModelo`, `cantidad`, `suaje`, `created_at`, `updated_at`) VALUES
(106, 'Floreta', 10.00, 12.00, NULL, 86, 2, '51-A', '2024-11-15 00:47:20', '2024-11-15 00:47:20'),
(107, 'Lateral', 13.00, 8.00, NULL, 86, 4, '51-B', '2024-11-15 00:48:02', '2024-11-15 00:48:02'),
(108, 'Cuello', 6.00, 20.00, NULL, 86, 4, '51-C', '2024-11-15 00:48:54', '2024-11-15 00:48:54'),
(109, 'Lateral bajo', 5.00, 22.00, NULL, 86, 4, '51-D', '2024-11-15 00:55:48', '2024-11-15 00:55:48'),
(110, 'Lateral tracero', 4.00, 13.00, NULL, 86, 4, '51-E', '2024-11-15 00:56:26', '2024-11-15 00:56:26'),
(111, 'Paloma', 10.00, 19.00, NULL, 86, 2, '51-F', '2024-11-15 01:00:01', '2024-11-15 01:00:01'),
(112, 'Chinela', 18.00, 13.00, NULL, 86, 2, '51-G', '2024-11-15 01:01:01', '2024-11-15 01:01:01'),
(113, 'Talon', 8.00, 14.00, NULL, 86, 2, '51-H', '2024-11-15 01:01:49', '2024-11-15 01:01:49'),
(114, 'Medio circulo cuello', 3.00, 5.00, NULL, 86, 2, '51-I', '2024-11-15 01:02:31', '2024-11-15 01:02:31'),
(115, 'Vivo cuello bajo', 4.00, 9.00, NULL, 86, 2, '51-J', '2024-11-15 01:03:52', '2024-11-15 01:03:52'),
(116, 'Vivo cuello alto', 7.00, 4.00, NULL, 86, 4, '51-K', '2024-11-15 01:04:44', '2024-11-15 01:04:44'),
(117, 'Lengua', 14.00, 11.00, NULL, 86, 2, '51-L', '2024-11-15 01:05:33', '2024-11-15 01:05:33'),
(118, 'Forro lengua', 14.00, 11.00, NULL, 86, 2, '51-L', '2024-11-15 01:20:58', '2024-11-15 01:20:58'),
(119, 'Forro delantero', 26.00, 23.00, NULL, 86, 2, '51-M', '2024-11-15 01:21:40', '2024-11-15 01:21:40'),
(120, 'Forro talon', 13.00, 30.00, NULL, 86, 2, '51-N', '2024-11-15 01:22:54', '2024-11-15 01:22:54'),
(121, 'Esponja talon', 7.00, 26.00, NULL, 86, 2, '51-O', '2024-11-15 01:23:46', '2024-11-15 01:23:46'),
(122, 'Esponja lengua', 14.00, 11.00, NULL, 86, 2, '51-L', '2024-11-15 01:24:31', '2024-11-15 01:24:31'),
(123, 'Cintilla talon', 5.00, 1.00, NULL, 86, 2, 'X', '2024-11-15 01:25:13', '2024-11-15 01:25:13'),
(124, 'Planta', 27.00, 10.00, NULL, 86, 2, 'Planta', '2024-11-15 01:27:32', '2024-11-15 01:27:32'),
(125, 'Plantilla', 27.00, 11.00, NULL, 86, 2, 'Plantilla', '2024-11-15 01:27:53', '2024-11-15 01:27:53'),
(126, 'Floreta', 25.00, 30.00, NULL, 71, 2, '14-A', '2024-11-20 04:57:17', '2024-11-20 04:57:17'),
(127, 'Remate', 28.00, 14.00, NULL, 71, 2, '14-B', '2024-11-20 04:57:53', '2024-11-20 04:57:53'),
(128, 'Lengua', 10.00, 12.00, NULL, 71, 2, '14-C', '2024-11-20 04:58:38', '2024-11-20 04:58:38'),
(129, 'Forro floreta', 24.00, 18.00, NULL, 71, 2, '14-E', '2024-11-20 04:59:47', '2024-11-20 04:59:47'),
(130, 'Forro talon', 20.00, 37.00, NULL, 71, 2, '14-D', '2024-11-20 05:00:13', '2024-11-20 05:00:13'),
(133, 'Floreta Malla', 17.00, 18.00, NULL, 88, 2, '60-A', '2024-11-30 02:29:35', '2024-11-30 02:29:35'),
(134, 'Paloma malla', 13.00, 31.00, NULL, 88, 2, '60-B', '2024-12-02 22:48:43', '2024-12-02 22:48:43'),
(135, 'Lengua', 18.00, 11.00, NULL, 88, 2, '60-C', '2024-12-02 22:49:10', '2024-12-02 22:49:10'),
(136, 'Chinela', 22.00, 14.00, NULL, 88, 2, '60-D', '2024-12-02 23:15:24', '2024-12-02 23:15:24'),
(137, 'Cuello', 13.00, 5.00, NULL, 88, 2, '60-E', '2024-12-02 23:15:56', '2024-12-02 23:15:56'),
(138, 'Talon', 12.00, 10.00, NULL, 88, 2, '60-F', '2024-12-02 23:16:38', '2024-12-02 23:16:38'),
(139, 'Forro talon', 16.00, 26.00, NULL, 88, 2, '60-G', '2024-12-02 23:17:11', '2024-12-02 23:17:11'),
(140, 'Forro floreta', 16.00, 26.00, NULL, 88, 2, '60-H', '2024-12-02 23:17:34', '2024-12-02 23:17:34'),
(141, 'Forro lengua', 11.00, 18.00, NULL, 88, 2, '60-I', '2024-12-02 23:18:11', '2024-12-02 23:18:11'),
(142, 'Esponja talon', 7.00, 22.00, NULL, 88, 2, '60-J', '2024-12-02 23:18:42', '2024-12-02 23:18:42'),
(143, 'Esponja lengua', 16.00, 11.00, NULL, 88, 2, '60-K', '2024-12-02 23:19:15', '2024-12-02 23:19:15'),
(144, 'Cintilla', 1.00, 6.00, NULL, 88, 2, 'X', '2024-12-02 23:19:49', '2024-12-02 23:19:49'),
(145, 'Planta', 27.00, 10.00, NULL, 88, 2, 'Planta', '2024-12-02 23:20:09', '2024-12-02 23:20:09'),
(146, 'Plantilla', 27.00, 11.00, NULL, 88, 2, 'Plantilla', '2024-12-02 23:20:27', '2024-12-02 23:20:27'),
(147, 'Lateral', 10.50, 24.50, NULL, 69, 4, '08-B', '2025-01-20 22:16:46', '2025-01-20 22:16:46'),
(148, 'Lengua', 12.00, 10.50, NULL, 69, 2, '08-D', '2025-01-20 22:17:43', '2025-01-20 22:17:43'),
(149, 'Forro lengua', 12.00, 10.50, NULL, 69, 2, '08-D', '2025-01-20 22:18:15', '2025-01-20 22:18:15'),
(150, 'Floreta', 15.50, 10.50, NULL, 69, 2, '08-A', '2025-01-20 22:23:24', '2025-01-20 22:23:24'),
(151, 'Paloma', 5.50, 14.00, NULL, 69, 2, '08-C', '2025-01-20 22:25:46', '2025-01-20 22:25:46'),
(152, 'Oropal Lateral', 25.00, 10.00, NULL, 69, 4, '08-E', '2025-01-20 22:34:11', '2025-01-20 22:34:11'),
(153, 'Oropal Floreta', 10.50, 15.50, NULL, 69, 2, '08-A', '2025-01-20 22:35:54', '2025-01-20 22:35:54'),
(154, 'Forro Talon', 10.00, 26.50, NULL, 69, 2, '08-F', '2025-01-20 22:38:20', '2025-01-20 22:38:20'),
(155, 'Esponja', 19.00, 4.00, NULL, 69, 2, 'Y1', '2025-01-20 22:39:03', '2025-01-20 22:39:03'),
(156, 'Poliflex', 8.00, 5.00, NULL, 69, 2, 'W2', '2025-01-20 22:39:46', '2025-01-20 22:39:46'),
(157, 'Remate', 6.00, 1.50, NULL, 69, 2, 'V1', '2025-01-20 22:40:21', '2025-01-20 22:40:46'),
(158, 'Cuello Corto', 13.00, 2.50, NULL, 69, 4, '08-G', '2025-01-20 22:41:30', '2025-01-20 22:41:30'),
(159, 'Planta', 27.00, 10.00, NULL, 69, 2, 'Planta', '2025-01-20 22:42:40', '2025-01-20 22:42:40'),
(160, 'Plantilla', 27.00, 11.00, NULL, 69, 2, 'Plantilla', '2025-01-20 22:42:59', '2025-01-20 22:42:59'),
(161, 'Floreta', 15.50, 10.50, NULL, 89, 2, '08-A', '2025-01-20 22:46:03', '2025-01-20 22:46:03'),
(162, 'Lateral', 10.50, 24.50, NULL, 89, 4, '08-B', '2025-01-20 22:48:23', '2025-01-20 22:48:23'),
(163, 'Paloma Aurora', 5.50, 24.50, NULL, 89, 2, '08-C.1', '2025-01-20 22:49:38', '2025-01-20 22:49:38'),
(164, 'Lengua', 12.00, 10.50, NULL, 89, 2, '08-D', '2025-01-20 22:50:26', '2025-01-20 22:50:26'),
(165, 'Oropal Lateral', 10.00, 25.00, NULL, 89, 4, '08-E', '2025-01-20 22:51:31', '2025-01-20 22:51:31'),
(166, 'Forro Talon', 26.50, 10.00, NULL, 89, 2, '08-F', '2025-01-20 22:52:31', '2025-01-20 22:55:17'),
(167, 'Poliflex', 5.00, 8.00, NULL, 89, 2, 'W2', '2025-01-20 22:54:58', '2025-01-20 22:54:58'),
(168, 'Forro Lengua', 12.00, 10.50, NULL, 89, 2, '08-D', '2025-01-20 22:55:42', '2025-01-20 22:55:42'),
(169, 'Remate', 1.50, 6.00, NULL, 89, 2, 'V1', '2025-01-20 22:56:19', '2025-01-20 22:56:19'),
(170, 'Esponja', 19.00, 6.00, NULL, 89, 2, 'Y1', '2025-01-20 22:56:56', '2025-01-20 22:56:56'),
(171, 'Planta', 27.00, 10.00, NULL, 89, 2, 'Planta', '2025-01-20 22:57:16', '2025-01-20 22:57:16'),
(172, 'Plantilla', 29.50, 10.00, NULL, 89, 2, 'Plantilla', '2025-01-20 22:57:41', '2025-01-20 22:57:41'),
(173, 'Floreta', 14.50, 9.00, NULL, 70, 2, '08-A', '2025-01-20 23:02:39', '2025-01-20 23:02:39'),
(174, 'Lateral', 10.00, 24.00, NULL, 70, 4, '08-B', '2025-01-20 23:03:55', '2025-01-21 01:17:03'),
(176, 'Lengua', 14.00, 12.00, NULL, 75, 2, '22-B', '2025-01-20 23:46:43', '2025-01-20 23:46:43'),
(177, 'Chinela', 7.50, 25.00, NULL, 75, 2, '22-C', '2025-01-20 23:47:22', '2025-01-20 23:47:22'),
(178, 'Forro Trasero', 12.00, 30.00, NULL, 75, 2, '22-D', '2025-01-20 23:47:55', '2025-01-20 23:47:55'),
(179, 'Forro Delantero', 27.00, 24.50, NULL, 75, 2, '22-E', '2025-01-20 23:49:11', '2025-01-20 23:49:11'),
(180, 'Forro Lengua', 13.00, 10.00, NULL, 75, 2, '22-B', '2025-01-20 23:49:38', '2025-01-20 23:49:38'),
(181, 'Esponja', 9.00, 23.00, NULL, 75, 2, 'Y2', '2025-01-20 23:50:20', '2025-01-20 23:50:20'),
(182, 'Plantilla', 29.50, 10.00, NULL, 75, 2, 'Plantilla', '2025-01-20 23:51:39', '2025-01-20 23:51:39'),
(184, 'Chinela', 22.00, 15.00, NULL, 90, 2, '56-B', '2025-01-20 23:56:01', '2025-01-20 23:56:01'),
(185, 'Lateral Superior', 11.00, 10.00, NULL, 90, 4, '56-C', '2025-01-20 23:56:22', '2025-01-20 23:56:22'),
(186, 'Lateral Inferior', 9.00, 10.00, NULL, 90, 4, '56-D', '2025-01-20 23:57:10', '2025-01-20 23:57:10'),
(187, 'Talon', 16.00, 8.00, NULL, 90, 2, '56-E', '2025-01-20 23:57:39', '2025-01-20 23:57:39'),
(188, 'Lengua', 17.00, 13.00, NULL, 90, 2, '56-F', '2025-01-20 23:57:57', '2025-01-20 23:57:57'),
(189, 'Tobillera (brasitos)', 12.00, 6.00, NULL, 90, 4, '56-G', '2025-01-20 23:58:48', '2025-01-20 23:58:48'),
(190, 'Forro Talon', 12.00, 29.00, NULL, 90, 2, '56-H', '2025-01-20 23:59:18', '2025-01-20 23:59:18'),
(191, 'Forro Lengua', 13.00, 17.00, NULL, 90, 2, '56-I', '2025-01-20 23:59:56', '2025-01-20 23:59:56'),
(192, 'Forro Floreta', 31.00, 23.00, NULL, 90, 2, '56-J', '2025-01-21 00:00:37', '2025-01-24 04:04:19'),
(193, 'Esponja talon', 8.00, 25.00, NULL, 90, 2, '56-L', '2025-01-21 00:01:12', '2025-01-27 23:20:23'),
(196, 'Planta', 27.00, 10.00, NULL, 90, 2, 'Planta', '2025-01-21 00:05:04', '2025-01-21 00:05:04'),
(197, 'Plantilla', 29.50, 10.00, NULL, 90, 2, 'Plantilla', '2025-01-21 00:05:32', '2025-01-21 00:05:32'),
(198, 'Refuerzo Pala', 26.00, 28.00, NULL, 78, 2, '22-A', '2025-01-21 00:11:35', '2025-01-21 00:11:35'),
(199, 'Pala', 33.00, 33.00, NULL, 78, 2, 'Cuadrado', '2025-01-21 00:11:54', '2025-01-21 00:11:54'),
(200, 'Lengua', 14.00, 12.00, NULL, 78, 2, '22-B', '2025-01-21 00:12:39', '2025-01-21 00:12:39'),
(201, 'Chilena', 7.50, 25.00, NULL, 78, 2, '22-C', '2025-01-21 00:13:22', '2025-01-21 00:13:22'),
(202, 'Forro Trasero', 12.00, 30.00, NULL, 78, 2, '22-D', '2025-01-21 00:13:58', '2025-01-21 00:13:58'),
(203, 'Forro Delantero', 27.00, 24.50, NULL, 78, 2, '22-E', '2025-01-21 00:14:28', '2025-01-21 00:14:28'),
(204, 'Forro Lengua', 13.00, 10.00, NULL, 78, 2, '22-B', '2025-01-21 00:15:08', '2025-01-21 00:15:08'),
(205, 'Esponja', 9.00, 23.00, NULL, 78, 2, 'Y2', '2025-01-21 00:16:23', '2025-01-21 00:16:23'),
(206, 'Planta', 27.00, 10.00, NULL, 78, 2, 'Planta', '2025-01-21 00:16:53', '2025-01-21 00:16:53'),
(207, 'Plantilla', 29.50, 10.00, NULL, 78, 2, 'Plantilla', '2025-01-21 00:17:16', '2025-01-21 00:17:16'),
(208, 'Floreta', 14.00, 10.00, NULL, 72, 2, '18-A', '2025-01-21 00:24:36', '2025-01-21 00:24:36'),
(209, 'Floreta Refuerzo', 14.00, 10.00, NULL, 72, 2, '18-A', '2025-01-21 00:25:46', '2025-01-21 00:25:46'),
(210, 'Lateral', 12.50, 10.50, NULL, 72, 4, '18-B', '2025-01-21 00:26:17', '2025-01-21 00:26:17'),
(211, 'Lateral Refuerzo', 12.50, 10.50, NULL, 72, 4, '18-B', '2025-01-21 00:27:05', '2025-01-21 00:27:05'),
(212, 'Chinela', 12.00, 29.00, NULL, 72, 2, '18-C', '2025-01-21 00:27:33', '2025-01-21 00:27:33'),
(213, 'Paloma', 5.50, 11.00, NULL, 72, 2, '18-D', '2025-01-21 00:28:22', '2025-01-21 00:28:22'),
(214, 'Remate', 2.00, 7.00, NULL, 72, 2, 'V1', '2025-01-21 00:28:52', '2025-01-21 00:28:52'),
(215, 'Lateral Atras', 12.00, 14.50, NULL, 72, 4, '18-E', '2025-01-21 00:29:47', '2025-01-21 00:29:47'),
(216, 'Lateral Atras Refuerzo', 12.00, 14.50, NULL, 72, 4, '18-E', '2025-01-21 00:30:21', '2025-01-21 00:31:42'),
(217, 'Lengua', 10.50, 14.00, NULL, 72, 2, '18-F', '2025-01-21 00:33:09', '2025-01-21 00:33:09'),
(218, 'Pipa', 5.50, 16.00, NULL, 72, 3, '18-H', '2025-01-21 00:34:32', '2025-01-21 00:34:32'),
(220, 'Forro Delantero Refuerzo', 27.00, 24.50, NULL, 72, 4, '22-E', '2025-01-21 00:36:32', '2025-01-21 00:36:32'),
(221, 'Forro Lengua', 10.50, 14.00, NULL, 72, 2, '18-F', '2025-01-21 00:38:29', '2025-01-21 00:38:29'),
(222, 'Cuello', 7.50, 13.50, NULL, 72, 2, '18-G', '2025-01-21 00:39:42', '2025-01-21 00:39:42'),
(223, 'Forro Trasero', 9.50, 28.00, NULL, 72, 2, '18-I', '2025-01-21 00:41:27', '2025-01-21 00:41:27'),
(224, 'Esponja', 5.00, 22.50, NULL, 72, 2, 'Y1', '2025-01-21 00:43:04', '2025-01-21 00:43:04'),
(225, 'Planta', 27.00, 10.00, NULL, 72, 2, 'Planta', '2025-01-21 00:43:25', '2025-01-21 00:43:25'),
(226, 'Plantilla', 29.50, 10.00, NULL, 72, 2, 'Plantilla', '2025-01-21 00:43:47', '2025-01-21 00:43:47'),
(227, 'Pala', 28.00, 30.00, NULL, 79, 2, '22-A', '2025-01-21 00:52:15', '2025-01-21 00:52:15'),
(228, 'Lengua', 14.00, 12.00, NULL, 79, 2, '22-B', '2025-01-21 00:52:57', '2025-01-21 00:52:57'),
(229, 'Chinela', 7.50, 25.00, NULL, 79, 2, '22-C', '2025-01-21 00:53:25', '2025-01-21 00:53:25'),
(230, 'Forro Trasero', 12.00, 30.00, NULL, 79, 2, '22-D', '2025-01-21 00:54:07', '2025-01-21 00:54:07'),
(231, 'Forro Delantero', 27.00, 24.50, NULL, 79, 2, '22-E', '2025-01-21 00:54:57', '2025-01-21 00:54:57'),
(232, 'Forro Lengua', 13.00, 10.00, NULL, 79, 2, '22-B', '2025-01-21 00:55:47', '2025-01-21 00:55:47'),
(233, 'Esponja', 9.00, 23.00, NULL, 79, 2, 'Y2', '2025-01-21 00:56:17', '2025-01-21 00:56:17'),
(234, 'Planta', 27.00, 10.00, NULL, 79, 2, 'Planta', '2025-01-21 00:57:46', '2025-01-21 00:57:46'),
(235, 'Plantilla', 29.50, 10.00, NULL, 79, 2, 'Plantilla', '2025-01-21 00:58:05', '2025-01-21 00:58:05'),
(236, 'Paloma', 4.50, 11.50, NULL, 70, 2, '08-C', '2025-01-21 01:09:23', '2025-01-21 01:09:23'),
(237, 'Lengua', 9.50, 11.50, NULL, 70, 2, '08-D', '2025-01-21 01:10:22', '2025-01-21 01:10:22'),
(238, 'Oropal Lateral', 24.00, 10.00, NULL, 70, 4, '08-E', '2025-01-21 01:15:23', '2025-01-21 01:31:29'),
(239, 'Forro Atras', 10.50, 24.50, NULL, 70, 2, '08-F', '2025-01-21 01:16:04', '2025-01-21 01:16:04'),
(240, 'Forro Lengua', 9.50, 11.50, NULL, 70, 2, '08-D', '2025-01-21 01:17:58', '2025-01-21 01:17:58'),
(241, 'Remate', 2.00, 6.50, NULL, 70, 2, 'V1', '2025-01-21 01:18:39', '2025-01-21 01:18:39'),
(242, 'Planta', 8.00, 5.00, NULL, 70, 2, 'Planta', '2025-01-21 01:21:10', '2025-01-21 01:21:10'),
(243, 'Plantilla', 23.00, 10.00, NULL, 70, 2, 'Plantilla', '2025-01-21 01:21:40', '2025-01-21 01:21:40'),
(244, 'Poliflex', 5.00, 8.00, NULL, 70, 2, 'W2', '2025-01-21 01:27:52', '2025-01-21 01:27:52'),
(245, 'Esponja', 4.00, 19.00, NULL, 70, 2, 'Y1', '2025-01-21 01:34:04', '2025-01-21 01:34:04'),
(246, 'Floreta', 30.00, 25.00, NULL, 73, 2, '14-A', '2025-01-21 01:54:29', '2025-01-21 01:54:29'),
(247, 'Remate', 14.00, 28.00, NULL, 73, 2, '14-B', '2025-01-21 01:56:02', '2025-01-21 01:56:02'),
(248, 'Lengua', 12.00, 10.00, NULL, 73, 2, '14-C', '2025-01-21 01:57:00', '2025-01-21 01:57:00'),
(249, 'Poliflex', 15.00, 8.00, NULL, 73, 2, 'W3', '2025-01-21 01:58:04', '2025-01-21 01:58:04'),
(250, 'Forro Delantero', 18.00, 24.00, NULL, 73, 2, '14-E', '2025-01-21 01:58:55', '2025-01-21 01:58:55'),
(251, 'Forro Trasero', 20.00, 37.00, NULL, 73, 2, '14-D', '2025-01-21 02:01:08', '2025-01-21 02:01:08'),
(252, 'Floreta', 10.50, 13.50, NULL, 91, 2, '13-A', '2025-01-21 02:12:17', '2025-01-21 02:12:17'),
(253, 'Chinela', 13.50, 29.50, NULL, 91, 2, '13-B', '2025-01-21 02:13:06', '2025-01-21 02:13:06'),
(254, 'Lateral', 10.50, 14.50, NULL, 91, 4, '13-C', '2025-01-21 02:15:10', '2025-01-21 02:15:10'),
(255, 'Cuello', 7.00, 12.50, NULL, 91, 2, '13-D', '2025-01-21 02:15:55', '2025-01-21 02:15:55'),
(256, 'Lengua', 12.50, 10.50, NULL, 91, 2, '13-E', '2025-01-21 02:16:56', '2025-01-21 02:16:56'),
(257, 'Forro Lengua', 12.50, 10.50, NULL, 91, 2, '13-E', '2025-01-21 02:18:47', '2025-01-21 02:18:47'),
(258, 'Esponja', 6.00, 22.50, NULL, 91, 2, 'Y1', '2025-01-21 02:19:17', '2025-01-21 02:19:17'),
(259, 'Poliflex', 7.50, 22.00, NULL, 91, 2, 'W1', '2025-01-21 02:20:56', '2025-01-21 02:20:56'),
(260, 'Forro', 28.50, 12.30, NULL, 91, 2, '13-G', '2025-01-21 02:24:44', '2025-01-21 02:24:44'),
(261, 'Paloma (brasitos)', 13.00, 7.00, NULL, 91, 4, '13-I', '2025-01-21 02:25:36', '2025-01-21 02:25:36'),
(262, 'Talon', 18.00, 7.00, NULL, 91, 2, '13-J', '2025-01-21 02:27:24', '2025-01-21 02:27:24'),
(263, 'Oropal', 22.00, 21.00, NULL, 91, 2, 'Z1', '2025-01-21 02:28:06', '2025-01-21 02:28:06'),
(264, 'Planta', 27.00, 10.00, NULL, 91, 2, 'Planta', '2025-01-21 02:28:58', '2025-01-21 02:28:58'),
(265, 'Plantilla', 29.50, 10.00, NULL, 91, 2, 'Plantilla', '2025-01-21 02:30:41', '2025-01-21 02:30:41'),
(266, 'Pala', 27.00, 27.00, NULL, 93, 2, '19-A', '2025-01-21 02:42:25', '2025-01-21 02:42:25'),
(267, 'Chinela', 7.00, 13.00, NULL, 93, 2, '19-B', '2025-01-21 02:42:50', '2025-01-21 02:42:50'),
(268, 'Lateral', 11.00, 5.00, NULL, 93, 4, '19-C', '2025-01-21 02:45:32', '2025-01-21 02:45:32'),
(269, 'Lateral Brazitos', 10.00, 12.00, NULL, 93, 4, '19-D', '2025-01-21 02:46:32', '2025-01-21 02:46:32'),
(270, 'Cuello', 7.50, 13.50, NULL, 93, 2, '19-E', '2025-01-21 02:47:10', '2025-01-21 02:47:10'),
(271, 'Paloma', 5.00, 7.00, NULL, 93, 2, '19-G', '2025-01-21 02:51:15', '2025-01-21 02:51:15'),
(272, 'Forro Delantero', 22.00, 23.00, NULL, 93, 2, '19-H', '2025-01-21 02:52:57', '2025-01-21 02:52:57'),
(273, 'Forro Trasero', 11.50, 26.50, NULL, 93, 2, '19-I', '2025-01-21 02:54:37', '2025-01-21 02:54:37'),
(274, 'Esponja', 4.00, 19.00, NULL, 93, 2, 'Y1', '2025-01-21 02:56:42', '2025-01-21 02:56:42'),
(275, 'Poliflex', 5.00, 8.00, NULL, 93, 2, 'W2', '2025-01-21 02:57:13', '2025-01-21 02:57:13'),
(276, 'Lengua', 14.00, 10.00, NULL, 93, 2, '19-J', '2025-01-21 02:57:45', '2025-01-21 02:59:01'),
(277, 'Forro Lengua', 14.00, 10.00, NULL, 93, 2, '19-J', '2025-01-21 02:58:42', '2025-01-21 02:58:42'),
(278, 'Pala', 20.00, 24.00, NULL, 85, 2, '49-A', '2025-01-21 03:01:50', '2025-01-21 03:01:50'),
(279, 'Lateral', 17.00, 10.00, NULL, 85, 4, '49-B', '2025-01-21 03:02:30', '2025-01-21 03:02:30'),
(280, 'Vista Lateral (Sin marca)', 9.00, 5.00, NULL, 85, 4, '49-C', '2025-01-21 03:03:18', '2025-01-28 00:06:43'),
(281, 'Talon', 20.00, 11.00, NULL, 85, 2, '49-D', '2025-01-21 03:05:23', '2025-01-21 03:05:23'),
(282, 'Lengua Sup', 12.00, 12.00, NULL, 85, 2, '49-E', '2025-01-21 03:05:56', '2025-01-21 03:05:56'),
(283, 'Paloma (Talon Sup)', 25.00, 7.00, NULL, 85, 2, '49-F', '2025-01-21 03:06:40', '2025-01-21 03:06:40'),
(284, 'Chinela', 10.50, 27.00, NULL, 85, 2, '49-G', '2025-01-21 03:07:14', '2025-01-21 03:07:14'),
(285, 'Lengua Baja', 8.00, 10.00, NULL, 85, 2, '49-H', '2025-01-21 03:08:03', '2025-01-21 03:08:03'),
(286, 'Esponja Paloma', 20.00, 6.00, NULL, 85, 2, '49-I', '2025-01-21 03:47:16', '2025-01-21 03:47:16'),
(287, 'Esponja Lengua', 18.00, 12.00, NULL, 85, 2, '49-J', '2025-01-21 03:47:52', '2025-01-21 03:47:52'),
(288, 'Forro Lengua', 18.00, 12.00, NULL, 85, 2, '49-J', '2025-01-21 03:48:23', '2025-01-24 01:14:07'),
(289, 'Forro Floreta', 17.00, 22.00, NULL, 85, 2, '22-A', '2025-01-21 03:48:50', '2025-01-24 00:31:47'),
(290, 'Forro Talon', 19.00, 37.00, NULL, 85, 2, '49-M', '2025-01-21 03:49:34', '2025-01-21 03:49:34'),
(291, 'Planta', 29.50, 10.00, NULL, 85, 2, 'Planta', '2025-01-21 03:50:19', '2025-01-21 03:50:19'),
(292, 'Plantilla', 29.50, 10.00, NULL, 85, 2, 'Plantilla', '2025-01-21 03:50:44', '2025-01-21 03:50:44'),
(293, 'Refuerzo Lateral', 9.00, 16.00, NULL, 85, 4, '49-N', '2025-01-21 03:53:47', '2025-01-21 03:53:47'),
(294, 'Refuerzo Pala', 20.00, 22.00, NULL, 85, 2, '49-A', '2025-01-21 03:54:32', '2025-01-21 03:54:32'),
(295, 'Refuerzo Talon', 19.00, 10.00, NULL, 85, 2, '49-O', '2025-01-21 03:54:58', '2025-01-21 03:54:58'),
(296, 'Refuerzo Vista Lateral', 9.00, 5.00, NULL, 85, 4, '49-C', '2025-01-21 04:04:11', '2025-01-28 00:08:06'),
(297, 'Pala', 20.00, 23.00, NULL, 94, 2, '20-A', '2025-01-21 04:13:33', '2025-01-21 04:13:33'),
(298, 'Chinela', 14.00, 31.00, NULL, 94, 2, '20-B', '2025-01-21 04:15:07', '2025-01-21 04:15:07'),
(299, 'Cuello Alto', 3.00, 5.00, NULL, 94, 4, '20-C', '2025-01-21 04:15:39', '2025-01-21 04:15:39'),
(300, 'Lateral Trasero (Brasito)', 10.00, 10.00, NULL, 94, 4, '20-E', '2025-01-21 04:16:56', '2025-01-21 04:16:56'),
(301, 'Cuello Bajo', 6.00, 7.00, NULL, 94, 2, '20-D', '2025-01-21 04:20:40', '2025-01-21 04:20:40'),
(302, 'Cuello', 13.00, 8.00, NULL, 94, 2, '20-F', '2025-01-21 04:21:38', '2025-01-21 04:21:38'),
(303, 'Paloma', 9.00, 12.00, NULL, 94, 2, '20-G', '2025-01-21 04:23:24', '2025-01-21 04:23:24'),
(304, 'Remate (talon)', 7.50, 10.50, NULL, 94, 2, '20-H', '2025-01-21 04:25:32', '2025-01-21 04:25:32'),
(305, 'Forro Delantero (Suaje Up)', 21.00, 18.50, NULL, 94, 2, '22-E', '2025-01-21 04:26:43', '2025-01-21 04:26:43'),
(306, 'Lengua', 11.00, 13.50, NULL, 94, 2, '20-I', '2025-01-21 04:33:02', '2025-01-21 04:33:02'),
(307, 'Vista Remate', 6.00, 7.00, NULL, 94, 4, '20-J', '2025-01-21 04:34:39', '2025-01-21 04:34:39'),
(308, 'Vista Chinela', 5.00, 10.00, NULL, 94, 2, '20-K', '2025-01-21 04:37:05', '2025-01-21 04:37:05'),
(309, 'Forro Trasero', 11.50, 28.00, NULL, 94, 2, '20-L', '2025-01-21 04:39:18', '2025-01-21 04:39:18'),
(310, 'Poliflex', 6.00, 24.00, NULL, 94, 2, 'W1', '2025-01-21 04:44:19', '2025-01-21 04:44:19'),
(311, 'Esponja', 7.50, 21.00, NULL, 94, 2, 'Y2', '2025-01-21 04:45:09', '2025-01-21 04:45:09'),
(312, 'Planta', 27.00, 10.00, NULL, 94, 2, 'Planta', '2025-01-21 04:45:47', '2025-01-21 04:45:47'),
(313, 'Plantilla', 29.50, 10.00, NULL, 94, 2, 'Plantilla', '2025-01-21 04:46:34', '2025-01-21 04:46:34'),
(314, 'Pala', 20.00, 23.00, NULL, 95, 2, '20-A', '2025-01-21 04:49:43', '2025-01-21 04:49:43'),
(315, 'Chinela', 16.00, 31.00, NULL, 95, 2, '20-B.1', '2025-01-21 04:51:14', '2025-01-21 04:51:14'),
(316, 'Cuello Alto', 3.00, 5.00, NULL, 95, 4, '20-C', '2025-01-21 04:52:05', '2025-01-21 04:52:05'),
(317, 'Cuello Bajo', 6.00, 7.00, NULL, 95, 2, '20-D', '2025-01-21 04:52:50', '2025-01-21 04:52:50'),
(318, 'Lateral Trasero (Brasito)', 10.00, 10.00, NULL, 95, 4, '20-E', '2025-01-21 04:53:28', '2025-01-21 04:53:28'),
(319, 'Cuello', 13.00, 8.00, NULL, 95, 2, '20-F', '2025-01-21 04:54:03', '2025-01-21 04:54:03'),
(320, 'Paloma', 9.00, 12.00, NULL, 95, 2, '20-G', '2025-01-21 04:54:32', '2025-01-21 04:54:32'),
(321, 'Remate (Talon)', 7.50, 10.50, NULL, 95, 2, '20-H', '2025-01-21 04:55:19', '2025-01-21 04:55:19'),
(322, 'Forro Delantero (Suaje Up)', 21.00, 18.50, NULL, 95, 4, '22-E', '2025-01-21 04:56:14', '2025-01-21 05:00:56'),
(323, 'Lengua', 11.00, 13.50, NULL, 95, 2, '20-I', '2025-01-21 04:56:51', '2025-01-21 04:56:51'),
(324, 'Vista Remate', 6.00, 7.00, NULL, 95, 4, '20-J', '2025-01-21 04:58:05', '2025-01-21 04:58:05'),
(325, 'Vista Chinela', 5.00, 10.00, NULL, 95, 2, '20-K', '2025-01-21 04:59:01', '2025-01-21 04:59:01'),
(326, 'Forro trasero', 11.50, 28.00, NULL, 95, 2, '20-L', '2025-01-21 05:04:05', '2025-01-21 05:04:05'),
(327, 'Planta', 27.00, 10.00, NULL, 75, 2, 'Planta', '2025-01-21 20:14:15', '2025-01-21 20:14:15'),
(328, 'Pala', 30.00, 28.00, NULL, 75, 2, '22-A', '2025-01-22 04:40:48', '2025-01-22 04:47:40'),
(329, 'Pala', 31.00, 23.00, NULL, 90, 2, '56-A', '2025-01-24 02:04:32', '2025-01-24 02:04:32'),
(330, 'Refuerzo Pala', 22.00, 23.00, NULL, 90, 2, '56-A', '2025-01-24 02:19:43', '2025-01-24 04:04:40'),
(331, 'Floreta', 22.00, 13.00, NULL, 96, 2, '57-A', '2025-01-24 05:05:55', '2025-01-24 05:05:55'),
(332, 'Lengua', 18.00, 12.00, NULL, 96, 2, '57-B', '2025-01-24 05:06:21', '2025-01-24 05:06:21'),
(333, 'Lateral', 14.00, 19.00, NULL, 96, 4, '57-C', '2025-01-24 05:08:09', '2025-01-24 05:08:09'),
(334, 'Chinela', 24.00, 11.00, NULL, 96, 2, '57-D', '2025-01-24 05:08:33', '2025-01-24 05:08:33'),
(335, 'Lateral Superior', 13.00, 12.00, NULL, 96, 4, '57-E', '2025-01-24 05:10:19', '2025-01-24 05:10:19'),
(336, 'Cuello', 6.00, 5.00, NULL, 96, 4, '57-F', '2025-01-24 05:11:18', '2025-01-24 05:11:18'),
(337, 'Talon', 18.00, 7.00, NULL, 96, 2, '57-G', '2025-01-24 05:11:50', '2025-01-24 05:11:50'),
(338, 'Paloma', 14.00, 5.00, NULL, 96, 4, '57-H', '2025-01-24 05:12:34', '2025-01-24 05:12:34'),
(339, 'Cuello Bajo', 9.00, 4.00, NULL, 96, 2, '57-I', '2025-01-24 05:13:53', '2025-01-24 05:13:53'),
(340, 'Forro Talon', 15.00, 35.00, NULL, 96, 2, '57-J', '2025-01-24 05:14:36', '2025-01-24 05:14:36'),
(341, 'Forro Floreta', 21.00, 17.00, NULL, 96, 2, '57-K', '2025-01-24 05:15:21', '2025-01-24 05:15:21'),
(342, 'Forro Lengua', 18.00, 12.00, NULL, 96, 2, '57-L', '2025-01-24 05:16:29', '2025-01-24 05:16:29'),
(343, 'Refuerzo Floreta', 22.00, 13.00, NULL, 96, 2, '57-M', '2025-01-24 05:17:03', '2025-01-24 05:17:03'),
(344, 'Refuerzo Lateral', 14.00, 19.00, NULL, 96, 4, '57-N', '2025-01-24 05:17:35', '2025-01-24 05:17:44'),
(345, 'Esponja', 25.00, 7.00, NULL, 96, 2, 'Y2', '2025-01-24 05:18:20', '2025-01-24 05:18:20'),
(346, 'Planta', 27.50, 10.00, NULL, 96, 2, 'Planta', '2025-01-24 05:18:45', '2025-01-24 05:18:45'),
(347, 'Plantilla', 29.50, 10.00, NULL, 96, 2, 'Plantilla', '2025-01-24 05:19:07', '2025-01-24 05:19:07'),
(348, 'Vista lateral (Con marca)', 9.00, 5.00, NULL, 85, 2, '49-C', '2025-01-28 00:07:46', '2025-01-28 00:07:46'),
(349, 'Pala', 30.00, 28.00, NULL, 83, 2, '40-A', '2025-01-28 06:05:28', '2025-01-28 06:10:44'),
(350, 'Lengua', 12.00, 14.00, NULL, 83, 2, '22-B', '2025-01-28 06:07:41', '2025-01-28 06:10:52'),
(351, 'Forro Lengua', 12.00, 14.00, NULL, 83, 2, '22-B', '2025-01-28 06:08:25', '2025-01-28 06:08:25'),
(352, 'Forro floreta', 27.00, 24.00, NULL, 83, 2, '39-M', '2025-01-28 06:10:14', '2025-01-28 06:10:14'),
(353, 'Forro talon', 13.00, 26.00, NULL, 83, 2, '39-N', '2025-01-28 06:11:47', '2025-01-28 06:11:47'),
(354, 'Esponja', 23.00, 9.00, NULL, 83, 2, 'Y-3', '2025-01-28 06:12:24', '2025-01-28 06:12:24'),
(355, 'Refuerzo pala', 30.00, 28.00, NULL, 83, 2, '40-A', '2025-01-28 06:13:15', '2025-01-28 06:13:15'),
(356, 'Cintilla', 1.00, 15.00, NULL, 83, 2, 'Tijera', '2025-01-28 06:14:15', '2025-01-28 06:14:15'),
(357, 'Planta', 27.00, 10.00, NULL, 83, 2, 'Planta', '2025-01-28 20:18:48', '2025-01-28 20:18:48'),
(358, 'Plantilla', 29.50, 10.00, NULL, 83, 2, 'Plantilla', '2025-01-28 20:19:13', '2025-01-28 20:19:13'),
(359, 'Pala', 28.00, 30.00, NULL, 97, 2, '58-A', '2025-01-28 20:31:48', '2025-01-28 20:31:48'),
(360, 'Refuerzo', 23.00, 35.00, NULL, 97, 3, '58-B', '2025-01-28 20:33:26', '2025-01-28 20:33:26'),
(361, 'Poliflex cuello', 16.00, 8.50, NULL, 97, 2, '58-C', '2025-01-28 20:35:18', '2025-01-28 20:35:18'),
(362, 'Lengua', 14.83, 14.83, NULL, 97, 2, '58-D', '2025-01-28 20:36:37', '2025-01-28 20:36:37'),
(363, 'Forro lengua', 12.00, 30.00, NULL, 97, 2, '58-D', '2025-01-28 20:41:12', '2025-01-28 20:41:12'),
(364, 'Talon', 10.00, 19.00, NULL, 97, 2, '58-E', '2025-01-28 20:43:19', '2025-01-28 20:43:19'),
(365, 'Forro trasero', 12.00, 30.00, NULL, 97, 2, '58-F', '2025-01-28 20:43:47', '2025-01-28 20:43:47'),
(366, 'Forro delantero', 27.00, 24.50, NULL, 97, 2, '58-G', '2025-01-28 20:48:51', '2025-01-28 20:48:51'),
(367, 'Cintilla 16 mm', 19.00, 1.00, NULL, 97, 2, 'Tijera', '2025-01-28 20:51:43', '2025-01-28 20:51:43'),
(368, 'Cintilla 10 mm', 1.00, 5.00, NULL, 97, 2, 'Tijera', '2025-01-28 20:52:06', '2025-01-28 20:52:06'),
(369, 'Esponja', 15.81, 15.81, NULL, 97, 2, 'Y-3', '2025-01-28 20:57:05', '2025-01-28 20:57:05'),
(370, 'Planta', 27.50, 10.00, NULL, 97, 2, 'Planta', '2025-01-28 20:57:37', '2025-01-28 20:58:43'),
(371, 'Plantilla', 29.50, 10.00, NULL, 97, 2, 'Plantilla', '2025-01-28 20:58:00', '2025-01-28 20:58:00'),
(372, 'Floreta malla', 15.00, 14.00, NULL, 87, 2, '59-A', '2025-01-28 21:07:40', '2025-01-28 21:07:40'),
(373, 'Lateral malla', 18.00, 13.00, NULL, 87, 4, '59-B', '2025-01-28 21:08:16', '2025-01-28 21:08:16'),
(374, 'Lengua', 11.00, 15.00, NULL, 87, 2, '59-C', '2025-01-28 21:22:53', '2025-01-28 21:22:53'),
(375, 'Chinela baja', 10.00, 30.00, NULL, 87, 2, '59-D', '2025-01-28 21:23:19', '2025-01-28 21:23:19'),
(376, 'Chinela alta', 11.00, 10.00, NULL, 87, 2, '59-E', '2025-01-28 21:25:07', '2025-01-28 21:25:07'),
(377, 'Cuello', 13.00, 9.00, NULL, 87, 2, '59-F', '2025-01-28 21:25:30', '2025-01-28 21:25:30'),
(378, 'Lateral', 13.00, 15.00, NULL, 87, 4, '59-G', '2025-01-28 21:26:17', '2025-01-28 21:26:17'),
(379, 'Talon', 7.00, 19.00, NULL, 87, 2, '59-H', '2025-01-28 21:27:00', '2025-01-28 21:27:00'),
(380, 'Paloma', 11.00, 5.00, NULL, 87, 2, '59-I', '2025-01-28 21:27:24', '2025-01-28 21:27:24'),
(381, 'Forro talon', 14.00, 26.00, NULL, 87, 2, '59-J', '2025-01-28 21:28:50', '2025-01-28 21:28:50'),
(382, 'Forro floreta', 22.00, 23.00, NULL, 87, 3, '59-K', '2025-01-28 21:30:25', '2025-01-28 21:30:25'),
(383, 'Forro Lengua', 11.00, 15.00, NULL, 87, 2, '59-L', '2025-01-28 21:31:44', '2025-01-28 21:31:44'),
(384, 'Esponja talon', 7.00, 22.00, NULL, 87, 2, 'Y-2', '2025-01-28 21:54:25', '2025-01-28 21:54:25'),
(385, 'Esponja lengua', 16.00, 12.00, NULL, 87, 2, '59-M', '2025-01-28 21:57:13', '2025-01-28 21:57:13'),
(386, 'Pala malla', 28.00, 31.00, NULL, 98, 2, '54-A', '2025-01-28 22:11:21', '2025-01-28 22:11:21'),
(387, 'Lengua', 16.00, 12.00, NULL, 98, 2, '54-B', '2025-01-28 22:11:42', '2025-01-28 22:11:42'),
(388, 'Talon', 9.00, 14.00, NULL, 98, 2, '54-C', '2025-01-28 22:13:46', '2025-01-28 22:13:46'),
(389, 'Chinela', 24.00, 17.00, NULL, 98, 2, '54-D', '2025-01-28 22:14:19', '2025-01-28 22:14:19'),
(390, 'Cuello', 15.00, 20.00, NULL, 98, 2, '54-E', '2025-01-28 22:14:48', '2025-01-28 22:14:48'),
(391, 'Pala eva', 28.00, 31.00, NULL, 98, 2, '54-F', '2025-01-28 22:15:17', '2025-01-28 22:15:17'),
(392, 'Paloma', 4.00, 11.00, NULL, 98, 2, '54-G', '2025-01-28 22:16:08', '2025-01-28 22:16:08'),
(393, 'Lateral', 5.00, 20.00, NULL, 98, 4, '54-H', '2025-01-28 22:17:43', '2025-01-28 22:17:43'),
(394, 'Esponja', 6.00, 25.00, NULL, 98, 2, '54-I', '2025-01-28 22:21:57', '2025-01-28 22:21:57'),
(395, 'Forro lengua', 16.00, 12.00, NULL, 98, 2, '54-J', '2025-01-28 22:22:34', '2025-01-28 22:22:34'),
(396, 'Forro talon', 14.00, 30.00, NULL, 98, 2, '54-K', '2025-01-28 22:23:10', '2025-01-28 22:23:10'),
(397, 'Forro floreta', 25.00, 25.00, NULL, 98, 2, '54-L', '2025-01-28 22:24:56', '2025-01-28 22:24:56'),
(398, 'Planta', 27.00, 10.00, NULL, 98, 2, 'Planta', '2025-01-28 22:27:17', '2025-01-28 22:27:17'),
(399, 'Plantilla', 29.50, 10.00, NULL, 98, 2, 'Plantilla', '2025-01-28 22:28:18', '2025-01-28 22:28:18'),
(400, 'Refuerzo cuello', 12.00, 16.00, NULL, 99, 4, '61-A', '2025-01-29 00:02:22', '2025-01-29 00:02:22'),
(401, 'Lengua', 18.00, 18.00, NULL, 99, 2, '61-B', '2025-01-29 00:03:10', '2025-01-29 00:03:10'),
(402, 'Paloma', 10.00, 29.00, NULL, 99, 2, '61-C', '2025-01-29 00:05:04', '2025-01-29 00:05:04'),
(403, 'Forro talon', 19.00, 43.00, NULL, 99, 2, '61-D', '2025-01-29 00:06:12', '2025-01-29 00:06:12'),
(404, 'Forro lengua', 17.00, 14.00, NULL, 99, 2, '61-E', '2025-01-29 00:06:35', '2025-01-29 00:06:35'),
(405, 'Oropal floreta', 18.00, 22.00, NULL, 99, 2, '61-F', '2025-01-29 00:07:07', '2025-01-29 00:07:07'),
(406, 'Esponja talon', 9.00, 25.00, NULL, 99, 2, '61-G', '2025-01-29 00:07:35', '2025-01-29 00:07:35'),
(407, 'Esponja lengua', 16.00, 12.00, NULL, 99, 2, '61-H', '2025-01-29 00:08:46', '2025-01-29 00:08:46'),
(408, 'Planta', 27.00, 10.00, NULL, 99, 2, 'Planta', '2025-01-29 00:09:01', '2025-01-29 00:09:01'),
(409, 'Plantilla', 29.50, 10.00, NULL, 99, 2, 'Plantilla', '2025-01-29 00:09:17', '2025-01-29 00:09:17'),
(410, 'Pala malla', 25.00, 25.00, NULL, 100, 2, '49-A', '2025-01-30 00:32:38', '2025-01-30 00:32:38'),
(411, 'Lengua', 13.00, 15.00, NULL, 100, 2, '49-B', '2025-01-30 00:33:13', '2025-01-30 00:33:13'),
(412, 'Talon', 9.00, 19.00, NULL, 100, 2, '49-C', '2025-01-30 00:33:46', '2025-01-30 00:33:46'),
(413, 'Chinela', 23.00, 18.00, NULL, 100, 2, '49-D', '2025-01-30 00:34:13', '2025-01-30 00:34:13'),
(414, 'Cuello', 8.00, 14.00, NULL, 100, 2, '49-E', '2025-01-30 00:34:37', '2025-01-30 00:34:37'),
(415, 'Pala eva', 25.00, 25.00, NULL, 100, 2, '49-F', '2025-01-30 00:35:14', '2025-01-30 00:35:14'),
(416, 'Paloma', 2.00, 10.00, NULL, 100, 2, '49-G', '2025-01-30 00:35:35', '2025-01-30 00:36:27'),
(417, 'Tiras', 12.00, 1.00, NULL, 100, 16, '49-H', '2025-01-30 00:36:18', '2025-01-30 00:36:18'),
(418, 'Esponja', 6.00, 25.00, NULL, 100, 2, '49-I', '2025-01-30 00:40:58', '2025-01-30 00:40:58'),
(419, 'Forro lengua', 13.00, 15.00, NULL, 100, 2, '49-K', '2025-01-30 00:41:40', '2025-01-30 00:41:40'),
(420, 'Forro talon', 14.00, 30.00, NULL, 100, 2, '49-L', '2025-01-30 00:42:15', '2025-01-30 00:42:15'),
(421, 'Forro floreta', 25.00, 26.00, NULL, 100, 2, '49-M', '2025-01-30 00:42:49', '2025-01-30 00:42:49'),
(422, 'Planta', 27.00, 10.00, NULL, 100, 2, 'Planta', '2025-01-30 00:44:05', '2025-01-30 00:44:05'),
(423, 'Plantilla', 29.50, 10.00, NULL, 100, 2, 'Plantilla', '2025-01-30 00:44:19', '2025-01-30 00:44:19'),
(424, 'Chinela', 10.00, 28.00, NULL, 101, 2, '52-A', '2025-01-30 00:47:43', '2025-01-30 00:47:43'),
(425, 'Lengua', 10.00, 12.00, NULL, 101, 2, '52-B', '2025-01-30 00:48:08', '2025-01-30 00:48:08'),
(426, 'Floreta', 12.00, 11.00, NULL, 101, 2, '52-C', '2025-01-30 00:48:30', '2025-01-30 00:48:30'),
(427, 'Lateral', 11.00, 17.00, NULL, 101, 4, '52-D', '2025-01-30 00:48:54', '2025-01-30 00:48:54'),
(428, 'Paloma', 7.00, 6.00, NULL, 101, 2, '52-E', '2025-01-30 00:49:28', '2025-01-30 00:49:28'),
(429, 'Cuello', 15.00, 4.00, NULL, 101, 4, '52-F', '2025-01-30 00:50:08', '2025-01-30 00:50:08'),
(430, 'Talon', 21.00, 8.00, NULL, 101, 2, '52-G', '2025-01-30 00:50:37', '2025-01-30 00:50:37'),
(431, 'Forro floreta', 19.00, 13.00, NULL, 101, 2, '52-H', '2025-01-30 00:51:02', '2025-01-30 00:51:02'),
(432, 'Forro lengua', 10.00, 12.00, NULL, 101, 2, '52-I', '2025-01-30 00:51:55', '2025-01-30 00:51:55'),
(433, 'Forro talon', 12.00, 28.00, NULL, 101, 2, '52-J', '2025-01-30 00:52:40', '2025-01-30 00:52:40'),
(434, 'Refuerzo lateral', 11.00, 18.00, NULL, 101, 4, '52-K', '2025-01-30 00:53:28', '2025-01-30 00:53:28'),
(435, 'Esponja', 18.00, 12.00, NULL, 101, 2, '52-L', '2025-01-30 00:57:04', '2025-01-30 00:57:56'),
(436, 'Tiras laterales', 10.00, 1.00, NULL, 101, 16, '52-M', '2025-01-30 00:57:44', '2025-01-30 00:58:12'),
(437, 'Refuerzo chinela', 6.00, 24.00, NULL, 101, 2, '52-N', '2025-01-30 00:58:58', '2025-01-30 00:58:58'),
(438, 'Planta', 27.00, 10.00, NULL, 101, 2, 'Planta', '2025-01-30 00:59:52', '2025-01-30 00:59:52'),
(439, 'Plantilla', 29.50, 10.00, NULL, 101, 2, 'Plantilla', '2025-01-30 01:00:34', '2025-01-30 01:00:34'),
(440, 'Pala malla', 35.00, 33.00, NULL, 102, 2, '50-A', '2025-01-30 01:06:26', '2025-01-30 01:06:26'),
(441, 'Forro completo', 35.00, 33.00, NULL, 102, 2, '50-B', '2025-01-30 01:07:04', '2025-01-30 01:07:04'),
(442, 'Forro delantero', 35.00, 33.00, NULL, 102, 2, '50-C', '2025-01-30 01:07:27', '2025-01-30 01:07:27'),
(443, 'Talon', 10.00, 19.00, NULL, 102, 2, '50-D', '2025-01-30 01:07:54', '2025-01-30 01:07:54'),
(444, 'Cintilla 10 mm', 1.00, 10.00, NULL, 102, 2, 'X', '2025-01-30 01:09:15', '2025-01-30 01:20:42'),
(445, 'Cintilla 16 mm', 1.00, 6.00, NULL, 102, 2, 'X', '2025-01-30 01:12:49', '2025-01-30 01:20:55'),
(446, 'Planta', 27.00, 10.00, NULL, 102, 2, 'Planta', '2025-01-30 01:22:46', '2025-01-30 01:22:46'),
(447, 'Plantilla', 29.50, 10.00, NULL, 102, 2, 'Plantilla', '2025-01-30 01:23:34', '2025-01-30 01:23:34'),
(448, 'Lateral', 10.50, 25.00, NULL, 103, 4, '48-A', '2025-01-30 01:30:34', '2025-01-30 01:31:58'),
(449, 'Lengua', 10.50, 12.00, NULL, 103, 2, '48-B', '2025-01-30 01:31:10', '2025-01-30 01:31:10'),
(450, 'Floreta', 15.50, 10.50, NULL, 103, 2, '48-C', '2025-01-30 01:31:49', '2025-01-30 01:31:49'),
(451, 'Paloma larga', 29.00, 8.00, NULL, 103, 2, '48-D', '2025-01-30 01:32:53', '2025-01-30 01:34:57'),
(452, 'Paloma corta', 7.00, 5.00, NULL, 103, 2, '48-E', '2025-01-30 01:33:20', '2025-01-30 01:35:11'),
(453, 'Talon superior', 6.00, 16.00, NULL, 103, 2, '48-F', '2025-01-30 01:33:44', '2025-01-30 01:35:54'),
(454, 'Talon inferior', 5.00, 14.00, NULL, 103, 2, '48-G', '2025-01-30 01:34:19', '2025-01-30 01:36:04'),
(455, 'Forro atras', 26.50, 10.00, NULL, 103, 2, '48-H', '2025-01-30 01:34:46', '2025-01-30 01:34:46'),
(456, 'Forro lengua', 12.00, 10.50, NULL, 103, 2, '49-I', '2025-01-30 01:37:02', '2025-01-30 01:37:02'),
(457, 'Oropal lateral', 25.00, 10.00, NULL, 103, 4, '49-J', '2025-01-30 02:07:53', '2025-01-30 02:23:24'),
(458, 'Oropal floreta', 15.50, 10.50, NULL, 103, 2, '49-K', '2025-01-30 02:10:15', '2025-01-30 02:10:15'),
(459, 'Poliflex', 8.00, 5.00, NULL, 103, 2, 'W2', '2025-01-30 02:12:58', '2025-01-30 02:22:11'),
(460, 'Esponja', 19.00, 4.00, NULL, 103, 2, 'Y1', '2025-01-30 02:21:40', '2025-01-30 02:21:40'),
(461, 'Planta', 29.00, 10.00, NULL, 103, 2, 'Planta', '2025-01-30 02:23:49', '2025-01-30 02:23:49'),
(462, 'Plantilla', 29.50, 10.00, NULL, 103, 2, 'Plantilla', '2025-01-30 02:24:22', '2025-01-30 02:24:22'),
(463, 'Pala malla', 30.00, 28.00, NULL, 104, 2, '47-A', '2025-01-30 02:28:16', '2025-01-30 02:28:16'),
(464, 'Forro delantero', 15.50, 19.50, NULL, 104, 2, '47-B', '2025-01-30 02:28:47', '2025-01-30 02:28:47'),
(465, 'Talonera interna', 12.00, 11.00, NULL, 104, 4, '47-C', '2025-01-30 02:30:10', '2025-01-30 02:30:10'),
(466, 'Esponja', 12.00, 11.00, NULL, 104, 2, '47-D', '2025-01-30 02:31:26', '2025-01-30 02:31:26'),
(467, 'Cintilla 16 mm', 1.00, 6.00, NULL, 104, 2, 'X', '2025-01-30 02:32:45', '2025-01-30 02:32:45'),
(468, 'Planta', 27.00, 10.00, NULL, 104, 2, 'Planta', '2025-01-30 02:33:20', '2025-01-30 02:33:20'),
(469, 'Plantilla', 19.50, 10.00, NULL, 104, 2, 'Plantilla', '2025-01-30 02:33:38', '2025-01-30 02:33:38'),
(470, 'Floreta', 25.00, 30.00, NULL, 105, 2, '46-A', '2025-01-30 02:37:49', '2025-01-30 02:37:49'),
(471, 'Remate', 14.00, 28.00, NULL, 105, 2, '46-B', '2025-01-30 02:39:34', '2025-01-30 02:39:34'),
(472, 'Lengua', 12.00, 10.00, NULL, 105, 2, '46-C', '2025-01-30 05:58:01', '2025-01-30 05:58:01'),
(473, 'Celaste', 5.00, 15.00, NULL, 88, 2, 'C1', '2025-01-30 22:06:40', '2025-01-30 22:06:40'),
(474, 'Celaste', 5.00, 15.00, NULL, 85, 2, 'C1', '2025-01-30 22:19:23', '2025-01-30 22:19:23'),
(475, 'Cintilla agujeta', 1.00, 8.00, NULL, 85, 16, 'X', '2025-02-04 04:01:01', '2025-02-04 04:06:36'),
(476, 'Cintilla jaladera', 1.00, 10.00, NULL, 85, 2, 'X', '2025-02-04 04:07:03', '2025-02-04 04:07:03'),
(477, 'Celaste', 5.00, 15.00, NULL, 72, 2, 'Celaste', '2025-02-11 23:56:24', '2025-02-11 23:56:24'),
(478, 'Lateral', 21.00, 16.00, NULL, 106, 4, '31-A', '2025-02-13 01:28:00', '2025-02-13 01:28:00'),
(479, 'Floreta', 23.00, 12.50, NULL, 106, 2, '31-B', '2025-02-13 01:28:59', '2025-02-13 01:28:59'),
(480, 'Chinela', 17.00, 10.50, NULL, 106, 2, '31-C', '2025-02-13 01:29:48', '2025-02-13 01:29:48'),
(481, 'Forro talon', 38.50, 18.00, NULL, 106, 2, '31-D', '2025-02-13 01:30:28', '2025-02-13 01:30:28'),
(482, 'Forro floreta', 16.50, 23.00, NULL, 106, 2, '31-E', '2025-02-13 01:35:09', '2025-02-13 01:35:09'),
(483, 'Celaste', 5.00, 15.00, NULL, 106, 2, 'Celaste', '2025-02-13 01:35:28', '2025-02-13 01:35:28'),
(484, 'Cintilla talon', 15.00, 1.00, NULL, 106, 2, 'X', '2025-02-13 01:36:58', '2025-02-13 01:36:58'),
(485, 'Bies elastico', 40.00, 1.00, NULL, 106, 2, 'x', '2025-02-13 01:37:26', '2025-02-13 01:37:26'),
(486, 'Planta', 27.00, 10.00, NULL, 106, 2, 'Planta', '2025-02-13 01:37:48', '2025-02-13 01:37:48'),
(487, 'Plantilla', 27.00, 11.00, NULL, 106, 2, 'Plantilla', '2025-02-13 01:38:04', '2025-02-13 01:38:04'),
(488, 'Pala', 30.00, 28.00, NULL, 80, 2, '40-A', '2025-02-13 01:52:57', '2025-02-13 01:52:57'),
(489, 'Refuerzo', 27.00, 24.00, NULL, 80, 2, '40-B', '2025-02-13 01:54:05', '2025-02-13 01:54:05'),
(490, 'Lengua', 17.00, 10.00, NULL, 80, 2, '40-C', '2025-02-13 01:55:37', '2025-02-13 01:55:37'),
(491, 'Talon', 18.00, 11.00, NULL, 80, 2, '40-D', '2025-02-13 01:56:24', '2025-02-13 01:56:24'),
(492, 'Forro tracero', 13.00, 26.00, NULL, 80, 2, '40-E', '2025-02-13 01:57:24', '2025-02-13 01:57:24'),
(493, 'Forro delantero', 27.00, 24.00, NULL, 80, 2, '40-F', '2025-02-13 02:00:22', '2025-02-13 02:00:22'),
(494, 'Forro lengua', 10.00, 17.00, NULL, 80, 2, '40-C', '2025-02-13 02:00:59', '2025-02-13 02:00:59'),
(495, 'Cintilla', 5.00, 1.00, NULL, 80, 2, 'X', '2025-02-13 02:02:16', '2025-02-13 02:02:16'),
(496, 'Esponja', 5.00, 20.00, NULL, 80, 2, '40-G', '2025-02-13 02:03:01', '2025-02-13 02:03:01'),
(497, 'Planta', 27.00, 10.00, NULL, 80, 2, 'Planta', '2025-02-13 02:03:38', '2025-02-13 02:03:38'),
(498, 'Plantilla', 27.00, 11.00, NULL, 80, 2, 'Plantilla', '2025-02-13 02:04:06', '2025-02-13 02:04:06'),
(499, 'Celaste', 5.00, 15.00, NULL, 80, 2, 'Celaste', '2025-02-13 02:05:12', '2025-02-13 02:05:12'),
(500, 'Celaste', 5.00, 15.00, NULL, 95, 2, 'Celaste', '2025-02-18 02:18:05', '2025-02-18 02:18:05'),
(501, 'Planta', 27.00, 10.00, NULL, 95, 2, 'Planta', '2025-02-18 02:38:18', '2025-02-18 02:38:18'),
(502, 'Plantilla', 27.00, 11.00, NULL, 95, 2, 'Plantilla', '2025-02-18 02:38:36', '2025-02-18 02:38:36'),
(503, 'Celaste', 5.00, 15.00, NULL, 75, 2, 'Celaste', '2025-02-18 02:41:20', '2025-02-18 02:41:20'),
(504, 'Celaste', 5.00, 15.00, NULL, 90, 2, 'Celaste', '2025-02-18 02:52:48', '2025-02-18 02:52:48'),
(505, 'Pasa agujetas', 5.00, 1.00, NULL, 90, 16, 'X', '2025-02-19 03:20:54', '2025-02-19 03:20:54'),
(506, 'Celaste', 5.00, 15.00, NULL, 78, 2, 'Celaste', '2025-02-19 05:00:51', '2025-02-19 05:00:51');

-- --------------------------------------------------------

--
-- Estructura de tabla para la tabla `proveedores`
--

CREATE TABLE `proveedores` (
  `id` bigint(20) UNSIGNED NOT NULL,
  `nombre` varchar(255) COLLATE utf8mb4_unicode_ci NOT NULL,
  `telefono` varchar(255) COLLATE utf8mb4_unicode_ci DEFAULT NULL,
  `direccion` varchar(255) COLLATE utf8mb4_unicode_ci DEFAULT NULL,
  `created_at` timestamp NULL DEFAULT NULL,
  `updated_at` timestamp NULL DEFAULT NULL
) ENGINE=InnoDB DEFAULT CHARSET=utf8mb4 COLLATE=utf8mb4_unicode_ci;

--
-- Volcado de datos para la tabla `proveedores`
--

INSERT INTO `proveedores` (`id`, `nombre`, `telefono`, `direccion`, `created_at`, `updated_at`) VALUES
(4, 'Acopol', NULL, NULL, '2024-11-15 00:05:59', '2024-11-15 00:05:59'),
(5, 'La Sultana', NULL, NULL, '2024-11-15 00:06:11', '2024-11-15 00:06:11'),
(6, 'Gusgor', NULL, NULL, '2024-11-15 00:06:22', '2024-11-15 00:06:22'),
(7, 'Italatek', NULL, NULL, '2024-11-15 00:06:55', '2024-11-15 00:06:55'),
(8, 'Revilla', NULL, NULL, '2024-11-15 00:07:06', '2024-11-15 00:07:06'),
(9, 'Casa Venegas', NULL, NULL, '2024-11-15 00:07:15', '2024-11-15 00:07:15'),
(10, 'Garsan', NULL, NULL, '2024-11-15 00:07:33', '2024-11-15 00:07:33'),
(11, 'Casa Blanca', NULL, NULL, '2024-11-15 00:08:20', '2024-11-15 00:08:20'),
(12, 'Wellbonding', NULL, NULL, '2024-11-15 00:08:47', '2024-11-15 00:08:47'),
(13, 'Curtidos RL', NULL, NULL, '2024-12-02 23:08:37', '2024-12-02 23:08:37'),
(14, 'Nexpelle', NULL, NULL, '2025-01-21 05:31:57', '2025-01-21 05:31:57'),
(15, 'Gujama', NULL, NULL, '2025-01-21 05:58:56', '2025-01-21 05:59:08'),
(16, 'Produtec', NULL, NULL, '2025-01-21 20:45:14', '2025-01-21 20:45:14'),
(17, 'Zadar', NULL, NULL, '2025-01-21 21:17:51', '2025-01-21 21:17:51'),
(18, 'Kether', NULL, NULL, '2025-01-21 21:39:17', '2025-01-21 21:39:17'),
(19, 'Leather', NULL, NULL, '2025-01-21 22:05:53', '2025-01-21 22:05:53'),
(20, 'Husujan', NULL, NULL, '2025-01-21 22:06:17', '2025-01-21 22:06:17'),
(21, 'Eurolatina', NULL, NULL, '2025-01-21 22:07:32', '2025-01-21 22:07:32'),
(22, 'Rala', NULL, NULL, '2025-01-21 22:07:40', '2025-01-21 22:07:40'),
(23, 'La Luz', NULL, NULL, '2025-01-21 22:08:00', '2025-01-21 22:08:00'),
(24, 'CMD', NULL, NULL, '2025-01-21 22:08:37', '2025-01-21 22:08:37'),
(25, 'Plasticos Muñoz', NULL, NULL, '2025-01-21 22:08:54', '2025-01-21 22:08:54'),
(26, 'Omar', NULL, NULL, '2025-01-21 22:09:15', '2025-01-21 22:09:15'),
(27, 'Plymont', NULL, NULL, '2025-01-21 22:09:36', '2025-01-21 22:09:36'),
(28, 'N/a', NULL, NULL, '2025-01-21 23:53:27', '2025-01-21 23:53:27'),
(29, 'Sport Marysol', NULL, NULL, '2025-01-22 00:19:08', '2025-01-22 00:19:08'),
(30, 'Eurolatina', NULL, NULL, '2025-01-22 04:30:27', '2025-01-22 04:30:27');

-- --------------------------------------------------------

--
-- Estructura de tabla para la tabla `proveedor_has_materiales`
--

CREATE TABLE `proveedor_has_materiales` (
  `id` bigint(20) UNSIGNED NOT NULL,
  `idProveedor` bigint(20) UNSIGNED NOT NULL,
  `idMaterial` bigint(20) UNSIGNED NOT NULL,
  `created_at` timestamp NULL DEFAULT NULL,
  `updated_at` timestamp NULL DEFAULT NULL
) ENGINE=InnoDB DEFAULT CHARSET=utf8mb4 COLLATE=utf8mb4_unicode_ci;

--
-- Volcado de datos para la tabla `proveedor_has_materiales`
--

INSERT INTO `proveedor_has_materiales` (`id`, `idProveedor`, `idMaterial`, `created_at`, `updated_at`) VALUES
(8, 4, 8, '2024-11-15 00:12:19', '2024-11-15 00:12:19'),
(9, 4, 9, '2024-11-15 00:13:34', '2024-11-15 00:13:34'),
(10, 4, 10, '2024-11-15 00:14:05', '2024-11-15 00:14:05'),
(11, 10, 11, '2024-11-15 00:14:55', '2024-11-15 00:14:55'),
(12, 5, 12, '2024-11-15 00:17:02', '2024-11-15 00:17:02'),
(13, 4, 13, '2024-11-15 00:18:00', '2024-11-15 00:18:00'),
(14, 8, 14, '2024-11-15 00:18:55', '2024-11-15 00:18:55'),
(15, 5, 15, '2024-11-15 00:20:59', '2025-01-21 20:35:15'),
(16, 6, 16, '2024-11-15 00:24:48', '2024-11-15 00:24:48'),
(17, 5, 17, '2024-11-15 00:28:04', '2024-11-15 00:28:04'),
(18, 5, 18, '2024-11-15 00:29:16', '2024-11-15 00:29:16'),
(19, 9, 19, '2024-11-15 00:30:28', '2024-11-15 00:30:28'),
(20, 9, 20, '2024-11-15 00:31:20', '2024-11-15 00:31:20'),
(21, 9, 21, '2024-11-15 00:31:59', '2024-11-15 01:58:45'),
(22, 17, 22, '2024-11-15 00:33:35', '2025-01-28 07:33:41'),
(24, 5, 24, '2024-11-20 05:13:11', '2024-11-20 05:13:11'),
(25, 13, 25, '2024-12-02 23:08:03', '2024-12-02 23:09:05'),
(26, 14, 26, '2025-01-21 05:31:43', '2025-01-21 05:32:15'),
(27, 4, 27, '2025-01-21 05:33:26', '2025-01-21 22:31:04'),
(28, 14, 28, '2025-01-21 05:34:11', '2025-01-21 22:31:18'),
(29, 11, 29, '2025-01-21 05:34:47', '2025-01-21 22:31:44'),
(30, 5, 30, '2025-01-21 05:35:18', '2025-01-21 22:47:32'),
(31, 15, 31, '2025-01-21 05:58:44', '2025-01-30 09:22:53'),
(32, 8, 32, '2025-01-21 20:29:13', '2025-01-28 02:56:02'),
(33, 5, 33, '2025-01-21 20:31:59', '2025-01-21 20:31:59'),
(34, 5, 34, '2025-01-21 20:35:52', '2025-01-21 20:35:52'),
(35, 5, 35, '2025-01-21 20:38:44', '2025-01-21 20:38:44'),
(36, 5, 36, '2025-01-21 20:39:40', '2025-01-21 20:39:40'),
(37, 16, 37, '2025-01-21 20:42:32', '2025-01-28 07:35:12'),
(38, 5, 38, '2025-01-21 20:51:57', '2025-01-21 20:51:57'),
(39, 5, 39, '2025-01-21 20:53:22', '2025-01-21 20:53:22'),
(40, 5, 40, '2025-01-21 20:54:27', '2025-01-21 20:54:27'),
(41, 5, 41, '2025-01-21 20:55:59', '2025-01-21 20:55:59'),
(42, 5, 42, '2025-01-21 20:58:11', '2025-01-21 20:58:11'),
(43, 5, 43, '2025-01-21 20:59:30', '2025-01-21 20:59:30'),
(44, 5, 44, '2025-01-21 21:03:44', '2025-01-21 21:03:44'),
(45, 14, 45, '2025-01-21 21:05:51', '2025-01-21 21:05:51'),
(46, 14, 46, '2025-01-21 21:09:17', '2025-01-21 22:47:51'),
(47, 5, 47, '2025-01-21 21:10:16', '2025-01-21 21:10:16'),
(48, 5, 48, '2025-01-21 21:13:58', '2025-01-21 21:13:58'),
(49, 5, 49, '2025-01-21 21:15:40', '2025-01-21 21:15:40'),
(50, 5, 50, '2025-01-21 21:17:27', '2025-01-21 21:17:27'),
(51, 17, 51, '2025-01-21 21:18:48', '2025-02-04 04:03:13'),
(52, 17, 52, '2025-01-21 21:19:27', '2025-01-28 07:34:40'),
(53, 17, 53, '2025-01-21 21:19:58', '2025-01-28 07:34:53'),
(54, 16, 54, '2025-01-21 21:21:52', '2025-01-28 07:34:28'),
(55, 16, 55, '2025-01-21 21:22:48', '2025-01-21 21:22:48'),
(56, 5, 56, '2025-01-21 21:23:59', '2025-01-21 21:23:59'),
(57, 14, 57, '2025-01-21 21:26:18', '2025-01-21 21:26:18'),
(58, 14, 58, '2025-01-21 21:27:34', '2025-01-21 21:27:34'),
(59, 5, 59, '2025-01-21 21:29:30', '2025-01-21 21:29:30'),
(60, 11, 60, '2025-01-21 21:30:20', '2025-01-21 21:30:20'),
(61, 5, 61, '2025-01-21 21:32:10', '2025-01-21 21:32:10'),
(62, 4, 62, '2025-01-21 21:32:56', '2025-01-21 21:32:56'),
(63, 5, 63, '2025-01-21 21:33:44', '2025-01-21 21:33:44'),
(64, 5, 64, '2025-01-21 21:35:06', '2025-01-21 21:35:06'),
(65, 5, 65, '2025-01-21 21:35:56', '2025-01-21 21:35:56'),
(66, 18, 66, '2025-01-21 21:36:50', '2025-01-21 21:41:44'),
(67, 5, 67, '2025-01-21 21:43:57', '2025-01-21 21:43:57'),
(68, 4, 68, '2025-01-21 21:45:15', '2025-01-21 21:45:15'),
(69, 4, 69, '2025-01-21 21:47:13', '2025-01-21 21:47:13'),
(71, 10, 71, '2025-01-21 21:50:21', '2025-01-21 21:50:21'),
(72, 4, 72, '2025-01-21 21:51:15', '2025-01-21 21:51:15'),
(73, 6, 73, '2025-01-21 21:53:48', '2025-01-21 21:53:48'),
(75, 19, 75, '2025-01-21 22:13:00', '2025-01-21 22:13:00'),
(76, 18, 76, '2025-01-21 22:14:19', '2025-01-21 22:15:23'),
(77, 11, 77, '2025-01-21 22:16:22', '2025-01-21 22:16:22'),
(78, 5, 78, '2025-01-21 22:19:03', '2025-01-21 22:19:03'),
(79, 5, 79, '2025-01-21 22:21:09', '2025-01-21 22:21:09'),
(80, 4, 80, '2025-01-21 22:21:40', '2025-01-21 22:21:40'),
(81, 5, 81, '2025-01-21 22:23:38', '2025-01-21 22:23:38'),
(82, 12, 82, '2025-01-21 22:24:56', '2025-01-21 22:24:56'),
(83, 11, 83, '2025-01-21 22:26:35', '2025-01-21 22:26:35'),
(84, 4, 84, '2025-01-21 22:27:06', '2025-01-21 22:27:06'),
(85, 4, 85, '2025-01-21 22:27:42', '2025-01-21 22:27:42'),
(86, 4, 86, '2025-01-21 22:28:13', '2025-01-21 22:28:13'),
(87, 4, 87, '2025-01-21 22:29:22', '2025-01-21 22:29:22'),
(88, 12, 88, '2025-01-21 22:30:38', '2025-01-21 22:30:38'),
(89, 14, 89, '2025-01-21 22:34:36', '2025-01-21 22:34:36'),
(90, 4, 90, '2025-01-21 22:36:49', '2025-01-21 22:36:49'),
(91, 4, 91, '2025-01-21 22:38:08', '2025-01-21 22:38:08'),
(92, 14, 92, '2025-01-21 22:39:31', '2025-01-21 22:39:31'),
(93, 14, 93, '2025-01-21 22:40:18', '2025-01-21 22:40:18'),
(94, 14, 94, '2025-01-21 22:41:03', '2025-01-21 22:41:03'),
(95, 5, 95, '2025-01-21 22:41:50', '2025-01-21 22:41:50'),
(96, 5, 96, '2025-01-21 22:42:18', '2025-01-21 22:42:18'),
(97, 5, 97, '2025-01-21 22:45:28', '2025-01-21 22:45:28'),
(98, 7, 98, '2025-01-21 22:46:42', '2025-01-21 22:47:09'),
(99, 20, 99, '2025-01-21 22:48:43', '2025-01-21 22:48:43'),
(101, 5, 101, '2025-01-21 22:50:54', '2025-01-21 22:50:54'),
(102, 5, 102, '2025-01-21 22:51:55', '2025-01-21 22:51:55'),
(103, 5, 103, '2025-01-21 23:35:42', '2025-01-21 23:35:42'),
(104, 18, 104, '2025-01-21 23:37:32', '2025-01-21 23:37:32'),
(105, 7, 105, '2025-01-21 23:38:34', '2025-01-21 23:38:34'),
(106, 7, 106, '2025-01-21 23:40:56', '2025-01-21 23:40:56'),
(107, 7, 107, '2025-01-21 23:41:34', '2025-01-21 23:41:34'),
(108, 6, 108, '2025-01-21 23:42:15', '2025-01-21 23:42:15'),
(109, 21, 109, '2025-01-21 23:42:50', '2025-01-21 23:42:50'),
(110, 21, 110, '2025-01-21 23:44:00', '2025-01-21 23:44:00'),
(111, 21, 111, '2025-01-21 23:45:53', '2025-01-21 23:45:53'),
(112, 21, 112, '2025-01-21 23:47:42', '2025-01-21 23:47:42'),
(113, 26, 113, '2025-01-21 23:48:10', '2025-01-21 23:51:13'),
(114, 21, 114, '2025-01-21 23:50:45', '2025-01-28 07:40:08'),
(115, 21, 115, '2025-01-21 23:52:30', '2025-01-21 23:52:30'),
(116, 28, 116, '2025-01-21 23:53:16', '2025-01-21 23:53:53'),
(117, 28, 117, '2025-01-21 23:54:41', '2025-01-21 23:54:41'),
(118, 28, 118, '2025-01-21 23:55:32', '2025-01-21 23:55:32'),
(119, 22, 119, '2025-01-21 23:57:01', '2025-01-21 23:57:01'),
(120, 22, 120, '2025-01-21 23:58:19', '2025-01-21 23:58:19'),
(121, 23, 121, '2025-01-21 23:59:16', '2025-01-21 23:59:16'),
(122, 8, 122, '2025-01-22 00:00:00', '2025-01-22 00:00:00'),
(123, 5, 123, '2025-01-22 00:01:39', '2025-01-22 00:01:39'),
(124, 6, 124, '2025-01-22 00:07:46', '2025-01-22 00:07:46'),
(126, 7, 126, '2025-01-22 00:11:32', '2025-01-22 00:11:32'),
(127, 10, 127, '2025-01-22 00:12:20', '2025-01-22 00:12:20'),
(128, 10, 128, '2025-01-22 00:15:58', '2025-01-22 00:15:58'),
(129, 4, 129, '2025-01-22 00:16:45', '2025-02-11 23:59:44'),
(130, 29, 130, '2025-01-22 00:18:33', '2025-01-22 00:21:18'),
(131, 24, 131, '2025-01-22 00:22:04', '2025-01-22 00:22:04'),
(132, 24, 132, '2025-01-22 00:24:14', '2025-01-22 00:24:14'),
(133, 24, 133, '2025-01-22 00:25:25', '2025-01-22 00:25:25'),
(134, 24, 134, '2025-01-22 00:26:14', '2025-01-22 00:26:14'),
(135, 24, 135, '2025-01-22 00:27:00', '2025-01-22 00:27:00'),
(136, 24, 136, '2025-01-22 00:30:51', '2025-01-22 00:30:51'),
(137, 24, 137, '2025-01-22 00:31:52', '2025-01-22 00:31:52'),
(138, 10, 138, '2025-01-22 00:32:38', '2025-01-22 00:32:38'),
(139, 9, 139, '2025-01-22 00:33:17', '2025-01-22 00:33:17'),
(140, 14, 140, '2025-01-22 00:35:01', '2025-01-22 00:35:01'),
(141, 24, 141, '2025-01-22 00:36:06', '2025-01-22 00:36:06'),
(142, 24, 142, '2025-01-22 00:37:19', '2025-01-22 00:37:19'),
(143, 24, 143, '2025-01-22 00:38:14', '2025-01-22 00:38:14'),
(144, 24, 144, '2025-01-22 00:38:44', '2025-01-22 00:38:44'),
(145, 24, 145, '2025-01-22 00:39:25', '2025-01-22 00:39:25'),
(146, 24, 146, '2025-01-22 00:39:48', '2025-01-22 00:39:48'),
(147, 24, 147, '2025-01-22 00:41:07', '2025-01-22 00:41:07'),
(148, 24, 148, '2025-01-22 00:41:40', '2025-01-22 00:41:40'),
(149, 25, 149, '2025-01-22 00:42:43', '2025-01-22 00:42:43'),
(150, 25, 150, '2025-01-22 00:43:48', '2025-01-22 00:43:48'),
(151, 5, 151, '2025-01-22 00:45:12', '2025-01-22 00:45:12'),
(152, 5, 152, '2025-01-22 00:49:33', '2025-01-22 00:49:33'),
(153, 14, 153, '2025-01-22 00:50:11', '2025-01-22 00:50:11'),
(154, 5, 154, '2025-01-22 00:53:36', '2025-01-22 00:53:36'),
(155, 6, 155, '2025-01-22 00:56:18', '2025-01-22 00:56:18'),
(156, 11, 156, '2025-01-22 00:57:55', '2025-01-22 00:57:55'),
(157, 5, 157, '2025-01-22 00:58:28', '2025-01-22 00:58:28'),
(158, 5, 158, '2025-01-22 00:59:45', '2025-01-22 00:59:45'),
(159, 26, 159, '2025-01-22 01:00:14', '2025-01-22 01:00:14'),
(160, 5, 160, '2025-01-22 01:02:21', '2025-01-22 01:02:21'),
(161, 14, 161, '2025-01-22 01:05:37', '2025-01-22 01:05:37'),
(162, 5, 162, '2025-01-22 01:06:11', '2025-01-22 01:06:11'),
(163, 5, 163, '2025-01-22 01:07:50', '2025-01-22 01:07:50'),
(164, 5, 164, '2025-01-22 01:08:42', '2025-01-22 01:08:42'),
(165, 5, 165, '2025-01-22 01:09:19', '2025-01-22 01:09:19'),
(166, 27, 166, '2025-01-22 01:09:45', '2025-01-22 01:09:45'),
(167, 27, 167, '2025-01-22 01:10:14', '2025-01-22 01:10:14'),
(168, 28, 168, '2025-01-22 01:11:38', '2025-01-22 01:11:38'),
(169, 21, 169, '2025-01-22 04:30:10', '2025-01-22 04:34:30'),
(170, 4, 170, '2025-01-22 04:37:21', '2025-01-22 04:37:21'),
(171, 21, 171, '2025-01-22 04:38:27', '2025-01-22 04:38:27'),
(172, 8, 172, '2025-01-28 02:56:56', '2025-01-28 02:56:56'),
(173, 8, 173, '2025-01-28 02:57:44', '2025-01-28 02:57:44'),
(174, 28, 174, '2025-01-28 04:15:48', '2025-01-28 04:15:48'),
(175, 4, 175, '2025-01-30 22:23:14', '2025-01-30 22:23:14'),
(176, 5, 176, '2025-02-10 21:47:53', '2025-02-10 21:47:53'),
(177, 5, 177, '2025-02-20 04:15:01', '2025-02-20 04:15:01'),
(178, 5, 178, '2025-02-20 04:17:17', '2025-02-20 04:17:17'),
(179, 5, 179, '2025-02-20 04:20:34', '2025-02-20 04:20:54'),
(180, 5, 180, '2025-02-20 04:21:46', '2025-02-20 04:21:46'),
(181, 5, 181, '2025-02-20 22:12:55', '2025-02-20 22:12:55');

-- --------------------------------------------------------

--
-- Estructura de tabla para la tabla `roles`
--

CREATE TABLE `roles` (
  `id` bigint(20) UNSIGNED NOT NULL,
  `name` varchar(255) COLLATE utf8mb4_unicode_ci NOT NULL,
  `guard_name` varchar(255) COLLATE utf8mb4_unicode_ci NOT NULL,
  `created_at` timestamp NULL DEFAULT NULL,
  `updated_at` timestamp NULL DEFAULT NULL
) ENGINE=InnoDB DEFAULT CHARSET=utf8mb4 COLLATE=utf8mb4_unicode_ci;

-- --------------------------------------------------------

--
-- Estructura de tabla para la tabla `role_has_permissions`
--

CREATE TABLE `role_has_permissions` (
  `permission_id` bigint(20) UNSIGNED NOT NULL,
  `role_id` bigint(20) UNSIGNED NOT NULL
) ENGINE=InnoDB DEFAULT CHARSET=utf8mb4 COLLATE=utf8mb4_unicode_ci;

-- --------------------------------------------------------

--
-- Estructura de tabla para la tabla `suajes`
--

CREATE TABLE `suajes` (
  `id` bigint(20) UNSIGNED NOT NULL,
  `nombre` varchar(255) COLLATE utf8mb4_unicode_ci NOT NULL,
  `numero` varchar(255) COLLATE utf8mb4_unicode_ci NOT NULL,
  `descripcion` varchar(255) COLLATE utf8mb4_unicode_ci DEFAULT NULL,
  `created_at` timestamp NULL DEFAULT NULL,
  `updated_at` timestamp NULL DEFAULT NULL
) ENGINE=InnoDB DEFAULT CHARSET=utf8mb4 COLLATE=utf8mb4_unicode_ci;

-- --------------------------------------------------------

--
-- Estructura de tabla para la tabla `suelas`
--

CREATE TABLE `suelas` (
  `id` bigint(20) UNSIGNED NOT NULL,
  `nombre` varchar(255) COLLATE utf8mb4_unicode_ci NOT NULL,
  `precio` decimal(10,2) NOT NULL,
  `proveedor` varchar(255) COLLATE utf8mb4_unicode_ci DEFAULT NULL,
  `descripcion` varchar(255) COLLATE utf8mb4_unicode_ci DEFAULT NULL,
  `created_at` timestamp NULL DEFAULT NULL,
  `updated_at` timestamp NULL DEFAULT NULL
) ENGINE=InnoDB DEFAULT CHARSET=utf8mb4 COLLATE=utf8mb4_unicode_ci;

--
-- Volcado de datos para la tabla `suelas`
--

INSERT INTO `suelas` (`id`, `nombre`, `precio`, `proveedor`, `descripcion`, `created_at`, `updated_at`) VALUES
(5, 'City', 119.00, 'Phymex', '#25 - #29', '2024-11-15 00:40:06', '2024-12-02 23:14:16'),
(6, 'Cosmos', 52.00, 'ANDA', '#22 - #30', '2024-11-20 05:18:18', '2024-11-20 05:18:18'),
(7, 'Caiman', 49.00, 'Challenger', '#25 - #29', '2024-12-02 23:14:00', '2024-12-02 23:14:00'),
(8, 'Pegaso Negro', 57.50, 'Anda', '#22 - #31', '2025-01-21 05:18:59', '2025-01-21 05:18:59'),
(9, 'Hopper Negra/Negra', 80.00, 'Challenger', '#23 - #30', '2025-01-21 05:20:30', '2025-01-21 05:20:30'),
(10, 'Luna Blanca', 34.00, 'Evamack', '#22 - #29', '2025-01-21 05:21:27', '2025-01-21 05:21:27'),
(11, 'Air Force', 35.00, 'Hulera Sky', '#23 - #28', '2025-01-21 05:22:39', '2025-01-28 02:24:43'),
(12, 'Air Force 1 Blanco', 48.00, 'DQO', '#22 - #29', '2025-01-21 05:23:12', '2025-01-21 05:23:12'),
(13, 'CTY-012 (Valvula)', 122.00, 'Phymex', '#23 - #29', '2025-01-21 05:25:35', '2025-01-21 05:25:35'),
(14, 'Alpha', 43.50, 'Anda', '#22 - #29', '2025-01-22 01:13:49', '2025-01-22 01:13:49'),
(15, 'Bugy', 48.00, 'Anda', '#22 - #26', '2025-01-22 01:14:43', '2025-01-22 01:14:43'),
(16, 'Cobra', 44.00, 'Anda', '#22 - #29', '2025-01-22 01:15:07', '2025-01-22 01:15:07'),
(17, 'Cool', 46.00, 'Anda', '#22 - #31', '2025-01-22 01:15:40', '2025-01-22 01:15:40'),
(18, 'Italy', 50.00, 'Anda', '#22 - #26', '2025-01-22 01:16:09', '2025-01-22 01:16:09'),
(19, 'New York', 50.00, 'Anda', '#22 - #26', '2025-01-22 01:16:51', '2025-01-22 01:16:51'),
(20, 'Orion', 47.00, 'Anda', '#22 - #29', '2025-01-22 01:18:23', '2025-01-22 01:18:23'),
(21, 'Pegasso', 57.50, 'Anda', '#22 - #31', '2025-01-22 01:18:52', '2025-01-22 01:18:52'),
(22, 'Prince', 64.00, 'Anda', '#22 - #26', '2025-01-22 01:19:32', '2025-01-22 01:19:32'),
(23, 'Steisy', 52.00, 'Anda', '#22 - #29', '2025-01-22 01:20:01', '2025-01-22 01:20:01'),
(24, 'Tommy', 42.00, 'Cajas del Bajio', 'Cajas', '2025-01-22 01:20:32', '2025-01-22 01:20:32'),
(25, 'BST MAX', 123.00, 'Challenger', '#22 - #30', '2025-01-22 01:21:18', '2025-01-22 01:21:18'),
(26, 'Grislee', 39.00, 'Challenger', '#25 - #29', '2025-01-22 01:22:14', '2025-01-22 01:22:14'),
(27, 'Hooper', 80.00, 'Challenger', '#23 - #30', '2025-01-22 01:23:22', '2025-01-22 01:23:22'),
(28, 'Jaguar', 57.00, 'Challenger', 'Piso de Llanta', '2025-01-22 01:24:10', '2025-01-22 01:24:10'),
(29, 'Outdoor', 33.00, 'Challenger', '#22 - #25', '2025-01-22 01:25:03', '2025-01-22 01:25:03'),
(30, 'Outdoor', 37.00, 'Challenger', '#26 - #30', '2025-01-22 01:26:17', '2025-01-22 01:26:17'),
(31, 'Pegasso', 132.00, 'Challenger', '#22 - #30', '2025-01-22 01:26:55', '2025-01-22 01:26:55'),
(32, 'Speed', 110.00, 'Challenger', '#22 - #26', '2025-01-22 01:27:20', '2025-01-22 01:27:20'),
(33, 'Suela de Hule', 70.00, 'Chino', 'Suela de Hule', '2025-01-22 01:28:27', '2025-01-22 01:28:27'),
(34, 'Ranil', 60.00, 'Dasha Ucrania', NULL, '2025-01-22 01:30:39', '2025-01-22 01:31:17'),
(35, 'TR Bco', 60.00, 'Dasha Ucrania', NULL, '2025-01-22 01:32:41', '2025-01-22 01:32:41'),
(36, 'Tr Cristal', 68.00, 'Dasha Ucrania', NULL, '2025-01-22 01:36:08', '2025-01-22 01:36:08'),
(37, 'TR Neg', 50.00, 'Dasha Ucrania', NULL, '2025-01-22 01:37:37', '2025-01-22 01:37:37'),
(38, 'De Dientes Y Viborita en el piso', 62.00, 'DIC', NULL, '2025-01-22 01:38:08', '2025-01-22 01:38:08'),
(39, 'Nueva 6 Julio', 68.00, 'DIC', NULL, '2025-01-22 01:38:58', '2025-01-22 01:38:58'),
(40, 'Ax', 57.00, 'DIC', NULL, '2025-01-22 01:39:54', '2025-01-22 01:39:54'),
(41, 'Golden', 48.00, 'DIC', NULL, '2025-01-22 01:40:31', '2025-01-22 01:40:31'),
(42, 'March (Cajita)', 38.00, 'DIC', NULL, '2025-01-22 01:41:36', '2025-01-22 01:41:36'),
(43, 'March (Plataforma)', 55.00, 'DIC', NULL, '2025-01-22 01:42:00', '2025-01-22 01:42:00'),
(44, 'Pachon', 48.00, 'DIC', NULL, '2025-01-22 01:42:26', '2025-01-22 01:42:26'),
(45, 'QIU', 78.00, 'DIC', NULL, '2025-01-22 01:42:54', '2025-01-22 01:42:54'),
(46, 'Xtreme', 80.00, 'DIC', NULL, '2025-01-22 01:44:06', '2025-01-22 01:44:06'),
(47, 'Yak', 75.00, 'DIC', NULL, '2025-01-22 01:44:26', '2025-01-22 01:44:26'),
(48, 'Classic (Air de Phylon)', 46.00, 'Evalom', '#22 - #29', '2025-01-22 01:47:57', '2025-01-22 01:47:57'),
(49, 'Galactica', 43.00, 'Evalom', NULL, '2025-01-22 01:48:44', '2025-01-22 01:48:44'),
(50, 'Galactica Kids', 36.00, 'Evalom', NULL, '2025-01-22 01:49:06', '2025-01-22 01:49:06'),
(51, 'Bibi', 45.00, 'Evamak', '#22 - #26', '2025-01-22 01:49:58', '2025-01-22 01:49:58'),
(52, 'Estefania', 48.00, 'Evamak', '#22 - #26', '2025-01-22 01:50:25', '2025-01-22 01:50:25'),
(53, 'Frida', 47.00, 'Evamak', '#22 - #29', '2025-01-22 01:50:55', '2025-01-22 01:50:55'),
(54, 'Luna', 34.00, 'Evamak', '#22 - #29', '2025-01-22 01:51:42', '2025-01-22 01:51:42'),
(55, 'Rosy TPU', 81.00, 'Evamak', '#22 - #25', '2025-01-22 01:52:25', '2025-01-22 01:52:25'),
(56, 'Rosy TPU', 84.00, 'Evamak', '#26 - #29', '2025-01-22 01:54:03', '2025-01-22 01:54:03'),
(57, 'Ganesha', 37.00, 'Genesis', NULL, '2025-01-22 01:54:29', '2025-01-22 01:54:29'),
(58, 'Raptor', 165.75, 'GR', '#5 - #9', '2025-01-22 01:55:17', '2025-01-22 01:55:17'),
(59, 'Retro', 30.00, 'Hulera Sky', NULL, '2025-01-22 01:57:24', '2025-01-28 02:24:15'),
(60, 'Retro Blanco y Bicolor', 35.00, 'Hulera Sky', NULL, '2025-01-22 01:57:57', '2025-01-22 01:57:57'),
(61, 'AIR', 35.00, 'Hulera Sky', NULL, '2025-01-22 01:58:39', '2025-01-22 01:58:39'),
(62, 'Caja', 40.00, 'Humca', NULL, '2025-01-22 01:59:05', '2025-01-22 01:59:05'),
(63, 'Plataforma', 50.00, 'Humca', NULL, '2025-01-22 01:59:23', '2025-01-22 01:59:23'),
(64, 'Skin', 45.00, 'Humca', NULL, '2025-01-22 01:59:59', '2025-01-22 01:59:59'),
(65, 'Grecia', 55.00, 'Jhalous', '#23 - #26', '2025-01-22 02:00:26', '2025-01-22 02:00:26'),
(66, 'Qatar (Ranil Ligero)', 55.00, 'Jhalous', '#23 - #26', '2025-01-22 02:01:28', '2025-01-22 02:01:28'),
(67, 'Stanlee', 20.50, 'Jhalous', '#15 - #21', '2025-01-22 02:04:02', '2025-01-22 02:04:02'),
(68, 'Stanlee', 30.00, 'Jhalous', '#22 - #28', '2025-01-22 02:05:05', '2025-01-22 02:05:05'),
(69, 'Converse TR', 24.00, 'Jhalous', '#15 - #21', '2025-01-22 02:06:44', '2025-01-22 02:06:44'),
(70, 'Converse TR', 32.00, 'Jhalous', '#22 - #28', '2025-01-22 02:07:55', '2025-01-22 02:07:55'),
(71, 'Hule', 45.00, 'Jorge Hule', '#18 - #21', '2025-01-22 02:09:15', '2025-01-22 02:09:15'),
(72, 'Hule', 50.00, 'Jorge Hule', '#22 - #29', '2025-01-22 02:09:41', '2025-01-22 02:09:41'),
(73, 'Bebe', 52.00, 'Lozano', NULL, '2025-01-22 02:10:04', '2025-01-22 02:10:04'),
(74, 'Felina', 58.00, 'Lozano', NULL, '2025-01-22 02:10:26', '2025-01-22 02:10:26'),
(75, 'Kudai', 61.00, 'Lozano', NULL, '2025-01-22 02:10:48', '2025-01-22 02:10:48'),
(76, 'Neo', 69.00, 'Lozano', NULL, '2025-01-22 02:11:10', '2025-01-22 02:11:10'),
(77, 'Nidia', 56.00, 'Lozano', NULL, '2025-01-22 02:11:44', '2025-01-22 02:11:44'),
(78, 'Hiking OX TPU', 133.12, 'Marysol', NULL, '2025-01-22 02:12:46', '2025-01-22 02:12:46'),
(79, 'Tactica Doble Dencidad', 83.52, 'Marysol', '#22 - #24', '2025-01-22 03:42:32', '2025-02-04 03:48:37'),
(80, 'Tactica Doble Dencidad', 98.60, 'Marysol', '#25 - #29', '2025-01-22 04:01:01', '2025-02-04 03:48:53'),
(81, 'Tactica Doble Dencidad', 114.84, 'Marysol', '#30 - #31', '2025-01-22 04:01:53', '2025-02-04 03:49:18'),
(82, 'Tactica Monodencidad', 58.27, 'Marysol', '#22 - #24', '2025-01-22 04:02:28', '2025-01-22 04:02:28'),
(83, 'Tactica Monodencidad', 71.82, 'Marysol', '#25 - #29', '2025-01-22 04:04:16', '2025-01-22 04:04:16'),
(84, 'Fiusha', 50.00, 'MP Suelas', '#22 - #26', '2025-01-22 04:04:54', '2025-01-22 04:04:54'),
(85, 'Obsesiva', 69.00, 'Na', NULL, '2025-01-22 04:05:43', '2025-01-22 04:05:43'),
(86, 'Air Force TR', 32.00, 'Pablito', NULL, '2025-01-22 04:06:22', '2025-01-22 04:06:22'),
(87, 'Blast Bicolor', 68.00, 'Phylon', NULL, '2025-01-22 04:07:16', '2025-01-22 04:07:16'),
(88, 'Pao', 67.00, 'Phylon', '#22 - #27', '2025-01-22 04:07:37', '2025-01-22 04:07:37'),
(89, 'Step', 35.00, 'Phylon', NULL, '2025-01-22 04:07:59', '2025-01-22 04:07:59'),
(90, 'Trendy', 47.00, 'Phylon', '#23 - #27', '2025-01-22 04:09:20', '2025-01-22 04:09:20'),
(91, 'Coach de caja', 49.00, 'Phymex', '#22 - #25', '2025-01-22 04:09:50', '2025-01-22 04:09:50'),
(92, 'Coach de Caja', 52.00, 'Phymex', '#26 - #29', '2025-01-22 04:10:27', '2025-01-22 04:10:27'),
(93, 'CTY - 012 (Valvula)', 122.00, 'Phymex', NULL, '2025-01-22 04:11:10', '2025-01-22 04:11:10'),
(94, 'Piso de Huelo', 119.00, 'Phymex', NULL, '2025-01-22 04:11:34', '2025-01-22 04:11:34'),
(95, 'Rayitas', 49.50, 'Phymex', '#18 - #21', '2025-01-22 04:12:02', '2025-01-22 04:12:02'),
(96, 'Rayitas', 54.00, 'Phymex', '#22 - #26', '2025-01-22 04:12:35', '2025-01-22 04:12:35'),
(97, 'Terrex Bicolor TR', 61.00, 'Phymex', NULL, '2025-01-22 04:13:19', '2025-01-22 04:13:19'),
(98, 'Terrex Monocolor TR', 61.00, 'Phymex', NULL, '2025-01-22 04:13:56', '2025-01-22 04:13:56'),
(99, 'Italia', 44.00, 'Sami', '#5 - #9', '2025-01-22 04:15:46', '2025-01-22 04:15:46'),
(100, 'Sin Suela', 0.00, 'Na', NULL, '2025-01-22 04:16:16', '2025-01-22 04:16:16'),
(101, 'Cobra', 60.00, 'Styleto', NULL, '2025-01-22 04:16:50', '2025-01-22 04:16:50'),
(102, 'Suela PU', 36.50, 'Suela PU', NULL, '2025-01-22 04:17:21', '2025-01-22 04:17:21'),
(103, 'Two', 99.50, 'Top Suelas', NULL, '2025-01-22 04:17:48', '2025-01-22 04:17:48'),
(104, 'Yoda', 42.00, 'Top Suelas', '#22 - #26', '2025-01-22 04:18:36', '2025-01-22 04:18:36'),
(105, 'Yoda', 33.20, 'Top Suelas', '#18 - #21', '2025-01-22 04:19:12', '2025-01-22 04:19:12'),
(106, 'Vale kids', 27.00, 'Triunfo', NULL, '2025-01-22 04:20:16', '2025-01-22 04:20:16'),
(107, 'XT - 005', 48.00, 'Xtiger', NULL, '2025-01-22 04:20:50', '2025-01-22 04:20:50'),
(108, 'XT-016', 43.00, 'Xtiger', NULL, '2025-01-22 04:21:17', '2025-01-22 04:21:17'),
(109, 'XT-032 (Air Plataforma)', 43.00, 'Xtiger', NULL, '2025-01-22 04:21:44', '2025-01-22 04:21:44'),
(110, 'Winflow', 35.00, 'Evalom', NULL, '2025-02-13 01:46:08', '2025-02-13 01:46:08');

-- --------------------------------------------------------

--
-- Estructura de tabla para la tabla `users`
--

CREATE TABLE `users` (
  `id` bigint(20) UNSIGNED NOT NULL,
  `name` varchar(255) COLLATE utf8mb4_unicode_ci NOT NULL,
  `email` varchar(255) COLLATE utf8mb4_unicode_ci NOT NULL,
  `email_verified_at` timestamp NULL DEFAULT NULL,
  `password` varchar(255) COLLATE utf8mb4_unicode_ci NOT NULL,
  `remember_token` varchar(100) COLLATE utf8mb4_unicode_ci DEFAULT NULL,
  `created_at` timestamp NULL DEFAULT NULL,
  `updated_at` timestamp NULL DEFAULT NULL
) ENGINE=InnoDB DEFAULT CHARSET=utf8mb4 COLLATE=utf8mb4_unicode_ci;

--
-- Volcado de datos para la tabla `users`
--

INSERT INTO `users` (`id`, `name`, `email`, `email_verified_at`, `password`, `remember_token`, `created_at`, `updated_at`) VALUES
(3, 'Pablo Sanchez', 'pabloprogramador77@gmail.com', NULL, '$2y$12$9Lt7ELNniTD/UdU1K0F6.e0ejdRRRLA/UBTeqkZL.hSdVKGi6lFzW', 'TMAJ4GY7qxtxZ3UPIhQb5oLA9vag58iHJwRlNDYWSZNHNOR7h2kCsfCZwKkp', '2024-10-25 04:14:21', '2024-10-25 04:14:21'),
(4, 'yo', 'el_duv@hotmail.com', NULL, '$2y$12$6gF0ZD9EOloXiiBmemqAE.Zk7KxU3O952NucXUE3ktlryCS7sAd..', NULL, '2024-11-02 05:37:27', '2024-11-02 05:37:27'),
(5, 'Alejandro Márquez', 'el.duva74@gmail.com', NULL, '$2y$12$toU74xs.vsrjDaOa.l74EevKFCrNi2acoKG/rjT9pmlaBhBcSfJ8W', '7pGQA8pbUTo8D8RVMgYplgYdV9WqPq8YaMUVBXZVdFhHHKFzVbDhCIB2LxkS', '2024-11-14 21:50:18', '2024-11-14 21:50:18'),
(6, 'Andrea Gtz', 'aydeefootwear@gmail.com', NULL, '$2y$12$DprrmUIlpZd8DGCcJxeVW.1dVJsHF7IdS4w4jGSOquFUIsnY.NNhe', NULL, '2025-01-15 03:51:39', '2025-01-15 03:51:39'),
(7, 'Auxiliar Producción', 'prov.aydfootwear@gmail.com', NULL, '$2y$12$cm1YI9/hkQkQVeq3DJz2iOlN1zBGtqu.2Jlb9KuRNo8nx6GNk.832', NULL, '2025-01-20 22:53:57', '2025-01-20 22:53:57'),
(8, 'Ventas', 'aydshoesmx@gmail.com', NULL, '$2y$12$3Nz5dy/xdeJmNmDeL8liYOyYGprXyLoEDMkR6i7VakCTC5F83K7p.', NULL, '2025-01-20 22:54:39', '2025-01-20 22:54:39');

--
-- Índices para tablas volcadas
--

--
-- Indices de la tabla `clientes`
--
ALTER TABLE `clientes`
  ADD PRIMARY KEY (`id`);

--
-- Indices de la tabla `consumibles`
--
ALTER TABLE `consumibles`
  ADD PRIMARY KEY (`id`);

--
-- Indices de la tabla `costes`
--
ALTER TABLE `costes`
  ADD PRIMARY KEY (`id`);

--
-- Indices de la tabla `costos`
--
ALTER TABLE `costos`
  ADD PRIMARY KEY (`id`);

--
-- Indices de la tabla `cotizaciones`
--
ALTER TABLE `cotizaciones`
  ADD PRIMARY KEY (`id`),
  ADD KEY `cotizaciones_idmodelo_foreign` (`idModelo`),
  ADD KEY `cotizaciones_idcliente_foreign` (`idCliente`);

--
-- Indices de la tabla `cotizacion_has_consumibles`
--
ALTER TABLE `cotizacion_has_consumibles`
  ADD PRIMARY KEY (`id`),
  ADD KEY `cotizacion_has_consumibles_idcotizacion_foreign` (`idCotizacion`),
  ADD KEY `cotizacion_has_consumibles_idconsumible_foreign` (`idConsumible`);

--
-- Indices de la tabla `cotizacion_has_costes`
--
ALTER TABLE `cotizacion_has_costes`
  ADD PRIMARY KEY (`id`),
  ADD KEY `cotizacion_has_costes_idcotizacion_foreign` (`idCotizacion`),
  ADD KEY `cotizacion_has_costes_idcoste_foreign` (`idCoste`);

--
-- Indices de la tabla `cotizacion_has_costos`
--
ALTER TABLE `cotizacion_has_costos`
  ADD PRIMARY KEY (`id`),
  ADD KEY `cotizacion_has_costos_idcotizacion_foreign` (`idCotizacion`),
  ADD KEY `cotizacion_has_costos_idcosto_foreign` (`idCosto`);

--
-- Indices de la tabla `cotizacion_has_numeraciones`
--
ALTER TABLE `cotizacion_has_numeraciones`
  ADD PRIMARY KEY (`id`),
  ADD KEY `cotizacion_has_numeraciones_idcotizacion_foreign` (`idCotizacion`),
  ADD KEY `cotizacion_has_numeraciones_idnumeracion_foreign` (`idNumeracion`);

--
-- Indices de la tabla `cotizacion_has_piezas`
--
ALTER TABLE `cotizacion_has_piezas`
  ADD PRIMARY KEY (`id`),
  ADD KEY `cotizacion_has_piezas_idcotizacion_foreign` (`idCotizacion`),
  ADD KEY `cotizacion_has_piezas_idpieza_foreign` (`idPieza`),
  ADD KEY `cotizacion_has_piezas_idmaterial_foreign` (`idMaterial`);

--
-- Indices de la tabla `cotizacion_has_suelas`
--
ALTER TABLE `cotizacion_has_suelas`
  ADD PRIMARY KEY (`id`),
  ADD KEY `cotizacion_has_suelas_idcotizacion_foreign` (`idCotizacion`),
  ADD KEY `cotizacion_has_suelas_idsuela_foreign` (`idSuela`);

--
-- Indices de la tabla `failed_jobs`
--
ALTER TABLE `failed_jobs`
  ADD PRIMARY KEY (`id`),
  ADD UNIQUE KEY `failed_jobs_uuid_unique` (`uuid`);

--
-- Indices de la tabla `materiales`
--
ALTER TABLE `materiales`
  ADD PRIMARY KEY (`id`);

--
-- Indices de la tabla `migrations`
--
ALTER TABLE `migrations`
  ADD PRIMARY KEY (`id`);

--
-- Indices de la tabla `modelos`
--
ALTER TABLE `modelos`
  ADD PRIMARY KEY (`id`);

--
-- Indices de la tabla `modelo_has_consumibles`
--
ALTER TABLE `modelo_has_consumibles`
  ADD PRIMARY KEY (`id`),
  ADD KEY `modelo_has_consumibles_idmodelo_foreign` (`idModelo`),
  ADD KEY `modelo_has_consumibles_idconsumible_foreign` (`idConsumible`);

--
-- Indices de la tabla `modelo_has_costes`
--
ALTER TABLE `modelo_has_costes`
  ADD PRIMARY KEY (`id`),
  ADD KEY `modelo_has_costes_idmodelo_foreign` (`idModelo`),
  ADD KEY `modelo_has_costes_idcoste_foreign` (`idCoste`);

--
-- Indices de la tabla `modelo_has_costos`
--
ALTER TABLE `modelo_has_costos`
  ADD PRIMARY KEY (`id`),
  ADD KEY `modelo_has_costos_idmodelo_foreign` (`idModelo`),
  ADD KEY `modelo_has_costos_idcosto_foreign` (`idCosto`);

--
-- Indices de la tabla `modelo_has_ganancias`
--
ALTER TABLE `modelo_has_ganancias`
  ADD PRIMARY KEY (`id`);

--
-- Indices de la tabla `modelo_has_numeraciones`
--
ALTER TABLE `modelo_has_numeraciones`
  ADD PRIMARY KEY (`id`),
  ADD KEY `modelo_has_numeraciones_idmodelo_foreign` (`idModelo`),
  ADD KEY `modelo_has_numeraciones_idnumeracion_foreign` (`idNumeracion`);

--
-- Indices de la tabla `modelo_has_suelas`
--
ALTER TABLE `modelo_has_suelas`
  ADD PRIMARY KEY (`id`),
  ADD KEY `modelo_has_suelas_idmodelo_foreign` (`idModelo`),
  ADD KEY `modelo_has_suelas_idsuela_foreign` (`idSuela`);

--
-- Indices de la tabla `model_has_permissions`
--
ALTER TABLE `model_has_permissions`
  ADD PRIMARY KEY (`permission_id`,`model_id`,`model_type`),
  ADD KEY `model_has_permissions_model_id_model_type_index` (`model_id`,`model_type`);

--
-- Indices de la tabla `model_has_piezas`
--
ALTER TABLE `model_has_piezas`
  ADD PRIMARY KEY (`id`),
  ADD KEY `model_has_piezas_idmodelo_foreign` (`idModelo`),
  ADD KEY `model_has_piezas_idpieza_foreign` (`idPieza`);

--
-- Indices de la tabla `model_has_roles`
--
ALTER TABLE `model_has_roles`
  ADD PRIMARY KEY (`role_id`,`model_id`,`model_type`),
  ADD KEY `model_has_roles_model_id_model_type_index` (`model_id`,`model_type`);

--
-- Indices de la tabla `notas`
--
ALTER TABLE `notas`
  ADD PRIMARY KEY (`id`),
  ADD KEY `notas_idcliente_foreign` (`idCliente`);

--
-- Indices de la tabla `nota_has_cotizaciones`
--
ALTER TABLE `nota_has_cotizaciones`
  ADD PRIMARY KEY (`id`),
  ADD KEY `nota_has_cotizaciones_idnota_foreign` (`idNota`),
  ADD KEY `nota_has_cotizaciones_idcotizacion_foreign` (`idCotizacion`);

--
-- Indices de la tabla `numeraciones`
--
ALTER TABLE `numeraciones`
  ADD PRIMARY KEY (`id`);

--
-- Indices de la tabla `password_resets`
--
ALTER TABLE `password_resets`
  ADD KEY `password_resets_email_index` (`email`);

--
-- Indices de la tabla `password_reset_tokens`
--
ALTER TABLE `password_reset_tokens`
  ADD PRIMARY KEY (`email`);

--
-- Indices de la tabla `permissions`
--
ALTER TABLE `permissions`
  ADD PRIMARY KEY (`id`),
  ADD UNIQUE KEY `permissions_name_guard_name_unique` (`name`,`guard_name`);

--
-- Indices de la tabla `personal_access_tokens`
--
ALTER TABLE `personal_access_tokens`
  ADD PRIMARY KEY (`id`),
  ADD UNIQUE KEY `personal_access_tokens_token_unique` (`token`),
  ADD KEY `personal_access_tokens_tokenable_type_tokenable_id_index` (`tokenable_type`,`tokenable_id`);

--
-- Indices de la tabla `piezas`
--
ALTER TABLE `piezas`
  ADD PRIMARY KEY (`id`),
  ADD KEY `piezas_idmodelo_foreign` (`idModelo`);

--
-- Indices de la tabla `proveedores`
--
ALTER TABLE `proveedores`
  ADD PRIMARY KEY (`id`);

--
-- Indices de la tabla `proveedor_has_materiales`
--
ALTER TABLE `proveedor_has_materiales`
  ADD PRIMARY KEY (`id`),
  ADD KEY `proveedor_has_materiales_idproveedor_foreign` (`idProveedor`),
  ADD KEY `proveedor_has_materiales_idmaterial_foreign` (`idMaterial`);

--
-- Indices de la tabla `roles`
--
ALTER TABLE `roles`
  ADD PRIMARY KEY (`id`),
  ADD UNIQUE KEY `roles_name_guard_name_unique` (`name`,`guard_name`);

--
-- Indices de la tabla `role_has_permissions`
--
ALTER TABLE `role_has_permissions`
  ADD PRIMARY KEY (`permission_id`,`role_id`),
  ADD KEY `role_has_permissions_role_id_foreign` (`role_id`);

--
-- Indices de la tabla `suajes`
--
ALTER TABLE `suajes`
  ADD PRIMARY KEY (`id`);

--
-- Indices de la tabla `suelas`
--
ALTER TABLE `suelas`
  ADD PRIMARY KEY (`id`);

--
-- Indices de la tabla `users`
--
ALTER TABLE `users`
  ADD PRIMARY KEY (`id`),
  ADD UNIQUE KEY `users_email_unique` (`email`);

--
-- AUTO_INCREMENT de las tablas volcadas
--

--
-- AUTO_INCREMENT de la tabla `clientes`
--
ALTER TABLE `clientes`
  MODIFY `id` bigint(20) UNSIGNED NOT NULL AUTO_INCREMENT, AUTO_INCREMENT=23;

--
-- AUTO_INCREMENT de la tabla `consumibles`
--
ALTER TABLE `consumibles`
  MODIFY `id` bigint(20) UNSIGNED NOT NULL AUTO_INCREMENT, AUTO_INCREMENT=39;

--
-- AUTO_INCREMENT de la tabla `costes`
--
ALTER TABLE `costes`
  MODIFY `id` bigint(20) UNSIGNED NOT NULL AUTO_INCREMENT, AUTO_INCREMENT=41;

--
-- AUTO_INCREMENT de la tabla `costos`
--
ALTER TABLE `costos`
  MODIFY `id` bigint(20) UNSIGNED NOT NULL AUTO_INCREMENT, AUTO_INCREMENT=15;

--
-- AUTO_INCREMENT de la tabla `cotizaciones`
--
ALTER TABLE `cotizaciones`
  MODIFY `id` bigint(20) UNSIGNED NOT NULL AUTO_INCREMENT, AUTO_INCREMENT=202;

--
-- AUTO_INCREMENT de la tabla `cotizacion_has_consumibles`
--
ALTER TABLE `cotizacion_has_consumibles`
  MODIFY `id` bigint(20) UNSIGNED NOT NULL AUTO_INCREMENT, AUTO_INCREMENT=460;

--
-- AUTO_INCREMENT de la tabla `cotizacion_has_costes`
--
ALTER TABLE `cotizacion_has_costes`
  MODIFY `id` bigint(20) UNSIGNED NOT NULL AUTO_INCREMENT, AUTO_INCREMENT=2348;

--
-- AUTO_INCREMENT de la tabla `cotizacion_has_costos`
--
ALTER TABLE `cotizacion_has_costos`
  MODIFY `id` bigint(20) UNSIGNED NOT NULL AUTO_INCREMENT, AUTO_INCREMENT=266;

--
-- AUTO_INCREMENT de la tabla `cotizacion_has_numeraciones`
--
ALTER TABLE `cotizacion_has_numeraciones`
  MODIFY `id` bigint(20) UNSIGNED NOT NULL AUTO_INCREMENT, AUTO_INCREMENT=829;

--
-- AUTO_INCREMENT de la tabla `cotizacion_has_piezas`
--
ALTER TABLE `cotizacion_has_piezas`
  MODIFY `id` bigint(20) UNSIGNED NOT NULL AUTO_INCREMENT, AUTO_INCREMENT=1519;

--
-- AUTO_INCREMENT de la tabla `cotizacion_has_suelas`
--
ALTER TABLE `cotizacion_has_suelas`
  MODIFY `id` bigint(20) UNSIGNED NOT NULL AUTO_INCREMENT, AUTO_INCREMENT=177;

--
-- AUTO_INCREMENT de la tabla `failed_jobs`
--
ALTER TABLE `failed_jobs`
  MODIFY `id` bigint(20) UNSIGNED NOT NULL AUTO_INCREMENT;

--
-- AUTO_INCREMENT de la tabla `materiales`
--
ALTER TABLE `materiales`
  MODIFY `id` bigint(20) UNSIGNED NOT NULL AUTO_INCREMENT, AUTO_INCREMENT=182;

--
-- AUTO_INCREMENT de la tabla `migrations`
--
ALTER TABLE `migrations`
  MODIFY `id` int(10) UNSIGNED NOT NULL AUTO_INCREMENT;

--
-- AUTO_INCREMENT de la tabla `modelos`
--
ALTER TABLE `modelos`
  MODIFY `id` bigint(20) UNSIGNED NOT NULL AUTO_INCREMENT, AUTO_INCREMENT=107;

--
-- AUTO_INCREMENT de la tabla `modelo_has_consumibles`
--
ALTER TABLE `modelo_has_consumibles`
  MODIFY `id` bigint(20) UNSIGNED NOT NULL AUTO_INCREMENT, AUTO_INCREMENT=259;

--
-- AUTO_INCREMENT de la tabla `modelo_has_costes`
--
ALTER TABLE `modelo_has_costes`
  MODIFY `id` bigint(20) UNSIGNED NOT NULL AUTO_INCREMENT, AUTO_INCREMENT=487;

--
-- AUTO_INCREMENT de la tabla `modelo_has_costos`
--
ALTER TABLE `modelo_has_costos`
  MODIFY `id` bigint(20) UNSIGNED NOT NULL AUTO_INCREMENT, AUTO_INCREMENT=72;

--
-- AUTO_INCREMENT de la tabla `modelo_has_ganancias`
--
ALTER TABLE `modelo_has_ganancias`
  MODIFY `id` bigint(20) UNSIGNED NOT NULL AUTO_INCREMENT, AUTO_INCREMENT=2;

--
-- AUTO_INCREMENT de la tabla `modelo_has_numeraciones`
--
ALTER TABLE `modelo_has_numeraciones`
  MODIFY `id` bigint(20) UNSIGNED NOT NULL AUTO_INCREMENT, AUTO_INCREMENT=403;

--
-- AUTO_INCREMENT de la tabla `modelo_has_suelas`
--
ALTER TABLE `modelo_has_suelas`
  MODIFY `id` bigint(20) UNSIGNED NOT NULL AUTO_INCREMENT, AUTO_INCREMENT=60;

--
-- AUTO_INCREMENT de la tabla `model_has_piezas`
--
ALTER TABLE `model_has_piezas`
  MODIFY `id` bigint(20) UNSIGNED NOT NULL AUTO_INCREMENT;

--
-- AUTO_INCREMENT de la tabla `notas`
--
ALTER TABLE `notas`
  MODIFY `id` bigint(20) UNSIGNED NOT NULL AUTO_INCREMENT, AUTO_INCREMENT=113;

--
-- AUTO_INCREMENT de la tabla `nota_has_cotizaciones`
--
ALTER TABLE `nota_has_cotizaciones`
  MODIFY `id` bigint(20) UNSIGNED NOT NULL AUTO_INCREMENT, AUTO_INCREMENT=104;

--
-- AUTO_INCREMENT de la tabla `numeraciones`
--
ALTER TABLE `numeraciones`
  MODIFY `id` bigint(20) UNSIGNED NOT NULL AUTO_INCREMENT, AUTO_INCREMENT=41;

--
-- AUTO_INCREMENT de la tabla `permissions`
--
ALTER TABLE `permissions`
  MODIFY `id` bigint(20) UNSIGNED NOT NULL AUTO_INCREMENT;

--
-- AUTO_INCREMENT de la tabla `personal_access_tokens`
--
ALTER TABLE `personal_access_tokens`
  MODIFY `id` bigint(20) UNSIGNED NOT NULL AUTO_INCREMENT;

--
-- AUTO_INCREMENT de la tabla `piezas`
--
ALTER TABLE `piezas`
  MODIFY `id` bigint(20) UNSIGNED NOT NULL AUTO_INCREMENT, AUTO_INCREMENT=507;

--
-- AUTO_INCREMENT de la tabla `proveedores`
--
ALTER TABLE `proveedores`
  MODIFY `id` bigint(20) UNSIGNED NOT NULL AUTO_INCREMENT, AUTO_INCREMENT=31;

--
-- AUTO_INCREMENT de la tabla `proveedor_has_materiales`
--
ALTER TABLE `proveedor_has_materiales`
  MODIFY `id` bigint(20) UNSIGNED NOT NULL AUTO_INCREMENT, AUTO_INCREMENT=182;

--
-- AUTO_INCREMENT de la tabla `roles`
--
ALTER TABLE `roles`
  MODIFY `id` bigint(20) UNSIGNED NOT NULL AUTO_INCREMENT;

--
-- AUTO_INCREMENT de la tabla `suajes`
--
ALTER TABLE `suajes`
  MODIFY `id` bigint(20) UNSIGNED NOT NULL AUTO_INCREMENT;

--
-- AUTO_INCREMENT de la tabla `suelas`
--
ALTER TABLE `suelas`
  MODIFY `id` bigint(20) UNSIGNED NOT NULL AUTO_INCREMENT, AUTO_INCREMENT=111;

--
-- AUTO_INCREMENT de la tabla `users`
--
ALTER TABLE `users`
  MODIFY `id` bigint(20) UNSIGNED NOT NULL AUTO_INCREMENT, AUTO_INCREMENT=9;

--
-- Restricciones para tablas volcadas
--

--
-- Filtros para la tabla `cotizaciones`
--
ALTER TABLE `cotizaciones`
  ADD CONSTRAINT `cotizaciones_idcliente_foreign` FOREIGN KEY (`idCliente`) REFERENCES `clientes` (`id`) ON DELETE CASCADE,
  ADD CONSTRAINT `cotizaciones_idmodelo_foreign` FOREIGN KEY (`idModelo`) REFERENCES `modelos` (`id`) ON DELETE CASCADE;

--
-- Filtros para la tabla `cotizacion_has_consumibles`
--
ALTER TABLE `cotizacion_has_consumibles`
  ADD CONSTRAINT `cotizacion_has_consumibles_idconsumible_foreign` FOREIGN KEY (`idConsumible`) REFERENCES `consumibles` (`id`) ON DELETE CASCADE,
  ADD CONSTRAINT `cotizacion_has_consumibles_idcotizacion_foreign` FOREIGN KEY (`idCotizacion`) REFERENCES `cotizaciones` (`id`) ON DELETE CASCADE;

--
-- Filtros para la tabla `cotizacion_has_costes`
--
ALTER TABLE `cotizacion_has_costes`
  ADD CONSTRAINT `cotizacion_has_costes_idcoste_foreign` FOREIGN KEY (`idCoste`) REFERENCES `costes` (`id`) ON DELETE CASCADE,
  ADD CONSTRAINT `cotizacion_has_costes_idcotizacion_foreign` FOREIGN KEY (`idCotizacion`) REFERENCES `cotizaciones` (`id`) ON DELETE CASCADE;

--
-- Filtros para la tabla `cotizacion_has_costos`
--
ALTER TABLE `cotizacion_has_costos`
  ADD CONSTRAINT `cotizacion_has_costos_idcosto_foreign` FOREIGN KEY (`idCosto`) REFERENCES `costos` (`id`) ON DELETE CASCADE,
  ADD CONSTRAINT `cotizacion_has_costos_idcotizacion_foreign` FOREIGN KEY (`idCotizacion`) REFERENCES `cotizaciones` (`id`) ON DELETE CASCADE;

--
-- Filtros para la tabla `cotizacion_has_numeraciones`
--
ALTER TABLE `cotizacion_has_numeraciones`
  ADD CONSTRAINT `cotizacion_has_numeraciones_idcotizacion_foreign` FOREIGN KEY (`idCotizacion`) REFERENCES `cotizaciones` (`id`) ON DELETE CASCADE,
  ADD CONSTRAINT `cotizacion_has_numeraciones_idnumeracion_foreign` FOREIGN KEY (`idNumeracion`) REFERENCES `numeraciones` (`id`) ON DELETE CASCADE;

--
-- Filtros para la tabla `cotizacion_has_piezas`
--
ALTER TABLE `cotizacion_has_piezas`
  ADD CONSTRAINT `cotizacion_has_piezas_idcotizacion_foreign` FOREIGN KEY (`idCotizacion`) REFERENCES `cotizaciones` (`id`) ON DELETE CASCADE,
  ADD CONSTRAINT `cotizacion_has_piezas_idmaterial_foreign` FOREIGN KEY (`idMaterial`) REFERENCES `materiales` (`id`) ON DELETE CASCADE,
  ADD CONSTRAINT `cotizacion_has_piezas_idpieza_foreign` FOREIGN KEY (`idPieza`) REFERENCES `piezas` (`id`) ON DELETE CASCADE;

--
-- Filtros para la tabla `cotizacion_has_suelas`
--
ALTER TABLE `cotizacion_has_suelas`
  ADD CONSTRAINT `cotizacion_has_suelas_idcotizacion_foreign` FOREIGN KEY (`idCotizacion`) REFERENCES `cotizaciones` (`id`) ON DELETE CASCADE,
  ADD CONSTRAINT `cotizacion_has_suelas_idsuela_foreign` FOREIGN KEY (`idSuela`) REFERENCES `suelas` (`id`) ON DELETE CASCADE;

--
-- Filtros para la tabla `modelo_has_consumibles`
--
ALTER TABLE `modelo_has_consumibles`
  ADD CONSTRAINT `modelo_has_consumibles_idconsumible_foreign` FOREIGN KEY (`idConsumible`) REFERENCES `consumibles` (`id`) ON DELETE CASCADE,
  ADD CONSTRAINT `modelo_has_consumibles_idmodelo_foreign` FOREIGN KEY (`idModelo`) REFERENCES `modelos` (`id`) ON DELETE CASCADE;

--
-- Filtros para la tabla `modelo_has_costes`
--
ALTER TABLE `modelo_has_costes`
  ADD CONSTRAINT `modelo_has_costes_idcoste_foreign` FOREIGN KEY (`idCoste`) REFERENCES `costes` (`id`) ON DELETE CASCADE,
  ADD CONSTRAINT `modelo_has_costes_idmodelo_foreign` FOREIGN KEY (`idModelo`) REFERENCES `modelos` (`id`) ON DELETE CASCADE;

--
-- Filtros para la tabla `modelo_has_costos`
--
ALTER TABLE `modelo_has_costos`
  ADD CONSTRAINT `modelo_has_costos_idcosto_foreign` FOREIGN KEY (`idCosto`) REFERENCES `costos` (`id`) ON DELETE CASCADE,
  ADD CONSTRAINT `modelo_has_costos_idmodelo_foreign` FOREIGN KEY (`idModelo`) REFERENCES `modelos` (`id`) ON DELETE CASCADE;

--
-- Filtros para la tabla `modelo_has_numeraciones`
--
ALTER TABLE `modelo_has_numeraciones`
  ADD CONSTRAINT `modelo_has_numeraciones_idmodelo_foreign` FOREIGN KEY (`idModelo`) REFERENCES `modelos` (`id`) ON DELETE CASCADE,
  ADD CONSTRAINT `modelo_has_numeraciones_idnumeracion_foreign` FOREIGN KEY (`idNumeracion`) REFERENCES `numeraciones` (`id`) ON DELETE CASCADE;

--
-- Filtros para la tabla `modelo_has_suelas`
--
ALTER TABLE `modelo_has_suelas`
  ADD CONSTRAINT `modelo_has_suelas_idmodelo_foreign` FOREIGN KEY (`idModelo`) REFERENCES `modelos` (`id`) ON DELETE CASCADE,
  ADD CONSTRAINT `modelo_has_suelas_idsuela_foreign` FOREIGN KEY (`idSuela`) REFERENCES `suelas` (`id`) ON DELETE CASCADE;

--
-- Filtros para la tabla `model_has_permissions`
--
ALTER TABLE `model_has_permissions`
  ADD CONSTRAINT `model_has_permissions_permission_id_foreign` FOREIGN KEY (`permission_id`) REFERENCES `permissions` (`id`) ON DELETE CASCADE;

--
-- Filtros para la tabla `model_has_piezas`
--
ALTER TABLE `model_has_piezas`
  ADD CONSTRAINT `model_has_piezas_idmodelo_foreign` FOREIGN KEY (`idModelo`) REFERENCES `modelos` (`id`) ON DELETE CASCADE,
  ADD CONSTRAINT `model_has_piezas_idpieza_foreign` FOREIGN KEY (`idPieza`) REFERENCES `piezas` (`id`) ON DELETE CASCADE;

--
-- Filtros para la tabla `model_has_roles`
--
ALTER TABLE `model_has_roles`
  ADD CONSTRAINT `model_has_roles_role_id_foreign` FOREIGN KEY (`role_id`) REFERENCES `roles` (`id`) ON DELETE CASCADE;

--
-- Filtros para la tabla `notas`
--
ALTER TABLE `notas`
  ADD CONSTRAINT `notas_idcliente_foreign` FOREIGN KEY (`idCliente`) REFERENCES `clientes` (`id`) ON DELETE CASCADE;

--
-- Filtros para la tabla `nota_has_cotizaciones`
--
ALTER TABLE `nota_has_cotizaciones`
  ADD CONSTRAINT `nota_has_cotizaciones_idcotizacion_foreign` FOREIGN KEY (`idCotizacion`) REFERENCES `cotizaciones` (`id`) ON DELETE CASCADE,
  ADD CONSTRAINT `nota_has_cotizaciones_idnota_foreign` FOREIGN KEY (`idNota`) REFERENCES `notas` (`id`) ON DELETE CASCADE;

--
-- Filtros para la tabla `piezas`
--
ALTER TABLE `piezas`
  ADD CONSTRAINT `piezas_idmodelo_foreign` FOREIGN KEY (`idModelo`) REFERENCES `modelos` (`id`) ON DELETE CASCADE;

--
-- Filtros para la tabla `proveedor_has_materiales`
--
ALTER TABLE `proveedor_has_materiales`
  ADD CONSTRAINT `proveedor_has_materiales_idmaterial_foreign` FOREIGN KEY (`idMaterial`) REFERENCES `materiales` (`id`) ON DELETE CASCADE,
  ADD CONSTRAINT `proveedor_has_materiales_idproveedor_foreign` FOREIGN KEY (`idProveedor`) REFERENCES `proveedores` (`id`) ON DELETE CASCADE;

--
-- Filtros para la tabla `role_has_permissions`
--
ALTER TABLE `role_has_permissions`
  ADD CONSTRAINT `role_has_permissions_permission_id_foreign` FOREIGN KEY (`permission_id`) REFERENCES `permissions` (`id`) ON DELETE CASCADE,
  ADD CONSTRAINT `role_has_permissions_role_id_foreign` FOREIGN KEY (`role_id`) REFERENCES `roles` (`id`) ON DELETE CASCADE;
COMMIT;

/*!40101 SET CHARACTER_SET_CLIENT=@OLD_CHARACTER_SET_CLIENT */;
/*!40101 SET CHARACTER_SET_RESULTS=@OLD_CHARACTER_SET_RESULTS */;
/*!40101 SET COLLATION_CONNECTION=@OLD_COLLATION_CONNECTION */;
