-- phpMyAdmin SQL Dump
-- version 5.2.1
-- https://www.phpmyadmin.net/
--
-- Servidor: localhost:3306
-- Tiempo de generación: 24-06-2025 a las 15:51:05
-- Versión del servidor: 5.7.30
-- Versión de PHP: 8.2.11

SET SQL_MODE = "NO_AUTO_VALUE_ON_ZERO";
START TRANSACTION;
SET time_zone = "+00:00";


/*!40101 SET @OLD_CHARACTER_SET_CLIENT=@@CHARACTER_SET_CLIENT */;
/*!40101 SET @OLD_CHARACTER_SET_RESULTS=@@CHARACTER_SET_RESULTS */;
/*!40101 SET @OLD_COLLATION_CONNECTION=@@COLLATION_CONNECTION */;
/*!40101 SET NAMES utf8mb4 */;

--
-- Base de datos: `mejicapp_scic`
--

--
-- Volcado de datos para la tabla `clientes`
--

INSERT INTO `clientes` (`id`, `numero`, `nombre`, `telefono`, `estado`, `ciudad`, `colonia`, `calle`, `exterior`, `cp`, `email`, `empresa`, `razon`, `rfc`, `created_at`, `updated_at`) VALUES
(15, '1307', 'Alejandro Murillo', '4361088082', 'Purepero', 'Michoacan', NULL, NULL, NULL, NULL, NULL, NULL, NULL, NULL, '2024-12-02 23:25:40', '2024-12-02 23:25:40'),
(16, '274', 'Oscar Ricardo', '8442075669', 'Cohahuila', 'Saltillo', NULL, NULL, NULL, NULL, NULL, NULL, NULL, NULL, '2025-01-20 23:25:09', '2025-01-20 23:25:09'),
(17, '1220', 'Ribers', '4641766180', 'Guanajuato', 'Salamanca', NULL, NULL, NULL, NULL, NULL, NULL, NULL, NULL, '2025-01-21 05:46:08', '2025-01-21 05:46:08'),
(18, '1290', 'Carlos Velázquez Valdez', '8711366059', 'Coahuila', 'Torreon', NULL, NULL, NULL, NULL, NULL, NULL, NULL, NULL, '2025-01-28 00:19:53', '2025-01-28 00:19:53'),
(19, '1300', 'Arturo Salinas', '4442094950', 'San Luis Potosi', 'San Luis Potosi', NULL, NULL, NULL, NULL, NULL, 'Barracuda', NULL, NULL, '2025-01-28 02:30:23', '2025-01-28 02:30:23'),
(20, '12', 'Angel Chihuahua', '65156', NULL, NULL, NULL, NULL, NULL, NULL, NULL, NULL, NULL, NULL, '2025-02-10 21:40:09', '2025-02-10 21:40:09'),
(21, '1281', 'Aldo Mota', '4621392232', NULL, NULL, NULL, NULL, NULL, NULL, NULL, NULL, NULL, NULL, '2025-02-18 02:16:19', '2025-02-18 02:16:19'),
(22, '1288', 'Casquishoes', '4401825477', NULL, NULL, NULL, NULL, NULL, NULL, NULL, NULL, NULL, NULL, '2025-02-20 22:07:46', '2025-02-20 22:07:46'),
(23, '1', 'Aydee Footwear', '4761011041', NULL, NULL, NULL, NULL, NULL, NULL, NULL, NULL, NULL, NULL, '2025-03-05 03:52:10', '2025-03-05 03:52:10'),
(24, '100', 'Ruders', '4775770306', NULL, NULL, NULL, NULL, NULL, NULL, NULL, NULL, NULL, NULL, '2025-03-05 04:50:19', '2025-03-05 04:50:19'),
(25, '1295', 'Silvino', '7227925336', NULL, NULL, NULL, NULL, NULL, NULL, NULL, NULL, NULL, NULL, '2025-03-11 04:41:44', '2025-03-11 04:41:44'),
(26, '1310', 'Ricardo Porras', '4772523653', NULL, NULL, NULL, NULL, NULL, NULL, NULL, NULL, NULL, NULL, '2025-03-18 22:26:26', '2025-03-20 01:45:58'),
(27, '11', 'Ema', '123', NULL, NULL, NULL, NULL, NULL, NULL, NULL, NULL, NULL, NULL, '2025-03-20 01:45:47', '2025-03-20 01:45:47'),
(28, '1311', 'Enrique Fitgerald Rico Quiroz', '4776627578', 'Guanajuato', 'León', 'Chulavista', 'Altamira', '308A', '37423', NULL, 'Monarca', NULL, NULL, '2025-06-11 01:37:22', '2025-06-11 01:37:22'),
(29, '1600', 'Reyna', '4621323272', NULL, NULL, NULL, NULL, NULL, NULL, NULL, 'Lulishuu', NULL, NULL, '2025-06-20 05:55:03', '2025-06-20 05:55:03');

--
-- Volcado de datos para la tabla `consumibles`
--

INSERT INTO `consumibles` (`id`, `nombre`, `tipo`, `precio`, `descripcion`, `created_at`, `updated_at`) VALUES
(5, 'Etiqueta Aydee', 'Marca lengua', 1.41, NULL, '2024-11-15 00:41:55', '2025-01-31 05:08:25'),
(6, 'NOM Sintetico', 'Control de calidad', 1.41, 'Elvis', '2024-11-15 00:42:57', '2025-01-27 22:52:43'),
(7, 'Transfer Aydee', 'Marca plantilla', 0.50, NULL, '2024-11-15 00:43:29', '2024-11-15 00:43:29'),
(8, '361 90cm negra', 'Agujeta', 2.02, 'Kheter', '2024-11-20 05:04:45', '2024-11-20 05:09:03'),
(9, '361 110cm negra', 'Agujeta', 2.52, 'Kheter', '2024-11-20 05:05:33', '2024-11-20 05:08:42'),
(10, '361 130cm negra', 'Agujeta', 2.90, 'Kheter', '2024-11-20 05:06:09', '2024-11-20 05:08:55'),
(11, 'Americana plana 110cm Bca', 'Agujeta', 1.21, 'Kheter', '2024-11-20 05:06:43', '2024-11-20 05:09:36'),
(12, 'PVC Puma', 'Aplicacion', 10.00, 'CMD Moldes', '2024-11-20 05:08:27', '2024-11-20 05:08:27'),
(13, 'NOM Textil', 'Control de calidad', 1.41, NULL, '2024-11-20 05:10:35', '2025-01-27 22:52:30'),
(14, 'Autoaderente Aydee', 'Marca lengua', 1.50, NULL, '2024-12-02 23:09:53', '2025-01-31 05:07:24'),
(15, 'PVC Fox - 60', 'Aplicacion', 16.00, 'CMD Moldes', '2024-12-02 23:10:41', '2024-12-02 23:10:41'),
(16, 'Gancho dielectrico', 'Ojillo', 15.00, 'Italatek', '2024-12-02 23:12:34', '2024-12-02 23:12:34'),
(17, 'PVC AD2-2200', 'Aplicacion', 12.00, 'CMD Moldes', '2025-01-21 05:06:09', '2025-01-21 05:06:09'),
(18, 'Bandera Ribers', 'Aplicacion plastisol', 2.00, 'CMD Moldes', '2025-01-21 05:08:15', '2025-01-21 05:08:15'),
(19, 'Marca Lengua RB', 'Aplicacion plastisol', 3.00, 'CMD Moldes', '2025-01-21 05:15:16', '2025-01-21 05:15:16'),
(20, 'Pala plastisol Xport', 'Aplicacion plastisol', 29.00, NULL, '2025-01-21 05:17:44', '2025-01-21 05:17:44'),
(21, 'Etiqueta Ribers', 'Marca lengua', 1.40, NULL, '2025-01-22 04:41:25', '2025-01-31 05:08:50'),
(22, 'NOM Piel', 'Control de calidad', 1.40, NULL, '2025-01-27 22:34:04', '2025-01-27 22:34:04'),
(23, 'Vista lateral ATX (Aydee)', 'Aplicacion plastisol', 2.50, NULL, '2025-01-28 00:10:59', '2025-01-28 00:10:59'),
(24, 'Vista lateral ATX (Barracuda)', 'Aplicacion plastisol', 2.50, NULL, '2025-01-28 00:11:48', '2025-01-28 00:11:48'),
(25, 'Barracuda (Cintilla)', 'Serigrafia', 3.00, NULL, '2025-01-28 06:18:27', '2025-01-28 06:18:27'),
(26, 'Barracuda (Pala)', 'Serigrafia', 3.00, NULL, '2025-01-28 06:22:56', '2025-01-28 06:22:56'),
(27, 'Transfer Barracuda con numero', 'Marca plantilla', 0.00, NULL, '2025-01-28 07:23:12', '2025-01-28 07:24:07'),
(28, 'Barracuda', 'Control de calidad', 0.00, NULL, '2025-01-28 07:24:38', '2025-01-28 07:24:38'),
(29, 'PVC Plasticos Muñoz 1194-1-2', 'Aplicacion', 9.66, 'Plasticos Muñoz', '2025-01-28 07:27:30', '2025-01-28 07:27:30'),
(30, '1443', 'Casco', 17.70, 'Mas proveeduria', '2025-01-30 22:09:19', '2025-01-30 22:09:19'),
(31, 'Super bota cafe', 'Caja', 4.78, 'Boxbunny', '2025-01-31 01:59:57', '2025-01-31 01:59:57'),
(32, 'Costura suela', 'Otros', 3.00, NULL, '2025-02-04 03:59:31', '2025-02-04 03:59:31'),
(33, 'Cuña', 'Entrsuela', 3.28, 'Aydee', '2025-02-11 23:49:48', '2025-02-11 23:49:48'),
(34, 'PVC Huarache', 'Aplicacion lateral', 14.00, 'Moldes CMD', '2025-02-13 01:41:21', '2025-02-13 01:41:21'),
(35, 'Numero Rivers', 'Control de calidad', 1.50, NULL, '2025-02-19 02:11:45', '2025-02-19 02:11:45'),
(36, 'Plastisol Aydee Perrito', 'Marca lengua', 5.00, NULL, '2025-02-20 04:01:47', '2025-02-20 04:01:47'),
(37, 'Eva 5mm', 'Plantilla', 3.30, 'Garsan', '2025-02-20 22:22:12', '2025-02-20 22:25:10'),
(38, 'Celfil rosa #2', 'Planta', 2.30, 'Gusgor', '2025-02-20 22:23:10', '2025-02-20 22:23:10'),
(39, 'Plastisol Ruders', 'Aplicacion lateral', 18.00, 'CMD', '2025-03-05 05:03:28', '2025-03-05 05:03:28'),
(40, 'K19 dielectrico', 'Ojillo', 5.00, 'Italatek', '2025-03-05 05:04:24', '2025-03-05 05:04:24'),
(41, 'Anticlavo', 'Planta', 33.50, 'Italatek', '2025-03-05 05:05:03', '2025-03-05 05:05:03'),
(42, 'Memory Foam', 'Plantilla', 8.31, 'Acopol', '2025-03-05 05:06:02', '2025-03-05 05:06:02'),
(43, 'Ruders', 'Alta frecuencia', 4.50, 'Marcos', '2025-03-05 05:07:00', '2025-03-05 05:07:00'),
(44, 'Ruders plantilla', 'Transfer', 1.00, NULL, '2025-03-05 05:07:49', '2025-03-05 05:07:49'),
(45, 'K19 dielectrico 28 unidades', 'Ojillo', 12.15, NULL, '2025-03-11 00:21:04', '2025-03-11 00:21:04'),
(46, 'Eva 2.5mm', 'Plantilla', 2.00, 'Garsan', '2025-03-11 04:46:18', '2025-03-11 04:46:18'),
(47, 'Redonda negro con amarillo 130', 'Agujeta', 3.50, 'Kether', '2025-03-12 04:53:22', '2025-03-12 04:53:22'),
(48, 'Cola de rata elastica con avellana', 'Agujeta', 5.50, 'Kether', '2025-03-20 04:10:12', '2025-03-20 04:10:12'),
(49, 'PVC Dybala 2.0', 'Aplicacion', 9.00, 'CMD Moldes', '2025-03-21 02:36:40', '2025-03-21 02:36:40'),
(50, 'Celfil #4', 'Planta', 2.50, 'Gusgor', '2025-03-27 02:36:52', '2025-03-27 02:36:52'),
(51, 'Bota RB', 'Aplicacion PVC', 19.00, NULL, '2025-06-12 05:00:05', '2025-06-12 05:00:05'),
(52, 'Plastisol corte y sella Aydee', 'Alta frecuencia', 3.50, 'Marcos', '2025-06-19 01:49:26', '2025-06-19 01:49:26'),
(53, 'Control calidad Lulishuu', 'Serigrafia', 2.00, 'Serigrafia Winy', '2025-06-20 05:37:28', '2025-06-20 05:37:28'),
(54, 'Ovalado latigo lulishuu', 'Ojillo', 0.00, 'Reyna lo provee', '2025-06-20 05:38:55', '2025-06-20 05:38:55'),
(55, 'Contactel A', 'Contactel', 0.00, 'Reyna lo provee', '2025-06-20 05:39:37', '2025-06-20 05:39:37'),
(56, 'Corte y sella Lulishuu', 'Alta frecuencia', 4.50, 'Marcos', '2025-06-20 05:40:27', '2025-06-20 05:40:27'),
(57, 'bebe serigrafia lulishuu #15-#21', 'Caja', 6.92, 'BoxBonny', '2025-06-20 05:42:22', '2025-06-20 06:05:49'),
(58, 'Ojillado', 'Ojillado', 5.00, NULL, '2025-06-20 06:05:26', '2025-06-20 06:05:26');

--
-- Volcado de datos para la tabla `costes`
--

INSERT INTO `costes` (`id`, `nombre`, `monto`, `descripcion`, `created_at`, `updated_at`) VALUES
(5, 'Grapa 916-C', 0.05, 'Corte', '2024-11-14 23:07:46', '2024-11-14 23:07:46'),
(7, 'Tachuelas 1.5', 0.07, 'Montado', '2024-11-14 23:09:13', '2024-11-14 23:09:13'),
(8, 'Pegamento SQ Ambar', 1.51, 'Montado', '2024-11-14 23:09:39', '2024-11-14 23:09:39'),
(9, 'Lavador Eva', 1.35, 'Ensuelado', '2024-11-14 23:10:18', '2024-11-14 23:10:18'),
(10, 'Primer Eva', 2.03, 'Ensuelado', '2024-11-14 23:10:54', '2024-11-14 23:10:54'),
(11, 'Fibra verde', 0.22, 'Ensuelado', '2024-11-14 23:11:43', '2024-11-14 23:11:43'),
(12, 'Cepillo halogenar #8', 0.04, 'Ensuelado', '2024-11-14 23:12:36', '2024-11-14 23:18:10'),
(13, 'Pegamento ensuelar ADH PVC-1600', 1.54, 'Ensuelado', '2024-11-14 23:13:25', '2024-11-14 23:13:25'),
(14, 'Desmoldante', 0.02, 'Ensuelado', '2024-11-14 23:14:01', '2024-11-14 23:14:01'),
(15, 'Pegamento guayul', 0.10, 'Adorno', '2024-11-14 23:14:33', '2024-11-14 23:14:33'),
(18, 'Etiqueta caja', 0.75, 'Adorno', '2024-11-14 23:16:30', '2024-11-14 23:16:30'),
(19, 'Lavador', 0.41, 'Adorno', '2024-11-14 23:16:49', '2024-11-14 23:16:49'),
(20, 'Quita rayas', 0.46, 'Adorno', '2024-11-14 23:17:12', '2024-11-14 23:17:12'),
(21, 'Alogenador', 0.25, 'Ensuelado', '2024-11-14 23:18:01', '2024-11-14 23:18:01'),
(26, 'Tijeras textileras', 0.02, 'Adorno', '2024-11-14 23:21:42', '2024-11-14 23:21:42'),
(27, 'Encendedor', 0.10, 'Adorno', '2024-11-14 23:22:13', '2024-11-14 23:22:13'),
(28, 'Goma crepe', 0.02, 'Adorno', '2024-11-14 23:22:38', '2024-11-14 23:22:38'),
(29, 'Kolaloka Green', 0.05, 'Adorno', '2024-11-14 23:22:58', '2024-11-14 23:22:58'),
(30, 'Soporte manzana', 0.63, 'Adorno', '2024-11-14 23:23:21', '2024-11-14 23:23:21'),
(31, 'Papel pañal', 0.12, 'Adorno', '2024-11-14 23:23:43', '2024-11-14 23:23:43'),
(33, 'Caja 52z', 1.21, 'Embalaje', '2024-11-14 23:25:17', '2024-11-14 23:25:17'),
(34, 'Fleje', 0.30, 'Embalaje', '2024-11-14 23:25:54', '2024-11-14 23:25:54'),
(35, 'Rayador termico', 0.15, 'Ensuelado', '2024-11-14 23:26:21', '2024-11-14 23:26:21'),
(36, 'Rayador Holsten plata', 0.10, 'Rayado', '2024-11-14 23:26:50', '2024-11-14 23:26:50'),
(37, 'Rayador YHG', 0.05, 'Rayado', '2024-11-14 23:27:21', '2024-11-14 23:27:21'),
(38, 'Lapiz blanco Prismacolor', 1.50, 'Rayado', '2024-11-14 23:28:01', '2024-11-14 23:28:01'),
(39, 'Crayola Blanca', 0.02, 'Corte', '2024-11-14 23:28:40', '2024-11-14 23:28:40'),
(40, 'Cinta canela', 0.10, 'Embalaje', '2024-11-14 23:29:03', '2024-11-14 23:29:03');

--
-- Volcado de datos para la tabla `costos`
--

INSERT INTO `costos` (`id`, `nombre`, `total`, `descripcion`, `created_at`, `updated_at`) VALUES
(6, 'Mano de obra', 44.00, 'Gastos de produccion', '2024-11-14 22:59:58', '2025-02-04 03:47:46'),
(7, 'Pespunte 18', 18.00, NULL, '2024-11-14 23:01:07', '2024-11-14 23:01:07'),
(8, 'Pespunte 19', 19.00, NULL, '2024-11-14 23:01:21', '2024-11-14 23:01:21'),
(9, 'Pespunte 20', 20.00, NULL, '2024-11-14 23:01:32', '2024-11-14 23:01:32'),
(10, 'Pespunte 21', 21.00, NULL, '2024-11-14 23:01:43', '2024-11-14 23:01:43'),
(11, 'Pespunte 22', 22.00, NULL, '2024-11-14 23:01:56', '2024-11-14 23:01:56'),
(12, 'Pespunte 23', 23.00, NULL, '2024-11-14 23:02:30', '2024-11-14 23:02:30'),
(13, 'Pespunte 24', 24.00, NULL, '2024-11-14 23:02:43', '2024-11-14 23:02:43'),
(14, 'Pespunte 25', 25.00, NULL, '2024-11-14 23:02:55', '2024-11-14 23:02:55');

--
-- Volcado de datos para la tabla `cotizaciones`
--

INSERT INTO `cotizaciones` (`id`, `descripcion`, `color`, `precio`, `estado`, `idModelo`, `idCliente`, `observaciones`, `created_at`, `updated_at`) VALUES
(132, 'Default', 'Negro', 280.83, 'Nota', 88, 15, NULL, '2024-12-02 23:28:42', '2025-03-20 05:28:28'),
(153, 'Sintetico', 'Negro / Fiusha', 292.03, 'Nota', 90, 17, 'Cintilla de 16mm negro fiusha, suela un punto arriba', '2025-01-27 23:01:35', '2025-06-12 06:20:38'),
(154, 'Malla crono', 'Marino/Gris/Neon', 250.96, 'Nota', 78, 17, 'Suela un punto arriba', '2025-01-27 23:05:04', '2025-04-24 00:56:21'),
(156, 'Pala barracuda', 'Negro', 353.17, 'Nota', 79, 17, 'Suela un punto arriba', '2025-01-27 23:19:07', '2025-03-11 01:03:59'),
(158, 'Piel', 'Negro', 283.90, 'Nota', 72, 19, '-', '2025-01-28 02:54:47', '2025-05-26 23:54:11'),
(159, 'Piel', 'Blanco', 284.61, 'Nota', 72, 19, '-', '2025-01-28 03:04:27', '2025-05-26 23:54:11'),
(160, 'Piel', 'Chocolate', 347.65, 'Nota', 85, 19, 'NA', '2025-01-28 04:27:09', '2025-01-28 04:28:06'),
(161, 'Pala barracuda', 'Negro', 296.09, 'Nota', 83, 15, 'Lleva la serigrafia solo por la parte externa,   Cuidar que la altura del talon sea igual a la del cuello', '2025-01-28 07:38:46', '2025-01-28 07:39:01'),
(162, 'Pala tejida barracuda', 'Negro / Dorado', 357.33, 'Nota', 83, 19, 'Serigrafia Dorada solo parte externa,  Cuidar altura del talon sea igual al cuello', '2025-01-28 07:44:15', '2025-01-28 07:44:35'),
(165, 'Sintetico Capri', 'Negro', 308.48, 'Nota', 88, 18, 'Con gancho', '2025-01-30 22:58:13', '2025-05-08 22:43:13'),
(166, 'Piel, marca B y ojillos', 'Negro', 388.57, 'Nota', 85, 19, 'Control de calidad y transfer de barracuda', '2025-01-30 23:16:24', '2025-03-21 01:41:05'),
(167, 'Muestra IBEX', 'Chocolate', 261.56, 'Nota', 85, 19, 'Lleva control de calidad y transfer barracuda', '2025-01-30 23:23:42', '2025-01-30 23:23:50'),
(171, 'Pala tejida', 'Negro / Rey', 335.39, 'Nota', 79, 17, 'N/A', '2025-02-04 05:22:09', '2025-02-04 05:22:19'),
(172, 'Sintetico Capri', 'Negro', 234.65, 'Nota', 72, 20, 'Va sin marcas', '2025-02-10 21:46:41', '2025-06-21 03:35:57'),
(173, 'Sintetico Capri', 'Blanco', 214.22, 'Nota', 72, 20, 'Va sin marcas', '2025-02-10 21:52:32', '2025-06-21 03:35:57'),
(174, 'Piel chocolate', 'Chocolate', 346.74, 'Nota', 85, 20, 'Sin ojillos y sin marcas', '2025-02-10 22:00:33', '2025-03-11 06:42:35'),
(175, 'Piel', 'Negro', 295.85, 'Nota', 72, 19, 'Los suajes estan corregidos, colocar control de calidad en su punto', '2025-02-10 22:32:53', '2025-05-08 22:24:27'),
(176, 'Piel', 'Blanco', 296.65, 'Nota', 72, 19, 'Suajes corregidos, colocar el control de calidad en su punto', '2025-02-10 23:01:49', '2025-05-08 22:24:27'),
(177, 'Piel con memory sin pipa', 'Negro', 298.37, 'Pendiente', 72, 19, 'Etiqueta un punto arriba', '2025-02-12 00:05:43', '2025-02-12 00:05:43'),
(178, 'Malla 997', 'Negro', 245.56, 'Pendiente', 106, 18, 'Colocar control de calidad abajo del tobillo', '2025-02-13 02:22:16', '2025-03-12 05:09:07'),
(179, 'Pala tejida rombos', 'Negro / Rojo', 358.56, 'Nota', 80, 18, 'NA', '2025-02-13 02:26:29', '2025-02-13 02:38:57'),
(180, 'Pala tejida rombos', 'Negro', 358.56, 'Pendiente', 80, 18, 'NA', '2025-02-13 02:32:02', '2025-03-12 05:09:07'),
(181, 'Sintetico Capri', 'Negro', 315.27, 'Pendiente', 85, 18, 'Va con la pala para ojillos, sin gancho', '2025-02-13 02:38:21', '2025-06-20 04:57:08'),
(182, 'Pala tejida rombos', 'Negro', 357.15, 'Nota', 80, 21, 'Colocar control de calidad un punto arriba del corte, ejemplo, si el corte es 24 colocar etiqueta del 25', '2025-02-18 03:04:42', '2025-02-18 03:22:30'),
(183, 'Malla Mila', 'Negro', 213.12, 'Nota', 71, 21, 'Sin etiqueta de marca', '2025-02-18 03:18:22', '2025-02-18 03:22:30'),
(184, 'Microfibra Capri', 'Negro', 276.27, 'Nota', 95, 21, 'N/A', '2025-02-18 03:22:07', '2025-06-20 05:00:19'),
(185, 'Pala tejida', 'Negro', 306.54, 'Nota', 75, 17, 'Etiqueta y control de calidad Ribers', '2025-02-19 02:09:19', '2025-06-12 06:32:50'),
(186, 'Pala tejida', 'Marino', 306.63, 'Nota', 75, 17, '.', '2025-02-19 02:24:27', '2025-02-19 05:13:08'),
(187, 'Pala tejida', 'Rojo', 306.63, 'Nota', 75, 17, '.', '2025-02-19 02:29:40', '2025-02-19 05:13:08'),
(188, 'Piel', 'Negro', 369.16, 'Nota', 85, 17, 'Sin gancho', '2025-02-19 02:40:43', '2025-06-02 22:27:50'),
(189, 'Piel', 'Cafe', 345.98, 'Pendiente', 85, 17, 'No lleva ojillo', '2025-02-19 02:45:35', '2025-04-22 05:36:44'),
(190, 'Sintetico Capri', 'Negro / Rey', 289.06, 'Nota', 90, 17, 'Plastisoles y cintilla en azul rey', '2025-02-19 03:18:59', '2025-06-12 06:32:50'),
(191, 'Sintetico Capri', 'Negro / Amarillo', 290.26, 'Nota', 90, 17, 'Cintilla de 16 negro amarillo, suela un punto arriba', '2025-02-19 03:34:35', '2025-06-12 06:20:38'),
(192, 'Malla Crono y plastisol', 'Negro / Blanco', 257.57, 'Nota', 78, 17, '#29 lleva suela titan', '2025-02-19 05:09:43', '2025-05-26 23:25:41'),
(194, 'Malla Mila', 'Negro', 240.59, 'Nota', 71, 16, 'Suela Brenda PU', '2025-02-20 04:04:02', '2025-06-11 00:59:57'),
(195, 'Sintetico Capri', 'Negro', 235.76, 'Nota', 72, 17, 'LLeva la etiqueta un punto arriba', '2025-02-20 04:42:26', '2025-02-20 04:57:51'),
(196, 'Sintetico Tiza', 'Verde', 352.66, 'Nota', 85, 17, '.', '2025-02-20 04:52:37', '2025-02-20 04:57:51'),
(197, 'Sintetico Tiza', 'Marino', 352.66, 'Nota', 85, 17, '.', '2025-02-20 04:57:22', '2025-02-20 04:57:51'),
(198, 'Malla Mila', 'Rosa', 230.55, 'Nota', 71, 22, 'No lleva etiquetas de marca', '2025-02-20 22:28:01', '2025-02-20 22:30:07'),
(201, 'Malla Mila', 'Negro', 228.62, 'Nota', 71, 22, 'No lleva etiqueta de marca', '2025-02-20 23:09:25', '2025-06-12 04:28:16'),
(204, 'Malla Mila', 'Negro', 237.03, 'Nota', 71, 16, 'Suela un punto arriba', '2025-02-25 06:10:26', '2025-06-11 00:59:58'),
(205, 'Pala Anubis', 'Rosa', 290.91, 'Nota', 80, 22, 'Sin marcas', '2025-02-27 07:37:15', '2025-05-16 22:32:27'),
(206, 'Pala Anubis', 'Azul', 290.91, 'Nota', 80, 22, 'Sin marcas, suela un punto arriba', '2025-02-27 07:39:20', '2025-06-12 04:28:16'),
(207, 'Pala Anubis', 'Rojo', 290.91, 'Nota', 80, 22, 'Sin marcas, suela un punto arriba', '2025-02-27 07:41:34', '2025-06-12 04:28:16'),
(211, 'Pala tejida', 'Negro', 360.55, 'Nota', 104, 22, 'Sin marcas', '2025-02-27 08:41:20', '2025-02-27 08:47:31'),
(212, 'Malla 997', 'Negro', 284.32, 'Nota', 88, 22, 'Sin marcas', '2025-02-27 08:46:40', '2025-02-27 08:47:31'),
(215, 'Pala Anubis', 'Rosa', 290.91, 'Nota', 80, 17, 'Sin marcas', '2025-03-02 04:45:28', '2025-03-02 04:45:28'),
(216, 'Sintetico Tiza', 'Amarillo', 326.46, 'Nota', 85, 23, 'Sin marcas', '2025-03-05 03:56:34', '2025-03-27 01:03:09'),
(217, 'Sintetico Capri', 'Negro', 322.61, 'Nota', 85, 22, 'Sin marcas', '2025-03-05 03:57:02', '2025-05-16 22:32:27'),
(218, 'Sintetico Tiza', 'Salmon', 326.46, 'Nota', 85, 22, 'Sin marcas', '2025-03-05 04:00:49', '2025-05-16 22:32:27'),
(219, 'Sintetico Tiza', 'Verde', 326.46, 'Nota', 85, 22, 'Sin marcas', '2025-03-05 04:04:35', '2025-03-05 04:08:14'),
(220, 'Sintetico Tiza', 'Amarillo', 326.46, 'Nota', 85, 22, 'Sin marcas', '2025-03-05 04:07:11', '2025-03-05 04:08:14'),
(221, 'Malla 997', 'Negro', 308.67, 'Nota', 105, 24, 'NA', '2025-03-05 05:14:02', '2025-05-27 00:53:35'),
(222, 'Malla Selva', 'Verde', 302.27, 'Nota', 105, 24, 'NA', '2025-03-05 05:19:46', '2025-05-27 00:53:35'),
(223, 'Malla 997', 'Gris', 308.67, 'Nota', 105, 24, 'NA', '2025-03-05 05:20:02', '2025-05-27 00:53:35'),
(224, 'Sintetico Tiza', 'Verde', 352.66, 'Nota', 85, 16, '.', '2025-03-11 00:42:06', '2025-05-02 01:51:29'),
(225, 'Sintetico Tiza', 'Marino', 352.66, 'Nota', 85, 16, '.', '2025-03-11 00:42:07', '2025-05-02 01:51:29'),
(226, 'Pala Silverado', 'Oxford / Azul marino', 335.77, 'Nota', 81, 17, 'Praimear el tejido al ensuelar', '2025-03-11 01:02:31', '2025-03-11 01:03:59'),
(227, 'Acthion Leather', 'Blanco / Plata', 232.44, 'Nota', 69, 25, 'No lleva costuras laterales ni cuellos', '2025-03-11 04:57:13', '2025-03-11 05:00:01'),
(228, 'Sintetico Capri', 'Negro', 290.17, 'Nota', 87, 20, 'Suela Hopper Negro / Negro', '2025-03-11 05:22:49', '2025-06-10 23:23:31'),
(229, 'Microfibra y malla 997', 'Negro / Amarillo', 341.69, 'Pendiente', 86, 18, 'Suela Negro / Amarillo', '2025-03-12 05:06:10', '2025-03-19 00:00:43'),
(230, 'Malla Mila', 'Negro', 237.03, 'Nota', 71, 24, 'Suela un punto arriba', '2025-03-18 22:29:43', '2025-03-18 22:29:43'),
(231, 'Malla Mila', 'Negro', 237.03, 'Nota', 71, 15, 'Suela un punto arriba', '2025-03-18 22:30:14', '2025-03-20 05:28:28'),
(232, 'Malla Mila', 'Negro', 237.03, 'Nota', 71, 24, 'Suela un punto arriba', '2025-03-18 22:31:51', '2025-03-18 22:31:51'),
(233, 'Piel', 'Negro', 366.74, 'Nota', 85, 20, 'Sin gancho', '2025-03-18 22:32:59', '2025-03-18 22:32:59'),
(234, 'Piel', 'Negro', 366.74, 'Nota', 85, 24, 'Sin gancho', '2025-03-18 22:34:21', '2025-03-18 22:34:21'),
(235, 'Microfibra Capri y 997', 'Negro', 288.07, 'Nota', 87, 26, 'El forro del talon va un punto arriba. Lleva plantilla memory foam. Caja blanca con marcas Aydee', '2025-03-18 22:45:54', '2025-06-20 04:38:06'),
(236, 'Microfibra Capri y 997', 'Negro Rey', 598.38, 'Nota', 86, 26, 'Lleva las costuras laterales y las cintillas en Azul rey y caja con marca Aydee y  plantilla memory foam', '2025-03-18 22:53:53', '2025-06-05 00:52:30'),
(237, 'Microfibra Capri y 997', 'Negro Amarillo', 321.69, 'Nota', 86, 26, 'Lleva las costuras y las cintillas en amarillo. Va en caja blanca con marca y plantilla memory foam', '2025-03-18 23:02:38', '2025-06-05 00:51:36'),
(238, 'Malla Mila', 'Negro', 229.45, 'Nota', 71, 26, 'LLeva caja blanca con marca y plantilla memory foam', '2025-03-18 23:08:16', '2025-06-20 04:38:06'),
(240, 'Piel', 'Negro', 279.05, 'Nota', 72, 26, 'Control de calidad un punto arriba', '2025-03-18 23:51:00', '2025-03-19 00:45:45'),
(241, 'Microfibra', 'Negro', 305.37, 'Nota', 95, 26, 'Lleva caja blanca con marca Aydee y plantilla memory foam', '2025-03-19 00:35:10', '2025-06-20 04:38:06'),
(242, 'Piel', 'Negro', 376.56, 'Nota', 85, 26, 'Lleva caja blanca y plantilla preformada', '2025-03-19 00:44:39', '2025-03-19 00:45:45'),
(244, 'Piel', 'Cafe', 345.98, 'Nota', 85, 26, 'No lleva ojillo', '2025-03-19 09:39:13', '2025-03-19 09:39:13'),
(245, 'Piel con costuras', 'Blanco', 232.84, 'Nota', 69, 27, 'Lleva costuras laterales y perforaciones, no lleva cuellos', '2025-03-20 01:46:33', '2025-03-20 01:50:16'),
(246, 'Malla Sandwitch', 'Negro', 206.39, 'Nota', 102, 17, 'Suela un punto arriba', '2025-03-20 04:22:15', '2025-03-20 04:23:00'),
(247, 'Piel', 'Negro', 366.74, 'Nota', 85, 15, 'Sin gancho', '2025-03-20 05:26:54', '2025-03-20 05:28:28'),
(249, 'Piel', 'Negro', 356.05, 'Nota', 85, 22, 'Sin gancho y sin ojillo', '2025-03-21 01:24:00', '2025-06-12 03:32:50'),
(250, 'Malla 997', 'Negro', 245.56, 'Pendiente', 106, 21, 'Colocar control de calidad abajo del tobillo', '2025-03-21 02:12:24', '2025-04-22 23:28:16'),
(251, 'Piel', 'Blanco', 337.96, 'Nota', 72, 23, 'NA', '2025-03-27 02:19:02', '2025-03-27 02:41:49'),
(252, 'Malla / Neopreno', 'Negro', 230.62, 'Pendiente', 107, 21, 'PVC Dybala 2.0', '2025-04-03 23:28:31', '2025-06-02 22:18:08'),
(253, 'Microfibra Capri', 'Negro / Negro', 299.56, 'Pendiente', 108, 21, 'Cintillas naranjas', '2025-04-03 23:33:31', '2025-04-22 23:28:17'),
(254, 'Microfibra Capri', 'Negro', 290.17, 'Pendiente', 87, 18, 'Default', '2025-04-04 02:16:42', '2025-06-20 04:57:08'),
(255, 'fgj', 'fgjhu', 324.05, 'Nota', 71, 23, 'dfgh', '2025-04-04 23:45:29', '2025-04-04 23:45:52'),
(256, 'Malla mila', 'Lila', 230.58, 'Nota', 71, 22, 'No lleva etiquetas de marca', '2025-04-21 22:20:35', '2025-04-21 22:23:56'),
(257, 'Pala Crono', 'Marino / Rosa', 253.15, 'Nota', 78, 17, 'Suela un punto arriba', '2025-04-21 23:15:40', '2025-05-12 21:34:46'),
(258, 'Sintetico Capri', 'Negro / Blanco', 290.17, 'Nota', 87, 20, 'Suela Hopper Blanco / Negro', '2025-04-22 00:36:59', '2025-06-10 23:23:31'),
(259, 'Sintetico Buck', 'Lila / Blanco', 286.67, 'Nota', 87, 20, 'Suela Hopper Blanco / Blanco', '2025-04-22 00:41:01', '2025-04-22 05:09:20'),
(260, 'prueba', 'colores', 348.54, 'Nota', 85, 23, 'xcgvs', '2025-04-22 05:44:30', '2025-05-28 04:16:27'),
(261, 'prueba', 'color', 103.48, 'Nota', 73, 23, 'styhrty', '2025-04-22 05:49:23', '2025-05-28 04:16:27'),
(262, 'prueba', 'color', 375.66, 'Nota', 85, 17, 'No lleva ojillo', '2025-04-22 06:11:38', '2025-04-22 06:11:58'),
(263, 'Microfibra Capri', 'Negro', 299.68, 'Nota', 108, 21, 'Cintillas Negras', '2025-04-22 23:26:02', '2025-04-22 23:26:21'),
(264, 'Malla Mila', 'Negro', 224.21, 'Nota', 71, 17, 'Etiqueta ribers de control de calidad y lengua', '2025-04-24 00:52:32', '2025-04-24 00:56:21'),
(265, 'Pala tejida', 'Gris / Rosa', 353.17, 'Nota', 79, 17, 'Suela un punto arriba', '2025-04-24 00:55:36', '2025-04-24 00:56:21'),
(266, 'Sintetico Tiza', 'Salmon', 299.87, 'Nota', 85, 16, 'Suela Hopper cuña blanca piso negro', '2025-05-01 22:19:34', '2025-05-02 01:51:29'),
(267, 'Sintetico Tiza', 'Amarillo', 338.87, 'Nota', 85, 16, 'Suela CTY-025 Cuña blanca piso negro', '2025-05-01 22:19:35', '2025-05-01 22:47:18'),
(268, 'Malla Crono', 'Verde / Naranja', 253.15, 'Nota', 78, 17, 'Suela un punto arriba', '2025-05-12 21:33:06', '2025-05-12 21:34:46'),
(269, 'Sintetico Capri', 'Negro / Tifany', 269.77, 'Nota', 95, 26, 'Encajillado en caja blanca y papel de china, plantilla memory con marca', '2025-05-14 00:22:57', '2025-05-14 00:34:05'),
(270, 'Sintetico Capri', 'Negro / Rosa Rich', 264.99, 'Nota', 95, 26, 'Caja blanca con marca y papel de china, plantilla memory foam con marca', '2025-05-14 00:22:58', '2025-05-14 00:34:05'),
(271, 'Piel completa', 'Negro', 395.22, 'Nota', 85, 23, 'Modelo para Mercado Libre (trae toda la farmacia)', '2025-06-03 04:23:06', '2025-06-03 04:23:21'),
(272, 'Maya Sandwich', 'Negro', 203.45, 'Nota', 102, 20, 'Suela un punto arriba', '2025-06-10 23:20:49', '2025-06-10 23:23:31'),
(273, 'Pala Anubis', 'Negro Azul', 290.86, 'Nota', 80, 28, 'Lleva marca monarca en lengua, transfer y caja del cliente de dos piezas', '2025-06-11 01:38:51', '2025-06-11 01:53:09'),
(274, 'Pala Anubis', 'Negro Rojo', 325.86, 'Nota', 80, 28, 'Lleva marca monarca en lengua y transfer y caja del cliente de dos piezas', '2025-06-11 01:38:52', '2025-06-11 01:53:09'),
(275, 'Microfibra Capri', 'Negro', 287.70, 'Nota', 108, 28, 'Lleva marca monarca en lengua y transfer, caja del cliente de dos piezas', '2025-06-11 01:39:29', '2025-06-11 01:53:09'),
(276, 'Microfibra Capri', 'Negro', 247.96, 'Nota', 72, 22, 'Sin marcas', '2025-06-12 04:13:48', '2025-06-12 04:28:16'),
(277, 'Microfibra Capri', 'Blanco', 248.85, 'Nota', 72, 22, 'Sin marcas', '2025-06-12 04:27:08', '2025-06-12 04:28:16'),
(278, 'Malla Net1 y microfibra Capri', 'Negro', 343.53, 'Nota', 96, 17, '-', '2025-06-12 04:55:45', '2025-06-12 06:32:50'),
(279, 'Piel', 'Blanco', 257.57, 'Pendiente', 109, 23, '-', '2025-06-19 03:27:03', '2025-06-19 03:29:30'),
(280, 'Sintetico Capri', 'Negro total', 284.94, 'Pendiente', 95, 22, 'Sin marcas', '2025-06-20 03:09:21', '2025-06-20 03:09:21'),
(281, 'Sintetico Capri', 'Negro / Tifany', 284.16, 'Pendiente', 95, 22, 'Sin marcas', '2025-06-20 03:15:48', '2025-06-20 03:15:48'),
(282, 'Sintetico Capri', 'Negro / Rosa Rich', 284.16, 'Pendiente', 95, 22, 'Sin marcas', '2025-06-20 03:18:08', '2025-06-20 03:18:08'),
(284, 'Piel', 'Negro', 147.89, 'Nota', 110, 29, '-', '2025-06-20 06:13:58', '2025-06-20 06:22:32'),
(285, 'Piel', 'Blanco', 147.89, 'Nota', 110, 29, '-', '2025-06-20 06:19:16', '2025-06-20 06:22:32');

--
-- Volcado de datos para la tabla `cotizacion_has_consumibles`
--

INSERT INTO `cotizacion_has_consumibles` (`id`, `idCotizacion`, `idConsumible`, `created_at`, `updated_at`) VALUES
(139, 132, 9, '2024-12-02 23:28:42', '2024-12-02 23:28:42'),
(140, 132, 14, '2024-12-02 23:28:42', '2024-12-02 23:28:42'),
(141, 132, 16, '2024-12-02 23:28:42', '2024-12-02 23:28:42'),
(142, 132, 15, '2024-12-02 23:28:42', '2024-12-02 23:28:42'),
(143, 132, 6, '2024-12-02 23:28:42', '2024-12-02 23:28:42'),
(144, 132, 7, '2024-12-02 23:28:42', '2024-12-02 23:28:42'),
(223, 153, 10, '2025-01-27 23:01:35', '2025-01-27 23:01:35'),
(224, 153, 18, '2025-01-27 23:01:35', '2025-01-27 23:01:35'),
(225, 153, 19, '2025-01-27 23:01:35', '2025-01-27 23:01:35'),
(226, 153, 13, '2025-01-27 23:01:35', '2025-01-27 23:01:35'),
(227, 154, 10, '2025-01-27 23:05:07', '2025-01-27 23:05:07'),
(228, 154, 21, '2025-01-27 23:05:07', '2025-01-27 23:05:07'),
(229, 154, 13, '2025-01-27 23:05:07', '2025-01-27 23:05:07'),
(230, 154, 20, '2025-01-27 23:05:07', '2025-01-27 23:05:07'),
(241, 158, 11, '2025-01-28 02:54:48', '2025-01-28 02:54:48'),
(242, 158, 22, '2025-01-28 02:54:48', '2025-01-28 02:54:48'),
(243, 159, 11, '2025-01-28 03:04:28', '2025-01-28 03:04:28'),
(244, 159, 22, '2025-01-28 03:04:28', '2025-01-28 03:04:28'),
(245, 160, 10, '2025-01-28 04:27:10', '2025-01-28 04:27:10'),
(246, 160, 16, '2025-01-28 04:27:10', '2025-01-28 04:27:10'),
(247, 160, 22, '2025-01-28 04:27:10', '2025-01-28 04:27:10'),
(248, 160, 24, '2025-01-28 04:27:10', '2025-01-28 04:27:10'),
(249, 161, 10, '2025-01-28 07:38:46', '2025-01-28 07:38:46'),
(250, 161, 28, '2025-01-28 07:38:46', '2025-01-28 07:38:46'),
(251, 161, 25, '2025-01-28 07:38:46', '2025-01-28 07:38:46'),
(252, 161, 26, '2025-01-28 07:38:46', '2025-01-28 07:38:46'),
(253, 161, 27, '2025-01-28 07:38:46', '2025-01-28 07:38:46'),
(254, 162, 10, '2025-01-28 07:44:15', '2025-01-28 07:44:15'),
(255, 162, 28, '2025-01-28 07:44:15', '2025-01-28 07:44:15'),
(256, 162, 25, '2025-01-28 07:44:15', '2025-01-28 07:44:15'),
(257, 162, 26, '2025-01-28 07:44:15', '2025-01-28 07:44:15'),
(258, 162, 27, '2025-01-28 07:44:15', '2025-01-28 07:44:15'),
(277, 167, 30, '2025-01-30 23:23:42', '2025-01-30 23:23:42'),
(278, 167, 10, '2025-01-30 23:23:43', '2025-01-30 23:23:43'),
(279, 167, 16, '2025-01-30 23:23:43', '2025-01-30 23:23:43'),
(280, 167, 22, '2025-01-30 23:23:43', '2025-01-30 23:23:43'),
(281, 167, 7, '2025-01-30 23:23:43', '2025-01-30 23:23:43'),
(282, 167, 24, '2025-01-30 23:23:43', '2025-01-30 23:23:43'),
(298, 171, 10, '2025-02-04 05:22:09', '2025-02-04 05:22:09'),
(299, 171, 21, '2025-02-04 05:22:09', '2025-02-04 05:22:09'),
(300, 171, 13, '2025-02-04 05:22:09', '2025-02-04 05:22:09'),
(303, 173, 11, '2025-02-10 21:52:33', '2025-02-10 21:52:33'),
(304, 173, 6, '2025-02-10 21:52:33', '2025-02-10 21:52:33'),
(305, 174, 30, '2025-02-10 22:00:33', '2025-02-10 22:00:33'),
(306, 174, 10, '2025-02-10 22:00:33', '2025-02-10 22:00:33'),
(307, 174, 32, '2025-02-10 22:00:33', '2025-02-10 22:00:33'),
(308, 174, 22, '2025-02-10 22:00:33', '2025-02-10 22:00:33'),
(309, 174, 31, '2025-02-10 22:00:33', '2025-02-10 22:00:33'),
(314, 177, 30, '2025-02-12 00:05:43', '2025-02-12 00:05:43'),
(315, 177, 11, '2025-02-12 00:05:43', '2025-02-12 00:05:43'),
(316, 177, 32, '2025-02-12 00:05:43', '2025-02-12 00:05:43'),
(317, 177, 33, '2025-02-12 00:05:43', '2025-02-12 00:05:43'),
(318, 177, 22, '2025-02-12 00:05:43', '2025-02-12 00:05:43'),
(319, 177, 31, '2025-02-12 00:05:43', '2025-02-12 00:05:43'),
(320, 178, 30, '2025-02-13 02:22:17', '2025-02-13 02:22:17'),
(321, 178, 10, '2025-02-13 02:22:17', '2025-02-13 02:22:17'),
(322, 178, 13, '2025-02-13 02:22:17', '2025-02-13 02:22:17'),
(323, 178, 34, '2025-02-13 02:22:17', '2025-02-13 02:22:17'),
(324, 178, 31, '2025-02-13 02:22:17', '2025-02-13 02:22:17'),
(325, 179, 30, '2025-02-13 02:26:29', '2025-02-13 02:26:29'),
(326, 179, 10, '2025-02-13 02:26:29', '2025-02-13 02:26:29'),
(327, 179, 5, '2025-02-13 02:26:29', '2025-02-13 02:26:29'),
(328, 179, 13, '2025-02-13 02:26:29', '2025-02-13 02:26:29'),
(329, 179, 31, '2025-02-13 02:26:30', '2025-02-13 02:26:30'),
(330, 180, 30, '2025-02-13 02:32:03', '2025-02-13 02:32:03'),
(331, 180, 10, '2025-02-13 02:32:03', '2025-02-13 02:32:03'),
(332, 180, 5, '2025-02-13 02:32:03', '2025-02-13 02:32:03'),
(333, 180, 13, '2025-02-13 02:32:03', '2025-02-13 02:32:03'),
(334, 180, 31, '2025-02-13 02:32:03', '2025-02-13 02:32:03'),
(341, 182, 30, '2025-02-18 03:04:42', '2025-02-18 03:04:42'),
(342, 182, 10, '2025-02-18 03:04:42', '2025-02-18 03:04:42'),
(343, 182, 13, '2025-02-18 03:04:42', '2025-02-18 03:04:42'),
(344, 182, 31, '2025-02-18 03:04:42', '2025-02-18 03:04:42'),
(345, 183, 8, '2025-02-18 03:18:22', '2025-02-18 03:18:22'),
(346, 183, 13, '2025-02-18 03:18:22', '2025-02-18 03:18:22'),
(347, 183, 12, '2025-02-18 03:18:22', '2025-02-18 03:18:22'),
(352, 185, 30, '2025-02-19 02:09:20', '2025-02-19 02:09:20'),
(353, 185, 10, '2025-02-19 02:09:20', '2025-02-19 02:09:20'),
(354, 185, 21, '2025-02-19 02:09:20', '2025-02-19 02:09:20'),
(355, 185, 13, '2025-02-19 02:09:20', '2025-02-19 02:09:20'),
(356, 185, 17, '2025-02-19 02:09:20', '2025-02-19 02:09:20'),
(357, 185, 31, '2025-02-19 02:09:20', '2025-02-19 02:09:20'),
(358, 186, 30, '2025-02-19 02:24:28', '2025-02-19 02:24:28'),
(359, 186, 10, '2025-02-19 02:24:28', '2025-02-19 02:24:28'),
(360, 186, 21, '2025-02-19 02:24:28', '2025-02-19 02:24:28'),
(361, 186, 35, '2025-02-19 02:24:28', '2025-02-19 02:24:28'),
(362, 186, 17, '2025-02-19 02:24:28', '2025-02-19 02:24:28'),
(363, 186, 31, '2025-02-19 02:24:28', '2025-02-19 02:24:28'),
(364, 187, 30, '2025-02-19 02:29:40', '2025-02-19 02:29:40'),
(365, 187, 10, '2025-02-19 02:29:40', '2025-02-19 02:29:40'),
(366, 187, 21, '2025-02-19 02:29:40', '2025-02-19 02:29:40'),
(367, 187, 35, '2025-02-19 02:29:41', '2025-02-19 02:29:41'),
(368, 187, 17, '2025-02-19 02:29:41', '2025-02-19 02:29:41'),
(369, 187, 31, '2025-02-19 02:29:41', '2025-02-19 02:29:41'),
(376, 189, 30, '2025-02-19 02:45:35', '2025-02-19 02:45:35'),
(377, 189, 10, '2025-02-19 02:45:35', '2025-02-19 02:45:35'),
(378, 189, 32, '2025-02-19 02:45:35', '2025-02-19 02:45:35'),
(379, 189, 5, '2025-02-19 02:45:35', '2025-02-19 02:45:35'),
(380, 189, 22, '2025-02-19 02:45:35', '2025-02-19 02:45:35'),
(381, 189, 31, '2025-02-19 02:45:35', '2025-02-19 02:45:35'),
(382, 190, 30, '2025-02-19 03:19:00', '2025-02-19 03:19:00'),
(383, 190, 10, '2025-02-19 03:19:00', '2025-02-19 03:19:00'),
(384, 190, 18, '2025-02-19 03:19:00', '2025-02-19 03:19:00'),
(385, 190, 19, '2025-02-19 03:19:00', '2025-02-19 03:19:00'),
(386, 190, 6, '2025-02-19 03:19:00', '2025-02-19 03:19:00'),
(387, 190, 31, '2025-02-19 03:19:00', '2025-02-19 03:19:00'),
(388, 191, 30, '2025-02-19 03:34:35', '2025-02-19 03:34:35'),
(389, 191, 10, '2025-02-19 03:34:35', '2025-02-19 03:34:35'),
(390, 191, 18, '2025-02-19 03:34:35', '2025-02-19 03:34:35'),
(391, 191, 19, '2025-02-19 03:34:35', '2025-02-19 03:34:35'),
(392, 191, 35, '2025-02-19 03:34:35', '2025-02-19 03:34:35'),
(393, 191, 31, '2025-02-19 03:34:36', '2025-02-19 03:34:36'),
(394, 192, 30, '2025-02-19 05:09:43', '2025-02-19 05:09:43'),
(395, 192, 10, '2025-02-19 05:09:43', '2025-02-19 05:09:43'),
(396, 192, 21, '2025-02-19 05:09:43', '2025-02-19 05:09:43'),
(397, 192, 35, '2025-02-19 05:09:43', '2025-02-19 05:09:43'),
(398, 192, 20, '2025-02-19 05:09:43', '2025-02-19 05:09:43'),
(399, 192, 31, '2025-02-19 05:09:43', '2025-02-19 05:09:43'),
(410, 195, 30, '2025-02-20 04:42:26', '2025-02-20 04:42:26'),
(411, 195, 11, '2025-02-20 04:42:26', '2025-02-20 04:42:26'),
(412, 195, 32, '2025-02-20 04:42:26', '2025-02-20 04:42:26'),
(413, 195, 33, '2025-02-20 04:42:26', '2025-02-20 04:42:26'),
(414, 195, 6, '2025-02-20 04:42:26', '2025-02-20 04:42:26'),
(415, 195, 31, '2025-02-20 04:42:26', '2025-02-20 04:42:26'),
(416, 196, 30, '2025-02-20 04:52:38', '2025-02-20 04:52:38'),
(417, 196, 10, '2025-02-20 04:52:38', '2025-02-20 04:52:38'),
(418, 196, 5, '2025-02-20 04:52:38', '2025-02-20 04:52:38'),
(419, 196, 16, '2025-02-20 04:52:38', '2025-02-20 04:52:38'),
(420, 196, 6, '2025-02-20 04:52:38', '2025-02-20 04:52:38'),
(421, 196, 31, '2025-02-20 04:52:38', '2025-02-20 04:52:38'),
(422, 196, 7, '2025-02-20 04:52:38', '2025-02-20 04:52:38'),
(423, 196, 23, '2025-02-20 04:52:38', '2025-02-20 04:52:38'),
(424, 197, 30, '2025-02-20 04:57:23', '2025-02-20 04:57:23'),
(425, 197, 10, '2025-02-20 04:57:23', '2025-02-20 04:57:23'),
(426, 197, 5, '2025-02-20 04:57:23', '2025-02-20 04:57:23'),
(427, 197, 16, '2025-02-20 04:57:23', '2025-02-20 04:57:23'),
(428, 197, 6, '2025-02-20 04:57:23', '2025-02-20 04:57:23'),
(429, 197, 31, '2025-02-20 04:57:23', '2025-02-20 04:57:23'),
(430, 197, 7, '2025-02-20 04:57:23', '2025-02-20 04:57:23'),
(431, 197, 23, '2025-02-20 04:57:23', '2025-02-20 04:57:23'),
(432, 198, 30, '2025-02-20 22:28:01', '2025-02-20 22:28:01'),
(433, 198, 8, '2025-02-20 22:28:01', '2025-02-20 22:28:01'),
(434, 198, 38, '2025-02-20 22:28:01', '2025-02-20 22:28:01'),
(435, 198, 37, '2025-02-20 22:28:01', '2025-02-20 22:28:01'),
(436, 198, 13, '2025-02-20 22:28:01', '2025-02-20 22:28:01'),
(437, 198, 12, '2025-02-20 22:28:01', '2025-02-20 22:28:01'),
(438, 198, 31, '2025-02-20 22:28:01', '2025-02-20 22:28:01'),
(453, 201, 30, '2025-02-20 23:09:25', '2025-02-20 23:09:25'),
(454, 201, 8, '2025-02-20 23:09:25', '2025-02-20 23:09:25'),
(455, 201, 38, '2025-02-20 23:09:25', '2025-02-20 23:09:25'),
(456, 201, 37, '2025-02-20 23:09:25', '2025-02-20 23:09:25'),
(457, 201, 13, '2025-02-20 23:09:25', '2025-02-20 23:09:25'),
(458, 201, 12, '2025-02-20 23:09:25', '2025-02-20 23:09:25'),
(459, 201, 31, '2025-02-20 23:09:25', '2025-02-20 23:09:25'),
(475, 204, 30, '2025-02-25 06:10:26', '2025-02-25 06:10:26'),
(476, 204, 8, '2025-02-25 06:10:26', '2025-02-25 06:10:26'),
(477, 204, 38, '2025-02-25 06:10:26', '2025-02-25 06:10:26'),
(478, 204, 5, '2025-02-25 06:10:26', '2025-02-25 06:10:26'),
(479, 204, 37, '2025-02-25 06:10:26', '2025-02-25 06:10:26'),
(480, 204, 13, '2025-02-25 06:10:26', '2025-02-25 06:10:26'),
(481, 204, 12, '2025-02-25 06:10:26', '2025-02-25 06:10:26'),
(482, 204, 31, '2025-02-25 06:10:26', '2025-02-25 06:10:26'),
(483, 205, 30, '2025-02-27 07:37:15', '2025-02-27 07:37:15'),
(484, 205, 10, '2025-02-27 07:37:15', '2025-02-27 07:37:15'),
(485, 205, 38, '2025-02-27 07:37:15', '2025-02-27 07:37:15'),
(486, 205, 37, '2025-02-27 07:37:15', '2025-02-27 07:37:15'),
(487, 205, 13, '2025-02-27 07:37:15', '2025-02-27 07:37:15'),
(488, 205, 31, '2025-02-27 07:37:15', '2025-02-27 07:37:15'),
(489, 206, 30, '2025-02-27 07:39:20', '2025-02-27 07:39:20'),
(490, 206, 10, '2025-02-27 07:39:20', '2025-02-27 07:39:20'),
(491, 206, 38, '2025-02-27 07:39:20', '2025-02-27 07:39:20'),
(492, 206, 37, '2025-02-27 07:39:20', '2025-02-27 07:39:20'),
(493, 206, 13, '2025-02-27 07:39:20', '2025-02-27 07:39:20'),
(494, 206, 31, '2025-02-27 07:39:20', '2025-02-27 07:39:20'),
(495, 207, 30, '2025-02-27 07:41:35', '2025-02-27 07:41:35'),
(496, 207, 10, '2025-02-27 07:41:35', '2025-02-27 07:41:35'),
(497, 207, 38, '2025-02-27 07:41:35', '2025-02-27 07:41:35'),
(498, 207, 37, '2025-02-27 07:41:35', '2025-02-27 07:41:35'),
(499, 207, 13, '2025-02-27 07:41:35', '2025-02-27 07:41:35'),
(500, 207, 31, '2025-02-27 07:41:35', '2025-02-27 07:41:35'),
(519, 211, 30, '2025-02-27 08:41:21', '2025-02-27 08:41:21'),
(520, 211, 8, '2025-02-27 08:41:21', '2025-02-27 08:41:21'),
(521, 211, 38, '2025-02-27 08:41:21', '2025-02-27 08:41:21'),
(522, 211, 37, '2025-02-27 08:41:21', '2025-02-27 08:41:21'),
(523, 211, 13, '2025-02-27 08:41:21', '2025-02-27 08:41:21'),
(524, 211, 29, '2025-02-27 08:41:21', '2025-02-27 08:41:21'),
(525, 211, 31, '2025-02-27 08:41:21', '2025-02-27 08:41:21'),
(526, 212, 30, '2025-02-27 08:46:40', '2025-02-27 08:46:40'),
(527, 212, 9, '2025-02-27 08:46:40', '2025-02-27 08:46:40'),
(528, 212, 38, '2025-02-27 08:46:40', '2025-02-27 08:46:40'),
(529, 212, 37, '2025-02-27 08:46:40', '2025-02-27 08:46:40'),
(530, 212, 16, '2025-02-27 08:46:40', '2025-02-27 08:46:40'),
(531, 212, 6, '2025-02-27 08:46:40', '2025-02-27 08:46:40'),
(532, 212, 15, '2025-02-27 08:46:40', '2025-02-27 08:46:40'),
(533, 212, 31, '2025-02-27 08:46:40', '2025-02-27 08:46:40'),
(548, 215, 30, '2025-03-02 04:45:28', '2025-03-02 04:45:28'),
(549, 215, 10, '2025-03-02 04:45:28', '2025-03-02 04:45:28'),
(550, 215, 38, '2025-03-02 04:45:28', '2025-03-02 04:45:28'),
(551, 215, 37, '2025-03-02 04:45:28', '2025-03-02 04:45:28'),
(552, 215, 13, '2025-03-02 04:45:28', '2025-03-02 04:45:28'),
(553, 215, 31, '2025-03-02 04:45:28', '2025-03-02 04:45:28'),
(578, 217, 30, '2025-03-05 03:57:02', '2025-03-05 03:57:02'),
(579, 217, 10, '2025-03-05 03:57:02', '2025-03-05 03:57:02'),
(580, 217, 32, '2025-03-05 03:57:02', '2025-03-05 03:57:02'),
(581, 217, 16, '2025-03-05 03:57:02', '2025-03-05 03:57:02'),
(582, 217, 6, '2025-03-05 03:57:02', '2025-03-05 03:57:02'),
(583, 217, 31, '2025-03-05 03:57:02', '2025-03-05 03:57:02'),
(590, 218, 30, '2025-03-05 04:00:49', '2025-03-05 04:00:49'),
(591, 218, 10, '2025-03-05 04:00:49', '2025-03-05 04:00:49'),
(592, 218, 32, '2025-03-05 04:00:49', '2025-03-05 04:00:49'),
(593, 218, 16, '2025-03-05 04:00:49', '2025-03-05 04:00:49'),
(594, 218, 6, '2025-03-05 04:00:49', '2025-03-05 04:00:49'),
(595, 218, 31, '2025-03-05 04:00:49', '2025-03-05 04:00:49'),
(602, 219, 30, '2025-03-05 04:04:35', '2025-03-05 04:04:35'),
(603, 219, 10, '2025-03-05 04:04:35', '2025-03-05 04:04:35'),
(604, 219, 32, '2025-03-05 04:04:35', '2025-03-05 04:04:35'),
(605, 219, 16, '2025-03-05 04:04:35', '2025-03-05 04:04:35'),
(606, 219, 6, '2025-03-05 04:04:35', '2025-03-05 04:04:35'),
(607, 219, 31, '2025-03-05 04:04:35', '2025-03-05 04:04:35'),
(608, 216, 30, '2025-03-05 04:06:45', '2025-03-05 04:06:45'),
(609, 216, 10, '2025-03-05 04:06:45', '2025-03-05 04:06:45'),
(610, 216, 32, '2025-03-05 04:06:45', '2025-03-05 04:06:45'),
(611, 216, 16, '2025-03-05 04:06:45', '2025-03-05 04:06:45'),
(612, 216, 6, '2025-03-05 04:06:45', '2025-03-05 04:06:45'),
(613, 216, 31, '2025-03-05 04:06:45', '2025-03-05 04:06:45'),
(614, 220, 30, '2025-03-05 04:07:11', '2025-03-05 04:07:11'),
(615, 220, 10, '2025-03-05 04:07:11', '2025-03-05 04:07:11'),
(616, 220, 32, '2025-03-05 04:07:11', '2025-03-05 04:07:11'),
(617, 220, 16, '2025-03-05 04:07:11', '2025-03-05 04:07:11'),
(618, 220, 6, '2025-03-05 04:07:11', '2025-03-05 04:07:11'),
(619, 220, 31, '2025-03-05 04:07:11', '2025-03-05 04:07:11'),
(629, 221, 30, '2025-03-05 05:19:10', '2025-03-05 05:19:10'),
(630, 221, 10, '2025-03-05 05:19:10', '2025-03-05 05:19:10'),
(631, 221, 41, '2025-03-05 05:19:10', '2025-03-05 05:19:10'),
(632, 221, 40, '2025-03-05 05:19:10', '2025-03-05 05:19:10'),
(633, 221, 42, '2025-03-05 05:19:10', '2025-03-05 05:19:10'),
(634, 221, 13, '2025-03-05 05:19:10', '2025-03-05 05:19:10'),
(635, 221, 39, '2025-03-05 05:19:10', '2025-03-05 05:19:10'),
(636, 221, 43, '2025-03-05 05:19:10', '2025-03-05 05:19:10'),
(637, 221, 44, '2025-03-05 05:19:10', '2025-03-05 05:19:10'),
(638, 221, 31, '2025-03-05 05:19:10', '2025-03-05 05:19:10'),
(659, 222, 30, '2025-03-05 05:21:30', '2025-03-05 05:21:30'),
(660, 222, 10, '2025-03-05 05:21:30', '2025-03-05 05:21:30'),
(661, 222, 41, '2025-03-05 05:21:30', '2025-03-05 05:21:30'),
(662, 222, 40, '2025-03-05 05:21:30', '2025-03-05 05:21:30'),
(663, 222, 42, '2025-03-05 05:21:30', '2025-03-05 05:21:30'),
(664, 222, 13, '2025-03-05 05:21:30', '2025-03-05 05:21:30'),
(665, 222, 39, '2025-03-05 05:21:30', '2025-03-05 05:21:30'),
(666, 222, 43, '2025-03-05 05:21:30', '2025-03-05 05:21:30'),
(667, 222, 44, '2025-03-05 05:21:30', '2025-03-05 05:21:30'),
(668, 222, 31, '2025-03-05 05:21:30', '2025-03-05 05:21:30'),
(669, 223, 30, '2025-03-05 05:22:56', '2025-03-05 05:22:56'),
(670, 223, 10, '2025-03-05 05:22:56', '2025-03-05 05:22:56'),
(671, 223, 41, '2025-03-05 05:22:56', '2025-03-05 05:22:56'),
(672, 223, 40, '2025-03-05 05:22:56', '2025-03-05 05:22:56'),
(673, 223, 42, '2025-03-05 05:22:56', '2025-03-05 05:22:56'),
(674, 223, 13, '2025-03-05 05:22:56', '2025-03-05 05:22:56'),
(675, 223, 39, '2025-03-05 05:22:56', '2025-03-05 05:22:56'),
(676, 223, 43, '2025-03-05 05:22:56', '2025-03-05 05:22:56'),
(677, 223, 44, '2025-03-05 05:22:56', '2025-03-05 05:22:56'),
(678, 223, 31, '2025-03-05 05:22:56', '2025-03-05 05:22:56'),
(679, 224, 30, '2025-03-11 00:42:06', '2025-03-11 00:42:06'),
(680, 224, 10, '2025-03-11 00:42:06', '2025-03-11 00:42:06'),
(681, 224, 5, '2025-03-11 00:42:06', '2025-03-11 00:42:06'),
(682, 224, 16, '2025-03-11 00:42:06', '2025-03-11 00:42:06'),
(683, 224, 6, '2025-03-11 00:42:06', '2025-03-11 00:42:06'),
(684, 224, 31, '2025-03-11 00:42:06', '2025-03-11 00:42:06'),
(685, 224, 7, '2025-03-11 00:42:06', '2025-03-11 00:42:06'),
(686, 224, 23, '2025-03-11 00:42:06', '2025-03-11 00:42:06'),
(687, 225, 30, '2025-03-11 00:42:07', '2025-03-11 00:42:07'),
(688, 225, 10, '2025-03-11 00:42:07', '2025-03-11 00:42:07'),
(689, 225, 5, '2025-03-11 00:42:07', '2025-03-11 00:42:07'),
(690, 225, 16, '2025-03-11 00:42:07', '2025-03-11 00:42:07'),
(691, 225, 6, '2025-03-11 00:42:07', '2025-03-11 00:42:07'),
(692, 225, 31, '2025-03-11 00:42:07', '2025-03-11 00:42:07'),
(693, 225, 7, '2025-03-11 00:42:07', '2025-03-11 00:42:07'),
(694, 225, 23, '2025-03-11 00:42:07', '2025-03-11 00:42:07'),
(695, 156, 30, '2025-03-11 00:46:41', '2025-03-11 00:46:41'),
(696, 156, 10, '2025-03-11 00:46:41', '2025-03-11 00:46:41'),
(697, 156, 38, '2025-03-11 00:46:42', '2025-03-11 00:46:42'),
(698, 156, 21, '2025-03-11 00:46:42', '2025-03-11 00:46:42'),
(699, 156, 37, '2025-03-11 00:46:42', '2025-03-11 00:46:42'),
(700, 156, 35, '2025-03-11 00:46:42', '2025-03-11 00:46:42'),
(701, 226, 30, '2025-03-11 01:02:32', '2025-03-11 01:02:32'),
(702, 226, 10, '2025-03-11 01:02:32', '2025-03-11 01:02:32'),
(703, 226, 38, '2025-03-11 01:02:32', '2025-03-11 01:02:32'),
(704, 226, 32, '2025-03-11 01:02:32', '2025-03-11 01:02:32'),
(705, 226, 21, '2025-03-11 01:02:32', '2025-03-11 01:02:32'),
(706, 226, 37, '2025-03-11 01:02:32', '2025-03-11 01:02:32'),
(707, 226, 45, '2025-03-11 01:02:32', '2025-03-11 01:02:32'),
(708, 226, 35, '2025-03-11 01:02:32', '2025-03-11 01:02:32'),
(709, 226, 31, '2025-03-11 01:02:32', '2025-03-11 01:02:32'),
(718, 227, 11, '2025-03-11 04:59:09', '2025-03-11 04:59:09'),
(719, 227, 38, '2025-03-11 04:59:09', '2025-03-11 04:59:09'),
(720, 227, 32, '2025-03-11 04:59:09', '2025-03-11 04:59:09'),
(721, 227, 33, '2025-03-11 04:59:09', '2025-03-11 04:59:09'),
(722, 227, 46, '2025-03-11 04:59:09', '2025-03-11 04:59:09'),
(723, 227, 22, '2025-03-11 04:59:09', '2025-03-11 04:59:09'),
(724, 227, 31, '2025-03-11 04:59:09', '2025-03-11 04:59:09'),
(725, 227, 7, '2025-03-11 04:59:09', '2025-03-11 04:59:09'),
(732, 229, 30, '2025-03-12 05:06:10', '2025-03-12 05:06:10'),
(733, 229, 38, '2025-03-12 05:06:10', '2025-03-12 05:06:10'),
(734, 229, 37, '2025-03-12 05:06:10', '2025-03-12 05:06:10'),
(735, 229, 6, '2025-03-12 05:06:10', '2025-03-12 05:06:10'),
(736, 229, 36, '2025-03-12 05:06:10', '2025-03-12 05:06:10'),
(737, 229, 47, '2025-03-12 05:06:10', '2025-03-12 05:06:10'),
(738, 229, 7, '2025-03-12 05:06:10', '2025-03-12 05:06:10'),
(739, 230, 30, '2025-03-18 22:29:43', '2025-03-18 22:29:43'),
(740, 230, 8, '2025-03-18 22:29:43', '2025-03-18 22:29:43'),
(741, 230, 38, '2025-03-18 22:29:43', '2025-03-18 22:29:43'),
(742, 230, 5, '2025-03-18 22:29:43', '2025-03-18 22:29:43'),
(743, 230, 37, '2025-03-18 22:29:43', '2025-03-18 22:29:43'),
(744, 230, 13, '2025-03-18 22:29:43', '2025-03-18 22:29:43'),
(745, 230, 12, '2025-03-18 22:29:43', '2025-03-18 22:29:43'),
(746, 230, 31, '2025-03-18 22:29:43', '2025-03-18 22:29:43'),
(747, 231, 30, '2025-03-18 22:30:14', '2025-03-18 22:30:14'),
(748, 231, 8, '2025-03-18 22:30:14', '2025-03-18 22:30:14'),
(749, 231, 38, '2025-03-18 22:30:14', '2025-03-18 22:30:14'),
(750, 231, 5, '2025-03-18 22:30:14', '2025-03-18 22:30:14'),
(751, 231, 37, '2025-03-18 22:30:14', '2025-03-18 22:30:14'),
(752, 231, 13, '2025-03-18 22:30:14', '2025-03-18 22:30:14'),
(753, 231, 12, '2025-03-18 22:30:14', '2025-03-18 22:30:14'),
(754, 231, 31, '2025-03-18 22:30:14', '2025-03-18 22:30:14'),
(755, 232, 30, '2025-03-18 22:31:51', '2025-03-18 22:31:51'),
(756, 232, 8, '2025-03-18 22:31:51', '2025-03-18 22:31:51'),
(757, 232, 38, '2025-03-18 22:31:51', '2025-03-18 22:31:51'),
(758, 232, 5, '2025-03-18 22:31:51', '2025-03-18 22:31:51'),
(759, 232, 37, '2025-03-18 22:31:51', '2025-03-18 22:31:51'),
(760, 232, 13, '2025-03-18 22:31:51', '2025-03-18 22:31:51'),
(761, 232, 12, '2025-03-18 22:31:51', '2025-03-18 22:31:51'),
(762, 232, 31, '2025-03-18 22:31:51', '2025-03-18 22:31:51'),
(763, 233, 30, '2025-03-18 22:32:59', '2025-03-18 22:32:59'),
(764, 233, 10, '2025-03-18 22:32:59', '2025-03-18 22:32:59'),
(765, 233, 32, '2025-03-18 22:32:59', '2025-03-18 22:32:59'),
(766, 233, 5, '2025-03-18 22:32:59', '2025-03-18 22:32:59'),
(767, 233, 22, '2025-03-18 22:32:59', '2025-03-18 22:32:59'),
(768, 233, 31, '2025-03-18 22:32:59', '2025-03-18 22:32:59'),
(769, 234, 30, '2025-03-18 22:34:21', '2025-03-18 22:34:21'),
(770, 234, 10, '2025-03-18 22:34:21', '2025-03-18 22:34:21'),
(771, 234, 32, '2025-03-18 22:34:21', '2025-03-18 22:34:21'),
(772, 234, 5, '2025-03-18 22:34:21', '2025-03-18 22:34:21'),
(773, 234, 22, '2025-03-18 22:34:21', '2025-03-18 22:34:21'),
(774, 234, 31, '2025-03-18 22:34:21', '2025-03-18 22:34:21'),
(793, 238, 30, '2025-03-18 23:08:17', '2025-03-18 23:08:17'),
(794, 238, 8, '2025-03-18 23:08:17', '2025-03-18 23:08:17'),
(795, 238, 38, '2025-03-18 23:08:17', '2025-03-18 23:08:17'),
(796, 238, 5, '2025-03-18 23:08:17', '2025-03-18 23:08:17'),
(797, 238, 13, '2025-03-18 23:08:17', '2025-03-18 23:08:17'),
(798, 238, 12, '2025-03-18 23:08:17', '2025-03-18 23:08:17'),
(799, 238, 7, '2025-03-18 23:08:17', '2025-03-18 23:08:17'),
(800, 240, 30, '2025-03-18 23:51:01', '2025-03-18 23:51:01'),
(801, 240, 11, '2025-03-18 23:51:01', '2025-03-18 23:51:01'),
(802, 240, 32, '2025-03-18 23:51:01', '2025-03-18 23:51:01'),
(803, 240, 33, '2025-03-18 23:51:01', '2025-03-18 23:51:01'),
(804, 240, 22, '2025-03-18 23:51:01', '2025-03-18 23:51:01'),
(805, 241, 30, '2025-03-19 00:35:10', '2025-03-19 00:35:10'),
(806, 241, 10, '2025-03-19 00:35:11', '2025-03-19 00:35:11'),
(807, 241, 38, '2025-03-19 00:35:11', '2025-03-19 00:35:11'),
(808, 241, 5, '2025-03-19 00:35:11', '2025-03-19 00:35:11'),
(809, 241, 6, '2025-03-19 00:35:11', '2025-03-19 00:35:11'),
(810, 241, 7, '2025-03-19 00:35:11', '2025-03-19 00:35:11'),
(811, 242, 30, '2025-03-19 00:44:40', '2025-03-19 00:44:40'),
(812, 242, 10, '2025-03-19 00:44:40', '2025-03-19 00:44:40'),
(813, 242, 32, '2025-03-19 00:44:40', '2025-03-19 00:44:40'),
(814, 242, 5, '2025-03-19 00:44:40', '2025-03-19 00:44:40'),
(815, 242, 16, '2025-03-19 00:44:40', '2025-03-19 00:44:40'),
(816, 242, 22, '2025-03-19 00:44:40', '2025-03-19 00:44:40'),
(817, 242, 7, '2025-03-19 00:44:40', '2025-03-19 00:44:40'),
(818, 242, 23, '2025-03-19 00:44:40', '2025-03-19 00:44:40'),
(825, 244, 30, '2025-03-19 09:39:13', '2025-03-19 09:39:13'),
(826, 244, 10, '2025-03-19 09:39:13', '2025-03-19 09:39:13'),
(827, 244, 32, '2025-03-19 09:39:13', '2025-03-19 09:39:13'),
(828, 244, 5, '2025-03-19 09:39:13', '2025-03-19 09:39:13'),
(829, 244, 22, '2025-03-19 09:39:13', '2025-03-19 09:39:13'),
(830, 244, 31, '2025-03-19 09:39:13', '2025-03-19 09:39:13'),
(839, 245, 11, '2025-03-20 01:49:55', '2025-03-20 01:49:55'),
(840, 245, 38, '2025-03-20 01:49:55', '2025-03-20 01:49:55'),
(841, 245, 32, '2025-03-20 01:49:55', '2025-03-20 01:49:55'),
(842, 245, 33, '2025-03-20 01:49:55', '2025-03-20 01:49:55'),
(843, 245, 46, '2025-03-20 01:49:55', '2025-03-20 01:49:55'),
(844, 245, 22, '2025-03-20 01:49:55', '2025-03-20 01:49:55'),
(845, 245, 31, '2025-03-20 01:49:55', '2025-03-20 01:49:55'),
(846, 245, 7, '2025-03-20 01:49:55', '2025-03-20 01:49:55'),
(847, 246, 38, '2025-03-20 04:22:16', '2025-03-20 04:22:16'),
(848, 246, 48, '2025-03-20 04:22:16', '2025-03-20 04:22:16'),
(849, 246, 21, '2025-03-20 04:22:16', '2025-03-20 04:22:16'),
(850, 246, 37, '2025-03-20 04:22:16', '2025-03-20 04:22:16'),
(851, 246, 35, '2025-03-20 04:22:16', '2025-03-20 04:22:16'),
(852, 246, 31, '2025-03-20 04:22:16', '2025-03-20 04:22:16'),
(853, 247, 30, '2025-03-20 05:26:54', '2025-03-20 05:26:54'),
(854, 247, 10, '2025-03-20 05:26:54', '2025-03-20 05:26:54'),
(855, 247, 32, '2025-03-20 05:26:54', '2025-03-20 05:26:54'),
(856, 247, 5, '2025-03-20 05:26:54', '2025-03-20 05:26:54'),
(857, 247, 22, '2025-03-20 05:26:54', '2025-03-20 05:26:54'),
(858, 247, 31, '2025-03-20 05:26:54', '2025-03-20 05:26:54'),
(876, 249, 30, '2025-03-21 01:26:32', '2025-03-21 01:26:32'),
(877, 249, 10, '2025-03-21 01:26:32', '2025-03-21 01:26:32'),
(878, 249, 38, '2025-03-21 01:26:32', '2025-03-21 01:26:32'),
(879, 249, 32, '2025-03-21 01:26:32', '2025-03-21 01:26:32'),
(880, 249, 37, '2025-03-21 01:26:32', '2025-03-21 01:26:32'),
(881, 249, 22, '2025-03-21 01:26:32', '2025-03-21 01:26:32'),
(882, 249, 31, '2025-03-21 01:26:32', '2025-03-21 01:26:32'),
(883, 166, 30, '2025-03-21 01:40:43', '2025-03-21 01:40:43'),
(884, 166, 10, '2025-03-21 01:40:43', '2025-03-21 01:40:43'),
(885, 166, 28, '2025-03-21 01:40:43', '2025-03-21 01:40:43'),
(886, 166, 38, '2025-03-21 01:40:43', '2025-03-21 01:40:43'),
(887, 166, 32, '2025-03-21 01:40:43', '2025-03-21 01:40:43'),
(888, 166, 37, '2025-03-21 01:40:43', '2025-03-21 01:40:43'),
(889, 166, 16, '2025-03-21 01:40:43', '2025-03-21 01:40:43'),
(890, 166, 27, '2025-03-21 01:40:43', '2025-03-21 01:40:43'),
(891, 166, 24, '2025-03-21 01:40:43', '2025-03-21 01:40:43'),
(892, 250, 30, '2025-03-21 02:12:24', '2025-03-21 02:12:24'),
(893, 250, 10, '2025-03-21 02:12:24', '2025-03-21 02:12:24'),
(894, 250, 13, '2025-03-21 02:12:24', '2025-03-21 02:12:24'),
(895, 250, 34, '2025-03-21 02:12:24', '2025-03-21 02:12:24'),
(896, 250, 31, '2025-03-21 02:12:24', '2025-03-21 02:12:24'),
(899, 251, 30, '2025-03-27 02:41:09', '2025-03-27 02:41:09'),
(900, 251, 11, '2025-03-27 02:41:09', '2025-03-27 02:41:09'),
(901, 251, 41, '2025-03-27 02:41:09', '2025-03-27 02:41:09'),
(902, 251, 32, '2025-03-27 02:41:09', '2025-03-27 02:41:09'),
(903, 251, 33, '2025-03-27 02:41:09', '2025-03-27 02:41:09'),
(904, 251, 5, '2025-03-27 02:41:09', '2025-03-27 02:41:09'),
(905, 251, 42, '2025-03-27 02:41:09', '2025-03-27 02:41:09'),
(906, 251, 22, '2025-03-27 02:41:09', '2025-03-27 02:41:09'),
(907, 251, 31, '2025-03-27 02:41:09', '2025-03-27 02:41:09'),
(908, 194, 30, '2025-04-01 22:30:33', '2025-04-01 22:30:33'),
(909, 194, 8, '2025-04-01 22:30:33', '2025-04-01 22:30:33'),
(910, 194, 38, '2025-04-01 22:30:33', '2025-04-01 22:30:33'),
(911, 194, 5, '2025-04-01 22:30:33', '2025-04-01 22:30:33'),
(912, 194, 37, '2025-04-01 22:30:33', '2025-04-01 22:30:33'),
(913, 194, 13, '2025-04-01 22:30:33', '2025-04-01 22:30:33'),
(914, 194, 12, '2025-04-01 22:30:33', '2025-04-01 22:30:33'),
(915, 194, 31, '2025-04-01 22:30:33', '2025-04-01 22:30:33'),
(916, 194, 7, '2025-04-01 22:30:33', '2025-04-01 22:30:33'),
(917, 252, 30, '2025-04-03 23:28:31', '2025-04-03 23:28:31'),
(918, 252, 8, '2025-04-03 23:28:31', '2025-04-03 23:28:31'),
(919, 252, 38, '2025-04-03 23:28:31', '2025-04-03 23:28:31'),
(920, 252, 37, '2025-04-03 23:28:31', '2025-04-03 23:28:31'),
(921, 252, 13, '2025-04-03 23:28:31', '2025-04-03 23:28:31'),
(922, 252, 36, '2025-04-03 23:28:31', '2025-04-03 23:28:31'),
(923, 252, 31, '2025-04-03 23:28:31', '2025-04-03 23:28:31'),
(924, 252, 7, '2025-04-03 23:28:31', '2025-04-03 23:28:31'),
(925, 253, 30, '2025-04-03 23:33:31', '2025-04-03 23:33:31'),
(926, 253, 8, '2025-04-03 23:33:31', '2025-04-03 23:33:31'),
(927, 253, 38, '2025-04-03 23:33:31', '2025-04-03 23:33:31'),
(928, 253, 37, '2025-04-03 23:33:31', '2025-04-03 23:33:31'),
(929, 253, 6, '2025-04-03 23:33:31', '2025-04-03 23:33:31'),
(930, 253, 36, '2025-04-03 23:33:31', '2025-04-03 23:33:31'),
(931, 253, 31, '2025-04-03 23:33:31', '2025-04-03 23:33:31'),
(932, 253, 7, '2025-04-03 23:33:31', '2025-04-03 23:33:31'),
(933, 184, 30, '2025-04-03 23:37:12', '2025-04-03 23:37:12'),
(934, 184, 10, '2025-04-03 23:37:12', '2025-04-03 23:37:12'),
(935, 184, 38, '2025-04-03 23:37:12', '2025-04-03 23:37:12'),
(936, 184, 5, '2025-04-03 23:37:12', '2025-04-03 23:37:12'),
(937, 184, 37, '2025-04-03 23:37:12', '2025-04-03 23:37:12'),
(938, 184, 6, '2025-04-03 23:37:12', '2025-04-03 23:37:12'),
(939, 184, 31, '2025-04-03 23:37:12', '2025-04-03 23:37:12'),
(940, 184, 7, '2025-04-03 23:37:12', '2025-04-03 23:37:12'),
(955, 255, 30, '2025-04-04 23:45:30', '2025-04-04 23:45:30'),
(956, 255, 8, '2025-04-04 23:45:30', '2025-04-04 23:45:30'),
(957, 255, 38, '2025-04-04 23:45:30', '2025-04-04 23:45:30'),
(958, 255, 5, '2025-04-04 23:45:30', '2025-04-04 23:45:30'),
(959, 255, 37, '2025-04-04 23:45:30', '2025-04-04 23:45:30'),
(960, 255, 13, '2025-04-04 23:45:30', '2025-04-04 23:45:30'),
(961, 255, 12, '2025-04-04 23:45:30', '2025-04-04 23:45:30'),
(962, 255, 31, '2025-04-04 23:45:30', '2025-04-04 23:45:30'),
(963, 255, 7, '2025-04-04 23:45:30', '2025-04-04 23:45:30'),
(964, 256, 30, '2025-04-21 22:20:36', '2025-04-21 22:20:36'),
(965, 256, 8, '2025-04-21 22:20:36', '2025-04-21 22:20:36'),
(966, 256, 38, '2025-04-21 22:20:36', '2025-04-21 22:20:36'),
(967, 256, 37, '2025-04-21 22:20:36', '2025-04-21 22:20:36'),
(968, 256, 13, '2025-04-21 22:20:36', '2025-04-21 22:20:36'),
(969, 256, 12, '2025-04-21 22:20:36', '2025-04-21 22:20:36'),
(970, 256, 31, '2025-04-21 22:20:36', '2025-04-21 22:20:36'),
(971, 257, 30, '2025-04-21 23:15:41', '2025-04-21 23:15:41'),
(972, 257, 10, '2025-04-21 23:15:41', '2025-04-21 23:15:41'),
(973, 257, 21, '2025-04-21 23:15:41', '2025-04-21 23:15:41'),
(974, 257, 35, '2025-04-21 23:15:41', '2025-04-21 23:15:41'),
(975, 257, 20, '2025-04-21 23:15:41', '2025-04-21 23:15:41'),
(976, 257, 31, '2025-04-21 23:15:41', '2025-04-21 23:15:41'),
(977, 228, 30, '2025-04-22 00:35:31', '2025-04-22 00:35:31'),
(978, 228, 10, '2025-04-22 00:35:31', '2025-04-22 00:35:31'),
(979, 228, 38, '2025-04-22 00:35:31', '2025-04-22 00:35:31'),
(980, 228, 5, '2025-04-22 00:35:31', '2025-04-22 00:35:31'),
(981, 228, 37, '2025-04-22 00:35:31', '2025-04-22 00:35:31'),
(982, 228, 6, '2025-04-22 00:35:31', '2025-04-22 00:35:31'),
(983, 228, 31, '2025-04-22 00:35:31', '2025-04-22 00:35:31'),
(984, 228, 7, '2025-04-22 00:35:31', '2025-04-22 00:35:31'),
(985, 258, 30, '2025-04-22 00:37:00', '2025-04-22 00:37:00'),
(986, 258, 10, '2025-04-22 00:37:00', '2025-04-22 00:37:00'),
(987, 258, 38, '2025-04-22 00:37:00', '2025-04-22 00:37:00'),
(988, 258, 5, '2025-04-22 00:37:00', '2025-04-22 00:37:00'),
(989, 258, 37, '2025-04-22 00:37:00', '2025-04-22 00:37:00'),
(990, 258, 6, '2025-04-22 00:37:00', '2025-04-22 00:37:00'),
(991, 258, 31, '2025-04-22 00:37:00', '2025-04-22 00:37:00'),
(992, 258, 7, '2025-04-22 00:37:00', '2025-04-22 00:37:00'),
(993, 259, 30, '2025-04-22 00:41:02', '2025-04-22 00:41:02'),
(994, 259, 10, '2025-04-22 00:41:02', '2025-04-22 00:41:02'),
(995, 259, 38, '2025-04-22 00:41:02', '2025-04-22 00:41:02'),
(996, 259, 5, '2025-04-22 00:41:02', '2025-04-22 00:41:02'),
(997, 259, 37, '2025-04-22 00:41:02', '2025-04-22 00:41:02'),
(998, 259, 6, '2025-04-22 00:41:02', '2025-04-22 00:41:02'),
(999, 259, 31, '2025-04-22 00:41:02', '2025-04-22 00:41:02'),
(1000, 259, 7, '2025-04-22 00:41:02', '2025-04-22 00:41:02'),
(1001, 262, 30, '2025-04-22 06:11:40', '2025-04-22 06:11:40'),
(1002, 262, 10, '2025-04-22 06:11:40', '2025-04-22 06:11:40'),
(1003, 262, 28, '2025-04-22 06:11:40', '2025-04-22 06:11:40'),
(1004, 262, 38, '2025-04-22 06:11:40', '2025-04-22 06:11:40'),
(1005, 262, 32, '2025-04-22 06:11:40', '2025-04-22 06:11:40'),
(1006, 262, 5, '2025-04-22 06:11:40', '2025-04-22 06:11:40'),
(1007, 262, 37, '2025-04-22 06:11:40', '2025-04-22 06:11:40'),
(1008, 262, 16, '2025-04-22 06:11:41', '2025-04-22 06:11:41'),
(1009, 262, 22, '2025-04-22 06:11:41', '2025-04-22 06:11:41'),
(1010, 262, 31, '2025-04-22 06:11:41', '2025-04-22 06:11:41'),
(1011, 262, 7, '2025-04-22 06:11:41', '2025-04-22 06:11:41'),
(1012, 262, 27, '2025-04-22 06:11:41', '2025-04-22 06:11:41'),
(1013, 262, 23, '2025-04-22 06:11:41', '2025-04-22 06:11:41'),
(1014, 262, 24, '2025-04-22 06:11:41', '2025-04-22 06:11:41'),
(1015, 175, 30, '2025-04-22 22:19:24', '2025-04-22 22:19:24'),
(1016, 175, 11, '2025-04-22 22:19:24', '2025-04-22 22:19:24'),
(1017, 175, 50, '2025-04-22 22:19:24', '2025-04-22 22:19:24'),
(1018, 175, 32, '2025-04-22 22:19:24', '2025-04-22 22:19:24'),
(1019, 175, 33, '2025-04-22 22:19:24', '2025-04-22 22:19:24'),
(1020, 175, 42, '2025-04-22 22:19:24', '2025-04-22 22:19:24'),
(1021, 175, 22, '2025-04-22 22:19:24', '2025-04-22 22:19:24'),
(1022, 175, 31, '2025-04-22 22:19:24', '2025-04-22 22:19:24'),
(1031, 176, 30, '2025-04-22 22:35:26', '2025-04-22 22:35:26'),
(1032, 176, 11, '2025-04-22 22:35:26', '2025-04-22 22:35:26'),
(1033, 176, 50, '2025-04-22 22:35:26', '2025-04-22 22:35:26'),
(1034, 176, 32, '2025-04-22 22:35:26', '2025-04-22 22:35:26'),
(1035, 176, 33, '2025-04-22 22:35:26', '2025-04-22 22:35:26'),
(1036, 176, 42, '2025-04-22 22:35:26', '2025-04-22 22:35:26'),
(1037, 176, 22, '2025-04-22 22:35:26', '2025-04-22 22:35:26'),
(1038, 176, 31, '2025-04-22 22:35:26', '2025-04-22 22:35:26'),
(1039, 263, 30, '2025-04-22 23:26:03', '2025-04-22 23:26:03'),
(1040, 263, 8, '2025-04-22 23:26:03', '2025-04-22 23:26:03'),
(1041, 263, 38, '2025-04-22 23:26:03', '2025-04-22 23:26:03'),
(1042, 263, 37, '2025-04-22 23:26:03', '2025-04-22 23:26:03'),
(1043, 263, 6, '2025-04-22 23:26:03', '2025-04-22 23:26:03'),
(1044, 263, 36, '2025-04-22 23:26:03', '2025-04-22 23:26:03'),
(1045, 263, 31, '2025-04-22 23:26:03', '2025-04-22 23:26:03'),
(1046, 263, 7, '2025-04-22 23:26:03', '2025-04-22 23:26:03'),
(1047, 264, 30, '2025-04-24 00:52:32', '2025-04-24 00:52:32'),
(1048, 264, 8, '2025-04-24 00:52:32', '2025-04-24 00:52:32'),
(1049, 264, 38, '2025-04-24 00:52:32', '2025-04-24 00:52:32'),
(1050, 264, 37, '2025-04-24 00:52:32', '2025-04-24 00:52:32'),
(1051, 264, 31, '2025-04-24 00:52:32', '2025-04-24 00:52:32'),
(1052, 265, 30, '2025-04-24 00:55:37', '2025-04-24 00:55:37'),
(1053, 265, 10, '2025-04-24 00:55:37', '2025-04-24 00:55:37'),
(1054, 265, 38, '2025-04-24 00:55:37', '2025-04-24 00:55:37'),
(1055, 265, 21, '2025-04-24 00:55:37', '2025-04-24 00:55:37'),
(1056, 265, 37, '2025-04-24 00:55:37', '2025-04-24 00:55:37'),
(1057, 265, 35, '2025-04-24 00:55:37', '2025-04-24 00:55:37'),
(1070, 267, 30, '2025-05-01 22:38:25', '2025-05-01 22:38:25'),
(1071, 267, 10, '2025-05-01 22:38:25', '2025-05-01 22:38:25'),
(1072, 267, 38, '2025-05-01 22:38:25', '2025-05-01 22:38:25'),
(1073, 267, 5, '2025-05-01 22:38:25', '2025-05-01 22:38:25'),
(1074, 267, 37, '2025-05-01 22:38:25', '2025-05-01 22:38:25'),
(1075, 267, 6, '2025-05-01 22:38:25', '2025-05-01 22:38:25'),
(1076, 267, 31, '2025-05-01 22:38:25', '2025-05-01 22:38:25'),
(1077, 267, 7, '2025-05-01 22:38:25', '2025-05-01 22:38:25'),
(1078, 267, 23, '2025-05-01 22:38:25', '2025-05-01 22:38:25'),
(1079, 266, 30, '2025-05-01 22:44:33', '2025-05-01 22:44:33'),
(1080, 266, 10, '2025-05-01 22:44:33', '2025-05-01 22:44:33'),
(1081, 266, 38, '2025-05-01 22:44:33', '2025-05-01 22:44:33'),
(1082, 266, 5, '2025-05-01 22:44:33', '2025-05-01 22:44:33'),
(1083, 266, 37, '2025-05-01 22:44:33', '2025-05-01 22:44:33'),
(1084, 266, 6, '2025-05-01 22:44:34', '2025-05-01 22:44:34'),
(1085, 266, 31, '2025-05-01 22:44:34', '2025-05-01 22:44:34'),
(1086, 266, 7, '2025-05-01 22:44:34', '2025-05-01 22:44:34'),
(1087, 266, 23, '2025-05-01 22:44:34', '2025-05-01 22:44:34'),
(1088, 181, 30, '2025-05-08 22:31:49', '2025-05-08 22:31:49'),
(1089, 181, 10, '2025-05-08 22:31:49', '2025-05-08 22:31:49'),
(1090, 181, 38, '2025-05-08 22:31:49', '2025-05-08 22:31:49'),
(1091, 181, 32, '2025-05-08 22:31:49', '2025-05-08 22:31:49'),
(1092, 181, 5, '2025-05-08 22:31:49', '2025-05-08 22:31:49'),
(1093, 181, 37, '2025-05-08 22:31:49', '2025-05-08 22:31:49'),
(1094, 181, 6, '2025-05-08 22:31:49', '2025-05-08 22:31:49'),
(1095, 181, 31, '2025-05-08 22:31:49', '2025-05-08 22:31:49'),
(1096, 181, 7, '2025-05-08 22:31:49', '2025-05-08 22:31:49'),
(1097, 181, 23, '2025-05-08 22:31:49', '2025-05-08 22:31:49'),
(1116, 165, 30, '2025-05-08 22:42:50', '2025-05-08 22:42:50'),
(1117, 165, 10, '2025-05-08 22:42:50', '2025-05-08 22:42:50'),
(1118, 165, 38, '2025-05-08 22:42:50', '2025-05-08 22:42:50'),
(1119, 165, 32, '2025-05-08 22:42:50', '2025-05-08 22:42:50'),
(1120, 165, 37, '2025-05-08 22:42:50', '2025-05-08 22:42:50'),
(1121, 165, 16, '2025-05-08 22:42:50', '2025-05-08 22:42:50'),
(1122, 165, 6, '2025-05-08 22:42:50', '2025-05-08 22:42:50'),
(1123, 165, 36, '2025-05-08 22:42:50', '2025-05-08 22:42:50'),
(1124, 165, 15, '2025-05-08 22:42:50', '2025-05-08 22:42:50'),
(1125, 165, 31, '2025-05-08 22:42:50', '2025-05-08 22:42:50'),
(1126, 165, 7, '2025-05-08 22:42:50', '2025-05-08 22:42:50'),
(1127, 268, 30, '2025-05-12 21:33:06', '2025-05-12 21:33:06'),
(1128, 268, 10, '2025-05-12 21:33:06', '2025-05-12 21:33:06'),
(1129, 268, 21, '2025-05-12 21:33:06', '2025-05-12 21:33:06'),
(1130, 268, 35, '2025-05-12 21:33:06', '2025-05-12 21:33:06'),
(1131, 268, 20, '2025-05-12 21:33:06', '2025-05-12 21:33:06'),
(1132, 268, 31, '2025-05-12 21:33:06', '2025-05-12 21:33:06'),
(1145, 269, 30, '2025-05-14 00:29:29', '2025-05-14 00:29:29'),
(1146, 269, 10, '2025-05-14 00:29:29', '2025-05-14 00:29:29'),
(1147, 269, 38, '2025-05-14 00:29:29', '2025-05-14 00:29:29'),
(1148, 269, 5, '2025-05-14 00:29:29', '2025-05-14 00:29:29'),
(1149, 269, 6, '2025-05-14 00:29:29', '2025-05-14 00:29:29'),
(1150, 269, 31, '2025-05-14 00:29:29', '2025-05-14 00:29:29'),
(1151, 269, 7, '2025-05-14 00:29:29', '2025-05-14 00:29:29'),
(1152, 270, 30, '2025-05-14 00:33:40', '2025-05-14 00:33:40'),
(1153, 270, 10, '2025-05-14 00:33:40', '2025-05-14 00:33:40'),
(1154, 270, 38, '2025-05-14 00:33:40', '2025-05-14 00:33:40'),
(1155, 270, 5, '2025-05-14 00:33:40', '2025-05-14 00:33:40'),
(1156, 270, 6, '2025-05-14 00:33:40', '2025-05-14 00:33:40'),
(1157, 270, 7, '2025-05-14 00:33:40', '2025-05-14 00:33:40'),
(1158, 188, 30, '2025-06-02 22:27:35', '2025-06-02 22:27:35'),
(1159, 188, 10, '2025-06-02 22:27:35', '2025-06-02 22:27:35'),
(1160, 188, 38, '2025-06-02 22:27:35', '2025-06-02 22:27:35'),
(1161, 188, 32, '2025-06-02 22:27:35', '2025-06-02 22:27:35'),
(1162, 188, 5, '2025-06-02 22:27:35', '2025-06-02 22:27:35'),
(1163, 188, 37, '2025-06-02 22:27:35', '2025-06-02 22:27:35'),
(1164, 188, 22, '2025-06-02 22:27:35', '2025-06-02 22:27:35'),
(1165, 188, 31, '2025-06-02 22:27:35', '2025-06-02 22:27:35'),
(1166, 271, 30, '2025-06-03 04:23:07', '2025-06-03 04:23:07'),
(1167, 271, 10, '2025-06-03 04:23:07', '2025-06-03 04:23:07'),
(1168, 271, 38, '2025-06-03 04:23:07', '2025-06-03 04:23:07'),
(1169, 271, 32, '2025-06-03 04:23:07', '2025-06-03 04:23:07'),
(1170, 271, 5, '2025-06-03 04:23:07', '2025-06-03 04:23:07'),
(1171, 271, 37, '2025-06-03 04:23:07', '2025-06-03 04:23:07'),
(1172, 271, 16, '2025-06-03 04:23:07', '2025-06-03 04:23:07'),
(1173, 271, 22, '2025-06-03 04:23:07', '2025-06-03 04:23:07'),
(1174, 271, 31, '2025-06-03 04:23:07', '2025-06-03 04:23:07'),
(1175, 271, 7, '2025-06-03 04:23:07', '2025-06-03 04:23:07'),
(1176, 271, 23, '2025-06-03 04:23:07', '2025-06-03 04:23:07'),
(1177, 235, 30, '2025-06-05 00:41:35', '2025-06-05 00:41:35'),
(1178, 235, 10, '2025-06-05 00:41:35', '2025-06-05 00:41:35'),
(1179, 235, 38, '2025-06-05 00:41:35', '2025-06-05 00:41:35'),
(1180, 235, 5, '2025-06-05 00:41:35', '2025-06-05 00:41:35'),
(1181, 235, 6, '2025-06-05 00:41:35', '2025-06-05 00:41:35'),
(1182, 235, 31, '2025-06-05 00:41:35', '2025-06-05 00:41:35'),
(1183, 235, 7, '2025-06-05 00:41:35', '2025-06-05 00:41:35'),
(1191, 237, 30, '2025-06-05 00:49:00', '2025-06-05 00:49:00'),
(1192, 237, 38, '2025-06-05 00:49:00', '2025-06-05 00:49:00'),
(1193, 237, 5, '2025-06-05 00:49:00', '2025-06-05 00:49:00'),
(1194, 237, 6, '2025-06-05 00:49:00', '2025-06-05 00:49:00'),
(1195, 237, 36, '2025-06-05 00:49:00', '2025-06-05 00:49:00'),
(1196, 237, 47, '2025-06-05 00:49:00', '2025-06-05 00:49:00'),
(1197, 237, 7, '2025-06-05 00:49:00', '2025-06-05 00:49:00'),
(1198, 236, 30, '2025-06-05 00:50:42', '2025-06-05 00:50:42'),
(1199, 236, 38, '2025-06-05 00:50:42', '2025-06-05 00:50:42'),
(1200, 236, 5, '2025-06-05 00:50:42', '2025-06-05 00:50:42'),
(1201, 236, 6, '2025-06-05 00:50:42', '2025-06-05 00:50:42'),
(1202, 236, 36, '2025-06-05 00:50:42', '2025-06-05 00:50:42'),
(1203, 236, 47, '2025-06-05 00:50:42', '2025-06-05 00:50:42'),
(1204, 236, 7, '2025-06-05 00:50:42', '2025-06-05 00:50:42'),
(1205, 172, 30, '2025-06-10 23:18:18', '2025-06-10 23:18:18'),
(1206, 172, 11, '2025-06-10 23:18:18', '2025-06-10 23:18:18'),
(1207, 172, 38, '2025-06-10 23:18:18', '2025-06-10 23:18:18'),
(1208, 172, 32, '2025-06-10 23:18:18', '2025-06-10 23:18:18'),
(1209, 172, 33, '2025-06-10 23:18:18', '2025-06-10 23:18:18'),
(1210, 172, 37, '2025-06-10 23:18:18', '2025-06-10 23:18:18'),
(1211, 172, 6, '2025-06-10 23:18:18', '2025-06-10 23:18:18'),
(1212, 172, 31, '2025-06-10 23:18:18', '2025-06-10 23:18:18'),
(1219, 272, 38, '2025-06-10 23:23:00', '2025-06-10 23:23:00'),
(1220, 272, 48, '2025-06-10 23:23:00', '2025-06-10 23:23:00'),
(1221, 272, 37, '2025-06-10 23:23:00', '2025-06-10 23:23:00'),
(1222, 272, 31, '2025-06-10 23:23:00', '2025-06-10 23:23:00'),
(1243, 273, 30, '2025-06-11 01:44:45', '2025-06-11 01:44:45'),
(1244, 273, 10, '2025-06-11 01:44:45', '2025-06-11 01:44:45'),
(1245, 273, 38, '2025-06-11 01:44:45', '2025-06-11 01:44:45'),
(1246, 273, 37, '2025-06-11 01:44:45', '2025-06-11 01:44:45'),
(1247, 273, 13, '2025-06-11 01:44:45', '2025-06-11 01:44:45'),
(1248, 273, 31, '2025-06-11 01:44:45', '2025-06-11 01:44:45'),
(1249, 274, 30, '2025-06-11 01:48:16', '2025-06-11 01:48:16'),
(1250, 274, 10, '2025-06-11 01:48:16', '2025-06-11 01:48:16'),
(1251, 274, 38, '2025-06-11 01:48:16', '2025-06-11 01:48:16'),
(1252, 274, 37, '2025-06-11 01:48:16', '2025-06-11 01:48:16'),
(1253, 274, 13, '2025-06-11 01:48:16', '2025-06-11 01:48:16'),
(1254, 274, 31, '2025-06-11 01:48:16', '2025-06-11 01:48:16'),
(1255, 275, 30, '2025-06-11 01:52:53', '2025-06-11 01:52:53'),
(1256, 275, 8, '2025-06-11 01:52:53', '2025-06-11 01:52:53'),
(1257, 275, 38, '2025-06-11 01:52:53', '2025-06-11 01:52:53'),
(1258, 275, 37, '2025-06-11 01:52:53', '2025-06-11 01:52:53'),
(1259, 275, 6, '2025-06-11 01:52:53', '2025-06-11 01:52:53'),
(1260, 254, 30, '2025-06-12 00:50:55', '2025-06-12 00:50:55'),
(1261, 254, 10, '2025-06-12 00:50:55', '2025-06-12 00:50:55'),
(1262, 254, 38, '2025-06-12 00:50:55', '2025-06-12 00:50:55'),
(1263, 254, 5, '2025-06-12 00:50:55', '2025-06-12 00:50:55'),
(1264, 254, 37, '2025-06-12 00:50:55', '2025-06-12 00:50:55'),
(1265, 254, 6, '2025-06-12 00:50:55', '2025-06-12 00:50:55'),
(1266, 254, 31, '2025-06-12 00:50:55', '2025-06-12 00:50:55'),
(1267, 254, 7, '2025-06-12 00:50:55', '2025-06-12 00:50:55'),
(1268, 276, 30, '2025-06-12 04:13:49', '2025-06-12 04:13:49'),
(1269, 276, 11, '2025-06-12 04:13:49', '2025-06-12 04:13:49'),
(1270, 276, 50, '2025-06-12 04:13:49', '2025-06-12 04:13:49'),
(1271, 276, 32, '2025-06-12 04:13:49', '2025-06-12 04:13:49'),
(1272, 276, 33, '2025-06-12 04:13:49', '2025-06-12 04:13:49'),
(1273, 276, 37, '2025-06-12 04:13:49', '2025-06-12 04:13:49'),
(1274, 276, 6, '2025-06-12 04:13:49', '2025-06-12 04:13:49'),
(1275, 276, 31, '2025-06-12 04:13:49', '2025-06-12 04:13:49'),
(1276, 277, 30, '2025-06-12 04:27:10', '2025-06-12 04:27:10'),
(1277, 277, 11, '2025-06-12 04:27:10', '2025-06-12 04:27:10'),
(1278, 277, 50, '2025-06-12 04:27:10', '2025-06-12 04:27:10'),
(1279, 277, 32, '2025-06-12 04:27:10', '2025-06-12 04:27:10'),
(1280, 277, 33, '2025-06-12 04:27:10', '2025-06-12 04:27:10'),
(1281, 277, 37, '2025-06-12 04:27:10', '2025-06-12 04:27:10'),
(1282, 277, 6, '2025-06-12 04:27:10', '2025-06-12 04:27:10'),
(1283, 277, 31, '2025-06-12 04:27:10', '2025-06-12 04:27:10'),
(1284, 278, 30, '2025-06-12 05:04:21', '2025-06-12 05:04:21'),
(1285, 278, 10, '2025-06-12 05:04:21', '2025-06-12 05:04:21'),
(1286, 278, 18, '2025-06-12 05:04:21', '2025-06-12 05:04:21'),
(1287, 278, 51, '2025-06-12 05:04:21', '2025-06-12 05:04:21'),
(1288, 278, 38, '2025-06-12 05:04:21', '2025-06-12 05:04:21'),
(1289, 278, 37, '2025-06-12 05:04:21', '2025-06-12 05:04:21'),
(1290, 278, 19, '2025-06-12 05:04:21', '2025-06-12 05:04:21'),
(1291, 278, 35, '2025-06-12 05:04:21', '2025-06-12 05:04:21'),
(1292, 278, 31, '2025-06-12 05:04:21', '2025-06-12 05:04:21'),
(1299, 279, 11, '2025-06-19 03:29:30', '2025-06-19 03:29:30'),
(1300, 279, 50, '2025-06-19 03:29:30', '2025-06-19 03:29:30'),
(1301, 279, 42, '2025-06-19 03:29:30', '2025-06-19 03:29:30'),
(1302, 279, 22, '2025-06-19 03:29:30', '2025-06-19 03:29:30'),
(1303, 279, 52, '2025-06-19 03:29:30', '2025-06-19 03:29:30'),
(1304, 279, 31, '2025-06-19 03:29:30', '2025-06-19 03:29:30'),
(1305, 279, 7, '2025-06-19 03:29:30', '2025-06-19 03:29:30'),
(1306, 280, 30, '2025-06-20 03:09:21', '2025-06-20 03:09:21'),
(1307, 280, 10, '2025-06-20 03:09:21', '2025-06-20 03:09:21'),
(1308, 280, 38, '2025-06-20 03:09:21', '2025-06-20 03:09:21'),
(1309, 280, 37, '2025-06-20 03:09:21', '2025-06-20 03:09:21'),
(1310, 280, 6, '2025-06-20 03:09:21', '2025-06-20 03:09:21'),
(1311, 280, 31, '2025-06-20 03:09:21', '2025-06-20 03:09:21'),
(1312, 281, 30, '2025-06-20 03:15:49', '2025-06-20 03:15:49'),
(1313, 281, 10, '2025-06-20 03:15:49', '2025-06-20 03:15:49'),
(1314, 281, 38, '2025-06-20 03:15:49', '2025-06-20 03:15:49'),
(1315, 281, 37, '2025-06-20 03:15:49', '2025-06-20 03:15:49'),
(1316, 281, 6, '2025-06-20 03:15:49', '2025-06-20 03:15:49'),
(1317, 281, 31, '2025-06-20 03:15:49', '2025-06-20 03:15:49'),
(1318, 282, 30, '2025-06-20 03:18:08', '2025-06-20 03:18:08'),
(1319, 282, 10, '2025-06-20 03:18:08', '2025-06-20 03:18:08'),
(1320, 282, 38, '2025-06-20 03:18:08', '2025-06-20 03:18:08'),
(1321, 282, 37, '2025-06-20 03:18:08', '2025-06-20 03:18:08'),
(1322, 282, 6, '2025-06-20 03:18:08', '2025-06-20 03:18:08'),
(1323, 282, 31, '2025-06-20 03:18:08', '2025-06-20 03:18:08'),
(1351, 284, 57, '2025-06-20 06:15:32', '2025-06-20 06:15:32'),
(1352, 284, 38, '2025-06-20 06:15:32', '2025-06-20 06:15:32'),
(1353, 284, 55, '2025-06-20 06:15:32', '2025-06-20 06:15:32'),
(1354, 284, 53, '2025-06-20 06:15:32', '2025-06-20 06:15:32'),
(1355, 284, 56, '2025-06-20 06:15:32', '2025-06-20 06:15:32'),
(1356, 284, 58, '2025-06-20 06:15:32', '2025-06-20 06:15:32'),
(1357, 284, 54, '2025-06-20 06:15:32', '2025-06-20 06:15:32'),
(1358, 285, 57, '2025-06-20 06:19:17', '2025-06-20 06:19:17'),
(1359, 285, 38, '2025-06-20 06:19:17', '2025-06-20 06:19:17'),
(1360, 285, 55, '2025-06-20 06:19:17', '2025-06-20 06:19:17'),
(1361, 285, 53, '2025-06-20 06:19:17', '2025-06-20 06:19:17'),
(1362, 285, 56, '2025-06-20 06:19:18', '2025-06-20 06:19:18'),
(1363, 285, 58, '2025-06-20 06:19:18', '2025-06-20 06:19:18'),
(1364, 285, 54, '2025-06-20 06:19:18', '2025-06-20 06:19:18');

--
-- Volcado de datos para la tabla `cotizacion_has_costes`
--

INSERT INTO `cotizacion_has_costes` (`id`, `idCotizacion`, `idCoste`, `created_at`, `updated_at`) VALUES
(289, 132, 5, '2024-12-02 23:28:42', '2024-12-02 23:28:42'),
(291, 132, 7, '2024-12-02 23:28:42', '2024-12-02 23:28:42'),
(292, 132, 8, '2024-12-02 23:28:42', '2024-12-02 23:28:42'),
(293, 132, 9, '2024-12-02 23:28:42', '2024-12-02 23:28:42'),
(294, 132, 10, '2024-12-02 23:28:42', '2024-12-02 23:28:42'),
(295, 132, 11, '2024-12-02 23:28:42', '2024-12-02 23:28:42'),
(296, 132, 12, '2024-12-02 23:28:42', '2024-12-02 23:28:42'),
(297, 132, 13, '2024-12-02 23:28:42', '2024-12-02 23:28:42'),
(298, 132, 14, '2024-12-02 23:28:42', '2024-12-02 23:28:42'),
(299, 132, 15, '2024-12-02 23:28:42', '2024-12-02 23:28:42'),
(300, 132, 18, '2024-12-02 23:28:42', '2024-12-02 23:28:42'),
(301, 132, 19, '2024-12-02 23:28:42', '2024-12-02 23:28:42'),
(302, 132, 20, '2024-12-02 23:28:42', '2024-12-02 23:28:42'),
(303, 132, 21, '2024-12-02 23:28:42', '2024-12-02 23:28:42'),
(304, 132, 26, '2024-12-02 23:28:42', '2024-12-02 23:28:42'),
(305, 132, 27, '2024-12-02 23:28:42', '2024-12-02 23:28:42'),
(306, 132, 28, '2024-12-02 23:28:42', '2024-12-02 23:28:42'),
(307, 132, 29, '2024-12-02 23:28:42', '2024-12-02 23:28:42'),
(308, 132, 30, '2024-12-02 23:28:42', '2024-12-02 23:28:42'),
(309, 132, 31, '2024-12-02 23:28:42', '2024-12-02 23:28:42'),
(311, 132, 33, '2024-12-02 23:28:42', '2024-12-02 23:28:42'),
(312, 132, 34, '2024-12-02 23:28:42', '2024-12-02 23:28:42'),
(313, 132, 35, '2024-12-02 23:28:42', '2024-12-02 23:28:42'),
(314, 132, 36, '2024-12-02 23:28:42', '2024-12-02 23:28:42'),
(315, 132, 37, '2024-12-02 23:28:42', '2024-12-02 23:28:42'),
(316, 132, 38, '2024-12-02 23:28:42', '2024-12-02 23:28:42'),
(317, 132, 39, '2024-12-02 23:28:42', '2024-12-02 23:28:42'),
(318, 132, 40, '2024-12-02 23:28:42', '2024-12-02 23:28:42'),
(940, 153, 5, '2025-01-27 23:01:35', '2025-01-27 23:01:35'),
(942, 153, 7, '2025-01-27 23:01:35', '2025-01-27 23:01:35'),
(943, 153, 8, '2025-01-27 23:01:35', '2025-01-27 23:01:35'),
(944, 153, 9, '2025-01-27 23:01:35', '2025-01-27 23:01:35'),
(945, 153, 10, '2025-01-27 23:01:35', '2025-01-27 23:01:35'),
(946, 153, 11, '2025-01-27 23:01:35', '2025-01-27 23:01:35'),
(947, 153, 12, '2025-01-27 23:01:35', '2025-01-27 23:01:35'),
(948, 153, 13, '2025-01-27 23:01:35', '2025-01-27 23:01:35'),
(949, 153, 14, '2025-01-27 23:01:35', '2025-01-27 23:01:35'),
(950, 153, 15, '2025-01-27 23:01:35', '2025-01-27 23:01:35'),
(951, 153, 18, '2025-01-27 23:01:35', '2025-01-27 23:01:35'),
(952, 153, 19, '2025-01-27 23:01:35', '2025-01-27 23:01:35'),
(953, 153, 20, '2025-01-27 23:01:35', '2025-01-27 23:01:35'),
(954, 153, 21, '2025-01-27 23:01:35', '2025-01-27 23:01:35'),
(955, 153, 26, '2025-01-27 23:01:35', '2025-01-27 23:01:35'),
(956, 153, 27, '2025-01-27 23:01:35', '2025-01-27 23:01:35'),
(957, 153, 28, '2025-01-27 23:01:35', '2025-01-27 23:01:35'),
(958, 153, 29, '2025-01-27 23:01:35', '2025-01-27 23:01:35'),
(959, 153, 30, '2025-01-27 23:01:35', '2025-01-27 23:01:35'),
(960, 153, 31, '2025-01-27 23:01:35', '2025-01-27 23:01:35'),
(962, 153, 33, '2025-01-27 23:01:35', '2025-01-27 23:01:35'),
(963, 153, 34, '2025-01-27 23:01:35', '2025-01-27 23:01:35'),
(964, 153, 35, '2025-01-27 23:01:35', '2025-01-27 23:01:35'),
(965, 153, 36, '2025-01-27 23:01:35', '2025-01-27 23:01:35'),
(966, 153, 37, '2025-01-27 23:01:35', '2025-01-27 23:01:35'),
(967, 153, 38, '2025-01-27 23:01:35', '2025-01-27 23:01:35'),
(968, 153, 39, '2025-01-27 23:01:35', '2025-01-27 23:01:35'),
(969, 153, 40, '2025-01-27 23:01:35', '2025-01-27 23:01:35'),
(971, 154, 5, '2025-01-27 23:05:05', '2025-01-27 23:05:05'),
(973, 154, 7, '2025-01-27 23:05:05', '2025-01-27 23:05:05'),
(974, 154, 8, '2025-01-27 23:05:05', '2025-01-27 23:05:05'),
(975, 154, 9, '2025-01-27 23:05:06', '2025-01-27 23:05:06'),
(976, 154, 10, '2025-01-27 23:05:06', '2025-01-27 23:05:06'),
(977, 154, 11, '2025-01-27 23:05:06', '2025-01-27 23:05:06'),
(978, 154, 12, '2025-01-27 23:05:06', '2025-01-27 23:05:06'),
(979, 154, 13, '2025-01-27 23:05:06', '2025-01-27 23:05:06'),
(980, 154, 14, '2025-01-27 23:05:06', '2025-01-27 23:05:06'),
(981, 154, 15, '2025-01-27 23:05:07', '2025-01-27 23:05:07'),
(982, 154, 18, '2025-01-27 23:05:07', '2025-01-27 23:05:07'),
(983, 154, 19, '2025-01-27 23:05:07', '2025-01-27 23:05:07'),
(984, 154, 20, '2025-01-27 23:05:07', '2025-01-27 23:05:07'),
(985, 154, 21, '2025-01-27 23:05:07', '2025-01-27 23:05:07'),
(986, 154, 26, '2025-01-27 23:05:07', '2025-01-27 23:05:07'),
(987, 154, 27, '2025-01-27 23:05:07', '2025-01-27 23:05:07'),
(988, 154, 28, '2025-01-27 23:05:07', '2025-01-27 23:05:07'),
(989, 154, 29, '2025-01-27 23:05:07', '2025-01-27 23:05:07'),
(990, 154, 30, '2025-01-27 23:05:07', '2025-01-27 23:05:07'),
(991, 154, 31, '2025-01-27 23:05:07', '2025-01-27 23:05:07'),
(993, 154, 33, '2025-01-27 23:05:07', '2025-01-27 23:05:07'),
(994, 154, 34, '2025-01-27 23:05:07', '2025-01-27 23:05:07'),
(995, 154, 35, '2025-01-27 23:05:07', '2025-01-27 23:05:07'),
(996, 154, 36, '2025-01-27 23:05:07', '2025-01-27 23:05:07'),
(997, 154, 37, '2025-01-27 23:05:07', '2025-01-27 23:05:07'),
(998, 154, 38, '2025-01-27 23:05:07', '2025-01-27 23:05:07'),
(999, 154, 39, '2025-01-27 23:05:07', '2025-01-27 23:05:07'),
(1000, 154, 40, '2025-01-27 23:05:07', '2025-01-27 23:05:07'),
(1095, 158, 5, '2025-01-28 02:54:48', '2025-01-28 02:54:48'),
(1097, 158, 7, '2025-01-28 02:54:48', '2025-01-28 02:54:48'),
(1098, 158, 8, '2025-01-28 02:54:48', '2025-01-28 02:54:48'),
(1099, 158, 9, '2025-01-28 02:54:48', '2025-01-28 02:54:48'),
(1100, 158, 10, '2025-01-28 02:54:48', '2025-01-28 02:54:48'),
(1101, 158, 11, '2025-01-28 02:54:48', '2025-01-28 02:54:48'),
(1102, 158, 12, '2025-01-28 02:54:48', '2025-01-28 02:54:48'),
(1103, 158, 13, '2025-01-28 02:54:48', '2025-01-28 02:54:48'),
(1104, 158, 14, '2025-01-28 02:54:48', '2025-01-28 02:54:48'),
(1105, 158, 15, '2025-01-28 02:54:48', '2025-01-28 02:54:48'),
(1106, 158, 18, '2025-01-28 02:54:48', '2025-01-28 02:54:48'),
(1107, 158, 19, '2025-01-28 02:54:48', '2025-01-28 02:54:48'),
(1108, 158, 20, '2025-01-28 02:54:48', '2025-01-28 02:54:48'),
(1109, 158, 21, '2025-01-28 02:54:48', '2025-01-28 02:54:48'),
(1110, 158, 26, '2025-01-28 02:54:48', '2025-01-28 02:54:48'),
(1111, 158, 27, '2025-01-28 02:54:48', '2025-01-28 02:54:48'),
(1112, 158, 28, '2025-01-28 02:54:48', '2025-01-28 02:54:48'),
(1113, 158, 29, '2025-01-28 02:54:48', '2025-01-28 02:54:48'),
(1114, 158, 30, '2025-01-28 02:54:48', '2025-01-28 02:54:48'),
(1115, 158, 31, '2025-01-28 02:54:48', '2025-01-28 02:54:48'),
(1117, 158, 33, '2025-01-28 02:54:48', '2025-01-28 02:54:48'),
(1118, 158, 34, '2025-01-28 02:54:48', '2025-01-28 02:54:48'),
(1119, 158, 35, '2025-01-28 02:54:48', '2025-01-28 02:54:48'),
(1120, 158, 36, '2025-01-28 02:54:48', '2025-01-28 02:54:48'),
(1121, 158, 37, '2025-01-28 02:54:48', '2025-01-28 02:54:48'),
(1122, 158, 38, '2025-01-28 02:54:48', '2025-01-28 02:54:48'),
(1123, 158, 39, '2025-01-28 02:54:48', '2025-01-28 02:54:48'),
(1124, 158, 40, '2025-01-28 02:54:48', '2025-01-28 02:54:48'),
(1126, 159, 5, '2025-01-28 03:04:28', '2025-01-28 03:04:28'),
(1128, 159, 7, '2025-01-28 03:04:28', '2025-01-28 03:04:28'),
(1129, 159, 8, '2025-01-28 03:04:28', '2025-01-28 03:04:28'),
(1130, 159, 9, '2025-01-28 03:04:28', '2025-01-28 03:04:28'),
(1131, 159, 10, '2025-01-28 03:04:28', '2025-01-28 03:04:28'),
(1132, 159, 11, '2025-01-28 03:04:28', '2025-01-28 03:04:28'),
(1133, 159, 12, '2025-01-28 03:04:28', '2025-01-28 03:04:28'),
(1134, 159, 13, '2025-01-28 03:04:28', '2025-01-28 03:04:28'),
(1135, 159, 14, '2025-01-28 03:04:28', '2025-01-28 03:04:28'),
(1136, 159, 15, '2025-01-28 03:04:28', '2025-01-28 03:04:28'),
(1137, 159, 18, '2025-01-28 03:04:28', '2025-01-28 03:04:28'),
(1138, 159, 19, '2025-01-28 03:04:28', '2025-01-28 03:04:28'),
(1139, 159, 20, '2025-01-28 03:04:28', '2025-01-28 03:04:28'),
(1140, 159, 21, '2025-01-28 03:04:28', '2025-01-28 03:04:28'),
(1141, 159, 26, '2025-01-28 03:04:28', '2025-01-28 03:04:28'),
(1142, 159, 27, '2025-01-28 03:04:28', '2025-01-28 03:04:28'),
(1143, 159, 28, '2025-01-28 03:04:28', '2025-01-28 03:04:28'),
(1144, 159, 29, '2025-01-28 03:04:28', '2025-01-28 03:04:28'),
(1145, 159, 30, '2025-01-28 03:04:28', '2025-01-28 03:04:28'),
(1146, 159, 31, '2025-01-28 03:04:28', '2025-01-28 03:04:28'),
(1148, 159, 33, '2025-01-28 03:04:28', '2025-01-28 03:04:28'),
(1149, 159, 34, '2025-01-28 03:04:28', '2025-01-28 03:04:28'),
(1150, 159, 35, '2025-01-28 03:04:28', '2025-01-28 03:04:28'),
(1151, 159, 36, '2025-01-28 03:04:28', '2025-01-28 03:04:28'),
(1152, 159, 37, '2025-01-28 03:04:28', '2025-01-28 03:04:28'),
(1153, 159, 38, '2025-01-28 03:04:28', '2025-01-28 03:04:28'),
(1154, 159, 39, '2025-01-28 03:04:28', '2025-01-28 03:04:28'),
(1155, 159, 40, '2025-01-28 03:04:28', '2025-01-28 03:04:28'),
(1157, 160, 5, '2025-01-28 04:27:10', '2025-01-28 04:27:10'),
(1159, 160, 7, '2025-01-28 04:27:10', '2025-01-28 04:27:10'),
(1160, 160, 8, '2025-01-28 04:27:10', '2025-01-28 04:27:10'),
(1161, 160, 9, '2025-01-28 04:27:10', '2025-01-28 04:27:10'),
(1162, 160, 10, '2025-01-28 04:27:10', '2025-01-28 04:27:10'),
(1163, 160, 11, '2025-01-28 04:27:10', '2025-01-28 04:27:10'),
(1164, 160, 12, '2025-01-28 04:27:10', '2025-01-28 04:27:10'),
(1165, 160, 13, '2025-01-28 04:27:10', '2025-01-28 04:27:10'),
(1166, 160, 14, '2025-01-28 04:27:10', '2025-01-28 04:27:10'),
(1167, 160, 15, '2025-01-28 04:27:10', '2025-01-28 04:27:10'),
(1168, 160, 18, '2025-01-28 04:27:10', '2025-01-28 04:27:10'),
(1169, 160, 19, '2025-01-28 04:27:10', '2025-01-28 04:27:10'),
(1170, 160, 20, '2025-01-28 04:27:10', '2025-01-28 04:27:10'),
(1171, 160, 21, '2025-01-28 04:27:10', '2025-01-28 04:27:10'),
(1172, 160, 26, '2025-01-28 04:27:10', '2025-01-28 04:27:10'),
(1173, 160, 27, '2025-01-28 04:27:10', '2025-01-28 04:27:10'),
(1174, 160, 28, '2025-01-28 04:27:10', '2025-01-28 04:27:10'),
(1175, 160, 29, '2025-01-28 04:27:10', '2025-01-28 04:27:10'),
(1176, 160, 30, '2025-01-28 04:27:10', '2025-01-28 04:27:10'),
(1177, 160, 31, '2025-01-28 04:27:10', '2025-01-28 04:27:10'),
(1179, 160, 33, '2025-01-28 04:27:10', '2025-01-28 04:27:10'),
(1180, 160, 34, '2025-01-28 04:27:10', '2025-01-28 04:27:10'),
(1181, 160, 35, '2025-01-28 04:27:10', '2025-01-28 04:27:10'),
(1182, 160, 36, '2025-01-28 04:27:10', '2025-01-28 04:27:10'),
(1183, 160, 37, '2025-01-28 04:27:10', '2025-01-28 04:27:10'),
(1184, 160, 38, '2025-01-28 04:27:10', '2025-01-28 04:27:10'),
(1185, 160, 39, '2025-01-28 04:27:10', '2025-01-28 04:27:10'),
(1186, 160, 40, '2025-01-28 04:27:10', '2025-01-28 04:27:10'),
(1188, 161, 5, '2025-01-28 07:38:46', '2025-01-28 07:38:46'),
(1190, 161, 7, '2025-01-28 07:38:46', '2025-01-28 07:38:46'),
(1191, 161, 8, '2025-01-28 07:38:46', '2025-01-28 07:38:46'),
(1192, 161, 9, '2025-01-28 07:38:46', '2025-01-28 07:38:46'),
(1193, 161, 10, '2025-01-28 07:38:46', '2025-01-28 07:38:46'),
(1194, 161, 11, '2025-01-28 07:38:46', '2025-01-28 07:38:46'),
(1195, 161, 12, '2025-01-28 07:38:46', '2025-01-28 07:38:46'),
(1196, 161, 13, '2025-01-28 07:38:46', '2025-01-28 07:38:46'),
(1197, 161, 14, '2025-01-28 07:38:46', '2025-01-28 07:38:46'),
(1198, 161, 15, '2025-01-28 07:38:46', '2025-01-28 07:38:46'),
(1199, 161, 18, '2025-01-28 07:38:46', '2025-01-28 07:38:46'),
(1200, 161, 19, '2025-01-28 07:38:46', '2025-01-28 07:38:46'),
(1201, 161, 20, '2025-01-28 07:38:46', '2025-01-28 07:38:46'),
(1202, 161, 21, '2025-01-28 07:38:46', '2025-01-28 07:38:46'),
(1203, 161, 26, '2025-01-28 07:38:46', '2025-01-28 07:38:46'),
(1204, 161, 27, '2025-01-28 07:38:46', '2025-01-28 07:38:46'),
(1205, 161, 28, '2025-01-28 07:38:46', '2025-01-28 07:38:46'),
(1206, 161, 29, '2025-01-28 07:38:46', '2025-01-28 07:38:46'),
(1207, 161, 30, '2025-01-28 07:38:46', '2025-01-28 07:38:46'),
(1208, 161, 31, '2025-01-28 07:38:46', '2025-01-28 07:38:46'),
(1210, 161, 33, '2025-01-28 07:38:46', '2025-01-28 07:38:46'),
(1211, 161, 34, '2025-01-28 07:38:46', '2025-01-28 07:38:46'),
(1212, 161, 35, '2025-01-28 07:38:46', '2025-01-28 07:38:46'),
(1213, 161, 36, '2025-01-28 07:38:46', '2025-01-28 07:38:46'),
(1214, 161, 37, '2025-01-28 07:38:46', '2025-01-28 07:38:46'),
(1215, 161, 38, '2025-01-28 07:38:46', '2025-01-28 07:38:46'),
(1216, 161, 39, '2025-01-28 07:38:46', '2025-01-28 07:38:46'),
(1217, 161, 40, '2025-01-28 07:38:46', '2025-01-28 07:38:46'),
(1219, 162, 5, '2025-01-28 07:44:15', '2025-01-28 07:44:15'),
(1221, 162, 7, '2025-01-28 07:44:15', '2025-01-28 07:44:15'),
(1222, 162, 8, '2025-01-28 07:44:15', '2025-01-28 07:44:15'),
(1223, 162, 9, '2025-01-28 07:44:15', '2025-01-28 07:44:15'),
(1224, 162, 10, '2025-01-28 07:44:15', '2025-01-28 07:44:15'),
(1225, 162, 11, '2025-01-28 07:44:15', '2025-01-28 07:44:15'),
(1226, 162, 12, '2025-01-28 07:44:15', '2025-01-28 07:44:15'),
(1227, 162, 13, '2025-01-28 07:44:15', '2025-01-28 07:44:15'),
(1228, 162, 14, '2025-01-28 07:44:15', '2025-01-28 07:44:15'),
(1229, 162, 15, '2025-01-28 07:44:15', '2025-01-28 07:44:15'),
(1230, 162, 18, '2025-01-28 07:44:15', '2025-01-28 07:44:15'),
(1231, 162, 19, '2025-01-28 07:44:15', '2025-01-28 07:44:15'),
(1232, 162, 20, '2025-01-28 07:44:15', '2025-01-28 07:44:15'),
(1233, 162, 21, '2025-01-28 07:44:15', '2025-01-28 07:44:15'),
(1234, 162, 26, '2025-01-28 07:44:15', '2025-01-28 07:44:15'),
(1235, 162, 27, '2025-01-28 07:44:15', '2025-01-28 07:44:15'),
(1236, 162, 28, '2025-01-28 07:44:15', '2025-01-28 07:44:15'),
(1237, 162, 29, '2025-01-28 07:44:15', '2025-01-28 07:44:15'),
(1238, 162, 30, '2025-01-28 07:44:15', '2025-01-28 07:44:15'),
(1239, 162, 31, '2025-01-28 07:44:15', '2025-01-28 07:44:15'),
(1241, 162, 33, '2025-01-28 07:44:15', '2025-01-28 07:44:15'),
(1242, 162, 34, '2025-01-28 07:44:15', '2025-01-28 07:44:15'),
(1243, 162, 35, '2025-01-28 07:44:15', '2025-01-28 07:44:15'),
(1244, 162, 36, '2025-01-28 07:44:15', '2025-01-28 07:44:15'),
(1245, 162, 37, '2025-01-28 07:44:15', '2025-01-28 07:44:15'),
(1246, 162, 38, '2025-01-28 07:44:15', '2025-01-28 07:44:15'),
(1247, 162, 39, '2025-01-28 07:44:15', '2025-01-28 07:44:15'),
(1248, 162, 40, '2025-01-28 07:44:15', '2025-01-28 07:44:15'),
(1367, 167, 5, '2025-01-30 23:23:42', '2025-01-30 23:23:42'),
(1368, 167, 7, '2025-01-30 23:23:42', '2025-01-30 23:23:42'),
(1369, 167, 8, '2025-01-30 23:23:42', '2025-01-30 23:23:42'),
(1370, 167, 9, '2025-01-30 23:23:42', '2025-01-30 23:23:42'),
(1371, 167, 10, '2025-01-30 23:23:42', '2025-01-30 23:23:42'),
(1372, 167, 11, '2025-01-30 23:23:42', '2025-01-30 23:23:42'),
(1373, 167, 12, '2025-01-30 23:23:42', '2025-01-30 23:23:42'),
(1374, 167, 13, '2025-01-30 23:23:42', '2025-01-30 23:23:42'),
(1375, 167, 14, '2025-01-30 23:23:42', '2025-01-30 23:23:42'),
(1376, 167, 15, '2025-01-30 23:23:42', '2025-01-30 23:23:42'),
(1377, 167, 18, '2025-01-30 23:23:42', '2025-01-30 23:23:42'),
(1378, 167, 19, '2025-01-30 23:23:42', '2025-01-30 23:23:42'),
(1379, 167, 20, '2025-01-30 23:23:42', '2025-01-30 23:23:42'),
(1380, 167, 21, '2025-01-30 23:23:42', '2025-01-30 23:23:42'),
(1381, 167, 26, '2025-01-30 23:23:42', '2025-01-30 23:23:42'),
(1382, 167, 27, '2025-01-30 23:23:42', '2025-01-30 23:23:42'),
(1383, 167, 28, '2025-01-30 23:23:42', '2025-01-30 23:23:42'),
(1384, 167, 29, '2025-01-30 23:23:42', '2025-01-30 23:23:42'),
(1385, 167, 30, '2025-01-30 23:23:42', '2025-01-30 23:23:42'),
(1386, 167, 31, '2025-01-30 23:23:42', '2025-01-30 23:23:42'),
(1388, 167, 33, '2025-01-30 23:23:42', '2025-01-30 23:23:42'),
(1389, 167, 34, '2025-01-30 23:23:42', '2025-01-30 23:23:42'),
(1390, 167, 35, '2025-01-30 23:23:42', '2025-01-30 23:23:42'),
(1391, 167, 36, '2025-01-30 23:23:42', '2025-01-30 23:23:42'),
(1392, 167, 37, '2025-01-30 23:23:42', '2025-01-30 23:23:42'),
(1393, 167, 38, '2025-01-30 23:23:42', '2025-01-30 23:23:42'),
(1394, 167, 39, '2025-01-30 23:23:42', '2025-01-30 23:23:42'),
(1395, 167, 40, '2025-01-30 23:23:42', '2025-01-30 23:23:42'),
(1480, 171, 5, '2025-02-04 05:22:09', '2025-02-04 05:22:09'),
(1481, 171, 7, '2025-02-04 05:22:09', '2025-02-04 05:22:09'),
(1482, 171, 8, '2025-02-04 05:22:09', '2025-02-04 05:22:09'),
(1483, 171, 9, '2025-02-04 05:22:09', '2025-02-04 05:22:09'),
(1484, 171, 10, '2025-02-04 05:22:09', '2025-02-04 05:22:09'),
(1485, 171, 11, '2025-02-04 05:22:09', '2025-02-04 05:22:09'),
(1486, 171, 12, '2025-02-04 05:22:09', '2025-02-04 05:22:09'),
(1487, 171, 13, '2025-02-04 05:22:09', '2025-02-04 05:22:09'),
(1488, 171, 14, '2025-02-04 05:22:09', '2025-02-04 05:22:09'),
(1489, 171, 15, '2025-02-04 05:22:09', '2025-02-04 05:22:09'),
(1490, 171, 18, '2025-02-04 05:22:09', '2025-02-04 05:22:09'),
(1491, 171, 19, '2025-02-04 05:22:09', '2025-02-04 05:22:09'),
(1492, 171, 20, '2025-02-04 05:22:09', '2025-02-04 05:22:09'),
(1493, 171, 21, '2025-02-04 05:22:09', '2025-02-04 05:22:09'),
(1494, 171, 26, '2025-02-04 05:22:09', '2025-02-04 05:22:09'),
(1495, 171, 27, '2025-02-04 05:22:09', '2025-02-04 05:22:09'),
(1496, 171, 28, '2025-02-04 05:22:09', '2025-02-04 05:22:09'),
(1497, 171, 29, '2025-02-04 05:22:09', '2025-02-04 05:22:09'),
(1498, 171, 30, '2025-02-04 05:22:09', '2025-02-04 05:22:09'),
(1499, 171, 31, '2025-02-04 05:22:09', '2025-02-04 05:22:09'),
(1500, 171, 33, '2025-02-04 05:22:09', '2025-02-04 05:22:09'),
(1501, 171, 34, '2025-02-04 05:22:09', '2025-02-04 05:22:09'),
(1502, 171, 35, '2025-02-04 05:22:09', '2025-02-04 05:22:09'),
(1503, 171, 36, '2025-02-04 05:22:09', '2025-02-04 05:22:09'),
(1504, 171, 37, '2025-02-04 05:22:09', '2025-02-04 05:22:09'),
(1505, 171, 38, '2025-02-04 05:22:09', '2025-02-04 05:22:09'),
(1506, 171, 39, '2025-02-04 05:22:09', '2025-02-04 05:22:09'),
(1507, 171, 40, '2025-02-04 05:22:09', '2025-02-04 05:22:09'),
(1536, 173, 5, '2025-02-10 21:52:32', '2025-02-10 21:52:32'),
(1537, 173, 7, '2025-02-10 21:52:32', '2025-02-10 21:52:32'),
(1538, 173, 8, '2025-02-10 21:52:33', '2025-02-10 21:52:33'),
(1539, 173, 9, '2025-02-10 21:52:33', '2025-02-10 21:52:33'),
(1540, 173, 10, '2025-02-10 21:52:33', '2025-02-10 21:52:33'),
(1541, 173, 11, '2025-02-10 21:52:33', '2025-02-10 21:52:33'),
(1542, 173, 12, '2025-02-10 21:52:33', '2025-02-10 21:52:33'),
(1543, 173, 13, '2025-02-10 21:52:33', '2025-02-10 21:52:33'),
(1544, 173, 14, '2025-02-10 21:52:33', '2025-02-10 21:52:33'),
(1545, 173, 15, '2025-02-10 21:52:33', '2025-02-10 21:52:33'),
(1546, 173, 18, '2025-02-10 21:52:33', '2025-02-10 21:52:33'),
(1547, 173, 19, '2025-02-10 21:52:33', '2025-02-10 21:52:33'),
(1548, 173, 20, '2025-02-10 21:52:33', '2025-02-10 21:52:33'),
(1549, 173, 21, '2025-02-10 21:52:33', '2025-02-10 21:52:33'),
(1550, 173, 26, '2025-02-10 21:52:33', '2025-02-10 21:52:33'),
(1551, 173, 27, '2025-02-10 21:52:33', '2025-02-10 21:52:33'),
(1552, 173, 28, '2025-02-10 21:52:33', '2025-02-10 21:52:33'),
(1553, 173, 29, '2025-02-10 21:52:33', '2025-02-10 21:52:33'),
(1554, 173, 30, '2025-02-10 21:52:33', '2025-02-10 21:52:33'),
(1555, 173, 31, '2025-02-10 21:52:33', '2025-02-10 21:52:33'),
(1556, 173, 33, '2025-02-10 21:52:33', '2025-02-10 21:52:33'),
(1557, 173, 34, '2025-02-10 21:52:33', '2025-02-10 21:52:33'),
(1558, 173, 35, '2025-02-10 21:52:33', '2025-02-10 21:52:33'),
(1559, 173, 36, '2025-02-10 21:52:33', '2025-02-10 21:52:33'),
(1560, 173, 37, '2025-02-10 21:52:33', '2025-02-10 21:52:33'),
(1561, 173, 38, '2025-02-10 21:52:33', '2025-02-10 21:52:33'),
(1562, 173, 39, '2025-02-10 21:52:33', '2025-02-10 21:52:33'),
(1563, 173, 40, '2025-02-10 21:52:33', '2025-02-10 21:52:33'),
(1564, 174, 5, '2025-02-10 22:00:33', '2025-02-10 22:00:33'),
(1565, 174, 7, '2025-02-10 22:00:33', '2025-02-10 22:00:33'),
(1566, 174, 8, '2025-02-10 22:00:33', '2025-02-10 22:00:33'),
(1567, 174, 9, '2025-02-10 22:00:33', '2025-02-10 22:00:33'),
(1568, 174, 10, '2025-02-10 22:00:33', '2025-02-10 22:00:33'),
(1569, 174, 11, '2025-02-10 22:00:33', '2025-02-10 22:00:33'),
(1570, 174, 12, '2025-02-10 22:00:33', '2025-02-10 22:00:33'),
(1571, 174, 13, '2025-02-10 22:00:33', '2025-02-10 22:00:33'),
(1572, 174, 14, '2025-02-10 22:00:33', '2025-02-10 22:00:33'),
(1573, 174, 15, '2025-02-10 22:00:33', '2025-02-10 22:00:33'),
(1574, 174, 18, '2025-02-10 22:00:33', '2025-02-10 22:00:33'),
(1575, 174, 19, '2025-02-10 22:00:33', '2025-02-10 22:00:33'),
(1576, 174, 20, '2025-02-10 22:00:33', '2025-02-10 22:00:33'),
(1577, 174, 21, '2025-02-10 22:00:33', '2025-02-10 22:00:33'),
(1578, 174, 26, '2025-02-10 22:00:33', '2025-02-10 22:00:33'),
(1579, 174, 27, '2025-02-10 22:00:33', '2025-02-10 22:00:33'),
(1580, 174, 28, '2025-02-10 22:00:33', '2025-02-10 22:00:33'),
(1581, 174, 29, '2025-02-10 22:00:33', '2025-02-10 22:00:33'),
(1582, 174, 30, '2025-02-10 22:00:33', '2025-02-10 22:00:33'),
(1583, 174, 31, '2025-02-10 22:00:33', '2025-02-10 22:00:33'),
(1584, 174, 33, '2025-02-10 22:00:33', '2025-02-10 22:00:33'),
(1585, 174, 34, '2025-02-10 22:00:33', '2025-02-10 22:00:33'),
(1586, 174, 35, '2025-02-10 22:00:33', '2025-02-10 22:00:33'),
(1587, 174, 36, '2025-02-10 22:00:33', '2025-02-10 22:00:33'),
(1588, 174, 37, '2025-02-10 22:00:33', '2025-02-10 22:00:33'),
(1589, 174, 38, '2025-02-10 22:00:33', '2025-02-10 22:00:33'),
(1590, 174, 39, '2025-02-10 22:00:33', '2025-02-10 22:00:33'),
(1591, 174, 40, '2025-02-10 22:00:33', '2025-02-10 22:00:33'),
(1648, 177, 5, '2025-02-12 00:05:43', '2025-02-12 00:05:43'),
(1649, 177, 7, '2025-02-12 00:05:43', '2025-02-12 00:05:43'),
(1650, 177, 8, '2025-02-12 00:05:43', '2025-02-12 00:05:43'),
(1651, 177, 9, '2025-02-12 00:05:43', '2025-02-12 00:05:43'),
(1652, 177, 10, '2025-02-12 00:05:43', '2025-02-12 00:05:43'),
(1653, 177, 11, '2025-02-12 00:05:43', '2025-02-12 00:05:43'),
(1654, 177, 12, '2025-02-12 00:05:43', '2025-02-12 00:05:43'),
(1655, 177, 13, '2025-02-12 00:05:43', '2025-02-12 00:05:43'),
(1656, 177, 14, '2025-02-12 00:05:43', '2025-02-12 00:05:43'),
(1657, 177, 15, '2025-02-12 00:05:43', '2025-02-12 00:05:43'),
(1658, 177, 18, '2025-02-12 00:05:43', '2025-02-12 00:05:43'),
(1659, 177, 19, '2025-02-12 00:05:43', '2025-02-12 00:05:43'),
(1660, 177, 20, '2025-02-12 00:05:43', '2025-02-12 00:05:43'),
(1661, 177, 21, '2025-02-12 00:05:43', '2025-02-12 00:05:43'),
(1662, 177, 26, '2025-02-12 00:05:43', '2025-02-12 00:05:43'),
(1663, 177, 27, '2025-02-12 00:05:43', '2025-02-12 00:05:43'),
(1664, 177, 28, '2025-02-12 00:05:43', '2025-02-12 00:05:43'),
(1665, 177, 29, '2025-02-12 00:05:43', '2025-02-12 00:05:43'),
(1666, 177, 30, '2025-02-12 00:05:43', '2025-02-12 00:05:43'),
(1667, 177, 31, '2025-02-12 00:05:43', '2025-02-12 00:05:43'),
(1668, 177, 33, '2025-02-12 00:05:43', '2025-02-12 00:05:43'),
(1669, 177, 34, '2025-02-12 00:05:43', '2025-02-12 00:05:43'),
(1670, 177, 35, '2025-02-12 00:05:43', '2025-02-12 00:05:43'),
(1671, 177, 36, '2025-02-12 00:05:43', '2025-02-12 00:05:43'),
(1672, 177, 37, '2025-02-12 00:05:43', '2025-02-12 00:05:43'),
(1673, 177, 38, '2025-02-12 00:05:43', '2025-02-12 00:05:43'),
(1674, 177, 39, '2025-02-12 00:05:43', '2025-02-12 00:05:43'),
(1675, 177, 40, '2025-02-12 00:05:43', '2025-02-12 00:05:43'),
(1676, 178, 5, '2025-02-13 02:22:17', '2025-02-13 02:22:17'),
(1677, 178, 7, '2025-02-13 02:22:17', '2025-02-13 02:22:17'),
(1678, 178, 8, '2025-02-13 02:22:17', '2025-02-13 02:22:17'),
(1679, 178, 9, '2025-02-13 02:22:17', '2025-02-13 02:22:17'),
(1680, 178, 10, '2025-02-13 02:22:17', '2025-02-13 02:22:17'),
(1681, 178, 11, '2025-02-13 02:22:17', '2025-02-13 02:22:17'),
(1682, 178, 12, '2025-02-13 02:22:17', '2025-02-13 02:22:17'),
(1683, 178, 13, '2025-02-13 02:22:17', '2025-02-13 02:22:17'),
(1684, 178, 14, '2025-02-13 02:22:17', '2025-02-13 02:22:17'),
(1685, 178, 15, '2025-02-13 02:22:17', '2025-02-13 02:22:17'),
(1686, 178, 18, '2025-02-13 02:22:17', '2025-02-13 02:22:17'),
(1687, 178, 19, '2025-02-13 02:22:17', '2025-02-13 02:22:17'),
(1688, 178, 20, '2025-02-13 02:22:17', '2025-02-13 02:22:17'),
(1689, 178, 21, '2025-02-13 02:22:17', '2025-02-13 02:22:17'),
(1690, 178, 26, '2025-02-13 02:22:17', '2025-02-13 02:22:17'),
(1691, 178, 27, '2025-02-13 02:22:17', '2025-02-13 02:22:17'),
(1692, 178, 28, '2025-02-13 02:22:17', '2025-02-13 02:22:17'),
(1693, 178, 29, '2025-02-13 02:22:17', '2025-02-13 02:22:17'),
(1694, 178, 30, '2025-02-13 02:22:17', '2025-02-13 02:22:17'),
(1695, 178, 31, '2025-02-13 02:22:17', '2025-02-13 02:22:17'),
(1696, 178, 33, '2025-02-13 02:22:17', '2025-02-13 02:22:17'),
(1697, 178, 34, '2025-02-13 02:22:17', '2025-02-13 02:22:17'),
(1698, 178, 35, '2025-02-13 02:22:17', '2025-02-13 02:22:17'),
(1699, 178, 36, '2025-02-13 02:22:17', '2025-02-13 02:22:17'),
(1700, 178, 37, '2025-02-13 02:22:17', '2025-02-13 02:22:17'),
(1701, 178, 38, '2025-02-13 02:22:17', '2025-02-13 02:22:17'),
(1702, 178, 39, '2025-02-13 02:22:17', '2025-02-13 02:22:17'),
(1703, 178, 40, '2025-02-13 02:22:17', '2025-02-13 02:22:17'),
(1704, 179, 5, '2025-02-13 02:26:29', '2025-02-13 02:26:29'),
(1705, 179, 7, '2025-02-13 02:26:29', '2025-02-13 02:26:29'),
(1706, 179, 8, '2025-02-13 02:26:29', '2025-02-13 02:26:29'),
(1707, 179, 9, '2025-02-13 02:26:29', '2025-02-13 02:26:29'),
(1708, 179, 10, '2025-02-13 02:26:29', '2025-02-13 02:26:29'),
(1709, 179, 11, '2025-02-13 02:26:29', '2025-02-13 02:26:29'),
(1710, 179, 12, '2025-02-13 02:26:29', '2025-02-13 02:26:29'),
(1711, 179, 13, '2025-02-13 02:26:29', '2025-02-13 02:26:29'),
(1712, 179, 14, '2025-02-13 02:26:29', '2025-02-13 02:26:29'),
(1713, 179, 15, '2025-02-13 02:26:29', '2025-02-13 02:26:29'),
(1714, 179, 18, '2025-02-13 02:26:29', '2025-02-13 02:26:29'),
(1715, 179, 19, '2025-02-13 02:26:29', '2025-02-13 02:26:29'),
(1716, 179, 20, '2025-02-13 02:26:29', '2025-02-13 02:26:29'),
(1717, 179, 21, '2025-02-13 02:26:29', '2025-02-13 02:26:29'),
(1718, 179, 26, '2025-02-13 02:26:29', '2025-02-13 02:26:29'),
(1719, 179, 27, '2025-02-13 02:26:29', '2025-02-13 02:26:29'),
(1720, 179, 28, '2025-02-13 02:26:29', '2025-02-13 02:26:29'),
(1721, 179, 29, '2025-02-13 02:26:29', '2025-02-13 02:26:29'),
(1722, 179, 30, '2025-02-13 02:26:29', '2025-02-13 02:26:29'),
(1723, 179, 31, '2025-02-13 02:26:29', '2025-02-13 02:26:29'),
(1724, 179, 33, '2025-02-13 02:26:29', '2025-02-13 02:26:29'),
(1725, 179, 34, '2025-02-13 02:26:29', '2025-02-13 02:26:29'),
(1726, 179, 35, '2025-02-13 02:26:29', '2025-02-13 02:26:29'),
(1727, 179, 36, '2025-02-13 02:26:29', '2025-02-13 02:26:29'),
(1728, 179, 37, '2025-02-13 02:26:29', '2025-02-13 02:26:29'),
(1729, 179, 38, '2025-02-13 02:26:29', '2025-02-13 02:26:29'),
(1730, 179, 39, '2025-02-13 02:26:29', '2025-02-13 02:26:29'),
(1731, 179, 40, '2025-02-13 02:26:29', '2025-02-13 02:26:29'),
(1732, 180, 5, '2025-02-13 02:32:03', '2025-02-13 02:32:03'),
(1733, 180, 7, '2025-02-13 02:32:03', '2025-02-13 02:32:03'),
(1734, 180, 8, '2025-02-13 02:32:03', '2025-02-13 02:32:03'),
(1735, 180, 9, '2025-02-13 02:32:03', '2025-02-13 02:32:03'),
(1736, 180, 10, '2025-02-13 02:32:03', '2025-02-13 02:32:03'),
(1737, 180, 11, '2025-02-13 02:32:03', '2025-02-13 02:32:03'),
(1738, 180, 12, '2025-02-13 02:32:03', '2025-02-13 02:32:03'),
(1739, 180, 13, '2025-02-13 02:32:03', '2025-02-13 02:32:03'),
(1740, 180, 14, '2025-02-13 02:32:03', '2025-02-13 02:32:03'),
(1741, 180, 15, '2025-02-13 02:32:03', '2025-02-13 02:32:03'),
(1742, 180, 18, '2025-02-13 02:32:03', '2025-02-13 02:32:03'),
(1743, 180, 19, '2025-02-13 02:32:03', '2025-02-13 02:32:03'),
(1744, 180, 20, '2025-02-13 02:32:03', '2025-02-13 02:32:03'),
(1745, 180, 21, '2025-02-13 02:32:03', '2025-02-13 02:32:03'),
(1746, 180, 26, '2025-02-13 02:32:03', '2025-02-13 02:32:03'),
(1747, 180, 27, '2025-02-13 02:32:03', '2025-02-13 02:32:03'),
(1748, 180, 28, '2025-02-13 02:32:03', '2025-02-13 02:32:03'),
(1749, 180, 29, '2025-02-13 02:32:03', '2025-02-13 02:32:03'),
(1750, 180, 30, '2025-02-13 02:32:03', '2025-02-13 02:32:03'),
(1751, 180, 31, '2025-02-13 02:32:03', '2025-02-13 02:32:03'),
(1752, 180, 33, '2025-02-13 02:32:03', '2025-02-13 02:32:03'),
(1753, 180, 34, '2025-02-13 02:32:03', '2025-02-13 02:32:03'),
(1754, 180, 35, '2025-02-13 02:32:03', '2025-02-13 02:32:03'),
(1755, 180, 36, '2025-02-13 02:32:03', '2025-02-13 02:32:03'),
(1756, 180, 37, '2025-02-13 02:32:03', '2025-02-13 02:32:03'),
(1757, 180, 38, '2025-02-13 02:32:03', '2025-02-13 02:32:03'),
(1758, 180, 39, '2025-02-13 02:32:03', '2025-02-13 02:32:03'),
(1759, 180, 40, '2025-02-13 02:32:03', '2025-02-13 02:32:03'),
(1788, 182, 5, '2025-02-18 03:04:42', '2025-02-18 03:04:42'),
(1789, 182, 7, '2025-02-18 03:04:42', '2025-02-18 03:04:42'),
(1790, 182, 8, '2025-02-18 03:04:42', '2025-02-18 03:04:42'),
(1791, 182, 9, '2025-02-18 03:04:42', '2025-02-18 03:04:42'),
(1792, 182, 10, '2025-02-18 03:04:42', '2025-02-18 03:04:42'),
(1793, 182, 11, '2025-02-18 03:04:42', '2025-02-18 03:04:42'),
(1794, 182, 12, '2025-02-18 03:04:42', '2025-02-18 03:04:42'),
(1795, 182, 13, '2025-02-18 03:04:42', '2025-02-18 03:04:42'),
(1796, 182, 14, '2025-02-18 03:04:42', '2025-02-18 03:04:42'),
(1797, 182, 15, '2025-02-18 03:04:42', '2025-02-18 03:04:42'),
(1798, 182, 18, '2025-02-18 03:04:42', '2025-02-18 03:04:42'),
(1799, 182, 19, '2025-02-18 03:04:42', '2025-02-18 03:04:42'),
(1800, 182, 20, '2025-02-18 03:04:42', '2025-02-18 03:04:42'),
(1801, 182, 21, '2025-02-18 03:04:42', '2025-02-18 03:04:42'),
(1802, 182, 26, '2025-02-18 03:04:42', '2025-02-18 03:04:42'),
(1803, 182, 27, '2025-02-18 03:04:42', '2025-02-18 03:04:42'),
(1804, 182, 28, '2025-02-18 03:04:42', '2025-02-18 03:04:42'),
(1805, 182, 29, '2025-02-18 03:04:42', '2025-02-18 03:04:42'),
(1806, 182, 30, '2025-02-18 03:04:42', '2025-02-18 03:04:42'),
(1807, 182, 31, '2025-02-18 03:04:42', '2025-02-18 03:04:42'),
(1808, 182, 33, '2025-02-18 03:04:42', '2025-02-18 03:04:42'),
(1809, 182, 34, '2025-02-18 03:04:42', '2025-02-18 03:04:42'),
(1810, 182, 35, '2025-02-18 03:04:42', '2025-02-18 03:04:42'),
(1811, 182, 36, '2025-02-18 03:04:42', '2025-02-18 03:04:42'),
(1812, 182, 37, '2025-02-18 03:04:42', '2025-02-18 03:04:42'),
(1813, 182, 38, '2025-02-18 03:04:42', '2025-02-18 03:04:42'),
(1814, 182, 39, '2025-02-18 03:04:42', '2025-02-18 03:04:42'),
(1815, 182, 40, '2025-02-18 03:04:42', '2025-02-18 03:04:42'),
(1816, 183, 5, '2025-02-18 03:18:22', '2025-02-18 03:18:22'),
(1817, 183, 7, '2025-02-18 03:18:22', '2025-02-18 03:18:22'),
(1818, 183, 8, '2025-02-18 03:18:22', '2025-02-18 03:18:22'),
(1819, 183, 9, '2025-02-18 03:18:22', '2025-02-18 03:18:22'),
(1820, 183, 10, '2025-02-18 03:18:22', '2025-02-18 03:18:22'),
(1821, 183, 11, '2025-02-18 03:18:22', '2025-02-18 03:18:22'),
(1822, 183, 12, '2025-02-18 03:18:22', '2025-02-18 03:18:22'),
(1823, 183, 13, '2025-02-18 03:18:22', '2025-02-18 03:18:22'),
(1824, 183, 14, '2025-02-18 03:18:22', '2025-02-18 03:18:22'),
(1825, 183, 15, '2025-02-18 03:18:22', '2025-02-18 03:18:22'),
(1826, 183, 18, '2025-02-18 03:18:22', '2025-02-18 03:18:22'),
(1827, 183, 19, '2025-02-18 03:18:22', '2025-02-18 03:18:22'),
(1828, 183, 20, '2025-02-18 03:18:22', '2025-02-18 03:18:22'),
(1829, 183, 21, '2025-02-18 03:18:22', '2025-02-18 03:18:22'),
(1830, 183, 26, '2025-02-18 03:18:22', '2025-02-18 03:18:22'),
(1831, 183, 27, '2025-02-18 03:18:22', '2025-02-18 03:18:22'),
(1832, 183, 28, '2025-02-18 03:18:22', '2025-02-18 03:18:22'),
(1833, 183, 29, '2025-02-18 03:18:22', '2025-02-18 03:18:22'),
(1834, 183, 30, '2025-02-18 03:18:22', '2025-02-18 03:18:22'),
(1835, 183, 31, '2025-02-18 03:18:22', '2025-02-18 03:18:22'),
(1836, 183, 33, '2025-02-18 03:18:22', '2025-02-18 03:18:22'),
(1837, 183, 34, '2025-02-18 03:18:22', '2025-02-18 03:18:22'),
(1838, 183, 35, '2025-02-18 03:18:22', '2025-02-18 03:18:22'),
(1839, 183, 36, '2025-02-18 03:18:22', '2025-02-18 03:18:22'),
(1840, 183, 37, '2025-02-18 03:18:22', '2025-02-18 03:18:22'),
(1841, 183, 38, '2025-02-18 03:18:22', '2025-02-18 03:18:22'),
(1842, 183, 39, '2025-02-18 03:18:22', '2025-02-18 03:18:22'),
(1843, 183, 40, '2025-02-18 03:18:22', '2025-02-18 03:18:22'),
(1872, 185, 5, '2025-02-19 02:09:19', '2025-02-19 02:09:19'),
(1873, 185, 7, '2025-02-19 02:09:20', '2025-02-19 02:09:20'),
(1874, 185, 8, '2025-02-19 02:09:20', '2025-02-19 02:09:20'),
(1875, 185, 9, '2025-02-19 02:09:20', '2025-02-19 02:09:20'),
(1876, 185, 10, '2025-02-19 02:09:20', '2025-02-19 02:09:20'),
(1877, 185, 11, '2025-02-19 02:09:20', '2025-02-19 02:09:20'),
(1878, 185, 12, '2025-02-19 02:09:20', '2025-02-19 02:09:20'),
(1879, 185, 13, '2025-02-19 02:09:20', '2025-02-19 02:09:20'),
(1880, 185, 14, '2025-02-19 02:09:20', '2025-02-19 02:09:20'),
(1881, 185, 15, '2025-02-19 02:09:20', '2025-02-19 02:09:20'),
(1882, 185, 18, '2025-02-19 02:09:20', '2025-02-19 02:09:20'),
(1883, 185, 19, '2025-02-19 02:09:20', '2025-02-19 02:09:20'),
(1884, 185, 20, '2025-02-19 02:09:20', '2025-02-19 02:09:20'),
(1885, 185, 21, '2025-02-19 02:09:20', '2025-02-19 02:09:20'),
(1886, 185, 26, '2025-02-19 02:09:20', '2025-02-19 02:09:20'),
(1887, 185, 27, '2025-02-19 02:09:20', '2025-02-19 02:09:20'),
(1888, 185, 28, '2025-02-19 02:09:20', '2025-02-19 02:09:20'),
(1889, 185, 29, '2025-02-19 02:09:20', '2025-02-19 02:09:20'),
(1890, 185, 30, '2025-02-19 02:09:20', '2025-02-19 02:09:20'),
(1891, 185, 31, '2025-02-19 02:09:20', '2025-02-19 02:09:20'),
(1892, 185, 33, '2025-02-19 02:09:20', '2025-02-19 02:09:20'),
(1893, 185, 34, '2025-02-19 02:09:20', '2025-02-19 02:09:20'),
(1894, 185, 35, '2025-02-19 02:09:20', '2025-02-19 02:09:20'),
(1895, 185, 36, '2025-02-19 02:09:20', '2025-02-19 02:09:20'),
(1896, 185, 37, '2025-02-19 02:09:20', '2025-02-19 02:09:20'),
(1897, 185, 38, '2025-02-19 02:09:20', '2025-02-19 02:09:20'),
(1898, 185, 39, '2025-02-19 02:09:20', '2025-02-19 02:09:20'),
(1899, 185, 40, '2025-02-19 02:09:20', '2025-02-19 02:09:20'),
(1900, 186, 5, '2025-02-19 02:24:27', '2025-02-19 02:24:27'),
(1901, 186, 7, '2025-02-19 02:24:27', '2025-02-19 02:24:27'),
(1902, 186, 8, '2025-02-19 02:24:27', '2025-02-19 02:24:27'),
(1903, 186, 9, '2025-02-19 02:24:27', '2025-02-19 02:24:27'),
(1904, 186, 10, '2025-02-19 02:24:27', '2025-02-19 02:24:27'),
(1905, 186, 11, '2025-02-19 02:24:27', '2025-02-19 02:24:27'),
(1906, 186, 12, '2025-02-19 02:24:27', '2025-02-19 02:24:27'),
(1907, 186, 13, '2025-02-19 02:24:27', '2025-02-19 02:24:27'),
(1908, 186, 14, '2025-02-19 02:24:27', '2025-02-19 02:24:27'),
(1909, 186, 15, '2025-02-19 02:24:27', '2025-02-19 02:24:27'),
(1910, 186, 18, '2025-02-19 02:24:27', '2025-02-19 02:24:27'),
(1911, 186, 19, '2025-02-19 02:24:27', '2025-02-19 02:24:27'),
(1912, 186, 20, '2025-02-19 02:24:27', '2025-02-19 02:24:27'),
(1913, 186, 21, '2025-02-19 02:24:27', '2025-02-19 02:24:27'),
(1914, 186, 26, '2025-02-19 02:24:27', '2025-02-19 02:24:27'),
(1915, 186, 27, '2025-02-19 02:24:27', '2025-02-19 02:24:27'),
(1916, 186, 28, '2025-02-19 02:24:27', '2025-02-19 02:24:27'),
(1917, 186, 29, '2025-02-19 02:24:27', '2025-02-19 02:24:27'),
(1918, 186, 30, '2025-02-19 02:24:27', '2025-02-19 02:24:27'),
(1919, 186, 31, '2025-02-19 02:24:27', '2025-02-19 02:24:27'),
(1920, 186, 33, '2025-02-19 02:24:27', '2025-02-19 02:24:27'),
(1921, 186, 34, '2025-02-19 02:24:27', '2025-02-19 02:24:27'),
(1922, 186, 35, '2025-02-19 02:24:27', '2025-02-19 02:24:27'),
(1923, 186, 36, '2025-02-19 02:24:27', '2025-02-19 02:24:27'),
(1924, 186, 37, '2025-02-19 02:24:28', '2025-02-19 02:24:28'),
(1925, 186, 38, '2025-02-19 02:24:28', '2025-02-19 02:24:28'),
(1926, 186, 39, '2025-02-19 02:24:28', '2025-02-19 02:24:28'),
(1927, 186, 40, '2025-02-19 02:24:28', '2025-02-19 02:24:28'),
(1928, 187, 5, '2025-02-19 02:29:40', '2025-02-19 02:29:40'),
(1929, 187, 7, '2025-02-19 02:29:40', '2025-02-19 02:29:40'),
(1930, 187, 8, '2025-02-19 02:29:40', '2025-02-19 02:29:40'),
(1931, 187, 9, '2025-02-19 02:29:40', '2025-02-19 02:29:40'),
(1932, 187, 10, '2025-02-19 02:29:40', '2025-02-19 02:29:40'),
(1933, 187, 11, '2025-02-19 02:29:40', '2025-02-19 02:29:40'),
(1934, 187, 12, '2025-02-19 02:29:40', '2025-02-19 02:29:40'),
(1935, 187, 13, '2025-02-19 02:29:40', '2025-02-19 02:29:40'),
(1936, 187, 14, '2025-02-19 02:29:40', '2025-02-19 02:29:40'),
(1937, 187, 15, '2025-02-19 02:29:40', '2025-02-19 02:29:40'),
(1938, 187, 18, '2025-02-19 02:29:40', '2025-02-19 02:29:40'),
(1939, 187, 19, '2025-02-19 02:29:40', '2025-02-19 02:29:40'),
(1940, 187, 20, '2025-02-19 02:29:40', '2025-02-19 02:29:40'),
(1941, 187, 21, '2025-02-19 02:29:40', '2025-02-19 02:29:40'),
(1942, 187, 26, '2025-02-19 02:29:40', '2025-02-19 02:29:40'),
(1943, 187, 27, '2025-02-19 02:29:40', '2025-02-19 02:29:40'),
(1944, 187, 28, '2025-02-19 02:29:40', '2025-02-19 02:29:40'),
(1945, 187, 29, '2025-02-19 02:29:40', '2025-02-19 02:29:40'),
(1946, 187, 30, '2025-02-19 02:29:40', '2025-02-19 02:29:40'),
(1947, 187, 31, '2025-02-19 02:29:40', '2025-02-19 02:29:40'),
(1948, 187, 33, '2025-02-19 02:29:40', '2025-02-19 02:29:40'),
(1949, 187, 34, '2025-02-19 02:29:40', '2025-02-19 02:29:40'),
(1950, 187, 35, '2025-02-19 02:29:40', '2025-02-19 02:29:40'),
(1951, 187, 36, '2025-02-19 02:29:40', '2025-02-19 02:29:40'),
(1952, 187, 37, '2025-02-19 02:29:40', '2025-02-19 02:29:40'),
(1953, 187, 38, '2025-02-19 02:29:40', '2025-02-19 02:29:40'),
(1954, 187, 39, '2025-02-19 02:29:40', '2025-02-19 02:29:40'),
(1955, 187, 40, '2025-02-19 02:29:40', '2025-02-19 02:29:40'),
(1984, 189, 5, '2025-02-19 02:45:35', '2025-02-19 02:45:35'),
(1985, 189, 7, '2025-02-19 02:45:35', '2025-02-19 02:45:35'),
(1986, 189, 8, '2025-02-19 02:45:35', '2025-02-19 02:45:35'),
(1987, 189, 9, '2025-02-19 02:45:35', '2025-02-19 02:45:35'),
(1988, 189, 10, '2025-02-19 02:45:35', '2025-02-19 02:45:35'),
(1989, 189, 11, '2025-02-19 02:45:35', '2025-02-19 02:45:35'),
(1990, 189, 12, '2025-02-19 02:45:35', '2025-02-19 02:45:35'),
(1991, 189, 13, '2025-02-19 02:45:35', '2025-02-19 02:45:35'),
(1992, 189, 14, '2025-02-19 02:45:35', '2025-02-19 02:45:35'),
(1993, 189, 15, '2025-02-19 02:45:35', '2025-02-19 02:45:35'),
(1994, 189, 18, '2025-02-19 02:45:35', '2025-02-19 02:45:35'),
(1995, 189, 19, '2025-02-19 02:45:35', '2025-02-19 02:45:35'),
(1996, 189, 20, '2025-02-19 02:45:35', '2025-02-19 02:45:35'),
(1997, 189, 21, '2025-02-19 02:45:35', '2025-02-19 02:45:35'),
(1998, 189, 26, '2025-02-19 02:45:35', '2025-02-19 02:45:35'),
(1999, 189, 27, '2025-02-19 02:45:35', '2025-02-19 02:45:35'),
(2000, 189, 28, '2025-02-19 02:45:35', '2025-02-19 02:45:35'),
(2001, 189, 29, '2025-02-19 02:45:35', '2025-02-19 02:45:35'),
(2002, 189, 30, '2025-02-19 02:45:35', '2025-02-19 02:45:35'),
(2003, 189, 31, '2025-02-19 02:45:35', '2025-02-19 02:45:35'),
(2004, 189, 33, '2025-02-19 02:45:35', '2025-02-19 02:45:35'),
(2005, 189, 34, '2025-02-19 02:45:35', '2025-02-19 02:45:35'),
(2006, 189, 35, '2025-02-19 02:45:35', '2025-02-19 02:45:35'),
(2007, 189, 36, '2025-02-19 02:45:35', '2025-02-19 02:45:35'),
(2008, 189, 37, '2025-02-19 02:45:35', '2025-02-19 02:45:35'),
(2009, 189, 38, '2025-02-19 02:45:35', '2025-02-19 02:45:35'),
(2010, 189, 39, '2025-02-19 02:45:35', '2025-02-19 02:45:35'),
(2011, 189, 40, '2025-02-19 02:45:35', '2025-02-19 02:45:35'),
(2012, 190, 5, '2025-02-19 03:18:59', '2025-02-19 03:18:59'),
(2013, 190, 7, '2025-02-19 03:18:59', '2025-02-19 03:18:59'),
(2014, 190, 8, '2025-02-19 03:18:59', '2025-02-19 03:18:59'),
(2015, 190, 9, '2025-02-19 03:18:59', '2025-02-19 03:18:59'),
(2016, 190, 10, '2025-02-19 03:18:59', '2025-02-19 03:18:59'),
(2017, 190, 11, '2025-02-19 03:18:59', '2025-02-19 03:18:59'),
(2018, 190, 12, '2025-02-19 03:18:59', '2025-02-19 03:18:59'),
(2019, 190, 13, '2025-02-19 03:19:00', '2025-02-19 03:19:00'),
(2020, 190, 14, '2025-02-19 03:19:00', '2025-02-19 03:19:00'),
(2021, 190, 15, '2025-02-19 03:19:00', '2025-02-19 03:19:00'),
(2022, 190, 18, '2025-02-19 03:19:00', '2025-02-19 03:19:00'),
(2023, 190, 19, '2025-02-19 03:19:00', '2025-02-19 03:19:00'),
(2024, 190, 20, '2025-02-19 03:19:00', '2025-02-19 03:19:00'),
(2025, 190, 21, '2025-02-19 03:19:00', '2025-02-19 03:19:00'),
(2026, 190, 26, '2025-02-19 03:19:00', '2025-02-19 03:19:00'),
(2027, 190, 27, '2025-02-19 03:19:00', '2025-02-19 03:19:00'),
(2028, 190, 28, '2025-02-19 03:19:00', '2025-02-19 03:19:00'),
(2029, 190, 29, '2025-02-19 03:19:00', '2025-02-19 03:19:00'),
(2030, 190, 30, '2025-02-19 03:19:00', '2025-02-19 03:19:00'),
(2031, 190, 31, '2025-02-19 03:19:00', '2025-02-19 03:19:00'),
(2032, 190, 33, '2025-02-19 03:19:00', '2025-02-19 03:19:00'),
(2033, 190, 34, '2025-02-19 03:19:00', '2025-02-19 03:19:00'),
(2034, 190, 35, '2025-02-19 03:19:00', '2025-02-19 03:19:00'),
(2035, 190, 36, '2025-02-19 03:19:00', '2025-02-19 03:19:00'),
(2036, 190, 37, '2025-02-19 03:19:00', '2025-02-19 03:19:00'),
(2037, 190, 38, '2025-02-19 03:19:00', '2025-02-19 03:19:00'),
(2038, 190, 39, '2025-02-19 03:19:00', '2025-02-19 03:19:00'),
(2039, 190, 40, '2025-02-19 03:19:00', '2025-02-19 03:19:00'),
(2040, 191, 5, '2025-02-19 03:34:35', '2025-02-19 03:34:35'),
(2041, 191, 7, '2025-02-19 03:34:35', '2025-02-19 03:34:35'),
(2042, 191, 8, '2025-02-19 03:34:35', '2025-02-19 03:34:35'),
(2043, 191, 9, '2025-02-19 03:34:35', '2025-02-19 03:34:35'),
(2044, 191, 10, '2025-02-19 03:34:35', '2025-02-19 03:34:35'),
(2045, 191, 11, '2025-02-19 03:34:35', '2025-02-19 03:34:35'),
(2046, 191, 12, '2025-02-19 03:34:35', '2025-02-19 03:34:35'),
(2047, 191, 13, '2025-02-19 03:34:35', '2025-02-19 03:34:35'),
(2048, 191, 14, '2025-02-19 03:34:35', '2025-02-19 03:34:35'),
(2049, 191, 15, '2025-02-19 03:34:35', '2025-02-19 03:34:35'),
(2050, 191, 18, '2025-02-19 03:34:35', '2025-02-19 03:34:35'),
(2051, 191, 19, '2025-02-19 03:34:35', '2025-02-19 03:34:35'),
(2052, 191, 20, '2025-02-19 03:34:35', '2025-02-19 03:34:35'),
(2053, 191, 21, '2025-02-19 03:34:35', '2025-02-19 03:34:35'),
(2054, 191, 26, '2025-02-19 03:34:35', '2025-02-19 03:34:35'),
(2055, 191, 27, '2025-02-19 03:34:35', '2025-02-19 03:34:35'),
(2056, 191, 28, '2025-02-19 03:34:35', '2025-02-19 03:34:35'),
(2057, 191, 29, '2025-02-19 03:34:35', '2025-02-19 03:34:35'),
(2058, 191, 30, '2025-02-19 03:34:35', '2025-02-19 03:34:35'),
(2059, 191, 31, '2025-02-19 03:34:35', '2025-02-19 03:34:35'),
(2060, 191, 33, '2025-02-19 03:34:35', '2025-02-19 03:34:35'),
(2061, 191, 34, '2025-02-19 03:34:35', '2025-02-19 03:34:35'),
(2062, 191, 35, '2025-02-19 03:34:35', '2025-02-19 03:34:35'),
(2063, 191, 36, '2025-02-19 03:34:35', '2025-02-19 03:34:35'),
(2064, 191, 37, '2025-02-19 03:34:35', '2025-02-19 03:34:35'),
(2065, 191, 38, '2025-02-19 03:34:35', '2025-02-19 03:34:35'),
(2066, 191, 39, '2025-02-19 03:34:35', '2025-02-19 03:34:35'),
(2067, 191, 40, '2025-02-19 03:34:35', '2025-02-19 03:34:35'),
(2068, 192, 5, '2025-02-19 05:09:43', '2025-02-19 05:09:43'),
(2069, 192, 7, '2025-02-19 05:09:43', '2025-02-19 05:09:43'),
(2070, 192, 8, '2025-02-19 05:09:43', '2025-02-19 05:09:43'),
(2071, 192, 9, '2025-02-19 05:09:43', '2025-02-19 05:09:43'),
(2072, 192, 10, '2025-02-19 05:09:43', '2025-02-19 05:09:43'),
(2073, 192, 11, '2025-02-19 05:09:43', '2025-02-19 05:09:43'),
(2074, 192, 12, '2025-02-19 05:09:43', '2025-02-19 05:09:43'),
(2075, 192, 13, '2025-02-19 05:09:43', '2025-02-19 05:09:43'),
(2076, 192, 14, '2025-02-19 05:09:43', '2025-02-19 05:09:43'),
(2077, 192, 15, '2025-02-19 05:09:43', '2025-02-19 05:09:43'),
(2078, 192, 18, '2025-02-19 05:09:43', '2025-02-19 05:09:43'),
(2079, 192, 19, '2025-02-19 05:09:43', '2025-02-19 05:09:43'),
(2080, 192, 20, '2025-02-19 05:09:43', '2025-02-19 05:09:43'),
(2081, 192, 21, '2025-02-19 05:09:43', '2025-02-19 05:09:43'),
(2082, 192, 26, '2025-02-19 05:09:43', '2025-02-19 05:09:43'),
(2083, 192, 27, '2025-02-19 05:09:43', '2025-02-19 05:09:43'),
(2084, 192, 28, '2025-02-19 05:09:43', '2025-02-19 05:09:43'),
(2085, 192, 29, '2025-02-19 05:09:43', '2025-02-19 05:09:43'),
(2086, 192, 30, '2025-02-19 05:09:43', '2025-02-19 05:09:43'),
(2087, 192, 31, '2025-02-19 05:09:43', '2025-02-19 05:09:43'),
(2088, 192, 33, '2025-02-19 05:09:43', '2025-02-19 05:09:43'),
(2089, 192, 34, '2025-02-19 05:09:43', '2025-02-19 05:09:43'),
(2090, 192, 35, '2025-02-19 05:09:43', '2025-02-19 05:09:43'),
(2091, 192, 36, '2025-02-19 05:09:43', '2025-02-19 05:09:43'),
(2092, 192, 37, '2025-02-19 05:09:43', '2025-02-19 05:09:43'),
(2093, 192, 38, '2025-02-19 05:09:43', '2025-02-19 05:09:43'),
(2094, 192, 39, '2025-02-19 05:09:43', '2025-02-19 05:09:43'),
(2095, 192, 40, '2025-02-19 05:09:43', '2025-02-19 05:09:43'),
(2152, 195, 5, '2025-02-20 04:42:26', '2025-02-20 04:42:26'),
(2153, 195, 7, '2025-02-20 04:42:26', '2025-02-20 04:42:26'),
(2154, 195, 8, '2025-02-20 04:42:26', '2025-02-20 04:42:26'),
(2155, 195, 9, '2025-02-20 04:42:26', '2025-02-20 04:42:26'),
(2156, 195, 10, '2025-02-20 04:42:26', '2025-02-20 04:42:26'),
(2157, 195, 11, '2025-02-20 04:42:26', '2025-02-20 04:42:26'),
(2158, 195, 12, '2025-02-20 04:42:26', '2025-02-20 04:42:26'),
(2159, 195, 13, '2025-02-20 04:42:26', '2025-02-20 04:42:26'),
(2160, 195, 14, '2025-02-20 04:42:26', '2025-02-20 04:42:26'),
(2161, 195, 15, '2025-02-20 04:42:26', '2025-02-20 04:42:26'),
(2162, 195, 18, '2025-02-20 04:42:26', '2025-02-20 04:42:26'),
(2163, 195, 19, '2025-02-20 04:42:26', '2025-02-20 04:42:26'),
(2164, 195, 20, '2025-02-20 04:42:26', '2025-02-20 04:42:26'),
(2165, 195, 21, '2025-02-20 04:42:26', '2025-02-20 04:42:26'),
(2166, 195, 26, '2025-02-20 04:42:26', '2025-02-20 04:42:26'),
(2167, 195, 27, '2025-02-20 04:42:26', '2025-02-20 04:42:26'),
(2168, 195, 28, '2025-02-20 04:42:26', '2025-02-20 04:42:26'),
(2169, 195, 29, '2025-02-20 04:42:26', '2025-02-20 04:42:26'),
(2170, 195, 30, '2025-02-20 04:42:26', '2025-02-20 04:42:26'),
(2171, 195, 31, '2025-02-20 04:42:26', '2025-02-20 04:42:26'),
(2172, 195, 33, '2025-02-20 04:42:26', '2025-02-20 04:42:26'),
(2173, 195, 34, '2025-02-20 04:42:26', '2025-02-20 04:42:26'),
(2174, 195, 35, '2025-02-20 04:42:26', '2025-02-20 04:42:26'),
(2175, 195, 36, '2025-02-20 04:42:26', '2025-02-20 04:42:26'),
(2176, 195, 37, '2025-02-20 04:42:26', '2025-02-20 04:42:26'),
(2177, 195, 38, '2025-02-20 04:42:26', '2025-02-20 04:42:26'),
(2178, 195, 39, '2025-02-20 04:42:26', '2025-02-20 04:42:26'),
(2179, 195, 40, '2025-02-20 04:42:26', '2025-02-20 04:42:26'),
(2180, 196, 5, '2025-02-20 04:52:37', '2025-02-20 04:52:37'),
(2181, 196, 7, '2025-02-20 04:52:37', '2025-02-20 04:52:37'),
(2182, 196, 8, '2025-02-20 04:52:37', '2025-02-20 04:52:37'),
(2183, 196, 9, '2025-02-20 04:52:37', '2025-02-20 04:52:37'),
(2184, 196, 10, '2025-02-20 04:52:37', '2025-02-20 04:52:37'),
(2185, 196, 11, '2025-02-20 04:52:37', '2025-02-20 04:52:37'),
(2186, 196, 12, '2025-02-20 04:52:37', '2025-02-20 04:52:37'),
(2187, 196, 13, '2025-02-20 04:52:37', '2025-02-20 04:52:37'),
(2188, 196, 14, '2025-02-20 04:52:38', '2025-02-20 04:52:38'),
(2189, 196, 15, '2025-02-20 04:52:38', '2025-02-20 04:52:38'),
(2190, 196, 18, '2025-02-20 04:52:38', '2025-02-20 04:52:38'),
(2191, 196, 19, '2025-02-20 04:52:38', '2025-02-20 04:52:38'),
(2192, 196, 20, '2025-02-20 04:52:38', '2025-02-20 04:52:38'),
(2193, 196, 21, '2025-02-20 04:52:38', '2025-02-20 04:52:38'),
(2194, 196, 26, '2025-02-20 04:52:38', '2025-02-20 04:52:38'),
(2195, 196, 27, '2025-02-20 04:52:38', '2025-02-20 04:52:38'),
(2196, 196, 28, '2025-02-20 04:52:38', '2025-02-20 04:52:38'),
(2197, 196, 29, '2025-02-20 04:52:38', '2025-02-20 04:52:38'),
(2198, 196, 30, '2025-02-20 04:52:38', '2025-02-20 04:52:38'),
(2199, 196, 31, '2025-02-20 04:52:38', '2025-02-20 04:52:38'),
(2200, 196, 33, '2025-02-20 04:52:38', '2025-02-20 04:52:38'),
(2201, 196, 34, '2025-02-20 04:52:38', '2025-02-20 04:52:38'),
(2202, 196, 35, '2025-02-20 04:52:38', '2025-02-20 04:52:38'),
(2203, 196, 36, '2025-02-20 04:52:38', '2025-02-20 04:52:38'),
(2204, 196, 37, '2025-02-20 04:52:38', '2025-02-20 04:52:38'),
(2205, 196, 38, '2025-02-20 04:52:38', '2025-02-20 04:52:38'),
(2206, 196, 39, '2025-02-20 04:52:38', '2025-02-20 04:52:38'),
(2207, 196, 40, '2025-02-20 04:52:38', '2025-02-20 04:52:38'),
(2208, 197, 5, '2025-02-20 04:57:22', '2025-02-20 04:57:22'),
(2209, 197, 7, '2025-02-20 04:57:22', '2025-02-20 04:57:22'),
(2210, 197, 8, '2025-02-20 04:57:22', '2025-02-20 04:57:22'),
(2211, 197, 9, '2025-02-20 04:57:22', '2025-02-20 04:57:22'),
(2212, 197, 10, '2025-02-20 04:57:22', '2025-02-20 04:57:22'),
(2213, 197, 11, '2025-02-20 04:57:23', '2025-02-20 04:57:23'),
(2214, 197, 12, '2025-02-20 04:57:23', '2025-02-20 04:57:23'),
(2215, 197, 13, '2025-02-20 04:57:23', '2025-02-20 04:57:23'),
(2216, 197, 14, '2025-02-20 04:57:23', '2025-02-20 04:57:23'),
(2217, 197, 15, '2025-02-20 04:57:23', '2025-02-20 04:57:23'),
(2218, 197, 18, '2025-02-20 04:57:23', '2025-02-20 04:57:23'),
(2219, 197, 19, '2025-02-20 04:57:23', '2025-02-20 04:57:23'),
(2220, 197, 20, '2025-02-20 04:57:23', '2025-02-20 04:57:23'),
(2221, 197, 21, '2025-02-20 04:57:23', '2025-02-20 04:57:23'),
(2222, 197, 26, '2025-02-20 04:57:23', '2025-02-20 04:57:23'),
(2223, 197, 27, '2025-02-20 04:57:23', '2025-02-20 04:57:23'),
(2224, 197, 28, '2025-02-20 04:57:23', '2025-02-20 04:57:23'),
(2225, 197, 29, '2025-02-20 04:57:23', '2025-02-20 04:57:23'),
(2226, 197, 30, '2025-02-20 04:57:23', '2025-02-20 04:57:23'),
(2227, 197, 31, '2025-02-20 04:57:23', '2025-02-20 04:57:23'),
(2228, 197, 33, '2025-02-20 04:57:23', '2025-02-20 04:57:23'),
(2229, 197, 34, '2025-02-20 04:57:23', '2025-02-20 04:57:23'),
(2230, 197, 35, '2025-02-20 04:57:23', '2025-02-20 04:57:23'),
(2231, 197, 36, '2025-02-20 04:57:23', '2025-02-20 04:57:23'),
(2232, 197, 37, '2025-02-20 04:57:23', '2025-02-20 04:57:23'),
(2233, 197, 38, '2025-02-20 04:57:23', '2025-02-20 04:57:23'),
(2234, 197, 39, '2025-02-20 04:57:23', '2025-02-20 04:57:23'),
(2235, 197, 40, '2025-02-20 04:57:23', '2025-02-20 04:57:23'),
(2236, 198, 5, '2025-02-20 22:28:01', '2025-02-20 22:28:01'),
(2237, 198, 7, '2025-02-20 22:28:01', '2025-02-20 22:28:01'),
(2238, 198, 8, '2025-02-20 22:28:01', '2025-02-20 22:28:01'),
(2239, 198, 9, '2025-02-20 22:28:01', '2025-02-20 22:28:01'),
(2240, 198, 10, '2025-02-20 22:28:01', '2025-02-20 22:28:01'),
(2241, 198, 11, '2025-02-20 22:28:01', '2025-02-20 22:28:01'),
(2242, 198, 12, '2025-02-20 22:28:01', '2025-02-20 22:28:01'),
(2243, 198, 13, '2025-02-20 22:28:01', '2025-02-20 22:28:01'),
(2244, 198, 14, '2025-02-20 22:28:01', '2025-02-20 22:28:01'),
(2245, 198, 15, '2025-02-20 22:28:01', '2025-02-20 22:28:01'),
(2246, 198, 18, '2025-02-20 22:28:01', '2025-02-20 22:28:01'),
(2247, 198, 19, '2025-02-20 22:28:01', '2025-02-20 22:28:01'),
(2248, 198, 20, '2025-02-20 22:28:01', '2025-02-20 22:28:01'),
(2249, 198, 21, '2025-02-20 22:28:01', '2025-02-20 22:28:01'),
(2250, 198, 26, '2025-02-20 22:28:01', '2025-02-20 22:28:01'),
(2251, 198, 27, '2025-02-20 22:28:01', '2025-02-20 22:28:01'),
(2252, 198, 28, '2025-02-20 22:28:01', '2025-02-20 22:28:01'),
(2253, 198, 29, '2025-02-20 22:28:01', '2025-02-20 22:28:01'),
(2254, 198, 30, '2025-02-20 22:28:01', '2025-02-20 22:28:01'),
(2255, 198, 31, '2025-02-20 22:28:01', '2025-02-20 22:28:01'),
(2256, 198, 33, '2025-02-20 22:28:01', '2025-02-20 22:28:01'),
(2257, 198, 34, '2025-02-20 22:28:01', '2025-02-20 22:28:01'),
(2258, 198, 35, '2025-02-20 22:28:01', '2025-02-20 22:28:01'),
(2259, 198, 36, '2025-02-20 22:28:01', '2025-02-20 22:28:01'),
(2260, 198, 37, '2025-02-20 22:28:01', '2025-02-20 22:28:01'),
(2261, 198, 38, '2025-02-20 22:28:01', '2025-02-20 22:28:01'),
(2262, 198, 39, '2025-02-20 22:28:01', '2025-02-20 22:28:01'),
(2263, 198, 40, '2025-02-20 22:28:01', '2025-02-20 22:28:01'),
(2320, 201, 5, '2025-02-20 23:09:25', '2025-02-20 23:09:25'),
(2321, 201, 7, '2025-02-20 23:09:25', '2025-02-20 23:09:25'),
(2322, 201, 8, '2025-02-20 23:09:25', '2025-02-20 23:09:25'),
(2323, 201, 9, '2025-02-20 23:09:25', '2025-02-20 23:09:25'),
(2324, 201, 10, '2025-02-20 23:09:25', '2025-02-20 23:09:25'),
(2325, 201, 11, '2025-02-20 23:09:25', '2025-02-20 23:09:25'),
(2326, 201, 12, '2025-02-20 23:09:25', '2025-02-20 23:09:25'),
(2327, 201, 13, '2025-02-20 23:09:25', '2025-02-20 23:09:25'),
(2328, 201, 14, '2025-02-20 23:09:25', '2025-02-20 23:09:25');
INSERT INTO `cotizacion_has_costes` (`id`, `idCotizacion`, `idCoste`, `created_at`, `updated_at`) VALUES
(2329, 201, 15, '2025-02-20 23:09:25', '2025-02-20 23:09:25'),
(2330, 201, 18, '2025-02-20 23:09:25', '2025-02-20 23:09:25'),
(2331, 201, 19, '2025-02-20 23:09:25', '2025-02-20 23:09:25'),
(2332, 201, 20, '2025-02-20 23:09:25', '2025-02-20 23:09:25'),
(2333, 201, 21, '2025-02-20 23:09:25', '2025-02-20 23:09:25'),
(2334, 201, 26, '2025-02-20 23:09:25', '2025-02-20 23:09:25'),
(2335, 201, 27, '2025-02-20 23:09:25', '2025-02-20 23:09:25'),
(2336, 201, 28, '2025-02-20 23:09:25', '2025-02-20 23:09:25'),
(2337, 201, 29, '2025-02-20 23:09:25', '2025-02-20 23:09:25'),
(2338, 201, 30, '2025-02-20 23:09:25', '2025-02-20 23:09:25'),
(2339, 201, 31, '2025-02-20 23:09:25', '2025-02-20 23:09:25'),
(2340, 201, 33, '2025-02-20 23:09:25', '2025-02-20 23:09:25'),
(2341, 201, 34, '2025-02-20 23:09:25', '2025-02-20 23:09:25'),
(2342, 201, 35, '2025-02-20 23:09:25', '2025-02-20 23:09:25'),
(2343, 201, 36, '2025-02-20 23:09:25', '2025-02-20 23:09:25'),
(2344, 201, 37, '2025-02-20 23:09:25', '2025-02-20 23:09:25'),
(2345, 201, 38, '2025-02-20 23:09:25', '2025-02-20 23:09:25'),
(2346, 201, 39, '2025-02-20 23:09:25', '2025-02-20 23:09:25'),
(2347, 201, 40, '2025-02-20 23:09:25', '2025-02-20 23:09:25'),
(2404, 204, 5, '2025-02-25 06:10:26', '2025-02-25 06:10:26'),
(2405, 204, 7, '2025-02-25 06:10:26', '2025-02-25 06:10:26'),
(2406, 204, 8, '2025-02-25 06:10:26', '2025-02-25 06:10:26'),
(2407, 204, 9, '2025-02-25 06:10:26', '2025-02-25 06:10:26'),
(2408, 204, 10, '2025-02-25 06:10:26', '2025-02-25 06:10:26'),
(2409, 204, 11, '2025-02-25 06:10:26', '2025-02-25 06:10:26'),
(2410, 204, 12, '2025-02-25 06:10:26', '2025-02-25 06:10:26'),
(2411, 204, 13, '2025-02-25 06:10:26', '2025-02-25 06:10:26'),
(2412, 204, 14, '2025-02-25 06:10:26', '2025-02-25 06:10:26'),
(2413, 204, 15, '2025-02-25 06:10:26', '2025-02-25 06:10:26'),
(2414, 204, 18, '2025-02-25 06:10:26', '2025-02-25 06:10:26'),
(2415, 204, 19, '2025-02-25 06:10:26', '2025-02-25 06:10:26'),
(2416, 204, 20, '2025-02-25 06:10:26', '2025-02-25 06:10:26'),
(2417, 204, 21, '2025-02-25 06:10:26', '2025-02-25 06:10:26'),
(2418, 204, 26, '2025-02-25 06:10:26', '2025-02-25 06:10:26'),
(2419, 204, 27, '2025-02-25 06:10:26', '2025-02-25 06:10:26'),
(2420, 204, 28, '2025-02-25 06:10:26', '2025-02-25 06:10:26'),
(2421, 204, 29, '2025-02-25 06:10:26', '2025-02-25 06:10:26'),
(2422, 204, 30, '2025-02-25 06:10:26', '2025-02-25 06:10:26'),
(2423, 204, 31, '2025-02-25 06:10:26', '2025-02-25 06:10:26'),
(2424, 204, 33, '2025-02-25 06:10:26', '2025-02-25 06:10:26'),
(2425, 204, 34, '2025-02-25 06:10:26', '2025-02-25 06:10:26'),
(2426, 204, 35, '2025-02-25 06:10:26', '2025-02-25 06:10:26'),
(2427, 204, 36, '2025-02-25 06:10:26', '2025-02-25 06:10:26'),
(2428, 204, 37, '2025-02-25 06:10:26', '2025-02-25 06:10:26'),
(2429, 204, 38, '2025-02-25 06:10:26', '2025-02-25 06:10:26'),
(2430, 204, 39, '2025-02-25 06:10:26', '2025-02-25 06:10:26'),
(2431, 204, 40, '2025-02-25 06:10:26', '2025-02-25 06:10:26'),
(2432, 205, 5, '2025-02-27 07:37:15', '2025-02-27 07:37:15'),
(2433, 205, 7, '2025-02-27 07:37:15', '2025-02-27 07:37:15'),
(2434, 205, 8, '2025-02-27 07:37:15', '2025-02-27 07:37:15'),
(2435, 205, 9, '2025-02-27 07:37:15', '2025-02-27 07:37:15'),
(2436, 205, 10, '2025-02-27 07:37:15', '2025-02-27 07:37:15'),
(2437, 205, 11, '2025-02-27 07:37:15', '2025-02-27 07:37:15'),
(2438, 205, 12, '2025-02-27 07:37:15', '2025-02-27 07:37:15'),
(2439, 205, 13, '2025-02-27 07:37:15', '2025-02-27 07:37:15'),
(2440, 205, 14, '2025-02-27 07:37:15', '2025-02-27 07:37:15'),
(2441, 205, 15, '2025-02-27 07:37:15', '2025-02-27 07:37:15'),
(2442, 205, 18, '2025-02-27 07:37:15', '2025-02-27 07:37:15'),
(2443, 205, 19, '2025-02-27 07:37:15', '2025-02-27 07:37:15'),
(2444, 205, 20, '2025-02-27 07:37:15', '2025-02-27 07:37:15'),
(2445, 205, 21, '2025-02-27 07:37:15', '2025-02-27 07:37:15'),
(2446, 205, 26, '2025-02-27 07:37:15', '2025-02-27 07:37:15'),
(2447, 205, 27, '2025-02-27 07:37:15', '2025-02-27 07:37:15'),
(2448, 205, 28, '2025-02-27 07:37:15', '2025-02-27 07:37:15'),
(2449, 205, 29, '2025-02-27 07:37:15', '2025-02-27 07:37:15'),
(2450, 205, 30, '2025-02-27 07:37:15', '2025-02-27 07:37:15'),
(2451, 205, 31, '2025-02-27 07:37:15', '2025-02-27 07:37:15'),
(2452, 205, 33, '2025-02-27 07:37:15', '2025-02-27 07:37:15'),
(2453, 205, 34, '2025-02-27 07:37:15', '2025-02-27 07:37:15'),
(2454, 205, 35, '2025-02-27 07:37:15', '2025-02-27 07:37:15'),
(2455, 205, 36, '2025-02-27 07:37:15', '2025-02-27 07:37:15'),
(2456, 205, 37, '2025-02-27 07:37:15', '2025-02-27 07:37:15'),
(2457, 205, 38, '2025-02-27 07:37:15', '2025-02-27 07:37:15'),
(2458, 205, 39, '2025-02-27 07:37:15', '2025-02-27 07:37:15'),
(2459, 205, 40, '2025-02-27 07:37:15', '2025-02-27 07:37:15'),
(2460, 206, 5, '2025-02-27 07:39:20', '2025-02-27 07:39:20'),
(2461, 206, 7, '2025-02-27 07:39:20', '2025-02-27 07:39:20'),
(2462, 206, 8, '2025-02-27 07:39:20', '2025-02-27 07:39:20'),
(2463, 206, 9, '2025-02-27 07:39:20', '2025-02-27 07:39:20'),
(2464, 206, 10, '2025-02-27 07:39:20', '2025-02-27 07:39:20'),
(2465, 206, 11, '2025-02-27 07:39:20', '2025-02-27 07:39:20'),
(2466, 206, 12, '2025-02-27 07:39:20', '2025-02-27 07:39:20'),
(2467, 206, 13, '2025-02-27 07:39:20', '2025-02-27 07:39:20'),
(2468, 206, 14, '2025-02-27 07:39:20', '2025-02-27 07:39:20'),
(2469, 206, 15, '2025-02-27 07:39:20', '2025-02-27 07:39:20'),
(2470, 206, 18, '2025-02-27 07:39:20', '2025-02-27 07:39:20'),
(2471, 206, 19, '2025-02-27 07:39:20', '2025-02-27 07:39:20'),
(2472, 206, 20, '2025-02-27 07:39:20', '2025-02-27 07:39:20'),
(2473, 206, 21, '2025-02-27 07:39:20', '2025-02-27 07:39:20'),
(2474, 206, 26, '2025-02-27 07:39:20', '2025-02-27 07:39:20'),
(2475, 206, 27, '2025-02-27 07:39:20', '2025-02-27 07:39:20'),
(2476, 206, 28, '2025-02-27 07:39:20', '2025-02-27 07:39:20'),
(2477, 206, 29, '2025-02-27 07:39:20', '2025-02-27 07:39:20'),
(2478, 206, 30, '2025-02-27 07:39:20', '2025-02-27 07:39:20'),
(2479, 206, 31, '2025-02-27 07:39:20', '2025-02-27 07:39:20'),
(2480, 206, 33, '2025-02-27 07:39:20', '2025-02-27 07:39:20'),
(2481, 206, 34, '2025-02-27 07:39:20', '2025-02-27 07:39:20'),
(2482, 206, 35, '2025-02-27 07:39:20', '2025-02-27 07:39:20'),
(2483, 206, 36, '2025-02-27 07:39:20', '2025-02-27 07:39:20'),
(2484, 206, 37, '2025-02-27 07:39:20', '2025-02-27 07:39:20'),
(2485, 206, 38, '2025-02-27 07:39:20', '2025-02-27 07:39:20'),
(2486, 206, 39, '2025-02-27 07:39:20', '2025-02-27 07:39:20'),
(2487, 206, 40, '2025-02-27 07:39:20', '2025-02-27 07:39:20'),
(2488, 207, 5, '2025-02-27 07:41:34', '2025-02-27 07:41:34'),
(2489, 207, 7, '2025-02-27 07:41:34', '2025-02-27 07:41:34'),
(2490, 207, 8, '2025-02-27 07:41:34', '2025-02-27 07:41:34'),
(2491, 207, 9, '2025-02-27 07:41:34', '2025-02-27 07:41:34'),
(2492, 207, 10, '2025-02-27 07:41:34', '2025-02-27 07:41:34'),
(2493, 207, 11, '2025-02-27 07:41:34', '2025-02-27 07:41:34'),
(2494, 207, 12, '2025-02-27 07:41:34', '2025-02-27 07:41:34'),
(2495, 207, 13, '2025-02-27 07:41:34', '2025-02-27 07:41:34'),
(2496, 207, 14, '2025-02-27 07:41:34', '2025-02-27 07:41:34'),
(2497, 207, 15, '2025-02-27 07:41:34', '2025-02-27 07:41:34'),
(2498, 207, 18, '2025-02-27 07:41:34', '2025-02-27 07:41:34'),
(2499, 207, 19, '2025-02-27 07:41:34', '2025-02-27 07:41:34'),
(2500, 207, 20, '2025-02-27 07:41:35', '2025-02-27 07:41:35'),
(2501, 207, 21, '2025-02-27 07:41:35', '2025-02-27 07:41:35'),
(2502, 207, 26, '2025-02-27 07:41:35', '2025-02-27 07:41:35'),
(2503, 207, 27, '2025-02-27 07:41:35', '2025-02-27 07:41:35'),
(2504, 207, 28, '2025-02-27 07:41:35', '2025-02-27 07:41:35'),
(2505, 207, 29, '2025-02-27 07:41:35', '2025-02-27 07:41:35'),
(2506, 207, 30, '2025-02-27 07:41:35', '2025-02-27 07:41:35'),
(2507, 207, 31, '2025-02-27 07:41:35', '2025-02-27 07:41:35'),
(2508, 207, 33, '2025-02-27 07:41:35', '2025-02-27 07:41:35'),
(2509, 207, 34, '2025-02-27 07:41:35', '2025-02-27 07:41:35'),
(2510, 207, 35, '2025-02-27 07:41:35', '2025-02-27 07:41:35'),
(2511, 207, 36, '2025-02-27 07:41:35', '2025-02-27 07:41:35'),
(2512, 207, 37, '2025-02-27 07:41:35', '2025-02-27 07:41:35'),
(2513, 207, 38, '2025-02-27 07:41:35', '2025-02-27 07:41:35'),
(2514, 207, 39, '2025-02-27 07:41:35', '2025-02-27 07:41:35'),
(2515, 207, 40, '2025-02-27 07:41:35', '2025-02-27 07:41:35'),
(2600, 211, 5, '2025-02-27 08:41:21', '2025-02-27 08:41:21'),
(2601, 211, 7, '2025-02-27 08:41:21', '2025-02-27 08:41:21'),
(2602, 211, 8, '2025-02-27 08:41:21', '2025-02-27 08:41:21'),
(2603, 211, 9, '2025-02-27 08:41:21', '2025-02-27 08:41:21'),
(2604, 211, 10, '2025-02-27 08:41:21', '2025-02-27 08:41:21'),
(2605, 211, 11, '2025-02-27 08:41:21', '2025-02-27 08:41:21'),
(2606, 211, 12, '2025-02-27 08:41:21', '2025-02-27 08:41:21'),
(2607, 211, 13, '2025-02-27 08:41:21', '2025-02-27 08:41:21'),
(2608, 211, 14, '2025-02-27 08:41:21', '2025-02-27 08:41:21'),
(2609, 211, 15, '2025-02-27 08:41:21', '2025-02-27 08:41:21'),
(2610, 211, 18, '2025-02-27 08:41:21', '2025-02-27 08:41:21'),
(2611, 211, 19, '2025-02-27 08:41:21', '2025-02-27 08:41:21'),
(2612, 211, 20, '2025-02-27 08:41:21', '2025-02-27 08:41:21'),
(2613, 211, 21, '2025-02-27 08:41:21', '2025-02-27 08:41:21'),
(2614, 211, 26, '2025-02-27 08:41:21', '2025-02-27 08:41:21'),
(2615, 211, 27, '2025-02-27 08:41:21', '2025-02-27 08:41:21'),
(2616, 211, 28, '2025-02-27 08:41:21', '2025-02-27 08:41:21'),
(2617, 211, 29, '2025-02-27 08:41:21', '2025-02-27 08:41:21'),
(2618, 211, 30, '2025-02-27 08:41:21', '2025-02-27 08:41:21'),
(2619, 211, 31, '2025-02-27 08:41:21', '2025-02-27 08:41:21'),
(2620, 211, 33, '2025-02-27 08:41:21', '2025-02-27 08:41:21'),
(2621, 211, 34, '2025-02-27 08:41:21', '2025-02-27 08:41:21'),
(2622, 211, 35, '2025-02-27 08:41:21', '2025-02-27 08:41:21'),
(2623, 211, 36, '2025-02-27 08:41:21', '2025-02-27 08:41:21'),
(2624, 211, 37, '2025-02-27 08:41:21', '2025-02-27 08:41:21'),
(2625, 211, 38, '2025-02-27 08:41:21', '2025-02-27 08:41:21'),
(2626, 211, 39, '2025-02-27 08:41:21', '2025-02-27 08:41:21'),
(2627, 211, 40, '2025-02-27 08:41:21', '2025-02-27 08:41:21'),
(2628, 212, 5, '2025-02-27 08:46:40', '2025-02-27 08:46:40'),
(2629, 212, 7, '2025-02-27 08:46:40', '2025-02-27 08:46:40'),
(2630, 212, 8, '2025-02-27 08:46:40', '2025-02-27 08:46:40'),
(2631, 212, 9, '2025-02-27 08:46:40', '2025-02-27 08:46:40'),
(2632, 212, 10, '2025-02-27 08:46:40', '2025-02-27 08:46:40'),
(2633, 212, 11, '2025-02-27 08:46:40', '2025-02-27 08:46:40'),
(2634, 212, 12, '2025-02-27 08:46:40', '2025-02-27 08:46:40'),
(2635, 212, 13, '2025-02-27 08:46:40', '2025-02-27 08:46:40'),
(2636, 212, 14, '2025-02-27 08:46:40', '2025-02-27 08:46:40'),
(2637, 212, 15, '2025-02-27 08:46:40', '2025-02-27 08:46:40'),
(2638, 212, 18, '2025-02-27 08:46:40', '2025-02-27 08:46:40'),
(2639, 212, 19, '2025-02-27 08:46:40', '2025-02-27 08:46:40'),
(2640, 212, 20, '2025-02-27 08:46:40', '2025-02-27 08:46:40'),
(2641, 212, 21, '2025-02-27 08:46:40', '2025-02-27 08:46:40'),
(2642, 212, 26, '2025-02-27 08:46:40', '2025-02-27 08:46:40'),
(2643, 212, 27, '2025-02-27 08:46:40', '2025-02-27 08:46:40'),
(2644, 212, 28, '2025-02-27 08:46:40', '2025-02-27 08:46:40'),
(2645, 212, 29, '2025-02-27 08:46:40', '2025-02-27 08:46:40'),
(2646, 212, 30, '2025-02-27 08:46:40', '2025-02-27 08:46:40'),
(2647, 212, 31, '2025-02-27 08:46:40', '2025-02-27 08:46:40'),
(2648, 212, 33, '2025-02-27 08:46:40', '2025-02-27 08:46:40'),
(2649, 212, 34, '2025-02-27 08:46:40', '2025-02-27 08:46:40'),
(2650, 212, 35, '2025-02-27 08:46:40', '2025-02-27 08:46:40'),
(2651, 212, 36, '2025-02-27 08:46:40', '2025-02-27 08:46:40'),
(2652, 212, 37, '2025-02-27 08:46:40', '2025-02-27 08:46:40'),
(2653, 212, 38, '2025-02-27 08:46:40', '2025-02-27 08:46:40'),
(2654, 212, 39, '2025-02-27 08:46:40', '2025-02-27 08:46:40'),
(2655, 212, 40, '2025-02-27 08:46:40', '2025-02-27 08:46:40'),
(2712, 215, 5, '2025-03-02 04:45:28', '2025-03-02 04:45:28'),
(2713, 215, 7, '2025-03-02 04:45:28', '2025-03-02 04:45:28'),
(2714, 215, 8, '2025-03-02 04:45:28', '2025-03-02 04:45:28'),
(2715, 215, 9, '2025-03-02 04:45:28', '2025-03-02 04:45:28'),
(2716, 215, 10, '2025-03-02 04:45:28', '2025-03-02 04:45:28'),
(2717, 215, 11, '2025-03-02 04:45:28', '2025-03-02 04:45:28'),
(2718, 215, 12, '2025-03-02 04:45:28', '2025-03-02 04:45:28'),
(2719, 215, 13, '2025-03-02 04:45:28', '2025-03-02 04:45:28'),
(2720, 215, 14, '2025-03-02 04:45:28', '2025-03-02 04:45:28'),
(2721, 215, 15, '2025-03-02 04:45:28', '2025-03-02 04:45:28'),
(2722, 215, 18, '2025-03-02 04:45:28', '2025-03-02 04:45:28'),
(2723, 215, 19, '2025-03-02 04:45:28', '2025-03-02 04:45:28'),
(2724, 215, 20, '2025-03-02 04:45:28', '2025-03-02 04:45:28'),
(2725, 215, 21, '2025-03-02 04:45:28', '2025-03-02 04:45:28'),
(2726, 215, 26, '2025-03-02 04:45:28', '2025-03-02 04:45:28'),
(2727, 215, 27, '2025-03-02 04:45:28', '2025-03-02 04:45:28'),
(2728, 215, 28, '2025-03-02 04:45:28', '2025-03-02 04:45:28'),
(2729, 215, 29, '2025-03-02 04:45:28', '2025-03-02 04:45:28'),
(2730, 215, 30, '2025-03-02 04:45:28', '2025-03-02 04:45:28'),
(2731, 215, 31, '2025-03-02 04:45:28', '2025-03-02 04:45:28'),
(2732, 215, 33, '2025-03-02 04:45:28', '2025-03-02 04:45:28'),
(2733, 215, 34, '2025-03-02 04:45:28', '2025-03-02 04:45:28'),
(2734, 215, 35, '2025-03-02 04:45:28', '2025-03-02 04:45:28'),
(2735, 215, 36, '2025-03-02 04:45:28', '2025-03-02 04:45:28'),
(2736, 215, 37, '2025-03-02 04:45:28', '2025-03-02 04:45:28'),
(2737, 215, 38, '2025-03-02 04:45:28', '2025-03-02 04:45:28'),
(2738, 215, 39, '2025-03-02 04:45:28', '2025-03-02 04:45:28'),
(2739, 215, 40, '2025-03-02 04:45:28', '2025-03-02 04:45:28'),
(2852, 217, 5, '2025-03-05 03:57:03', '2025-03-05 03:57:03'),
(2853, 217, 7, '2025-03-05 03:57:03', '2025-03-05 03:57:03'),
(2854, 217, 8, '2025-03-05 03:57:03', '2025-03-05 03:57:03'),
(2855, 217, 9, '2025-03-05 03:57:03', '2025-03-05 03:57:03'),
(2856, 217, 10, '2025-03-05 03:57:03', '2025-03-05 03:57:03'),
(2857, 217, 11, '2025-03-05 03:57:03', '2025-03-05 03:57:03'),
(2858, 217, 12, '2025-03-05 03:57:03', '2025-03-05 03:57:03'),
(2859, 217, 13, '2025-03-05 03:57:03', '2025-03-05 03:57:03'),
(2860, 217, 14, '2025-03-05 03:57:03', '2025-03-05 03:57:03'),
(2861, 217, 15, '2025-03-05 03:57:03', '2025-03-05 03:57:03'),
(2862, 217, 18, '2025-03-05 03:57:03', '2025-03-05 03:57:03'),
(2863, 217, 19, '2025-03-05 03:57:03', '2025-03-05 03:57:03'),
(2864, 217, 20, '2025-03-05 03:57:03', '2025-03-05 03:57:03'),
(2865, 217, 21, '2025-03-05 03:57:03', '2025-03-05 03:57:03'),
(2866, 217, 26, '2025-03-05 03:57:03', '2025-03-05 03:57:03'),
(2867, 217, 27, '2025-03-05 03:57:03', '2025-03-05 03:57:03'),
(2868, 217, 28, '2025-03-05 03:57:03', '2025-03-05 03:57:03'),
(2869, 217, 29, '2025-03-05 03:57:03', '2025-03-05 03:57:03'),
(2870, 217, 30, '2025-03-05 03:57:03', '2025-03-05 03:57:03'),
(2871, 217, 31, '2025-03-05 03:57:03', '2025-03-05 03:57:03'),
(2872, 217, 33, '2025-03-05 03:57:03', '2025-03-05 03:57:03'),
(2873, 217, 34, '2025-03-05 03:57:03', '2025-03-05 03:57:03'),
(2874, 217, 35, '2025-03-05 03:57:03', '2025-03-05 03:57:03'),
(2875, 217, 36, '2025-03-05 03:57:03', '2025-03-05 03:57:03'),
(2876, 217, 37, '2025-03-05 03:57:03', '2025-03-05 03:57:03'),
(2877, 217, 38, '2025-03-05 03:57:03', '2025-03-05 03:57:03'),
(2878, 217, 39, '2025-03-05 03:57:03', '2025-03-05 03:57:03'),
(2879, 217, 40, '2025-03-05 03:57:03', '2025-03-05 03:57:03'),
(2908, 218, 5, '2025-03-05 04:00:49', '2025-03-05 04:00:49'),
(2909, 218, 7, '2025-03-05 04:00:49', '2025-03-05 04:00:49'),
(2910, 218, 8, '2025-03-05 04:00:49', '2025-03-05 04:00:49'),
(2911, 218, 9, '2025-03-05 04:00:49', '2025-03-05 04:00:49'),
(2912, 218, 10, '2025-03-05 04:00:49', '2025-03-05 04:00:49'),
(2913, 218, 11, '2025-03-05 04:00:49', '2025-03-05 04:00:49'),
(2914, 218, 12, '2025-03-05 04:00:49', '2025-03-05 04:00:49'),
(2915, 218, 13, '2025-03-05 04:00:49', '2025-03-05 04:00:49'),
(2916, 218, 14, '2025-03-05 04:00:49', '2025-03-05 04:00:49'),
(2917, 218, 15, '2025-03-05 04:00:49', '2025-03-05 04:00:49'),
(2918, 218, 18, '2025-03-05 04:00:49', '2025-03-05 04:00:49'),
(2919, 218, 19, '2025-03-05 04:00:49', '2025-03-05 04:00:49'),
(2920, 218, 20, '2025-03-05 04:00:49', '2025-03-05 04:00:49'),
(2921, 218, 21, '2025-03-05 04:00:49', '2025-03-05 04:00:49'),
(2922, 218, 26, '2025-03-05 04:00:49', '2025-03-05 04:00:49'),
(2923, 218, 27, '2025-03-05 04:00:49', '2025-03-05 04:00:49'),
(2924, 218, 28, '2025-03-05 04:00:49', '2025-03-05 04:00:49'),
(2925, 218, 29, '2025-03-05 04:00:49', '2025-03-05 04:00:49'),
(2926, 218, 30, '2025-03-05 04:00:49', '2025-03-05 04:00:49'),
(2927, 218, 31, '2025-03-05 04:00:49', '2025-03-05 04:00:49'),
(2928, 218, 33, '2025-03-05 04:00:49', '2025-03-05 04:00:49'),
(2929, 218, 34, '2025-03-05 04:00:49', '2025-03-05 04:00:49'),
(2930, 218, 35, '2025-03-05 04:00:49', '2025-03-05 04:00:49'),
(2931, 218, 36, '2025-03-05 04:00:49', '2025-03-05 04:00:49'),
(2932, 218, 37, '2025-03-05 04:00:49', '2025-03-05 04:00:49'),
(2933, 218, 38, '2025-03-05 04:00:49', '2025-03-05 04:00:49'),
(2934, 218, 39, '2025-03-05 04:00:49', '2025-03-05 04:00:49'),
(2935, 218, 40, '2025-03-05 04:00:49', '2025-03-05 04:00:49'),
(2964, 219, 5, '2025-03-05 04:04:35', '2025-03-05 04:04:35'),
(2965, 219, 7, '2025-03-05 04:04:35', '2025-03-05 04:04:35'),
(2966, 219, 8, '2025-03-05 04:04:35', '2025-03-05 04:04:35'),
(2967, 219, 9, '2025-03-05 04:04:35', '2025-03-05 04:04:35'),
(2968, 219, 10, '2025-03-05 04:04:35', '2025-03-05 04:04:35'),
(2969, 219, 11, '2025-03-05 04:04:35', '2025-03-05 04:04:35'),
(2970, 219, 12, '2025-03-05 04:04:35', '2025-03-05 04:04:35'),
(2971, 219, 13, '2025-03-05 04:04:35', '2025-03-05 04:04:35'),
(2972, 219, 14, '2025-03-05 04:04:35', '2025-03-05 04:04:35'),
(2973, 219, 15, '2025-03-05 04:04:35', '2025-03-05 04:04:35'),
(2974, 219, 18, '2025-03-05 04:04:35', '2025-03-05 04:04:35'),
(2975, 219, 19, '2025-03-05 04:04:35', '2025-03-05 04:04:35'),
(2976, 219, 20, '2025-03-05 04:04:35', '2025-03-05 04:04:35'),
(2977, 219, 21, '2025-03-05 04:04:35', '2025-03-05 04:04:35'),
(2978, 219, 26, '2025-03-05 04:04:35', '2025-03-05 04:04:35'),
(2979, 219, 27, '2025-03-05 04:04:35', '2025-03-05 04:04:35'),
(2980, 219, 28, '2025-03-05 04:04:35', '2025-03-05 04:04:35'),
(2981, 219, 29, '2025-03-05 04:04:35', '2025-03-05 04:04:35'),
(2982, 219, 30, '2025-03-05 04:04:35', '2025-03-05 04:04:35'),
(2983, 219, 31, '2025-03-05 04:04:35', '2025-03-05 04:04:35'),
(2984, 219, 33, '2025-03-05 04:04:35', '2025-03-05 04:04:35'),
(2985, 219, 34, '2025-03-05 04:04:35', '2025-03-05 04:04:35'),
(2986, 219, 35, '2025-03-05 04:04:35', '2025-03-05 04:04:35'),
(2987, 219, 36, '2025-03-05 04:04:35', '2025-03-05 04:04:35'),
(2988, 219, 37, '2025-03-05 04:04:35', '2025-03-05 04:04:35'),
(2989, 219, 38, '2025-03-05 04:04:35', '2025-03-05 04:04:35'),
(2990, 219, 39, '2025-03-05 04:04:35', '2025-03-05 04:04:35'),
(2991, 219, 40, '2025-03-05 04:04:35', '2025-03-05 04:04:35'),
(2992, 216, 5, '2025-03-05 04:06:45', '2025-03-05 04:06:45'),
(2993, 216, 7, '2025-03-05 04:06:45', '2025-03-05 04:06:45'),
(2994, 216, 8, '2025-03-05 04:06:45', '2025-03-05 04:06:45'),
(2995, 216, 9, '2025-03-05 04:06:45', '2025-03-05 04:06:45'),
(2996, 216, 10, '2025-03-05 04:06:45', '2025-03-05 04:06:45'),
(2997, 216, 11, '2025-03-05 04:06:45', '2025-03-05 04:06:45'),
(2998, 216, 12, '2025-03-05 04:06:45', '2025-03-05 04:06:45'),
(2999, 216, 13, '2025-03-05 04:06:45', '2025-03-05 04:06:45'),
(3000, 216, 14, '2025-03-05 04:06:45', '2025-03-05 04:06:45'),
(3001, 216, 15, '2025-03-05 04:06:45', '2025-03-05 04:06:45'),
(3002, 216, 18, '2025-03-05 04:06:45', '2025-03-05 04:06:45'),
(3003, 216, 19, '2025-03-05 04:06:45', '2025-03-05 04:06:45'),
(3004, 216, 20, '2025-03-05 04:06:45', '2025-03-05 04:06:45'),
(3005, 216, 21, '2025-03-05 04:06:45', '2025-03-05 04:06:45'),
(3006, 216, 26, '2025-03-05 04:06:45', '2025-03-05 04:06:45'),
(3007, 216, 27, '2025-03-05 04:06:45', '2025-03-05 04:06:45'),
(3008, 216, 28, '2025-03-05 04:06:45', '2025-03-05 04:06:45'),
(3009, 216, 29, '2025-03-05 04:06:45', '2025-03-05 04:06:45'),
(3010, 216, 30, '2025-03-05 04:06:45', '2025-03-05 04:06:45'),
(3011, 216, 31, '2025-03-05 04:06:45', '2025-03-05 04:06:45'),
(3012, 216, 33, '2025-03-05 04:06:45', '2025-03-05 04:06:45'),
(3013, 216, 34, '2025-03-05 04:06:45', '2025-03-05 04:06:45'),
(3014, 216, 35, '2025-03-05 04:06:45', '2025-03-05 04:06:45'),
(3015, 216, 36, '2025-03-05 04:06:45', '2025-03-05 04:06:45'),
(3016, 216, 37, '2025-03-05 04:06:45', '2025-03-05 04:06:45'),
(3017, 216, 38, '2025-03-05 04:06:45', '2025-03-05 04:06:45'),
(3018, 216, 39, '2025-03-05 04:06:45', '2025-03-05 04:06:45'),
(3019, 216, 40, '2025-03-05 04:06:45', '2025-03-05 04:06:45'),
(3020, 220, 5, '2025-03-05 04:07:11', '2025-03-05 04:07:11'),
(3021, 220, 7, '2025-03-05 04:07:11', '2025-03-05 04:07:11'),
(3022, 220, 8, '2025-03-05 04:07:11', '2025-03-05 04:07:11'),
(3023, 220, 9, '2025-03-05 04:07:11', '2025-03-05 04:07:11'),
(3024, 220, 10, '2025-03-05 04:07:11', '2025-03-05 04:07:11'),
(3025, 220, 11, '2025-03-05 04:07:11', '2025-03-05 04:07:11'),
(3026, 220, 12, '2025-03-05 04:07:11', '2025-03-05 04:07:11'),
(3027, 220, 13, '2025-03-05 04:07:11', '2025-03-05 04:07:11'),
(3028, 220, 14, '2025-03-05 04:07:11', '2025-03-05 04:07:11'),
(3029, 220, 15, '2025-03-05 04:07:11', '2025-03-05 04:07:11'),
(3030, 220, 18, '2025-03-05 04:07:11', '2025-03-05 04:07:11'),
(3031, 220, 19, '2025-03-05 04:07:11', '2025-03-05 04:07:11'),
(3032, 220, 20, '2025-03-05 04:07:11', '2025-03-05 04:07:11'),
(3033, 220, 21, '2025-03-05 04:07:11', '2025-03-05 04:07:11'),
(3034, 220, 26, '2025-03-05 04:07:11', '2025-03-05 04:07:11'),
(3035, 220, 27, '2025-03-05 04:07:11', '2025-03-05 04:07:11'),
(3036, 220, 28, '2025-03-05 04:07:11', '2025-03-05 04:07:11'),
(3037, 220, 29, '2025-03-05 04:07:11', '2025-03-05 04:07:11'),
(3038, 220, 30, '2025-03-05 04:07:11', '2025-03-05 04:07:11'),
(3039, 220, 31, '2025-03-05 04:07:11', '2025-03-05 04:07:11'),
(3040, 220, 33, '2025-03-05 04:07:11', '2025-03-05 04:07:11'),
(3041, 220, 34, '2025-03-05 04:07:11', '2025-03-05 04:07:11'),
(3042, 220, 35, '2025-03-05 04:07:11', '2025-03-05 04:07:11'),
(3043, 220, 36, '2025-03-05 04:07:11', '2025-03-05 04:07:11'),
(3044, 220, 37, '2025-03-05 04:07:11', '2025-03-05 04:07:11'),
(3045, 220, 38, '2025-03-05 04:07:11', '2025-03-05 04:07:11'),
(3046, 220, 39, '2025-03-05 04:07:11', '2025-03-05 04:07:11'),
(3047, 220, 40, '2025-03-05 04:07:11', '2025-03-05 04:07:11'),
(3076, 221, 5, '2025-03-05 05:19:10', '2025-03-05 05:19:10'),
(3077, 221, 7, '2025-03-05 05:19:10', '2025-03-05 05:19:10'),
(3078, 221, 8, '2025-03-05 05:19:10', '2025-03-05 05:19:10'),
(3079, 221, 9, '2025-03-05 05:19:10', '2025-03-05 05:19:10'),
(3080, 221, 10, '2025-03-05 05:19:10', '2025-03-05 05:19:10'),
(3081, 221, 11, '2025-03-05 05:19:10', '2025-03-05 05:19:10'),
(3082, 221, 12, '2025-03-05 05:19:10', '2025-03-05 05:19:10'),
(3083, 221, 13, '2025-03-05 05:19:10', '2025-03-05 05:19:10'),
(3084, 221, 14, '2025-03-05 05:19:10', '2025-03-05 05:19:10'),
(3085, 221, 15, '2025-03-05 05:19:10', '2025-03-05 05:19:10'),
(3086, 221, 18, '2025-03-05 05:19:10', '2025-03-05 05:19:10'),
(3087, 221, 19, '2025-03-05 05:19:10', '2025-03-05 05:19:10'),
(3088, 221, 20, '2025-03-05 05:19:10', '2025-03-05 05:19:10'),
(3089, 221, 21, '2025-03-05 05:19:10', '2025-03-05 05:19:10'),
(3090, 221, 26, '2025-03-05 05:19:10', '2025-03-05 05:19:10'),
(3091, 221, 27, '2025-03-05 05:19:10', '2025-03-05 05:19:10'),
(3092, 221, 28, '2025-03-05 05:19:10', '2025-03-05 05:19:10'),
(3093, 221, 29, '2025-03-05 05:19:10', '2025-03-05 05:19:10'),
(3094, 221, 30, '2025-03-05 05:19:10', '2025-03-05 05:19:10'),
(3095, 221, 31, '2025-03-05 05:19:10', '2025-03-05 05:19:10'),
(3096, 221, 33, '2025-03-05 05:19:10', '2025-03-05 05:19:10'),
(3097, 221, 34, '2025-03-05 05:19:10', '2025-03-05 05:19:10'),
(3098, 221, 35, '2025-03-05 05:19:10', '2025-03-05 05:19:10'),
(3099, 221, 36, '2025-03-05 05:19:10', '2025-03-05 05:19:10'),
(3100, 221, 37, '2025-03-05 05:19:10', '2025-03-05 05:19:10'),
(3101, 221, 38, '2025-03-05 05:19:10', '2025-03-05 05:19:10'),
(3102, 221, 39, '2025-03-05 05:19:10', '2025-03-05 05:19:10'),
(3103, 221, 40, '2025-03-05 05:19:10', '2025-03-05 05:19:10'),
(3160, 222, 5, '2025-03-05 05:21:30', '2025-03-05 05:21:30'),
(3161, 222, 7, '2025-03-05 05:21:30', '2025-03-05 05:21:30'),
(3162, 222, 8, '2025-03-05 05:21:30', '2025-03-05 05:21:30'),
(3163, 222, 9, '2025-03-05 05:21:30', '2025-03-05 05:21:30'),
(3164, 222, 10, '2025-03-05 05:21:30', '2025-03-05 05:21:30'),
(3165, 222, 11, '2025-03-05 05:21:30', '2025-03-05 05:21:30'),
(3166, 222, 12, '2025-03-05 05:21:30', '2025-03-05 05:21:30'),
(3167, 222, 13, '2025-03-05 05:21:30', '2025-03-05 05:21:30'),
(3168, 222, 14, '2025-03-05 05:21:30', '2025-03-05 05:21:30'),
(3169, 222, 15, '2025-03-05 05:21:30', '2025-03-05 05:21:30'),
(3170, 222, 18, '2025-03-05 05:21:30', '2025-03-05 05:21:30'),
(3171, 222, 19, '2025-03-05 05:21:30', '2025-03-05 05:21:30'),
(3172, 222, 20, '2025-03-05 05:21:30', '2025-03-05 05:21:30'),
(3173, 222, 21, '2025-03-05 05:21:30', '2025-03-05 05:21:30'),
(3174, 222, 26, '2025-03-05 05:21:30', '2025-03-05 05:21:30'),
(3175, 222, 27, '2025-03-05 05:21:30', '2025-03-05 05:21:30'),
(3176, 222, 28, '2025-03-05 05:21:30', '2025-03-05 05:21:30'),
(3177, 222, 29, '2025-03-05 05:21:30', '2025-03-05 05:21:30'),
(3178, 222, 30, '2025-03-05 05:21:30', '2025-03-05 05:21:30'),
(3179, 222, 31, '2025-03-05 05:21:30', '2025-03-05 05:21:30'),
(3180, 222, 33, '2025-03-05 05:21:30', '2025-03-05 05:21:30'),
(3181, 222, 34, '2025-03-05 05:21:30', '2025-03-05 05:21:30'),
(3182, 222, 35, '2025-03-05 05:21:30', '2025-03-05 05:21:30'),
(3183, 222, 36, '2025-03-05 05:21:30', '2025-03-05 05:21:30'),
(3184, 222, 37, '2025-03-05 05:21:30', '2025-03-05 05:21:30'),
(3185, 222, 38, '2025-03-05 05:21:30', '2025-03-05 05:21:30'),
(3186, 222, 39, '2025-03-05 05:21:30', '2025-03-05 05:21:30'),
(3187, 222, 40, '2025-03-05 05:21:30', '2025-03-05 05:21:30'),
(3188, 223, 5, '2025-03-05 05:22:56', '2025-03-05 05:22:56'),
(3189, 223, 7, '2025-03-05 05:22:56', '2025-03-05 05:22:56'),
(3190, 223, 8, '2025-03-05 05:22:56', '2025-03-05 05:22:56'),
(3191, 223, 9, '2025-03-05 05:22:56', '2025-03-05 05:22:56'),
(3192, 223, 10, '2025-03-05 05:22:56', '2025-03-05 05:22:56'),
(3193, 223, 11, '2025-03-05 05:22:56', '2025-03-05 05:22:56'),
(3194, 223, 12, '2025-03-05 05:22:56', '2025-03-05 05:22:56'),
(3195, 223, 13, '2025-03-05 05:22:57', '2025-03-05 05:22:57'),
(3196, 223, 14, '2025-03-05 05:22:57', '2025-03-05 05:22:57'),
(3197, 223, 15, '2025-03-05 05:22:57', '2025-03-05 05:22:57'),
(3198, 223, 18, '2025-03-05 05:22:57', '2025-03-05 05:22:57'),
(3199, 223, 19, '2025-03-05 05:22:57', '2025-03-05 05:22:57'),
(3200, 223, 20, '2025-03-05 05:22:57', '2025-03-05 05:22:57'),
(3201, 223, 21, '2025-03-05 05:22:57', '2025-03-05 05:22:57'),
(3202, 223, 26, '2025-03-05 05:22:57', '2025-03-05 05:22:57'),
(3203, 223, 27, '2025-03-05 05:22:57', '2025-03-05 05:22:57'),
(3204, 223, 28, '2025-03-05 05:22:57', '2025-03-05 05:22:57'),
(3205, 223, 29, '2025-03-05 05:22:57', '2025-03-05 05:22:57'),
(3206, 223, 30, '2025-03-05 05:22:57', '2025-03-05 05:22:57'),
(3207, 223, 31, '2025-03-05 05:22:57', '2025-03-05 05:22:57'),
(3208, 223, 33, '2025-03-05 05:22:57', '2025-03-05 05:22:57'),
(3209, 223, 34, '2025-03-05 05:22:57', '2025-03-05 05:22:57'),
(3210, 223, 35, '2025-03-05 05:22:57', '2025-03-05 05:22:57'),
(3211, 223, 36, '2025-03-05 05:22:57', '2025-03-05 05:22:57'),
(3212, 223, 37, '2025-03-05 05:22:57', '2025-03-05 05:22:57'),
(3213, 223, 38, '2025-03-05 05:22:57', '2025-03-05 05:22:57'),
(3214, 223, 39, '2025-03-05 05:22:57', '2025-03-05 05:22:57'),
(3215, 223, 40, '2025-03-05 05:22:57', '2025-03-05 05:22:57'),
(3216, 224, 5, '2025-03-11 00:42:06', '2025-03-11 00:42:06'),
(3217, 224, 7, '2025-03-11 00:42:06', '2025-03-11 00:42:06'),
(3218, 224, 8, '2025-03-11 00:42:06', '2025-03-11 00:42:06'),
(3219, 224, 9, '2025-03-11 00:42:06', '2025-03-11 00:42:06'),
(3220, 224, 10, '2025-03-11 00:42:06', '2025-03-11 00:42:06'),
(3221, 224, 11, '2025-03-11 00:42:06', '2025-03-11 00:42:06'),
(3222, 224, 12, '2025-03-11 00:42:06', '2025-03-11 00:42:06'),
(3223, 224, 13, '2025-03-11 00:42:06', '2025-03-11 00:42:06'),
(3224, 224, 14, '2025-03-11 00:42:06', '2025-03-11 00:42:06'),
(3225, 224, 15, '2025-03-11 00:42:06', '2025-03-11 00:42:06'),
(3226, 224, 18, '2025-03-11 00:42:06', '2025-03-11 00:42:06'),
(3227, 224, 19, '2025-03-11 00:42:06', '2025-03-11 00:42:06'),
(3228, 224, 20, '2025-03-11 00:42:06', '2025-03-11 00:42:06'),
(3229, 224, 21, '2025-03-11 00:42:06', '2025-03-11 00:42:06'),
(3230, 224, 26, '2025-03-11 00:42:06', '2025-03-11 00:42:06'),
(3231, 224, 27, '2025-03-11 00:42:06', '2025-03-11 00:42:06'),
(3232, 224, 28, '2025-03-11 00:42:06', '2025-03-11 00:42:06'),
(3233, 224, 29, '2025-03-11 00:42:06', '2025-03-11 00:42:06'),
(3234, 224, 30, '2025-03-11 00:42:06', '2025-03-11 00:42:06'),
(3235, 224, 31, '2025-03-11 00:42:06', '2025-03-11 00:42:06'),
(3236, 224, 33, '2025-03-11 00:42:06', '2025-03-11 00:42:06'),
(3237, 224, 34, '2025-03-11 00:42:06', '2025-03-11 00:42:06'),
(3238, 224, 35, '2025-03-11 00:42:06', '2025-03-11 00:42:06'),
(3239, 224, 36, '2025-03-11 00:42:06', '2025-03-11 00:42:06'),
(3240, 224, 37, '2025-03-11 00:42:06', '2025-03-11 00:42:06'),
(3241, 224, 38, '2025-03-11 00:42:06', '2025-03-11 00:42:06'),
(3242, 224, 39, '2025-03-11 00:42:06', '2025-03-11 00:42:06'),
(3243, 224, 40, '2025-03-11 00:42:06', '2025-03-11 00:42:06'),
(3244, 225, 5, '2025-03-11 00:42:07', '2025-03-11 00:42:07'),
(3245, 225, 7, '2025-03-11 00:42:07', '2025-03-11 00:42:07'),
(3246, 225, 8, '2025-03-11 00:42:07', '2025-03-11 00:42:07'),
(3247, 225, 9, '2025-03-11 00:42:07', '2025-03-11 00:42:07'),
(3248, 225, 10, '2025-03-11 00:42:07', '2025-03-11 00:42:07'),
(3249, 225, 11, '2025-03-11 00:42:07', '2025-03-11 00:42:07'),
(3250, 225, 12, '2025-03-11 00:42:07', '2025-03-11 00:42:07'),
(3251, 225, 13, '2025-03-11 00:42:07', '2025-03-11 00:42:07'),
(3252, 225, 14, '2025-03-11 00:42:07', '2025-03-11 00:42:07'),
(3253, 225, 15, '2025-03-11 00:42:07', '2025-03-11 00:42:07'),
(3254, 225, 18, '2025-03-11 00:42:07', '2025-03-11 00:42:07'),
(3255, 225, 19, '2025-03-11 00:42:07', '2025-03-11 00:42:07'),
(3256, 225, 20, '2025-03-11 00:42:07', '2025-03-11 00:42:07'),
(3257, 225, 21, '2025-03-11 00:42:07', '2025-03-11 00:42:07'),
(3258, 225, 26, '2025-03-11 00:42:07', '2025-03-11 00:42:07'),
(3259, 225, 27, '2025-03-11 00:42:07', '2025-03-11 00:42:07'),
(3260, 225, 28, '2025-03-11 00:42:07', '2025-03-11 00:42:07'),
(3261, 225, 29, '2025-03-11 00:42:07', '2025-03-11 00:42:07'),
(3262, 225, 30, '2025-03-11 00:42:07', '2025-03-11 00:42:07'),
(3263, 225, 31, '2025-03-11 00:42:07', '2025-03-11 00:42:07'),
(3264, 225, 33, '2025-03-11 00:42:07', '2025-03-11 00:42:07'),
(3265, 225, 34, '2025-03-11 00:42:07', '2025-03-11 00:42:07'),
(3266, 225, 35, '2025-03-11 00:42:07', '2025-03-11 00:42:07'),
(3267, 225, 36, '2025-03-11 00:42:07', '2025-03-11 00:42:07'),
(3268, 225, 37, '2025-03-11 00:42:07', '2025-03-11 00:42:07'),
(3269, 225, 38, '2025-03-11 00:42:07', '2025-03-11 00:42:07'),
(3270, 225, 39, '2025-03-11 00:42:07', '2025-03-11 00:42:07'),
(3271, 225, 40, '2025-03-11 00:42:07', '2025-03-11 00:42:07'),
(3272, 156, 5, '2025-03-11 00:46:42', '2025-03-11 00:46:42'),
(3273, 156, 7, '2025-03-11 00:46:42', '2025-03-11 00:46:42'),
(3274, 156, 8, '2025-03-11 00:46:42', '2025-03-11 00:46:42'),
(3275, 156, 9, '2025-03-11 00:46:42', '2025-03-11 00:46:42'),
(3276, 156, 10, '2025-03-11 00:46:42', '2025-03-11 00:46:42'),
(3277, 156, 11, '2025-03-11 00:46:42', '2025-03-11 00:46:42'),
(3278, 156, 12, '2025-03-11 00:46:42', '2025-03-11 00:46:42'),
(3279, 156, 13, '2025-03-11 00:46:42', '2025-03-11 00:46:42'),
(3280, 156, 14, '2025-03-11 00:46:42', '2025-03-11 00:46:42'),
(3281, 156, 15, '2025-03-11 00:46:42', '2025-03-11 00:46:42'),
(3282, 156, 18, '2025-03-11 00:46:42', '2025-03-11 00:46:42'),
(3283, 156, 19, '2025-03-11 00:46:42', '2025-03-11 00:46:42'),
(3284, 156, 20, '2025-03-11 00:46:42', '2025-03-11 00:46:42'),
(3285, 156, 21, '2025-03-11 00:46:42', '2025-03-11 00:46:42'),
(3286, 156, 26, '2025-03-11 00:46:42', '2025-03-11 00:46:42'),
(3287, 156, 27, '2025-03-11 00:46:42', '2025-03-11 00:46:42'),
(3288, 156, 28, '2025-03-11 00:46:42', '2025-03-11 00:46:42'),
(3289, 156, 29, '2025-03-11 00:46:42', '2025-03-11 00:46:42'),
(3290, 156, 30, '2025-03-11 00:46:42', '2025-03-11 00:46:42'),
(3291, 156, 31, '2025-03-11 00:46:42', '2025-03-11 00:46:42'),
(3292, 156, 33, '2025-03-11 00:46:42', '2025-03-11 00:46:42'),
(3293, 156, 34, '2025-03-11 00:46:42', '2025-03-11 00:46:42'),
(3294, 156, 35, '2025-03-11 00:46:42', '2025-03-11 00:46:42'),
(3295, 156, 36, '2025-03-11 00:46:42', '2025-03-11 00:46:42'),
(3296, 156, 37, '2025-03-11 00:46:42', '2025-03-11 00:46:42'),
(3297, 156, 38, '2025-03-11 00:46:42', '2025-03-11 00:46:42'),
(3298, 156, 39, '2025-03-11 00:46:42', '2025-03-11 00:46:42'),
(3299, 156, 40, '2025-03-11 00:46:42', '2025-03-11 00:46:42'),
(3300, 226, 5, '2025-03-11 01:02:32', '2025-03-11 01:02:32'),
(3301, 226, 7, '2025-03-11 01:02:32', '2025-03-11 01:02:32'),
(3302, 226, 8, '2025-03-11 01:02:32', '2025-03-11 01:02:32'),
(3303, 226, 9, '2025-03-11 01:02:32', '2025-03-11 01:02:32'),
(3304, 226, 10, '2025-03-11 01:02:32', '2025-03-11 01:02:32'),
(3305, 226, 11, '2025-03-11 01:02:32', '2025-03-11 01:02:32'),
(3306, 226, 12, '2025-03-11 01:02:32', '2025-03-11 01:02:32'),
(3307, 226, 13, '2025-03-11 01:02:32', '2025-03-11 01:02:32'),
(3308, 226, 14, '2025-03-11 01:02:32', '2025-03-11 01:02:32'),
(3309, 226, 15, '2025-03-11 01:02:32', '2025-03-11 01:02:32'),
(3310, 226, 18, '2025-03-11 01:02:32', '2025-03-11 01:02:32'),
(3311, 226, 19, '2025-03-11 01:02:32', '2025-03-11 01:02:32'),
(3312, 226, 20, '2025-03-11 01:02:32', '2025-03-11 01:02:32'),
(3313, 226, 21, '2025-03-11 01:02:32', '2025-03-11 01:02:32'),
(3314, 226, 26, '2025-03-11 01:02:32', '2025-03-11 01:02:32'),
(3315, 226, 27, '2025-03-11 01:02:32', '2025-03-11 01:02:32'),
(3316, 226, 28, '2025-03-11 01:02:32', '2025-03-11 01:02:32'),
(3317, 226, 29, '2025-03-11 01:02:32', '2025-03-11 01:02:32'),
(3318, 226, 30, '2025-03-11 01:02:32', '2025-03-11 01:02:32'),
(3319, 226, 31, '2025-03-11 01:02:32', '2025-03-11 01:02:32'),
(3320, 226, 33, '2025-03-11 01:02:32', '2025-03-11 01:02:32'),
(3321, 226, 34, '2025-03-11 01:02:32', '2025-03-11 01:02:32'),
(3322, 226, 35, '2025-03-11 01:02:32', '2025-03-11 01:02:32'),
(3323, 226, 36, '2025-03-11 01:02:32', '2025-03-11 01:02:32'),
(3324, 226, 37, '2025-03-11 01:02:32', '2025-03-11 01:02:32'),
(3325, 226, 38, '2025-03-11 01:02:32', '2025-03-11 01:02:32'),
(3326, 226, 39, '2025-03-11 01:02:32', '2025-03-11 01:02:32'),
(3327, 226, 40, '2025-03-11 01:02:32', '2025-03-11 01:02:32'),
(3328, 227, 5, '2025-03-11 04:59:09', '2025-03-11 04:59:09'),
(3329, 227, 7, '2025-03-11 04:59:09', '2025-03-11 04:59:09'),
(3330, 227, 8, '2025-03-11 04:59:09', '2025-03-11 04:59:09'),
(3331, 227, 9, '2025-03-11 04:59:09', '2025-03-11 04:59:09'),
(3332, 227, 10, '2025-03-11 04:59:09', '2025-03-11 04:59:09'),
(3333, 227, 11, '2025-03-11 04:59:09', '2025-03-11 04:59:09'),
(3334, 227, 12, '2025-03-11 04:59:09', '2025-03-11 04:59:09'),
(3335, 227, 13, '2025-03-11 04:59:09', '2025-03-11 04:59:09'),
(3336, 227, 14, '2025-03-11 04:59:09', '2025-03-11 04:59:09'),
(3337, 227, 15, '2025-03-11 04:59:09', '2025-03-11 04:59:09'),
(3338, 227, 18, '2025-03-11 04:59:09', '2025-03-11 04:59:09'),
(3339, 227, 19, '2025-03-11 04:59:09', '2025-03-11 04:59:09'),
(3340, 227, 20, '2025-03-11 04:59:09', '2025-03-11 04:59:09'),
(3341, 227, 21, '2025-03-11 04:59:09', '2025-03-11 04:59:09'),
(3342, 227, 26, '2025-03-11 04:59:09', '2025-03-11 04:59:09'),
(3343, 227, 27, '2025-03-11 04:59:09', '2025-03-11 04:59:09'),
(3344, 227, 28, '2025-03-11 04:59:09', '2025-03-11 04:59:09'),
(3345, 227, 29, '2025-03-11 04:59:09', '2025-03-11 04:59:09'),
(3346, 227, 30, '2025-03-11 04:59:09', '2025-03-11 04:59:09'),
(3347, 227, 31, '2025-03-11 04:59:09', '2025-03-11 04:59:09'),
(3348, 227, 33, '2025-03-11 04:59:09', '2025-03-11 04:59:09'),
(3349, 227, 34, '2025-03-11 04:59:09', '2025-03-11 04:59:09'),
(3350, 227, 35, '2025-03-11 04:59:09', '2025-03-11 04:59:09'),
(3351, 227, 36, '2025-03-11 04:59:09', '2025-03-11 04:59:09'),
(3352, 227, 37, '2025-03-11 04:59:09', '2025-03-11 04:59:09'),
(3353, 227, 38, '2025-03-11 04:59:09', '2025-03-11 04:59:09'),
(3354, 227, 39, '2025-03-11 04:59:09', '2025-03-11 04:59:09'),
(3355, 227, 40, '2025-03-11 04:59:09', '2025-03-11 04:59:09'),
(3384, 229, 5, '2025-03-12 05:06:10', '2025-03-12 05:06:10'),
(3385, 229, 7, '2025-03-12 05:06:10', '2025-03-12 05:06:10'),
(3386, 229, 8, '2025-03-12 05:06:10', '2025-03-12 05:06:10'),
(3387, 229, 9, '2025-03-12 05:06:10', '2025-03-12 05:06:10'),
(3388, 229, 10, '2025-03-12 05:06:10', '2025-03-12 05:06:10'),
(3389, 229, 11, '2025-03-12 05:06:10', '2025-03-12 05:06:10'),
(3390, 229, 12, '2025-03-12 05:06:10', '2025-03-12 05:06:10'),
(3391, 229, 13, '2025-03-12 05:06:10', '2025-03-12 05:06:10'),
(3392, 229, 14, '2025-03-12 05:06:10', '2025-03-12 05:06:10'),
(3393, 229, 15, '2025-03-12 05:06:10', '2025-03-12 05:06:10'),
(3394, 229, 18, '2025-03-12 05:06:10', '2025-03-12 05:06:10'),
(3395, 229, 19, '2025-03-12 05:06:10', '2025-03-12 05:06:10'),
(3396, 229, 20, '2025-03-12 05:06:10', '2025-03-12 05:06:10'),
(3397, 229, 21, '2025-03-12 05:06:10', '2025-03-12 05:06:10'),
(3398, 229, 26, '2025-03-12 05:06:10', '2025-03-12 05:06:10'),
(3399, 229, 27, '2025-03-12 05:06:10', '2025-03-12 05:06:10'),
(3400, 229, 28, '2025-03-12 05:06:10', '2025-03-12 05:06:10'),
(3401, 229, 29, '2025-03-12 05:06:10', '2025-03-12 05:06:10'),
(3402, 229, 30, '2025-03-12 05:06:10', '2025-03-12 05:06:10'),
(3403, 229, 31, '2025-03-12 05:06:10', '2025-03-12 05:06:10'),
(3404, 229, 33, '2025-03-12 05:06:10', '2025-03-12 05:06:10'),
(3405, 229, 34, '2025-03-12 05:06:10', '2025-03-12 05:06:10'),
(3406, 229, 35, '2025-03-12 05:06:10', '2025-03-12 05:06:10'),
(3407, 229, 36, '2025-03-12 05:06:10', '2025-03-12 05:06:10'),
(3408, 229, 37, '2025-03-12 05:06:10', '2025-03-12 05:06:10'),
(3409, 229, 39, '2025-03-12 05:06:10', '2025-03-12 05:06:10'),
(3410, 229, 40, '2025-03-12 05:06:10', '2025-03-12 05:06:10'),
(3411, 230, 5, '2025-03-18 22:29:43', '2025-03-18 22:29:43'),
(3412, 230, 7, '2025-03-18 22:29:43', '2025-03-18 22:29:43'),
(3413, 230, 8, '2025-03-18 22:29:43', '2025-03-18 22:29:43'),
(3414, 230, 9, '2025-03-18 22:29:43', '2025-03-18 22:29:43'),
(3415, 230, 10, '2025-03-18 22:29:43', '2025-03-18 22:29:43'),
(3416, 230, 11, '2025-03-18 22:29:43', '2025-03-18 22:29:43'),
(3417, 230, 12, '2025-03-18 22:29:43', '2025-03-18 22:29:43'),
(3418, 230, 13, '2025-03-18 22:29:43', '2025-03-18 22:29:43'),
(3419, 230, 14, '2025-03-18 22:29:43', '2025-03-18 22:29:43'),
(3420, 230, 15, '2025-03-18 22:29:43', '2025-03-18 22:29:43'),
(3421, 230, 18, '2025-03-18 22:29:43', '2025-03-18 22:29:43'),
(3422, 230, 19, '2025-03-18 22:29:43', '2025-03-18 22:29:43'),
(3423, 230, 20, '2025-03-18 22:29:43', '2025-03-18 22:29:43'),
(3424, 230, 21, '2025-03-18 22:29:43', '2025-03-18 22:29:43'),
(3425, 230, 26, '2025-03-18 22:29:43', '2025-03-18 22:29:43'),
(3426, 230, 27, '2025-03-18 22:29:43', '2025-03-18 22:29:43'),
(3427, 230, 28, '2025-03-18 22:29:43', '2025-03-18 22:29:43'),
(3428, 230, 29, '2025-03-18 22:29:43', '2025-03-18 22:29:43'),
(3429, 230, 30, '2025-03-18 22:29:43', '2025-03-18 22:29:43'),
(3430, 230, 31, '2025-03-18 22:29:43', '2025-03-18 22:29:43'),
(3431, 230, 33, '2025-03-18 22:29:43', '2025-03-18 22:29:43'),
(3432, 230, 34, '2025-03-18 22:29:43', '2025-03-18 22:29:43'),
(3433, 230, 35, '2025-03-18 22:29:43', '2025-03-18 22:29:43'),
(3434, 230, 36, '2025-03-18 22:29:43', '2025-03-18 22:29:43'),
(3435, 230, 37, '2025-03-18 22:29:43', '2025-03-18 22:29:43'),
(3436, 230, 38, '2025-03-18 22:29:43', '2025-03-18 22:29:43'),
(3437, 230, 39, '2025-03-18 22:29:43', '2025-03-18 22:29:43'),
(3438, 230, 40, '2025-03-18 22:29:43', '2025-03-18 22:29:43'),
(3439, 231, 5, '2025-03-18 22:30:14', '2025-03-18 22:30:14'),
(3440, 231, 7, '2025-03-18 22:30:14', '2025-03-18 22:30:14'),
(3441, 231, 8, '2025-03-18 22:30:14', '2025-03-18 22:30:14'),
(3442, 231, 9, '2025-03-18 22:30:14', '2025-03-18 22:30:14'),
(3443, 231, 10, '2025-03-18 22:30:15', '2025-03-18 22:30:15'),
(3444, 231, 11, '2025-03-18 22:30:15', '2025-03-18 22:30:15'),
(3445, 231, 12, '2025-03-18 22:30:15', '2025-03-18 22:30:15'),
(3446, 231, 13, '2025-03-18 22:30:15', '2025-03-18 22:30:15'),
(3447, 231, 14, '2025-03-18 22:30:15', '2025-03-18 22:30:15'),
(3448, 231, 15, '2025-03-18 22:30:15', '2025-03-18 22:30:15'),
(3449, 231, 18, '2025-03-18 22:30:15', '2025-03-18 22:30:15'),
(3450, 231, 19, '2025-03-18 22:30:15', '2025-03-18 22:30:15'),
(3451, 231, 20, '2025-03-18 22:30:15', '2025-03-18 22:30:15'),
(3452, 231, 21, '2025-03-18 22:30:15', '2025-03-18 22:30:15'),
(3453, 231, 26, '2025-03-18 22:30:15', '2025-03-18 22:30:15'),
(3454, 231, 27, '2025-03-18 22:30:15', '2025-03-18 22:30:15'),
(3455, 231, 28, '2025-03-18 22:30:15', '2025-03-18 22:30:15'),
(3456, 231, 29, '2025-03-18 22:30:15', '2025-03-18 22:30:15'),
(3457, 231, 30, '2025-03-18 22:30:15', '2025-03-18 22:30:15'),
(3458, 231, 31, '2025-03-18 22:30:15', '2025-03-18 22:30:15'),
(3459, 231, 33, '2025-03-18 22:30:15', '2025-03-18 22:30:15'),
(3460, 231, 34, '2025-03-18 22:30:15', '2025-03-18 22:30:15'),
(3461, 231, 35, '2025-03-18 22:30:15', '2025-03-18 22:30:15'),
(3462, 231, 36, '2025-03-18 22:30:15', '2025-03-18 22:30:15'),
(3463, 231, 37, '2025-03-18 22:30:15', '2025-03-18 22:30:15'),
(3464, 231, 38, '2025-03-18 22:30:15', '2025-03-18 22:30:15'),
(3465, 231, 39, '2025-03-18 22:30:15', '2025-03-18 22:30:15'),
(3466, 231, 40, '2025-03-18 22:30:15', '2025-03-18 22:30:15'),
(3467, 232, 5, '2025-03-18 22:31:51', '2025-03-18 22:31:51'),
(3468, 232, 7, '2025-03-18 22:31:51', '2025-03-18 22:31:51'),
(3469, 232, 8, '2025-03-18 22:31:51', '2025-03-18 22:31:51'),
(3470, 232, 9, '2025-03-18 22:31:51', '2025-03-18 22:31:51'),
(3471, 232, 10, '2025-03-18 22:31:51', '2025-03-18 22:31:51'),
(3472, 232, 11, '2025-03-18 22:31:51', '2025-03-18 22:31:51'),
(3473, 232, 12, '2025-03-18 22:31:51', '2025-03-18 22:31:51'),
(3474, 232, 13, '2025-03-18 22:31:51', '2025-03-18 22:31:51'),
(3475, 232, 14, '2025-03-18 22:31:51', '2025-03-18 22:31:51'),
(3476, 232, 15, '2025-03-18 22:31:51', '2025-03-18 22:31:51'),
(3477, 232, 18, '2025-03-18 22:31:51', '2025-03-18 22:31:51'),
(3478, 232, 19, '2025-03-18 22:31:51', '2025-03-18 22:31:51'),
(3479, 232, 20, '2025-03-18 22:31:51', '2025-03-18 22:31:51'),
(3480, 232, 21, '2025-03-18 22:31:51', '2025-03-18 22:31:51'),
(3481, 232, 26, '2025-03-18 22:31:51', '2025-03-18 22:31:51'),
(3482, 232, 27, '2025-03-18 22:31:51', '2025-03-18 22:31:51'),
(3483, 232, 28, '2025-03-18 22:31:51', '2025-03-18 22:31:51'),
(3484, 232, 29, '2025-03-18 22:31:51', '2025-03-18 22:31:51'),
(3485, 232, 30, '2025-03-18 22:31:51', '2025-03-18 22:31:51'),
(3486, 232, 31, '2025-03-18 22:31:51', '2025-03-18 22:31:51'),
(3487, 232, 33, '2025-03-18 22:31:51', '2025-03-18 22:31:51'),
(3488, 232, 34, '2025-03-18 22:31:51', '2025-03-18 22:31:51'),
(3489, 232, 35, '2025-03-18 22:31:51', '2025-03-18 22:31:51'),
(3490, 232, 36, '2025-03-18 22:31:51', '2025-03-18 22:31:51'),
(3491, 232, 37, '2025-03-18 22:31:51', '2025-03-18 22:31:51'),
(3492, 232, 38, '2025-03-18 22:31:51', '2025-03-18 22:31:51'),
(3493, 232, 39, '2025-03-18 22:31:51', '2025-03-18 22:31:51'),
(3494, 232, 40, '2025-03-18 22:31:51', '2025-03-18 22:31:51'),
(3495, 233, 5, '2025-03-18 22:32:59', '2025-03-18 22:32:59'),
(3496, 233, 7, '2025-03-18 22:32:59', '2025-03-18 22:32:59'),
(3497, 233, 8, '2025-03-18 22:32:59', '2025-03-18 22:32:59'),
(3498, 233, 9, '2025-03-18 22:32:59', '2025-03-18 22:32:59'),
(3499, 233, 10, '2025-03-18 22:32:59', '2025-03-18 22:32:59'),
(3500, 233, 11, '2025-03-18 22:32:59', '2025-03-18 22:32:59'),
(3501, 233, 12, '2025-03-18 22:33:00', '2025-03-18 22:33:00'),
(3502, 233, 13, '2025-03-18 22:33:00', '2025-03-18 22:33:00'),
(3503, 233, 14, '2025-03-18 22:33:00', '2025-03-18 22:33:00'),
(3504, 233, 15, '2025-03-18 22:33:00', '2025-03-18 22:33:00'),
(3505, 233, 18, '2025-03-18 22:33:00', '2025-03-18 22:33:00'),
(3506, 233, 19, '2025-03-18 22:33:00', '2025-03-18 22:33:00'),
(3507, 233, 20, '2025-03-18 22:33:00', '2025-03-18 22:33:00'),
(3508, 233, 21, '2025-03-18 22:33:00', '2025-03-18 22:33:00'),
(3509, 233, 26, '2025-03-18 22:33:00', '2025-03-18 22:33:00'),
(3510, 233, 27, '2025-03-18 22:33:00', '2025-03-18 22:33:00'),
(3511, 233, 28, '2025-03-18 22:33:00', '2025-03-18 22:33:00'),
(3512, 233, 29, '2025-03-18 22:33:00', '2025-03-18 22:33:00'),
(3513, 233, 30, '2025-03-18 22:33:00', '2025-03-18 22:33:00'),
(3514, 233, 31, '2025-03-18 22:33:00', '2025-03-18 22:33:00'),
(3515, 233, 33, '2025-03-18 22:33:00', '2025-03-18 22:33:00'),
(3516, 233, 34, '2025-03-18 22:33:00', '2025-03-18 22:33:00'),
(3517, 233, 35, '2025-03-18 22:33:00', '2025-03-18 22:33:00'),
(3518, 233, 36, '2025-03-18 22:33:00', '2025-03-18 22:33:00'),
(3519, 233, 37, '2025-03-18 22:33:00', '2025-03-18 22:33:00'),
(3520, 233, 38, '2025-03-18 22:33:00', '2025-03-18 22:33:00'),
(3521, 233, 39, '2025-03-18 22:33:00', '2025-03-18 22:33:00'),
(3522, 233, 40, '2025-03-18 22:33:00', '2025-03-18 22:33:00'),
(3523, 234, 5, '2025-03-18 22:34:21', '2025-03-18 22:34:21'),
(3524, 234, 7, '2025-03-18 22:34:21', '2025-03-18 22:34:21'),
(3525, 234, 8, '2025-03-18 22:34:21', '2025-03-18 22:34:21'),
(3526, 234, 9, '2025-03-18 22:34:21', '2025-03-18 22:34:21'),
(3527, 234, 10, '2025-03-18 22:34:21', '2025-03-18 22:34:21'),
(3528, 234, 11, '2025-03-18 22:34:21', '2025-03-18 22:34:21'),
(3529, 234, 12, '2025-03-18 22:34:21', '2025-03-18 22:34:21'),
(3530, 234, 13, '2025-03-18 22:34:21', '2025-03-18 22:34:21'),
(3531, 234, 14, '2025-03-18 22:34:21', '2025-03-18 22:34:21'),
(3532, 234, 15, '2025-03-18 22:34:21', '2025-03-18 22:34:21'),
(3533, 234, 18, '2025-03-18 22:34:21', '2025-03-18 22:34:21'),
(3534, 234, 19, '2025-03-18 22:34:21', '2025-03-18 22:34:21'),
(3535, 234, 20, '2025-03-18 22:34:21', '2025-03-18 22:34:21'),
(3536, 234, 21, '2025-03-18 22:34:21', '2025-03-18 22:34:21'),
(3537, 234, 26, '2025-03-18 22:34:21', '2025-03-18 22:34:21'),
(3538, 234, 27, '2025-03-18 22:34:21', '2025-03-18 22:34:21'),
(3539, 234, 28, '2025-03-18 22:34:21', '2025-03-18 22:34:21'),
(3540, 234, 29, '2025-03-18 22:34:21', '2025-03-18 22:34:21'),
(3541, 234, 30, '2025-03-18 22:34:21', '2025-03-18 22:34:21'),
(3542, 234, 31, '2025-03-18 22:34:21', '2025-03-18 22:34:21'),
(3543, 234, 33, '2025-03-18 22:34:21', '2025-03-18 22:34:21'),
(3544, 234, 34, '2025-03-18 22:34:21', '2025-03-18 22:34:21'),
(3545, 234, 35, '2025-03-18 22:34:21', '2025-03-18 22:34:21'),
(3546, 234, 36, '2025-03-18 22:34:21', '2025-03-18 22:34:21'),
(3547, 234, 37, '2025-03-18 22:34:21', '2025-03-18 22:34:21'),
(3548, 234, 38, '2025-03-18 22:34:21', '2025-03-18 22:34:21'),
(3549, 234, 39, '2025-03-18 22:34:21', '2025-03-18 22:34:21'),
(3550, 234, 40, '2025-03-18 22:34:21', '2025-03-18 22:34:21'),
(3633, 238, 5, '2025-03-18 23:08:16', '2025-03-18 23:08:16'),
(3634, 238, 7, '2025-03-18 23:08:16', '2025-03-18 23:08:16'),
(3635, 238, 8, '2025-03-18 23:08:16', '2025-03-18 23:08:16'),
(3636, 238, 9, '2025-03-18 23:08:16', '2025-03-18 23:08:16'),
(3637, 238, 10, '2025-03-18 23:08:16', '2025-03-18 23:08:16'),
(3638, 238, 11, '2025-03-18 23:08:16', '2025-03-18 23:08:16'),
(3639, 238, 12, '2025-03-18 23:08:16', '2025-03-18 23:08:16'),
(3640, 238, 13, '2025-03-18 23:08:16', '2025-03-18 23:08:16'),
(3641, 238, 14, '2025-03-18 23:08:16', '2025-03-18 23:08:16'),
(3642, 238, 15, '2025-03-18 23:08:16', '2025-03-18 23:08:16'),
(3643, 238, 18, '2025-03-18 23:08:16', '2025-03-18 23:08:16'),
(3644, 238, 19, '2025-03-18 23:08:16', '2025-03-18 23:08:16'),
(3645, 238, 20, '2025-03-18 23:08:16', '2025-03-18 23:08:16'),
(3646, 238, 21, '2025-03-18 23:08:16', '2025-03-18 23:08:16'),
(3647, 238, 26, '2025-03-18 23:08:16', '2025-03-18 23:08:16'),
(3648, 238, 27, '2025-03-18 23:08:16', '2025-03-18 23:08:16'),
(3649, 238, 28, '2025-03-18 23:08:17', '2025-03-18 23:08:17'),
(3650, 238, 29, '2025-03-18 23:08:17', '2025-03-18 23:08:17'),
(3651, 238, 30, '2025-03-18 23:08:17', '2025-03-18 23:08:17'),
(3652, 238, 31, '2025-03-18 23:08:17', '2025-03-18 23:08:17'),
(3653, 238, 33, '2025-03-18 23:08:17', '2025-03-18 23:08:17'),
(3654, 238, 34, '2025-03-18 23:08:17', '2025-03-18 23:08:17'),
(3655, 238, 35, '2025-03-18 23:08:17', '2025-03-18 23:08:17'),
(3656, 238, 36, '2025-03-18 23:08:17', '2025-03-18 23:08:17'),
(3657, 238, 37, '2025-03-18 23:08:17', '2025-03-18 23:08:17'),
(3658, 238, 38, '2025-03-18 23:08:17', '2025-03-18 23:08:17'),
(3659, 238, 39, '2025-03-18 23:08:17', '2025-03-18 23:08:17'),
(3660, 238, 40, '2025-03-18 23:08:17', '2025-03-18 23:08:17'),
(3661, 240, 5, '2025-03-18 23:51:00', '2025-03-18 23:51:00'),
(3662, 240, 7, '2025-03-18 23:51:00', '2025-03-18 23:51:00'),
(3663, 240, 8, '2025-03-18 23:51:00', '2025-03-18 23:51:00'),
(3664, 240, 9, '2025-03-18 23:51:00', '2025-03-18 23:51:00'),
(3665, 240, 10, '2025-03-18 23:51:00', '2025-03-18 23:51:00'),
(3666, 240, 11, '2025-03-18 23:51:00', '2025-03-18 23:51:00'),
(3667, 240, 12, '2025-03-18 23:51:00', '2025-03-18 23:51:00'),
(3668, 240, 13, '2025-03-18 23:51:00', '2025-03-18 23:51:00'),
(3669, 240, 14, '2025-03-18 23:51:00', '2025-03-18 23:51:00'),
(3670, 240, 15, '2025-03-18 23:51:00', '2025-03-18 23:51:00'),
(3671, 240, 18, '2025-03-18 23:51:00', '2025-03-18 23:51:00'),
(3672, 240, 19, '2025-03-18 23:51:00', '2025-03-18 23:51:00'),
(3673, 240, 20, '2025-03-18 23:51:00', '2025-03-18 23:51:00'),
(3674, 240, 21, '2025-03-18 23:51:00', '2025-03-18 23:51:00'),
(3675, 240, 26, '2025-03-18 23:51:00', '2025-03-18 23:51:00'),
(3676, 240, 27, '2025-03-18 23:51:00', '2025-03-18 23:51:00'),
(3677, 240, 28, '2025-03-18 23:51:00', '2025-03-18 23:51:00'),
(3678, 240, 29, '2025-03-18 23:51:00', '2025-03-18 23:51:00'),
(3679, 240, 30, '2025-03-18 23:51:00', '2025-03-18 23:51:00'),
(3680, 240, 31, '2025-03-18 23:51:00', '2025-03-18 23:51:00'),
(3681, 240, 33, '2025-03-18 23:51:00', '2025-03-18 23:51:00'),
(3682, 240, 34, '2025-03-18 23:51:00', '2025-03-18 23:51:00'),
(3683, 240, 35, '2025-03-18 23:51:00', '2025-03-18 23:51:00'),
(3684, 240, 36, '2025-03-18 23:51:00', '2025-03-18 23:51:00'),
(3685, 240, 37, '2025-03-18 23:51:01', '2025-03-18 23:51:01'),
(3686, 240, 38, '2025-03-18 23:51:01', '2025-03-18 23:51:01'),
(3687, 240, 39, '2025-03-18 23:51:01', '2025-03-18 23:51:01'),
(3688, 240, 40, '2025-03-18 23:51:01', '2025-03-18 23:51:01'),
(3689, 241, 5, '2025-03-19 00:35:10', '2025-03-19 00:35:10'),
(3690, 241, 7, '2025-03-19 00:35:10', '2025-03-19 00:35:10'),
(3691, 241, 8, '2025-03-19 00:35:10', '2025-03-19 00:35:10'),
(3692, 241, 9, '2025-03-19 00:35:10', '2025-03-19 00:35:10'),
(3693, 241, 10, '2025-03-19 00:35:10', '2025-03-19 00:35:10'),
(3694, 241, 11, '2025-03-19 00:35:10', '2025-03-19 00:35:10'),
(3695, 241, 12, '2025-03-19 00:35:10', '2025-03-19 00:35:10'),
(3696, 241, 13, '2025-03-19 00:35:10', '2025-03-19 00:35:10'),
(3697, 241, 14, '2025-03-19 00:35:10', '2025-03-19 00:35:10'),
(3698, 241, 15, '2025-03-19 00:35:10', '2025-03-19 00:35:10'),
(3699, 241, 18, '2025-03-19 00:35:10', '2025-03-19 00:35:10'),
(3700, 241, 19, '2025-03-19 00:35:10', '2025-03-19 00:35:10'),
(3701, 241, 20, '2025-03-19 00:35:10', '2025-03-19 00:35:10'),
(3702, 241, 21, '2025-03-19 00:35:10', '2025-03-19 00:35:10'),
(3703, 241, 26, '2025-03-19 00:35:10', '2025-03-19 00:35:10'),
(3704, 241, 27, '2025-03-19 00:35:10', '2025-03-19 00:35:10'),
(3705, 241, 28, '2025-03-19 00:35:10', '2025-03-19 00:35:10');
INSERT INTO `cotizacion_has_costes` (`id`, `idCotizacion`, `idCoste`, `created_at`, `updated_at`) VALUES
(3706, 241, 29, '2025-03-19 00:35:10', '2025-03-19 00:35:10'),
(3707, 241, 30, '2025-03-19 00:35:10', '2025-03-19 00:35:10'),
(3708, 241, 31, '2025-03-19 00:35:10', '2025-03-19 00:35:10'),
(3709, 241, 33, '2025-03-19 00:35:10', '2025-03-19 00:35:10'),
(3710, 241, 34, '2025-03-19 00:35:10', '2025-03-19 00:35:10'),
(3711, 241, 35, '2025-03-19 00:35:10', '2025-03-19 00:35:10'),
(3712, 241, 36, '2025-03-19 00:35:10', '2025-03-19 00:35:10'),
(3713, 241, 37, '2025-03-19 00:35:10', '2025-03-19 00:35:10'),
(3714, 241, 38, '2025-03-19 00:35:10', '2025-03-19 00:35:10'),
(3715, 241, 39, '2025-03-19 00:35:10', '2025-03-19 00:35:10'),
(3716, 241, 40, '2025-03-19 00:35:10', '2025-03-19 00:35:10'),
(3717, 242, 5, '2025-03-19 00:44:40', '2025-03-19 00:44:40'),
(3718, 242, 7, '2025-03-19 00:44:40', '2025-03-19 00:44:40'),
(3719, 242, 8, '2025-03-19 00:44:40', '2025-03-19 00:44:40'),
(3720, 242, 9, '2025-03-19 00:44:40', '2025-03-19 00:44:40'),
(3721, 242, 10, '2025-03-19 00:44:40', '2025-03-19 00:44:40'),
(3722, 242, 11, '2025-03-19 00:44:40', '2025-03-19 00:44:40'),
(3723, 242, 12, '2025-03-19 00:44:40', '2025-03-19 00:44:40'),
(3724, 242, 13, '2025-03-19 00:44:40', '2025-03-19 00:44:40'),
(3725, 242, 14, '2025-03-19 00:44:40', '2025-03-19 00:44:40'),
(3726, 242, 15, '2025-03-19 00:44:40', '2025-03-19 00:44:40'),
(3727, 242, 18, '2025-03-19 00:44:40', '2025-03-19 00:44:40'),
(3728, 242, 19, '2025-03-19 00:44:40', '2025-03-19 00:44:40'),
(3729, 242, 20, '2025-03-19 00:44:40', '2025-03-19 00:44:40'),
(3730, 242, 21, '2025-03-19 00:44:40', '2025-03-19 00:44:40'),
(3731, 242, 26, '2025-03-19 00:44:40', '2025-03-19 00:44:40'),
(3732, 242, 27, '2025-03-19 00:44:40', '2025-03-19 00:44:40'),
(3733, 242, 28, '2025-03-19 00:44:40', '2025-03-19 00:44:40'),
(3734, 242, 29, '2025-03-19 00:44:40', '2025-03-19 00:44:40'),
(3735, 242, 30, '2025-03-19 00:44:40', '2025-03-19 00:44:40'),
(3736, 242, 31, '2025-03-19 00:44:40', '2025-03-19 00:44:40'),
(3737, 242, 33, '2025-03-19 00:44:40', '2025-03-19 00:44:40'),
(3738, 242, 34, '2025-03-19 00:44:40', '2025-03-19 00:44:40'),
(3739, 242, 35, '2025-03-19 00:44:40', '2025-03-19 00:44:40'),
(3740, 242, 36, '2025-03-19 00:44:40', '2025-03-19 00:44:40'),
(3741, 242, 37, '2025-03-19 00:44:40', '2025-03-19 00:44:40'),
(3742, 242, 38, '2025-03-19 00:44:40', '2025-03-19 00:44:40'),
(3743, 242, 39, '2025-03-19 00:44:40', '2025-03-19 00:44:40'),
(3744, 242, 40, '2025-03-19 00:44:40', '2025-03-19 00:44:40'),
(3773, 244, 5, '2025-03-19 09:39:13', '2025-03-19 09:39:13'),
(3774, 244, 7, '2025-03-19 09:39:13', '2025-03-19 09:39:13'),
(3775, 244, 8, '2025-03-19 09:39:13', '2025-03-19 09:39:13'),
(3776, 244, 9, '2025-03-19 09:39:13', '2025-03-19 09:39:13'),
(3777, 244, 10, '2025-03-19 09:39:13', '2025-03-19 09:39:13'),
(3778, 244, 11, '2025-03-19 09:39:13', '2025-03-19 09:39:13'),
(3779, 244, 12, '2025-03-19 09:39:13', '2025-03-19 09:39:13'),
(3780, 244, 13, '2025-03-19 09:39:13', '2025-03-19 09:39:13'),
(3781, 244, 14, '2025-03-19 09:39:13', '2025-03-19 09:39:13'),
(3782, 244, 15, '2025-03-19 09:39:13', '2025-03-19 09:39:13'),
(3783, 244, 18, '2025-03-19 09:39:14', '2025-03-19 09:39:14'),
(3784, 244, 19, '2025-03-19 09:39:14', '2025-03-19 09:39:14'),
(3785, 244, 20, '2025-03-19 09:39:14', '2025-03-19 09:39:14'),
(3786, 244, 21, '2025-03-19 09:39:14', '2025-03-19 09:39:14'),
(3787, 244, 26, '2025-03-19 09:39:14', '2025-03-19 09:39:14'),
(3788, 244, 27, '2025-03-19 09:39:14', '2025-03-19 09:39:14'),
(3789, 244, 28, '2025-03-19 09:39:14', '2025-03-19 09:39:14'),
(3790, 244, 29, '2025-03-19 09:39:14', '2025-03-19 09:39:14'),
(3791, 244, 30, '2025-03-19 09:39:14', '2025-03-19 09:39:14'),
(3792, 244, 31, '2025-03-19 09:39:14', '2025-03-19 09:39:14'),
(3793, 244, 33, '2025-03-19 09:39:14', '2025-03-19 09:39:14'),
(3794, 244, 34, '2025-03-19 09:39:14', '2025-03-19 09:39:14'),
(3795, 244, 35, '2025-03-19 09:39:14', '2025-03-19 09:39:14'),
(3796, 244, 36, '2025-03-19 09:39:14', '2025-03-19 09:39:14'),
(3797, 244, 37, '2025-03-19 09:39:14', '2025-03-19 09:39:14'),
(3798, 244, 38, '2025-03-19 09:39:14', '2025-03-19 09:39:14'),
(3799, 244, 39, '2025-03-19 09:39:14', '2025-03-19 09:39:14'),
(3800, 244, 40, '2025-03-19 09:39:14', '2025-03-19 09:39:14'),
(3829, 245, 5, '2025-03-20 01:49:56', '2025-03-20 01:49:56'),
(3830, 245, 7, '2025-03-20 01:49:56', '2025-03-20 01:49:56'),
(3831, 245, 8, '2025-03-20 01:49:56', '2025-03-20 01:49:56'),
(3832, 245, 9, '2025-03-20 01:49:56', '2025-03-20 01:49:56'),
(3833, 245, 10, '2025-03-20 01:49:56', '2025-03-20 01:49:56'),
(3834, 245, 11, '2025-03-20 01:49:56', '2025-03-20 01:49:56'),
(3835, 245, 12, '2025-03-20 01:49:56', '2025-03-20 01:49:56'),
(3836, 245, 13, '2025-03-20 01:49:56', '2025-03-20 01:49:56'),
(3837, 245, 14, '2025-03-20 01:49:56', '2025-03-20 01:49:56'),
(3838, 245, 15, '2025-03-20 01:49:56', '2025-03-20 01:49:56'),
(3839, 245, 18, '2025-03-20 01:49:56', '2025-03-20 01:49:56'),
(3840, 245, 19, '2025-03-20 01:49:56', '2025-03-20 01:49:56'),
(3841, 245, 20, '2025-03-20 01:49:56', '2025-03-20 01:49:56'),
(3842, 245, 21, '2025-03-20 01:49:56', '2025-03-20 01:49:56'),
(3843, 245, 26, '2025-03-20 01:49:56', '2025-03-20 01:49:56'),
(3844, 245, 27, '2025-03-20 01:49:56', '2025-03-20 01:49:56'),
(3845, 245, 28, '2025-03-20 01:49:56', '2025-03-20 01:49:56'),
(3846, 245, 29, '2025-03-20 01:49:56', '2025-03-20 01:49:56'),
(3847, 245, 30, '2025-03-20 01:49:56', '2025-03-20 01:49:56'),
(3848, 245, 31, '2025-03-20 01:49:56', '2025-03-20 01:49:56'),
(3849, 245, 33, '2025-03-20 01:49:56', '2025-03-20 01:49:56'),
(3850, 245, 34, '2025-03-20 01:49:56', '2025-03-20 01:49:56'),
(3851, 245, 35, '2025-03-20 01:49:56', '2025-03-20 01:49:56'),
(3852, 245, 36, '2025-03-20 01:49:56', '2025-03-20 01:49:56'),
(3853, 245, 37, '2025-03-20 01:49:56', '2025-03-20 01:49:56'),
(3854, 245, 38, '2025-03-20 01:49:56', '2025-03-20 01:49:56'),
(3855, 245, 39, '2025-03-20 01:49:56', '2025-03-20 01:49:56'),
(3856, 245, 40, '2025-03-20 01:49:56', '2025-03-20 01:49:56'),
(3857, 246, 5, '2025-03-20 04:22:16', '2025-03-20 04:22:16'),
(3858, 246, 7, '2025-03-20 04:22:16', '2025-03-20 04:22:16'),
(3859, 246, 8, '2025-03-20 04:22:16', '2025-03-20 04:22:16'),
(3860, 246, 9, '2025-03-20 04:22:16', '2025-03-20 04:22:16'),
(3861, 246, 10, '2025-03-20 04:22:16', '2025-03-20 04:22:16'),
(3862, 246, 11, '2025-03-20 04:22:16', '2025-03-20 04:22:16'),
(3863, 246, 12, '2025-03-20 04:22:16', '2025-03-20 04:22:16'),
(3864, 246, 13, '2025-03-20 04:22:16', '2025-03-20 04:22:16'),
(3865, 246, 14, '2025-03-20 04:22:16', '2025-03-20 04:22:16'),
(3866, 246, 15, '2025-03-20 04:22:16', '2025-03-20 04:22:16'),
(3867, 246, 18, '2025-03-20 04:22:16', '2025-03-20 04:22:16'),
(3868, 246, 19, '2025-03-20 04:22:16', '2025-03-20 04:22:16'),
(3869, 246, 20, '2025-03-20 04:22:16', '2025-03-20 04:22:16'),
(3870, 246, 21, '2025-03-20 04:22:16', '2025-03-20 04:22:16'),
(3871, 246, 26, '2025-03-20 04:22:16', '2025-03-20 04:22:16'),
(3872, 246, 27, '2025-03-20 04:22:16', '2025-03-20 04:22:16'),
(3873, 246, 28, '2025-03-20 04:22:16', '2025-03-20 04:22:16'),
(3874, 246, 29, '2025-03-20 04:22:16', '2025-03-20 04:22:16'),
(3875, 246, 30, '2025-03-20 04:22:16', '2025-03-20 04:22:16'),
(3876, 246, 31, '2025-03-20 04:22:16', '2025-03-20 04:22:16'),
(3877, 246, 33, '2025-03-20 04:22:16', '2025-03-20 04:22:16'),
(3878, 246, 34, '2025-03-20 04:22:16', '2025-03-20 04:22:16'),
(3879, 246, 35, '2025-03-20 04:22:16', '2025-03-20 04:22:16'),
(3880, 246, 36, '2025-03-20 04:22:16', '2025-03-20 04:22:16'),
(3881, 246, 37, '2025-03-20 04:22:16', '2025-03-20 04:22:16'),
(3882, 246, 38, '2025-03-20 04:22:16', '2025-03-20 04:22:16'),
(3883, 246, 39, '2025-03-20 04:22:16', '2025-03-20 04:22:16'),
(3884, 246, 40, '2025-03-20 04:22:16', '2025-03-20 04:22:16'),
(3885, 247, 5, '2025-03-20 05:26:54', '2025-03-20 05:26:54'),
(3886, 247, 7, '2025-03-20 05:26:54', '2025-03-20 05:26:54'),
(3887, 247, 8, '2025-03-20 05:26:54', '2025-03-20 05:26:54'),
(3888, 247, 9, '2025-03-20 05:26:54', '2025-03-20 05:26:54'),
(3889, 247, 10, '2025-03-20 05:26:54', '2025-03-20 05:26:54'),
(3890, 247, 11, '2025-03-20 05:26:54', '2025-03-20 05:26:54'),
(3891, 247, 12, '2025-03-20 05:26:54', '2025-03-20 05:26:54'),
(3892, 247, 13, '2025-03-20 05:26:54', '2025-03-20 05:26:54'),
(3893, 247, 14, '2025-03-20 05:26:54', '2025-03-20 05:26:54'),
(3894, 247, 15, '2025-03-20 05:26:54', '2025-03-20 05:26:54'),
(3895, 247, 18, '2025-03-20 05:26:54', '2025-03-20 05:26:54'),
(3896, 247, 19, '2025-03-20 05:26:54', '2025-03-20 05:26:54'),
(3897, 247, 20, '2025-03-20 05:26:54', '2025-03-20 05:26:54'),
(3898, 247, 21, '2025-03-20 05:26:54', '2025-03-20 05:26:54'),
(3899, 247, 26, '2025-03-20 05:26:54', '2025-03-20 05:26:54'),
(3900, 247, 27, '2025-03-20 05:26:54', '2025-03-20 05:26:54'),
(3901, 247, 28, '2025-03-20 05:26:54', '2025-03-20 05:26:54'),
(3902, 247, 29, '2025-03-20 05:26:54', '2025-03-20 05:26:54'),
(3903, 247, 30, '2025-03-20 05:26:54', '2025-03-20 05:26:54'),
(3904, 247, 31, '2025-03-20 05:26:54', '2025-03-20 05:26:54'),
(3905, 247, 33, '2025-03-20 05:26:54', '2025-03-20 05:26:54'),
(3906, 247, 34, '2025-03-20 05:26:54', '2025-03-20 05:26:54'),
(3907, 247, 35, '2025-03-20 05:26:54', '2025-03-20 05:26:54'),
(3908, 247, 36, '2025-03-20 05:26:54', '2025-03-20 05:26:54'),
(3909, 247, 37, '2025-03-20 05:26:55', '2025-03-20 05:26:55'),
(3910, 247, 38, '2025-03-20 05:26:55', '2025-03-20 05:26:55'),
(3911, 247, 39, '2025-03-20 05:26:55', '2025-03-20 05:26:55'),
(3912, 247, 40, '2025-03-20 05:26:55', '2025-03-20 05:26:55'),
(3997, 249, 5, '2025-03-21 01:26:32', '2025-03-21 01:26:32'),
(3998, 249, 7, '2025-03-21 01:26:32', '2025-03-21 01:26:32'),
(3999, 249, 8, '2025-03-21 01:26:32', '2025-03-21 01:26:32'),
(4000, 249, 9, '2025-03-21 01:26:32', '2025-03-21 01:26:32'),
(4001, 249, 10, '2025-03-21 01:26:32', '2025-03-21 01:26:32'),
(4002, 249, 11, '2025-03-21 01:26:32', '2025-03-21 01:26:32'),
(4003, 249, 12, '2025-03-21 01:26:32', '2025-03-21 01:26:32'),
(4004, 249, 13, '2025-03-21 01:26:32', '2025-03-21 01:26:32'),
(4005, 249, 14, '2025-03-21 01:26:32', '2025-03-21 01:26:32'),
(4006, 249, 15, '2025-03-21 01:26:32', '2025-03-21 01:26:32'),
(4007, 249, 18, '2025-03-21 01:26:32', '2025-03-21 01:26:32'),
(4008, 249, 19, '2025-03-21 01:26:32', '2025-03-21 01:26:32'),
(4009, 249, 20, '2025-03-21 01:26:32', '2025-03-21 01:26:32'),
(4010, 249, 21, '2025-03-21 01:26:32', '2025-03-21 01:26:32'),
(4011, 249, 26, '2025-03-21 01:26:32', '2025-03-21 01:26:32'),
(4012, 249, 27, '2025-03-21 01:26:32', '2025-03-21 01:26:32'),
(4013, 249, 28, '2025-03-21 01:26:32', '2025-03-21 01:26:32'),
(4014, 249, 29, '2025-03-21 01:26:32', '2025-03-21 01:26:32'),
(4015, 249, 30, '2025-03-21 01:26:32', '2025-03-21 01:26:32'),
(4016, 249, 31, '2025-03-21 01:26:32', '2025-03-21 01:26:32'),
(4017, 249, 33, '2025-03-21 01:26:32', '2025-03-21 01:26:32'),
(4018, 249, 34, '2025-03-21 01:26:32', '2025-03-21 01:26:32'),
(4019, 249, 35, '2025-03-21 01:26:32', '2025-03-21 01:26:32'),
(4020, 249, 36, '2025-03-21 01:26:32', '2025-03-21 01:26:32'),
(4021, 249, 37, '2025-03-21 01:26:32', '2025-03-21 01:26:32'),
(4022, 249, 38, '2025-03-21 01:26:32', '2025-03-21 01:26:32'),
(4023, 249, 39, '2025-03-21 01:26:32', '2025-03-21 01:26:32'),
(4024, 249, 40, '2025-03-21 01:26:32', '2025-03-21 01:26:32'),
(4025, 166, 5, '2025-03-21 01:40:44', '2025-03-21 01:40:44'),
(4026, 166, 7, '2025-03-21 01:40:44', '2025-03-21 01:40:44'),
(4027, 166, 8, '2025-03-21 01:40:44', '2025-03-21 01:40:44'),
(4028, 166, 9, '2025-03-21 01:40:44', '2025-03-21 01:40:44'),
(4029, 166, 10, '2025-03-21 01:40:44', '2025-03-21 01:40:44'),
(4030, 166, 11, '2025-03-21 01:40:44', '2025-03-21 01:40:44'),
(4031, 166, 12, '2025-03-21 01:40:44', '2025-03-21 01:40:44'),
(4032, 166, 13, '2025-03-21 01:40:44', '2025-03-21 01:40:44'),
(4033, 166, 14, '2025-03-21 01:40:44', '2025-03-21 01:40:44'),
(4034, 166, 15, '2025-03-21 01:40:44', '2025-03-21 01:40:44'),
(4035, 166, 18, '2025-03-21 01:40:44', '2025-03-21 01:40:44'),
(4036, 166, 19, '2025-03-21 01:40:44', '2025-03-21 01:40:44'),
(4037, 166, 20, '2025-03-21 01:40:44', '2025-03-21 01:40:44'),
(4038, 166, 21, '2025-03-21 01:40:44', '2025-03-21 01:40:44'),
(4039, 166, 26, '2025-03-21 01:40:44', '2025-03-21 01:40:44'),
(4040, 166, 27, '2025-03-21 01:40:44', '2025-03-21 01:40:44'),
(4041, 166, 28, '2025-03-21 01:40:44', '2025-03-21 01:40:44'),
(4042, 166, 29, '2025-03-21 01:40:44', '2025-03-21 01:40:44'),
(4043, 166, 30, '2025-03-21 01:40:44', '2025-03-21 01:40:44'),
(4044, 166, 31, '2025-03-21 01:40:44', '2025-03-21 01:40:44'),
(4045, 166, 33, '2025-03-21 01:40:44', '2025-03-21 01:40:44'),
(4046, 166, 34, '2025-03-21 01:40:44', '2025-03-21 01:40:44'),
(4047, 166, 35, '2025-03-21 01:40:44', '2025-03-21 01:40:44'),
(4048, 166, 36, '2025-03-21 01:40:44', '2025-03-21 01:40:44'),
(4049, 166, 37, '2025-03-21 01:40:44', '2025-03-21 01:40:44'),
(4050, 166, 38, '2025-03-21 01:40:44', '2025-03-21 01:40:44'),
(4051, 166, 39, '2025-03-21 01:40:44', '2025-03-21 01:40:44'),
(4052, 166, 40, '2025-03-21 01:40:44', '2025-03-21 01:40:44'),
(4053, 250, 5, '2025-03-21 02:12:24', '2025-03-21 02:12:24'),
(4054, 250, 7, '2025-03-21 02:12:24', '2025-03-21 02:12:24'),
(4055, 250, 8, '2025-03-21 02:12:24', '2025-03-21 02:12:24'),
(4056, 250, 9, '2025-03-21 02:12:24', '2025-03-21 02:12:24'),
(4057, 250, 10, '2025-03-21 02:12:24', '2025-03-21 02:12:24'),
(4058, 250, 11, '2025-03-21 02:12:24', '2025-03-21 02:12:24'),
(4059, 250, 12, '2025-03-21 02:12:24', '2025-03-21 02:12:24'),
(4060, 250, 13, '2025-03-21 02:12:24', '2025-03-21 02:12:24'),
(4061, 250, 14, '2025-03-21 02:12:24', '2025-03-21 02:12:24'),
(4062, 250, 15, '2025-03-21 02:12:24', '2025-03-21 02:12:24'),
(4063, 250, 18, '2025-03-21 02:12:24', '2025-03-21 02:12:24'),
(4064, 250, 19, '2025-03-21 02:12:24', '2025-03-21 02:12:24'),
(4065, 250, 20, '2025-03-21 02:12:24', '2025-03-21 02:12:24'),
(4066, 250, 21, '2025-03-21 02:12:24', '2025-03-21 02:12:24'),
(4067, 250, 26, '2025-03-21 02:12:24', '2025-03-21 02:12:24'),
(4068, 250, 27, '2025-03-21 02:12:24', '2025-03-21 02:12:24'),
(4069, 250, 28, '2025-03-21 02:12:24', '2025-03-21 02:12:24'),
(4070, 250, 29, '2025-03-21 02:12:24', '2025-03-21 02:12:24'),
(4071, 250, 30, '2025-03-21 02:12:24', '2025-03-21 02:12:24'),
(4072, 250, 31, '2025-03-21 02:12:24', '2025-03-21 02:12:24'),
(4073, 250, 33, '2025-03-21 02:12:24', '2025-03-21 02:12:24'),
(4074, 250, 34, '2025-03-21 02:12:24', '2025-03-21 02:12:24'),
(4075, 250, 35, '2025-03-21 02:12:24', '2025-03-21 02:12:24'),
(4076, 250, 36, '2025-03-21 02:12:24', '2025-03-21 02:12:24'),
(4077, 250, 37, '2025-03-21 02:12:24', '2025-03-21 02:12:24'),
(4078, 250, 38, '2025-03-21 02:12:24', '2025-03-21 02:12:24'),
(4079, 250, 39, '2025-03-21 02:12:24', '2025-03-21 02:12:24'),
(4080, 250, 40, '2025-03-21 02:12:24', '2025-03-21 02:12:24'),
(4109, 251, 5, '2025-03-27 02:41:09', '2025-03-27 02:41:09'),
(4110, 251, 7, '2025-03-27 02:41:09', '2025-03-27 02:41:09'),
(4111, 251, 8, '2025-03-27 02:41:09', '2025-03-27 02:41:09'),
(4112, 251, 9, '2025-03-27 02:41:09', '2025-03-27 02:41:09'),
(4113, 251, 10, '2025-03-27 02:41:09', '2025-03-27 02:41:09'),
(4114, 251, 11, '2025-03-27 02:41:09', '2025-03-27 02:41:09'),
(4115, 251, 12, '2025-03-27 02:41:09', '2025-03-27 02:41:09'),
(4116, 251, 13, '2025-03-27 02:41:09', '2025-03-27 02:41:09'),
(4117, 251, 14, '2025-03-27 02:41:09', '2025-03-27 02:41:09'),
(4118, 251, 15, '2025-03-27 02:41:09', '2025-03-27 02:41:09'),
(4119, 251, 18, '2025-03-27 02:41:10', '2025-03-27 02:41:10'),
(4120, 251, 19, '2025-03-27 02:41:10', '2025-03-27 02:41:10'),
(4121, 251, 20, '2025-03-27 02:41:10', '2025-03-27 02:41:10'),
(4122, 251, 21, '2025-03-27 02:41:10', '2025-03-27 02:41:10'),
(4123, 251, 26, '2025-03-27 02:41:10', '2025-03-27 02:41:10'),
(4124, 251, 27, '2025-03-27 02:41:10', '2025-03-27 02:41:10'),
(4125, 251, 28, '2025-03-27 02:41:10', '2025-03-27 02:41:10'),
(4126, 251, 29, '2025-03-27 02:41:10', '2025-03-27 02:41:10'),
(4127, 251, 30, '2025-03-27 02:41:10', '2025-03-27 02:41:10'),
(4128, 251, 31, '2025-03-27 02:41:10', '2025-03-27 02:41:10'),
(4129, 251, 33, '2025-03-27 02:41:10', '2025-03-27 02:41:10'),
(4130, 251, 34, '2025-03-27 02:41:10', '2025-03-27 02:41:10'),
(4131, 251, 35, '2025-03-27 02:41:10', '2025-03-27 02:41:10'),
(4132, 251, 36, '2025-03-27 02:41:10', '2025-03-27 02:41:10'),
(4133, 251, 37, '2025-03-27 02:41:10', '2025-03-27 02:41:10'),
(4134, 251, 38, '2025-03-27 02:41:10', '2025-03-27 02:41:10'),
(4135, 251, 39, '2025-03-27 02:41:10', '2025-03-27 02:41:10'),
(4136, 251, 40, '2025-03-27 02:41:10', '2025-03-27 02:41:10'),
(4137, 194, 5, '2025-04-01 22:30:33', '2025-04-01 22:30:33'),
(4138, 194, 7, '2025-04-01 22:30:33', '2025-04-01 22:30:33'),
(4139, 194, 8, '2025-04-01 22:30:33', '2025-04-01 22:30:33'),
(4140, 194, 9, '2025-04-01 22:30:33', '2025-04-01 22:30:33'),
(4141, 194, 10, '2025-04-01 22:30:33', '2025-04-01 22:30:33'),
(4142, 194, 11, '2025-04-01 22:30:33', '2025-04-01 22:30:33'),
(4143, 194, 12, '2025-04-01 22:30:33', '2025-04-01 22:30:33'),
(4144, 194, 13, '2025-04-01 22:30:33', '2025-04-01 22:30:33'),
(4145, 194, 14, '2025-04-01 22:30:34', '2025-04-01 22:30:34'),
(4146, 194, 15, '2025-04-01 22:30:34', '2025-04-01 22:30:34'),
(4147, 194, 18, '2025-04-01 22:30:34', '2025-04-01 22:30:34'),
(4148, 194, 19, '2025-04-01 22:30:34', '2025-04-01 22:30:34'),
(4149, 194, 20, '2025-04-01 22:30:34', '2025-04-01 22:30:34'),
(4150, 194, 21, '2025-04-01 22:30:34', '2025-04-01 22:30:34'),
(4151, 194, 26, '2025-04-01 22:30:34', '2025-04-01 22:30:34'),
(4152, 194, 27, '2025-04-01 22:30:34', '2025-04-01 22:30:34'),
(4153, 194, 28, '2025-04-01 22:30:34', '2025-04-01 22:30:34'),
(4154, 194, 29, '2025-04-01 22:30:34', '2025-04-01 22:30:34'),
(4155, 194, 30, '2025-04-01 22:30:34', '2025-04-01 22:30:34'),
(4156, 194, 31, '2025-04-01 22:30:34', '2025-04-01 22:30:34'),
(4157, 194, 33, '2025-04-01 22:30:34', '2025-04-01 22:30:34'),
(4158, 194, 34, '2025-04-01 22:30:34', '2025-04-01 22:30:34'),
(4159, 194, 35, '2025-04-01 22:30:34', '2025-04-01 22:30:34'),
(4160, 194, 36, '2025-04-01 22:30:34', '2025-04-01 22:30:34'),
(4161, 194, 37, '2025-04-01 22:30:34', '2025-04-01 22:30:34'),
(4162, 194, 38, '2025-04-01 22:30:34', '2025-04-01 22:30:34'),
(4163, 194, 39, '2025-04-01 22:30:34', '2025-04-01 22:30:34'),
(4164, 194, 40, '2025-04-01 22:30:34', '2025-04-01 22:30:34'),
(4165, 252, 5, '2025-04-03 23:28:31', '2025-04-03 23:28:31'),
(4166, 252, 7, '2025-04-03 23:28:31', '2025-04-03 23:28:31'),
(4167, 252, 8, '2025-04-03 23:28:31', '2025-04-03 23:28:31'),
(4168, 252, 9, '2025-04-03 23:28:31', '2025-04-03 23:28:31'),
(4169, 252, 10, '2025-04-03 23:28:31', '2025-04-03 23:28:31'),
(4170, 252, 11, '2025-04-03 23:28:31', '2025-04-03 23:28:31'),
(4171, 252, 12, '2025-04-03 23:28:31', '2025-04-03 23:28:31'),
(4172, 252, 13, '2025-04-03 23:28:31', '2025-04-03 23:28:31'),
(4173, 252, 14, '2025-04-03 23:28:31', '2025-04-03 23:28:31'),
(4174, 252, 15, '2025-04-03 23:28:31', '2025-04-03 23:28:31'),
(4175, 252, 18, '2025-04-03 23:28:31', '2025-04-03 23:28:31'),
(4176, 252, 19, '2025-04-03 23:28:31', '2025-04-03 23:28:31'),
(4177, 252, 20, '2025-04-03 23:28:31', '2025-04-03 23:28:31'),
(4178, 252, 21, '2025-04-03 23:28:31', '2025-04-03 23:28:31'),
(4179, 252, 26, '2025-04-03 23:28:31', '2025-04-03 23:28:31'),
(4180, 252, 27, '2025-04-03 23:28:31', '2025-04-03 23:28:31'),
(4181, 252, 28, '2025-04-03 23:28:31', '2025-04-03 23:28:31'),
(4182, 252, 29, '2025-04-03 23:28:31', '2025-04-03 23:28:31'),
(4183, 252, 30, '2025-04-03 23:28:31', '2025-04-03 23:28:31'),
(4184, 252, 31, '2025-04-03 23:28:31', '2025-04-03 23:28:31'),
(4185, 252, 33, '2025-04-03 23:28:31', '2025-04-03 23:28:31'),
(4186, 252, 34, '2025-04-03 23:28:31', '2025-04-03 23:28:31'),
(4187, 252, 35, '2025-04-03 23:28:31', '2025-04-03 23:28:31'),
(4188, 252, 36, '2025-04-03 23:28:31', '2025-04-03 23:28:31'),
(4189, 252, 37, '2025-04-03 23:28:31', '2025-04-03 23:28:31'),
(4190, 252, 38, '2025-04-03 23:28:31', '2025-04-03 23:28:31'),
(4191, 252, 39, '2025-04-03 23:28:31', '2025-04-03 23:28:31'),
(4192, 252, 40, '2025-04-03 23:28:31', '2025-04-03 23:28:31'),
(4193, 253, 5, '2025-04-03 23:33:31', '2025-04-03 23:33:31'),
(4194, 253, 7, '2025-04-03 23:33:31', '2025-04-03 23:33:31'),
(4195, 253, 8, '2025-04-03 23:33:31', '2025-04-03 23:33:31'),
(4196, 253, 9, '2025-04-03 23:33:31', '2025-04-03 23:33:31'),
(4197, 253, 10, '2025-04-03 23:33:31', '2025-04-03 23:33:31'),
(4198, 253, 11, '2025-04-03 23:33:31', '2025-04-03 23:33:31'),
(4199, 253, 12, '2025-04-03 23:33:31', '2025-04-03 23:33:31'),
(4200, 253, 13, '2025-04-03 23:33:31', '2025-04-03 23:33:31'),
(4201, 253, 14, '2025-04-03 23:33:31', '2025-04-03 23:33:31'),
(4202, 253, 15, '2025-04-03 23:33:31', '2025-04-03 23:33:31'),
(4203, 253, 18, '2025-04-03 23:33:31', '2025-04-03 23:33:31'),
(4204, 253, 19, '2025-04-03 23:33:31', '2025-04-03 23:33:31'),
(4205, 253, 20, '2025-04-03 23:33:31', '2025-04-03 23:33:31'),
(4206, 253, 21, '2025-04-03 23:33:31', '2025-04-03 23:33:31'),
(4207, 253, 26, '2025-04-03 23:33:31', '2025-04-03 23:33:31'),
(4208, 253, 27, '2025-04-03 23:33:31', '2025-04-03 23:33:31'),
(4209, 253, 28, '2025-04-03 23:33:31', '2025-04-03 23:33:31'),
(4210, 253, 29, '2025-04-03 23:33:31', '2025-04-03 23:33:31'),
(4211, 253, 30, '2025-04-03 23:33:31', '2025-04-03 23:33:31'),
(4212, 253, 31, '2025-04-03 23:33:31', '2025-04-03 23:33:31'),
(4213, 253, 33, '2025-04-03 23:33:31', '2025-04-03 23:33:31'),
(4214, 253, 34, '2025-04-03 23:33:31', '2025-04-03 23:33:31'),
(4215, 253, 35, '2025-04-03 23:33:31', '2025-04-03 23:33:31'),
(4216, 253, 36, '2025-04-03 23:33:31', '2025-04-03 23:33:31'),
(4217, 253, 37, '2025-04-03 23:33:31', '2025-04-03 23:33:31'),
(4218, 253, 38, '2025-04-03 23:33:31', '2025-04-03 23:33:31'),
(4219, 253, 39, '2025-04-03 23:33:31', '2025-04-03 23:33:31'),
(4220, 253, 40, '2025-04-03 23:33:31', '2025-04-03 23:33:31'),
(4221, 184, 5, '2025-04-03 23:37:13', '2025-04-03 23:37:13'),
(4222, 184, 7, '2025-04-03 23:37:13', '2025-04-03 23:37:13'),
(4223, 184, 8, '2025-04-03 23:37:13', '2025-04-03 23:37:13'),
(4224, 184, 9, '2025-04-03 23:37:13', '2025-04-03 23:37:13'),
(4225, 184, 10, '2025-04-03 23:37:13', '2025-04-03 23:37:13'),
(4226, 184, 11, '2025-04-03 23:37:13', '2025-04-03 23:37:13'),
(4227, 184, 12, '2025-04-03 23:37:13', '2025-04-03 23:37:13'),
(4228, 184, 13, '2025-04-03 23:37:13', '2025-04-03 23:37:13'),
(4229, 184, 14, '2025-04-03 23:37:13', '2025-04-03 23:37:13'),
(4230, 184, 15, '2025-04-03 23:37:13', '2025-04-03 23:37:13'),
(4231, 184, 18, '2025-04-03 23:37:13', '2025-04-03 23:37:13'),
(4232, 184, 19, '2025-04-03 23:37:13', '2025-04-03 23:37:13'),
(4233, 184, 20, '2025-04-03 23:37:13', '2025-04-03 23:37:13'),
(4234, 184, 21, '2025-04-03 23:37:13', '2025-04-03 23:37:13'),
(4235, 184, 26, '2025-04-03 23:37:13', '2025-04-03 23:37:13'),
(4236, 184, 27, '2025-04-03 23:37:13', '2025-04-03 23:37:13'),
(4237, 184, 28, '2025-04-03 23:37:13', '2025-04-03 23:37:13'),
(4238, 184, 29, '2025-04-03 23:37:13', '2025-04-03 23:37:13'),
(4239, 184, 30, '2025-04-03 23:37:13', '2025-04-03 23:37:13'),
(4240, 184, 31, '2025-04-03 23:37:13', '2025-04-03 23:37:13'),
(4241, 184, 33, '2025-04-03 23:37:13', '2025-04-03 23:37:13'),
(4242, 184, 34, '2025-04-03 23:37:13', '2025-04-03 23:37:13'),
(4243, 184, 35, '2025-04-03 23:37:13', '2025-04-03 23:37:13'),
(4244, 184, 36, '2025-04-03 23:37:13', '2025-04-03 23:37:13'),
(4245, 184, 37, '2025-04-03 23:37:15', '2025-04-03 23:37:15'),
(4246, 184, 38, '2025-04-03 23:37:15', '2025-04-03 23:37:15'),
(4247, 184, 39, '2025-04-03 23:37:15', '2025-04-03 23:37:15'),
(4248, 184, 40, '2025-04-03 23:37:15', '2025-04-03 23:37:15'),
(4305, 255, 5, '2025-04-04 23:45:30', '2025-04-04 23:45:30'),
(4306, 255, 7, '2025-04-04 23:45:30', '2025-04-04 23:45:30'),
(4307, 255, 8, '2025-04-04 23:45:30', '2025-04-04 23:45:30'),
(4308, 255, 9, '2025-04-04 23:45:30', '2025-04-04 23:45:30'),
(4309, 255, 10, '2025-04-04 23:45:30', '2025-04-04 23:45:30'),
(4310, 255, 11, '2025-04-04 23:45:30', '2025-04-04 23:45:30'),
(4311, 255, 12, '2025-04-04 23:45:30', '2025-04-04 23:45:30'),
(4312, 255, 13, '2025-04-04 23:45:30', '2025-04-04 23:45:30'),
(4313, 255, 14, '2025-04-04 23:45:30', '2025-04-04 23:45:30'),
(4314, 255, 15, '2025-04-04 23:45:30', '2025-04-04 23:45:30'),
(4315, 255, 18, '2025-04-04 23:45:30', '2025-04-04 23:45:30'),
(4316, 255, 19, '2025-04-04 23:45:30', '2025-04-04 23:45:30'),
(4317, 255, 20, '2025-04-04 23:45:30', '2025-04-04 23:45:30'),
(4318, 255, 21, '2025-04-04 23:45:30', '2025-04-04 23:45:30'),
(4319, 255, 26, '2025-04-04 23:45:30', '2025-04-04 23:45:30'),
(4320, 255, 27, '2025-04-04 23:45:30', '2025-04-04 23:45:30'),
(4321, 255, 28, '2025-04-04 23:45:30', '2025-04-04 23:45:30'),
(4322, 255, 29, '2025-04-04 23:45:30', '2025-04-04 23:45:30'),
(4323, 255, 30, '2025-04-04 23:45:30', '2025-04-04 23:45:30'),
(4324, 255, 31, '2025-04-04 23:45:30', '2025-04-04 23:45:30'),
(4325, 255, 33, '2025-04-04 23:45:30', '2025-04-04 23:45:30'),
(4326, 255, 34, '2025-04-04 23:45:30', '2025-04-04 23:45:30'),
(4327, 255, 35, '2025-04-04 23:45:30', '2025-04-04 23:45:30'),
(4328, 255, 36, '2025-04-04 23:45:30', '2025-04-04 23:45:30'),
(4329, 255, 37, '2025-04-04 23:45:30', '2025-04-04 23:45:30'),
(4330, 255, 38, '2025-04-04 23:45:30', '2025-04-04 23:45:30'),
(4331, 255, 39, '2025-04-04 23:45:30', '2025-04-04 23:45:30'),
(4332, 255, 40, '2025-04-04 23:45:30', '2025-04-04 23:45:30'),
(4333, 256, 5, '2025-04-21 22:20:35', '2025-04-21 22:20:35'),
(4334, 256, 7, '2025-04-21 22:20:35', '2025-04-21 22:20:35'),
(4335, 256, 8, '2025-04-21 22:20:35', '2025-04-21 22:20:35'),
(4336, 256, 9, '2025-04-21 22:20:35', '2025-04-21 22:20:35'),
(4337, 256, 10, '2025-04-21 22:20:35', '2025-04-21 22:20:35'),
(4338, 256, 11, '2025-04-21 22:20:35', '2025-04-21 22:20:35'),
(4339, 256, 12, '2025-04-21 22:20:35', '2025-04-21 22:20:35'),
(4340, 256, 13, '2025-04-21 22:20:35', '2025-04-21 22:20:35'),
(4341, 256, 14, '2025-04-21 22:20:35', '2025-04-21 22:20:35'),
(4342, 256, 15, '2025-04-21 22:20:35', '2025-04-21 22:20:35'),
(4343, 256, 18, '2025-04-21 22:20:36', '2025-04-21 22:20:36'),
(4344, 256, 19, '2025-04-21 22:20:36', '2025-04-21 22:20:36'),
(4345, 256, 20, '2025-04-21 22:20:36', '2025-04-21 22:20:36'),
(4346, 256, 21, '2025-04-21 22:20:36', '2025-04-21 22:20:36'),
(4347, 256, 26, '2025-04-21 22:20:36', '2025-04-21 22:20:36'),
(4348, 256, 27, '2025-04-21 22:20:36', '2025-04-21 22:20:36'),
(4349, 256, 28, '2025-04-21 22:20:36', '2025-04-21 22:20:36'),
(4350, 256, 29, '2025-04-21 22:20:36', '2025-04-21 22:20:36'),
(4351, 256, 30, '2025-04-21 22:20:36', '2025-04-21 22:20:36'),
(4352, 256, 31, '2025-04-21 22:20:36', '2025-04-21 22:20:36'),
(4353, 256, 33, '2025-04-21 22:20:36', '2025-04-21 22:20:36'),
(4354, 256, 34, '2025-04-21 22:20:36', '2025-04-21 22:20:36'),
(4355, 256, 35, '2025-04-21 22:20:36', '2025-04-21 22:20:36'),
(4356, 256, 36, '2025-04-21 22:20:36', '2025-04-21 22:20:36'),
(4357, 256, 37, '2025-04-21 22:20:36', '2025-04-21 22:20:36'),
(4358, 256, 38, '2025-04-21 22:20:36', '2025-04-21 22:20:36'),
(4359, 256, 39, '2025-04-21 22:20:36', '2025-04-21 22:20:36'),
(4360, 256, 40, '2025-04-21 22:20:36', '2025-04-21 22:20:36'),
(4361, 257, 5, '2025-04-21 23:15:40', '2025-04-21 23:15:40'),
(4362, 257, 7, '2025-04-21 23:15:40', '2025-04-21 23:15:40'),
(4363, 257, 8, '2025-04-21 23:15:40', '2025-04-21 23:15:40'),
(4364, 257, 9, '2025-04-21 23:15:40', '2025-04-21 23:15:40'),
(4365, 257, 10, '2025-04-21 23:15:41', '2025-04-21 23:15:41'),
(4366, 257, 11, '2025-04-21 23:15:41', '2025-04-21 23:15:41'),
(4367, 257, 12, '2025-04-21 23:15:41', '2025-04-21 23:15:41'),
(4368, 257, 13, '2025-04-21 23:15:41', '2025-04-21 23:15:41'),
(4369, 257, 14, '2025-04-21 23:15:41', '2025-04-21 23:15:41'),
(4370, 257, 15, '2025-04-21 23:15:41', '2025-04-21 23:15:41'),
(4371, 257, 18, '2025-04-21 23:15:41', '2025-04-21 23:15:41'),
(4372, 257, 19, '2025-04-21 23:15:41', '2025-04-21 23:15:41'),
(4373, 257, 20, '2025-04-21 23:15:41', '2025-04-21 23:15:41'),
(4374, 257, 21, '2025-04-21 23:15:41', '2025-04-21 23:15:41'),
(4375, 257, 26, '2025-04-21 23:15:41', '2025-04-21 23:15:41'),
(4376, 257, 27, '2025-04-21 23:15:41', '2025-04-21 23:15:41'),
(4377, 257, 28, '2025-04-21 23:15:41', '2025-04-21 23:15:41'),
(4378, 257, 29, '2025-04-21 23:15:41', '2025-04-21 23:15:41'),
(4379, 257, 30, '2025-04-21 23:15:41', '2025-04-21 23:15:41'),
(4380, 257, 31, '2025-04-21 23:15:41', '2025-04-21 23:15:41'),
(4381, 257, 33, '2025-04-21 23:15:41', '2025-04-21 23:15:41'),
(4382, 257, 34, '2025-04-21 23:15:41', '2025-04-21 23:15:41'),
(4383, 257, 35, '2025-04-21 23:15:41', '2025-04-21 23:15:41'),
(4384, 257, 36, '2025-04-21 23:15:41', '2025-04-21 23:15:41'),
(4385, 257, 37, '2025-04-21 23:15:41', '2025-04-21 23:15:41'),
(4386, 257, 38, '2025-04-21 23:15:41', '2025-04-21 23:15:41'),
(4387, 257, 39, '2025-04-21 23:15:41', '2025-04-21 23:15:41'),
(4388, 257, 40, '2025-04-21 23:15:41', '2025-04-21 23:15:41'),
(4389, 228, 5, '2025-04-22 00:35:31', '2025-04-22 00:35:31'),
(4390, 228, 7, '2025-04-22 00:35:31', '2025-04-22 00:35:31'),
(4391, 228, 8, '2025-04-22 00:35:31', '2025-04-22 00:35:31'),
(4392, 228, 9, '2025-04-22 00:35:31', '2025-04-22 00:35:31'),
(4393, 228, 10, '2025-04-22 00:35:31', '2025-04-22 00:35:31'),
(4394, 228, 11, '2025-04-22 00:35:32', '2025-04-22 00:35:32'),
(4395, 228, 12, '2025-04-22 00:35:32', '2025-04-22 00:35:32'),
(4396, 228, 13, '2025-04-22 00:35:32', '2025-04-22 00:35:32'),
(4397, 228, 14, '2025-04-22 00:35:32', '2025-04-22 00:35:32'),
(4398, 228, 15, '2025-04-22 00:35:32', '2025-04-22 00:35:32'),
(4399, 228, 18, '2025-04-22 00:35:32', '2025-04-22 00:35:32'),
(4400, 228, 19, '2025-04-22 00:35:32', '2025-04-22 00:35:32'),
(4401, 228, 20, '2025-04-22 00:35:32', '2025-04-22 00:35:32'),
(4402, 228, 21, '2025-04-22 00:35:32', '2025-04-22 00:35:32'),
(4403, 228, 26, '2025-04-22 00:35:32', '2025-04-22 00:35:32'),
(4404, 228, 27, '2025-04-22 00:35:32', '2025-04-22 00:35:32'),
(4405, 228, 28, '2025-04-22 00:35:32', '2025-04-22 00:35:32'),
(4406, 228, 29, '2025-04-22 00:35:32', '2025-04-22 00:35:32'),
(4407, 228, 30, '2025-04-22 00:35:32', '2025-04-22 00:35:32'),
(4408, 228, 31, '2025-04-22 00:35:32', '2025-04-22 00:35:32'),
(4409, 228, 33, '2025-04-22 00:35:32', '2025-04-22 00:35:32'),
(4410, 228, 34, '2025-04-22 00:35:32', '2025-04-22 00:35:32'),
(4411, 228, 35, '2025-04-22 00:35:32', '2025-04-22 00:35:32'),
(4412, 228, 36, '2025-04-22 00:35:32', '2025-04-22 00:35:32'),
(4413, 228, 37, '2025-04-22 00:35:32', '2025-04-22 00:35:32'),
(4414, 228, 38, '2025-04-22 00:35:32', '2025-04-22 00:35:32'),
(4415, 228, 39, '2025-04-22 00:35:32', '2025-04-22 00:35:32'),
(4416, 228, 40, '2025-04-22 00:35:32', '2025-04-22 00:35:32'),
(4417, 258, 5, '2025-04-22 00:36:59', '2025-04-22 00:36:59'),
(4418, 258, 7, '2025-04-22 00:36:59', '2025-04-22 00:36:59'),
(4419, 258, 8, '2025-04-22 00:36:59', '2025-04-22 00:36:59'),
(4420, 258, 9, '2025-04-22 00:36:59', '2025-04-22 00:36:59'),
(4421, 258, 10, '2025-04-22 00:36:59', '2025-04-22 00:36:59'),
(4422, 258, 11, '2025-04-22 00:36:59', '2025-04-22 00:36:59'),
(4423, 258, 12, '2025-04-22 00:36:59', '2025-04-22 00:36:59'),
(4424, 258, 13, '2025-04-22 00:36:59', '2025-04-22 00:36:59'),
(4425, 258, 14, '2025-04-22 00:36:59', '2025-04-22 00:36:59'),
(4426, 258, 15, '2025-04-22 00:36:59', '2025-04-22 00:36:59'),
(4427, 258, 18, '2025-04-22 00:36:59', '2025-04-22 00:36:59'),
(4428, 258, 19, '2025-04-22 00:36:59', '2025-04-22 00:36:59'),
(4429, 258, 20, '2025-04-22 00:36:59', '2025-04-22 00:36:59'),
(4430, 258, 21, '2025-04-22 00:36:59', '2025-04-22 00:36:59'),
(4431, 258, 26, '2025-04-22 00:36:59', '2025-04-22 00:36:59'),
(4432, 258, 27, '2025-04-22 00:36:59', '2025-04-22 00:36:59'),
(4433, 258, 28, '2025-04-22 00:36:59', '2025-04-22 00:36:59'),
(4434, 258, 29, '2025-04-22 00:36:59', '2025-04-22 00:36:59'),
(4435, 258, 30, '2025-04-22 00:36:59', '2025-04-22 00:36:59'),
(4436, 258, 31, '2025-04-22 00:36:59', '2025-04-22 00:36:59'),
(4437, 258, 33, '2025-04-22 00:36:59', '2025-04-22 00:36:59'),
(4438, 258, 34, '2025-04-22 00:36:59', '2025-04-22 00:36:59'),
(4439, 258, 35, '2025-04-22 00:36:59', '2025-04-22 00:36:59'),
(4440, 258, 36, '2025-04-22 00:36:59', '2025-04-22 00:36:59'),
(4441, 258, 37, '2025-04-22 00:36:59', '2025-04-22 00:36:59'),
(4442, 258, 38, '2025-04-22 00:36:59', '2025-04-22 00:36:59'),
(4443, 258, 39, '2025-04-22 00:36:59', '2025-04-22 00:36:59'),
(4444, 258, 40, '2025-04-22 00:36:59', '2025-04-22 00:36:59'),
(4445, 259, 5, '2025-04-22 00:41:02', '2025-04-22 00:41:02'),
(4446, 259, 7, '2025-04-22 00:41:02', '2025-04-22 00:41:02'),
(4447, 259, 8, '2025-04-22 00:41:02', '2025-04-22 00:41:02'),
(4448, 259, 9, '2025-04-22 00:41:02', '2025-04-22 00:41:02'),
(4449, 259, 10, '2025-04-22 00:41:02', '2025-04-22 00:41:02'),
(4450, 259, 11, '2025-04-22 00:41:02', '2025-04-22 00:41:02'),
(4451, 259, 12, '2025-04-22 00:41:02', '2025-04-22 00:41:02'),
(4452, 259, 13, '2025-04-22 00:41:02', '2025-04-22 00:41:02'),
(4453, 259, 14, '2025-04-22 00:41:02', '2025-04-22 00:41:02'),
(4454, 259, 15, '2025-04-22 00:41:02', '2025-04-22 00:41:02'),
(4455, 259, 18, '2025-04-22 00:41:02', '2025-04-22 00:41:02'),
(4456, 259, 19, '2025-04-22 00:41:02', '2025-04-22 00:41:02'),
(4457, 259, 20, '2025-04-22 00:41:02', '2025-04-22 00:41:02'),
(4458, 259, 21, '2025-04-22 00:41:02', '2025-04-22 00:41:02'),
(4459, 259, 26, '2025-04-22 00:41:02', '2025-04-22 00:41:02'),
(4460, 259, 27, '2025-04-22 00:41:02', '2025-04-22 00:41:02'),
(4461, 259, 28, '2025-04-22 00:41:02', '2025-04-22 00:41:02'),
(4462, 259, 29, '2025-04-22 00:41:02', '2025-04-22 00:41:02'),
(4463, 259, 30, '2025-04-22 00:41:02', '2025-04-22 00:41:02'),
(4464, 259, 31, '2025-04-22 00:41:02', '2025-04-22 00:41:02'),
(4465, 259, 33, '2025-04-22 00:41:02', '2025-04-22 00:41:02'),
(4466, 259, 34, '2025-04-22 00:41:02', '2025-04-22 00:41:02'),
(4467, 259, 35, '2025-04-22 00:41:02', '2025-04-22 00:41:02'),
(4468, 259, 36, '2025-04-22 00:41:02', '2025-04-22 00:41:02'),
(4469, 259, 37, '2025-04-22 00:41:02', '2025-04-22 00:41:02'),
(4470, 259, 38, '2025-04-22 00:41:02', '2025-04-22 00:41:02'),
(4471, 259, 39, '2025-04-22 00:41:02', '2025-04-22 00:41:02'),
(4472, 259, 40, '2025-04-22 00:41:02', '2025-04-22 00:41:02'),
(4473, 262, 5, '2025-04-22 06:11:39', '2025-04-22 06:11:39'),
(4474, 262, 7, '2025-04-22 06:11:39', '2025-04-22 06:11:39'),
(4475, 262, 8, '2025-04-22 06:11:39', '2025-04-22 06:11:39'),
(4476, 262, 9, '2025-04-22 06:11:39', '2025-04-22 06:11:39'),
(4477, 262, 10, '2025-04-22 06:11:39', '2025-04-22 06:11:39'),
(4478, 262, 11, '2025-04-22 06:11:39', '2025-04-22 06:11:39'),
(4479, 262, 12, '2025-04-22 06:11:39', '2025-04-22 06:11:39'),
(4480, 262, 13, '2025-04-22 06:11:39', '2025-04-22 06:11:39'),
(4481, 262, 14, '2025-04-22 06:11:39', '2025-04-22 06:11:39'),
(4482, 262, 15, '2025-04-22 06:11:39', '2025-04-22 06:11:39'),
(4483, 262, 18, '2025-04-22 06:11:39', '2025-04-22 06:11:39'),
(4484, 262, 19, '2025-04-22 06:11:40', '2025-04-22 06:11:40'),
(4485, 262, 20, '2025-04-22 06:11:40', '2025-04-22 06:11:40'),
(4486, 262, 21, '2025-04-22 06:11:40', '2025-04-22 06:11:40'),
(4487, 262, 26, '2025-04-22 06:11:40', '2025-04-22 06:11:40'),
(4488, 262, 27, '2025-04-22 06:11:40', '2025-04-22 06:11:40'),
(4489, 262, 28, '2025-04-22 06:11:40', '2025-04-22 06:11:40'),
(4490, 262, 29, '2025-04-22 06:11:40', '2025-04-22 06:11:40'),
(4491, 262, 30, '2025-04-22 06:11:40', '2025-04-22 06:11:40'),
(4492, 262, 31, '2025-04-22 06:11:40', '2025-04-22 06:11:40'),
(4493, 262, 33, '2025-04-22 06:11:40', '2025-04-22 06:11:40'),
(4494, 262, 34, '2025-04-22 06:11:40', '2025-04-22 06:11:40'),
(4495, 262, 35, '2025-04-22 06:11:40', '2025-04-22 06:11:40'),
(4496, 262, 36, '2025-04-22 06:11:40', '2025-04-22 06:11:40'),
(4497, 262, 37, '2025-04-22 06:11:40', '2025-04-22 06:11:40'),
(4498, 262, 38, '2025-04-22 06:11:40', '2025-04-22 06:11:40'),
(4499, 262, 39, '2025-04-22 06:11:40', '2025-04-22 06:11:40'),
(4500, 262, 40, '2025-04-22 06:11:40', '2025-04-22 06:11:40'),
(4501, 175, 5, '2025-04-22 22:19:24', '2025-04-22 22:19:24'),
(4502, 175, 7, '2025-04-22 22:19:24', '2025-04-22 22:19:24'),
(4503, 175, 8, '2025-04-22 22:19:24', '2025-04-22 22:19:24'),
(4504, 175, 9, '2025-04-22 22:19:24', '2025-04-22 22:19:24'),
(4505, 175, 10, '2025-04-22 22:19:24', '2025-04-22 22:19:24'),
(4506, 175, 11, '2025-04-22 22:19:24', '2025-04-22 22:19:24'),
(4507, 175, 12, '2025-04-22 22:19:24', '2025-04-22 22:19:24'),
(4508, 175, 13, '2025-04-22 22:19:24', '2025-04-22 22:19:24'),
(4509, 175, 14, '2025-04-22 22:19:24', '2025-04-22 22:19:24'),
(4510, 175, 15, '2025-04-22 22:19:24', '2025-04-22 22:19:24'),
(4511, 175, 18, '2025-04-22 22:19:24', '2025-04-22 22:19:24'),
(4512, 175, 19, '2025-04-22 22:19:24', '2025-04-22 22:19:24'),
(4513, 175, 20, '2025-04-22 22:19:24', '2025-04-22 22:19:24'),
(4514, 175, 21, '2025-04-22 22:19:24', '2025-04-22 22:19:24'),
(4515, 175, 26, '2025-04-22 22:19:24', '2025-04-22 22:19:24'),
(4516, 175, 27, '2025-04-22 22:19:24', '2025-04-22 22:19:24'),
(4517, 175, 28, '2025-04-22 22:19:24', '2025-04-22 22:19:24'),
(4518, 175, 29, '2025-04-22 22:19:24', '2025-04-22 22:19:24'),
(4519, 175, 30, '2025-04-22 22:19:24', '2025-04-22 22:19:24'),
(4520, 175, 31, '2025-04-22 22:19:24', '2025-04-22 22:19:24'),
(4521, 175, 33, '2025-04-22 22:19:24', '2025-04-22 22:19:24'),
(4522, 175, 34, '2025-04-22 22:19:24', '2025-04-22 22:19:24'),
(4523, 175, 35, '2025-04-22 22:19:24', '2025-04-22 22:19:24'),
(4524, 175, 36, '2025-04-22 22:19:24', '2025-04-22 22:19:24'),
(4525, 175, 37, '2025-04-22 22:19:24', '2025-04-22 22:19:24'),
(4526, 175, 38, '2025-04-22 22:19:24', '2025-04-22 22:19:24'),
(4527, 175, 39, '2025-04-22 22:19:24', '2025-04-22 22:19:24'),
(4528, 175, 40, '2025-04-22 22:19:24', '2025-04-22 22:19:24'),
(4557, 176, 5, '2025-04-22 22:35:27', '2025-04-22 22:35:27'),
(4558, 176, 7, '2025-04-22 22:35:27', '2025-04-22 22:35:27'),
(4559, 176, 8, '2025-04-22 22:35:27', '2025-04-22 22:35:27'),
(4560, 176, 9, '2025-04-22 22:35:27', '2025-04-22 22:35:27'),
(4561, 176, 10, '2025-04-22 22:35:27', '2025-04-22 22:35:27'),
(4562, 176, 11, '2025-04-22 22:35:27', '2025-04-22 22:35:27'),
(4563, 176, 12, '2025-04-22 22:35:27', '2025-04-22 22:35:27'),
(4564, 176, 13, '2025-04-22 22:35:27', '2025-04-22 22:35:27'),
(4565, 176, 14, '2025-04-22 22:35:27', '2025-04-22 22:35:27'),
(4566, 176, 15, '2025-04-22 22:35:27', '2025-04-22 22:35:27'),
(4567, 176, 18, '2025-04-22 22:35:27', '2025-04-22 22:35:27'),
(4568, 176, 19, '2025-04-22 22:35:27', '2025-04-22 22:35:27'),
(4569, 176, 20, '2025-04-22 22:35:27', '2025-04-22 22:35:27'),
(4570, 176, 21, '2025-04-22 22:35:27', '2025-04-22 22:35:27'),
(4571, 176, 26, '2025-04-22 22:35:27', '2025-04-22 22:35:27'),
(4572, 176, 27, '2025-04-22 22:35:27', '2025-04-22 22:35:27'),
(4573, 176, 28, '2025-04-22 22:35:27', '2025-04-22 22:35:27'),
(4574, 176, 29, '2025-04-22 22:35:27', '2025-04-22 22:35:27'),
(4575, 176, 30, '2025-04-22 22:35:27', '2025-04-22 22:35:27'),
(4576, 176, 31, '2025-04-22 22:35:27', '2025-04-22 22:35:27'),
(4577, 176, 33, '2025-04-22 22:35:27', '2025-04-22 22:35:27'),
(4578, 176, 34, '2025-04-22 22:35:27', '2025-04-22 22:35:27'),
(4579, 176, 35, '2025-04-22 22:35:27', '2025-04-22 22:35:27'),
(4580, 176, 36, '2025-04-22 22:35:27', '2025-04-22 22:35:27'),
(4581, 176, 37, '2025-04-22 22:35:28', '2025-04-22 22:35:28'),
(4582, 176, 38, '2025-04-22 22:35:28', '2025-04-22 22:35:28'),
(4583, 176, 39, '2025-04-22 22:35:28', '2025-04-22 22:35:28'),
(4584, 176, 40, '2025-04-22 22:35:28', '2025-04-22 22:35:28'),
(4585, 263, 5, '2025-04-22 23:26:02', '2025-04-22 23:26:02'),
(4586, 263, 7, '2025-04-22 23:26:02', '2025-04-22 23:26:02'),
(4587, 263, 8, '2025-04-22 23:26:02', '2025-04-22 23:26:02'),
(4588, 263, 9, '2025-04-22 23:26:02', '2025-04-22 23:26:02'),
(4589, 263, 10, '2025-04-22 23:26:02', '2025-04-22 23:26:02'),
(4590, 263, 11, '2025-04-22 23:26:02', '2025-04-22 23:26:02'),
(4591, 263, 12, '2025-04-22 23:26:02', '2025-04-22 23:26:02'),
(4592, 263, 13, '2025-04-22 23:26:02', '2025-04-22 23:26:02'),
(4593, 263, 14, '2025-04-22 23:26:02', '2025-04-22 23:26:02'),
(4594, 263, 15, '2025-04-22 23:26:02', '2025-04-22 23:26:02'),
(4595, 263, 18, '2025-04-22 23:26:02', '2025-04-22 23:26:02'),
(4596, 263, 19, '2025-04-22 23:26:02', '2025-04-22 23:26:02'),
(4597, 263, 20, '2025-04-22 23:26:02', '2025-04-22 23:26:02'),
(4598, 263, 21, '2025-04-22 23:26:02', '2025-04-22 23:26:02'),
(4599, 263, 26, '2025-04-22 23:26:02', '2025-04-22 23:26:02'),
(4600, 263, 27, '2025-04-22 23:26:02', '2025-04-22 23:26:02'),
(4601, 263, 28, '2025-04-22 23:26:03', '2025-04-22 23:26:03'),
(4602, 263, 29, '2025-04-22 23:26:03', '2025-04-22 23:26:03'),
(4603, 263, 30, '2025-04-22 23:26:03', '2025-04-22 23:26:03'),
(4604, 263, 31, '2025-04-22 23:26:03', '2025-04-22 23:26:03'),
(4605, 263, 33, '2025-04-22 23:26:03', '2025-04-22 23:26:03'),
(4606, 263, 34, '2025-04-22 23:26:03', '2025-04-22 23:26:03'),
(4607, 263, 35, '2025-04-22 23:26:03', '2025-04-22 23:26:03'),
(4608, 263, 36, '2025-04-22 23:26:03', '2025-04-22 23:26:03'),
(4609, 263, 37, '2025-04-22 23:26:03', '2025-04-22 23:26:03'),
(4610, 263, 38, '2025-04-22 23:26:03', '2025-04-22 23:26:03'),
(4611, 263, 39, '2025-04-22 23:26:03', '2025-04-22 23:26:03'),
(4612, 263, 40, '2025-04-22 23:26:03', '2025-04-22 23:26:03'),
(4613, 264, 5, '2025-04-24 00:52:32', '2025-04-24 00:52:32'),
(4614, 264, 7, '2025-04-24 00:52:32', '2025-04-24 00:52:32'),
(4615, 264, 8, '2025-04-24 00:52:32', '2025-04-24 00:52:32'),
(4616, 264, 9, '2025-04-24 00:52:32', '2025-04-24 00:52:32'),
(4617, 264, 10, '2025-04-24 00:52:32', '2025-04-24 00:52:32'),
(4618, 264, 11, '2025-04-24 00:52:32', '2025-04-24 00:52:32'),
(4619, 264, 12, '2025-04-24 00:52:32', '2025-04-24 00:52:32'),
(4620, 264, 13, '2025-04-24 00:52:32', '2025-04-24 00:52:32'),
(4621, 264, 14, '2025-04-24 00:52:32', '2025-04-24 00:52:32'),
(4622, 264, 15, '2025-04-24 00:52:32', '2025-04-24 00:52:32'),
(4623, 264, 18, '2025-04-24 00:52:32', '2025-04-24 00:52:32'),
(4624, 264, 19, '2025-04-24 00:52:32', '2025-04-24 00:52:32'),
(4625, 264, 20, '2025-04-24 00:52:32', '2025-04-24 00:52:32'),
(4626, 264, 21, '2025-04-24 00:52:32', '2025-04-24 00:52:32'),
(4627, 264, 26, '2025-04-24 00:52:32', '2025-04-24 00:52:32'),
(4628, 264, 27, '2025-04-24 00:52:32', '2025-04-24 00:52:32'),
(4629, 264, 28, '2025-04-24 00:52:32', '2025-04-24 00:52:32'),
(4630, 264, 29, '2025-04-24 00:52:32', '2025-04-24 00:52:32'),
(4631, 264, 30, '2025-04-24 00:52:32', '2025-04-24 00:52:32'),
(4632, 264, 31, '2025-04-24 00:52:32', '2025-04-24 00:52:32'),
(4633, 264, 33, '2025-04-24 00:52:32', '2025-04-24 00:52:32'),
(4634, 264, 34, '2025-04-24 00:52:32', '2025-04-24 00:52:32'),
(4635, 264, 35, '2025-04-24 00:52:32', '2025-04-24 00:52:32'),
(4636, 264, 36, '2025-04-24 00:52:32', '2025-04-24 00:52:32'),
(4637, 264, 37, '2025-04-24 00:52:32', '2025-04-24 00:52:32'),
(4638, 264, 38, '2025-04-24 00:52:32', '2025-04-24 00:52:32'),
(4639, 264, 39, '2025-04-24 00:52:32', '2025-04-24 00:52:32'),
(4640, 264, 40, '2025-04-24 00:52:32', '2025-04-24 00:52:32'),
(4641, 265, 5, '2025-04-24 00:55:36', '2025-04-24 00:55:36'),
(4642, 265, 7, '2025-04-24 00:55:36', '2025-04-24 00:55:36'),
(4643, 265, 8, '2025-04-24 00:55:36', '2025-04-24 00:55:36'),
(4644, 265, 9, '2025-04-24 00:55:36', '2025-04-24 00:55:36'),
(4645, 265, 10, '2025-04-24 00:55:36', '2025-04-24 00:55:36'),
(4646, 265, 11, '2025-04-24 00:55:36', '2025-04-24 00:55:36'),
(4647, 265, 12, '2025-04-24 00:55:36', '2025-04-24 00:55:36'),
(4648, 265, 13, '2025-04-24 00:55:36', '2025-04-24 00:55:36'),
(4649, 265, 14, '2025-04-24 00:55:37', '2025-04-24 00:55:37'),
(4650, 265, 15, '2025-04-24 00:55:37', '2025-04-24 00:55:37'),
(4651, 265, 18, '2025-04-24 00:55:37', '2025-04-24 00:55:37'),
(4652, 265, 19, '2025-04-24 00:55:37', '2025-04-24 00:55:37'),
(4653, 265, 20, '2025-04-24 00:55:37', '2025-04-24 00:55:37'),
(4654, 265, 21, '2025-04-24 00:55:37', '2025-04-24 00:55:37'),
(4655, 265, 26, '2025-04-24 00:55:37', '2025-04-24 00:55:37'),
(4656, 265, 27, '2025-04-24 00:55:37', '2025-04-24 00:55:37'),
(4657, 265, 28, '2025-04-24 00:55:37', '2025-04-24 00:55:37'),
(4658, 265, 29, '2025-04-24 00:55:37', '2025-04-24 00:55:37'),
(4659, 265, 30, '2025-04-24 00:55:37', '2025-04-24 00:55:37'),
(4660, 265, 31, '2025-04-24 00:55:37', '2025-04-24 00:55:37'),
(4661, 265, 33, '2025-04-24 00:55:37', '2025-04-24 00:55:37'),
(4662, 265, 34, '2025-04-24 00:55:37', '2025-04-24 00:55:37'),
(4663, 265, 35, '2025-04-24 00:55:37', '2025-04-24 00:55:37'),
(4664, 265, 36, '2025-04-24 00:55:37', '2025-04-24 00:55:37'),
(4665, 265, 37, '2025-04-24 00:55:37', '2025-04-24 00:55:37'),
(4666, 265, 38, '2025-04-24 00:55:37', '2025-04-24 00:55:37'),
(4667, 265, 39, '2025-04-24 00:55:37', '2025-04-24 00:55:37'),
(4668, 265, 40, '2025-04-24 00:55:37', '2025-04-24 00:55:37'),
(4725, 267, 5, '2025-05-01 22:38:25', '2025-05-01 22:38:25'),
(4726, 267, 7, '2025-05-01 22:38:25', '2025-05-01 22:38:25'),
(4727, 267, 8, '2025-05-01 22:38:25', '2025-05-01 22:38:25'),
(4728, 267, 9, '2025-05-01 22:38:25', '2025-05-01 22:38:25'),
(4729, 267, 10, '2025-05-01 22:38:25', '2025-05-01 22:38:25'),
(4730, 267, 11, '2025-05-01 22:38:25', '2025-05-01 22:38:25'),
(4731, 267, 12, '2025-05-01 22:38:25', '2025-05-01 22:38:25'),
(4732, 267, 13, '2025-05-01 22:38:25', '2025-05-01 22:38:25'),
(4733, 267, 14, '2025-05-01 22:38:25', '2025-05-01 22:38:25'),
(4734, 267, 15, '2025-05-01 22:38:25', '2025-05-01 22:38:25'),
(4735, 267, 18, '2025-05-01 22:38:25', '2025-05-01 22:38:25'),
(4736, 267, 19, '2025-05-01 22:38:25', '2025-05-01 22:38:25'),
(4737, 267, 20, '2025-05-01 22:38:25', '2025-05-01 22:38:25'),
(4738, 267, 21, '2025-05-01 22:38:25', '2025-05-01 22:38:25'),
(4739, 267, 26, '2025-05-01 22:38:25', '2025-05-01 22:38:25'),
(4740, 267, 27, '2025-05-01 22:38:25', '2025-05-01 22:38:25'),
(4741, 267, 28, '2025-05-01 22:38:25', '2025-05-01 22:38:25'),
(4742, 267, 29, '2025-05-01 22:38:25', '2025-05-01 22:38:25'),
(4743, 267, 30, '2025-05-01 22:38:25', '2025-05-01 22:38:25'),
(4744, 267, 31, '2025-05-01 22:38:25', '2025-05-01 22:38:25'),
(4745, 267, 33, '2025-05-01 22:38:25', '2025-05-01 22:38:25'),
(4746, 267, 34, '2025-05-01 22:38:25', '2025-05-01 22:38:25'),
(4747, 267, 35, '2025-05-01 22:38:25', '2025-05-01 22:38:25'),
(4748, 267, 36, '2025-05-01 22:38:25', '2025-05-01 22:38:25'),
(4749, 267, 37, '2025-05-01 22:38:25', '2025-05-01 22:38:25'),
(4750, 267, 38, '2025-05-01 22:38:25', '2025-05-01 22:38:25'),
(4751, 267, 39, '2025-05-01 22:38:25', '2025-05-01 22:38:25'),
(4752, 267, 40, '2025-05-01 22:38:25', '2025-05-01 22:38:25'),
(4753, 266, 5, '2025-05-01 22:44:34', '2025-05-01 22:44:34'),
(4754, 266, 7, '2025-05-01 22:44:34', '2025-05-01 22:44:34'),
(4755, 266, 8, '2025-05-01 22:44:34', '2025-05-01 22:44:34'),
(4756, 266, 9, '2025-05-01 22:44:34', '2025-05-01 22:44:34'),
(4757, 266, 10, '2025-05-01 22:44:34', '2025-05-01 22:44:34'),
(4758, 266, 11, '2025-05-01 22:44:34', '2025-05-01 22:44:34'),
(4759, 266, 12, '2025-05-01 22:44:34', '2025-05-01 22:44:34'),
(4760, 266, 13, '2025-05-01 22:44:35', '2025-05-01 22:44:35'),
(4761, 266, 14, '2025-05-01 22:44:35', '2025-05-01 22:44:35'),
(4762, 266, 15, '2025-05-01 22:44:35', '2025-05-01 22:44:35'),
(4763, 266, 18, '2025-05-01 22:44:35', '2025-05-01 22:44:35'),
(4764, 266, 19, '2025-05-01 22:44:35', '2025-05-01 22:44:35'),
(4765, 266, 20, '2025-05-01 22:44:35', '2025-05-01 22:44:35'),
(4766, 266, 21, '2025-05-01 22:44:35', '2025-05-01 22:44:35'),
(4767, 266, 26, '2025-05-01 22:44:35', '2025-05-01 22:44:35'),
(4768, 266, 27, '2025-05-01 22:44:35', '2025-05-01 22:44:35'),
(4769, 266, 28, '2025-05-01 22:44:35', '2025-05-01 22:44:35'),
(4770, 266, 29, '2025-05-01 22:44:35', '2025-05-01 22:44:35'),
(4771, 266, 30, '2025-05-01 22:44:35', '2025-05-01 22:44:35'),
(4772, 266, 31, '2025-05-01 22:44:35', '2025-05-01 22:44:35'),
(4773, 266, 33, '2025-05-01 22:44:35', '2025-05-01 22:44:35'),
(4774, 266, 34, '2025-05-01 22:44:35', '2025-05-01 22:44:35'),
(4775, 266, 35, '2025-05-01 22:44:35', '2025-05-01 22:44:35'),
(4776, 266, 36, '2025-05-01 22:44:35', '2025-05-01 22:44:35'),
(4777, 266, 37, '2025-05-01 22:44:35', '2025-05-01 22:44:35'),
(4778, 266, 38, '2025-05-01 22:44:35', '2025-05-01 22:44:35'),
(4779, 266, 39, '2025-05-01 22:44:35', '2025-05-01 22:44:35'),
(4780, 266, 40, '2025-05-01 22:44:35', '2025-05-01 22:44:35'),
(4781, 181, 5, '2025-05-08 22:31:49', '2025-05-08 22:31:49'),
(4782, 181, 7, '2025-05-08 22:31:49', '2025-05-08 22:31:49'),
(4783, 181, 8, '2025-05-08 22:31:49', '2025-05-08 22:31:49'),
(4784, 181, 9, '2025-05-08 22:31:49', '2025-05-08 22:31:49'),
(4785, 181, 10, '2025-05-08 22:31:49', '2025-05-08 22:31:49'),
(4786, 181, 11, '2025-05-08 22:31:49', '2025-05-08 22:31:49'),
(4787, 181, 12, '2025-05-08 22:31:49', '2025-05-08 22:31:49'),
(4788, 181, 13, '2025-05-08 22:31:49', '2025-05-08 22:31:49'),
(4789, 181, 14, '2025-05-08 22:31:49', '2025-05-08 22:31:49'),
(4790, 181, 15, '2025-05-08 22:31:49', '2025-05-08 22:31:49'),
(4791, 181, 18, '2025-05-08 22:31:49', '2025-05-08 22:31:49'),
(4792, 181, 19, '2025-05-08 22:31:49', '2025-05-08 22:31:49'),
(4793, 181, 20, '2025-05-08 22:31:49', '2025-05-08 22:31:49'),
(4794, 181, 21, '2025-05-08 22:31:49', '2025-05-08 22:31:49'),
(4795, 181, 26, '2025-05-08 22:31:49', '2025-05-08 22:31:49'),
(4796, 181, 27, '2025-05-08 22:31:49', '2025-05-08 22:31:49'),
(4797, 181, 28, '2025-05-08 22:31:49', '2025-05-08 22:31:49'),
(4798, 181, 29, '2025-05-08 22:31:49', '2025-05-08 22:31:49'),
(4799, 181, 30, '2025-05-08 22:31:49', '2025-05-08 22:31:49'),
(4800, 181, 31, '2025-05-08 22:31:49', '2025-05-08 22:31:49'),
(4801, 181, 33, '2025-05-08 22:31:49', '2025-05-08 22:31:49'),
(4802, 181, 34, '2025-05-08 22:31:49', '2025-05-08 22:31:49'),
(4803, 181, 35, '2025-05-08 22:31:49', '2025-05-08 22:31:49'),
(4804, 181, 36, '2025-05-08 22:31:49', '2025-05-08 22:31:49'),
(4805, 181, 37, '2025-05-08 22:31:49', '2025-05-08 22:31:49'),
(4806, 181, 38, '2025-05-08 22:31:49', '2025-05-08 22:31:49'),
(4807, 181, 39, '2025-05-08 22:31:49', '2025-05-08 22:31:49'),
(4808, 181, 40, '2025-05-08 22:31:49', '2025-05-08 22:31:49'),
(4865, 165, 5, '2025-05-08 22:42:51', '2025-05-08 22:42:51'),
(4866, 165, 7, '2025-05-08 22:42:51', '2025-05-08 22:42:51'),
(4867, 165, 8, '2025-05-08 22:42:51', '2025-05-08 22:42:51'),
(4868, 165, 9, '2025-05-08 22:42:51', '2025-05-08 22:42:51'),
(4869, 165, 10, '2025-05-08 22:42:51', '2025-05-08 22:42:51'),
(4870, 165, 11, '2025-05-08 22:42:51', '2025-05-08 22:42:51'),
(4871, 165, 12, '2025-05-08 22:42:51', '2025-05-08 22:42:51'),
(4872, 165, 13, '2025-05-08 22:42:51', '2025-05-08 22:42:51'),
(4873, 165, 14, '2025-05-08 22:42:51', '2025-05-08 22:42:51'),
(4874, 165, 15, '2025-05-08 22:42:51', '2025-05-08 22:42:51'),
(4875, 165, 18, '2025-05-08 22:42:51', '2025-05-08 22:42:51'),
(4876, 165, 19, '2025-05-08 22:42:51', '2025-05-08 22:42:51'),
(4877, 165, 20, '2025-05-08 22:42:51', '2025-05-08 22:42:51'),
(4878, 165, 21, '2025-05-08 22:42:51', '2025-05-08 22:42:51'),
(4879, 165, 26, '2025-05-08 22:42:51', '2025-05-08 22:42:51'),
(4880, 165, 27, '2025-05-08 22:42:51', '2025-05-08 22:42:51'),
(4881, 165, 28, '2025-05-08 22:42:51', '2025-05-08 22:42:51'),
(4882, 165, 29, '2025-05-08 22:42:51', '2025-05-08 22:42:51'),
(4883, 165, 30, '2025-05-08 22:42:51', '2025-05-08 22:42:51'),
(4884, 165, 31, '2025-05-08 22:42:51', '2025-05-08 22:42:51'),
(4885, 165, 33, '2025-05-08 22:42:51', '2025-05-08 22:42:51'),
(4886, 165, 34, '2025-05-08 22:42:51', '2025-05-08 22:42:51'),
(4887, 165, 35, '2025-05-08 22:42:51', '2025-05-08 22:42:51'),
(4888, 165, 36, '2025-05-08 22:42:51', '2025-05-08 22:42:51');
INSERT INTO `cotizacion_has_costes` (`id`, `idCotizacion`, `idCoste`, `created_at`, `updated_at`) VALUES
(4889, 165, 37, '2025-05-08 22:42:51', '2025-05-08 22:42:51'),
(4890, 165, 38, '2025-05-08 22:42:51', '2025-05-08 22:42:51'),
(4891, 165, 39, '2025-05-08 22:42:51', '2025-05-08 22:42:51'),
(4892, 165, 40, '2025-05-08 22:42:51', '2025-05-08 22:42:51'),
(4893, 268, 5, '2025-05-12 21:33:06', '2025-05-12 21:33:06'),
(4894, 268, 7, '2025-05-12 21:33:06', '2025-05-12 21:33:06'),
(4895, 268, 8, '2025-05-12 21:33:06', '2025-05-12 21:33:06'),
(4896, 268, 9, '2025-05-12 21:33:06', '2025-05-12 21:33:06'),
(4897, 268, 10, '2025-05-12 21:33:06', '2025-05-12 21:33:06'),
(4898, 268, 11, '2025-05-12 21:33:06', '2025-05-12 21:33:06'),
(4899, 268, 12, '2025-05-12 21:33:06', '2025-05-12 21:33:06'),
(4900, 268, 13, '2025-05-12 21:33:06', '2025-05-12 21:33:06'),
(4901, 268, 14, '2025-05-12 21:33:06', '2025-05-12 21:33:06'),
(4902, 268, 15, '2025-05-12 21:33:06', '2025-05-12 21:33:06'),
(4903, 268, 18, '2025-05-12 21:33:06', '2025-05-12 21:33:06'),
(4904, 268, 19, '2025-05-12 21:33:06', '2025-05-12 21:33:06'),
(4905, 268, 20, '2025-05-12 21:33:06', '2025-05-12 21:33:06'),
(4906, 268, 21, '2025-05-12 21:33:06', '2025-05-12 21:33:06'),
(4907, 268, 26, '2025-05-12 21:33:06', '2025-05-12 21:33:06'),
(4908, 268, 27, '2025-05-12 21:33:06', '2025-05-12 21:33:06'),
(4909, 268, 28, '2025-05-12 21:33:06', '2025-05-12 21:33:06'),
(4910, 268, 29, '2025-05-12 21:33:06', '2025-05-12 21:33:06'),
(4911, 268, 30, '2025-05-12 21:33:06', '2025-05-12 21:33:06'),
(4912, 268, 31, '2025-05-12 21:33:06', '2025-05-12 21:33:06'),
(4913, 268, 33, '2025-05-12 21:33:06', '2025-05-12 21:33:06'),
(4914, 268, 34, '2025-05-12 21:33:06', '2025-05-12 21:33:06'),
(4915, 268, 35, '2025-05-12 21:33:06', '2025-05-12 21:33:06'),
(4916, 268, 36, '2025-05-12 21:33:06', '2025-05-12 21:33:06'),
(4917, 268, 37, '2025-05-12 21:33:06', '2025-05-12 21:33:06'),
(4918, 268, 38, '2025-05-12 21:33:06', '2025-05-12 21:33:06'),
(4919, 268, 39, '2025-05-12 21:33:06', '2025-05-12 21:33:06'),
(4920, 268, 40, '2025-05-12 21:33:06', '2025-05-12 21:33:06'),
(4977, 269, 5, '2025-05-14 00:29:30', '2025-05-14 00:29:30'),
(4978, 269, 7, '2025-05-14 00:29:30', '2025-05-14 00:29:30'),
(4979, 269, 8, '2025-05-14 00:29:30', '2025-05-14 00:29:30'),
(4980, 269, 9, '2025-05-14 00:29:30', '2025-05-14 00:29:30'),
(4981, 269, 10, '2025-05-14 00:29:30', '2025-05-14 00:29:30'),
(4982, 269, 11, '2025-05-14 00:29:30', '2025-05-14 00:29:30'),
(4983, 269, 12, '2025-05-14 00:29:30', '2025-05-14 00:29:30'),
(4984, 269, 13, '2025-05-14 00:29:30', '2025-05-14 00:29:30'),
(4985, 269, 14, '2025-05-14 00:29:30', '2025-05-14 00:29:30'),
(4986, 269, 15, '2025-05-14 00:29:30', '2025-05-14 00:29:30'),
(4987, 269, 18, '2025-05-14 00:29:30', '2025-05-14 00:29:30'),
(4988, 269, 19, '2025-05-14 00:29:30', '2025-05-14 00:29:30'),
(4989, 269, 20, '2025-05-14 00:29:30', '2025-05-14 00:29:30'),
(4990, 269, 21, '2025-05-14 00:29:31', '2025-05-14 00:29:31'),
(4991, 269, 26, '2025-05-14 00:29:31', '2025-05-14 00:29:31'),
(4992, 269, 27, '2025-05-14 00:29:31', '2025-05-14 00:29:31'),
(4993, 269, 28, '2025-05-14 00:29:31', '2025-05-14 00:29:31'),
(4994, 269, 29, '2025-05-14 00:29:31', '2025-05-14 00:29:31'),
(4995, 269, 30, '2025-05-14 00:29:31', '2025-05-14 00:29:31'),
(4996, 269, 31, '2025-05-14 00:29:31', '2025-05-14 00:29:31'),
(4997, 269, 33, '2025-05-14 00:29:31', '2025-05-14 00:29:31'),
(4998, 269, 34, '2025-05-14 00:29:31', '2025-05-14 00:29:31'),
(4999, 269, 35, '2025-05-14 00:29:31', '2025-05-14 00:29:31'),
(5000, 269, 36, '2025-05-14 00:29:31', '2025-05-14 00:29:31'),
(5001, 269, 37, '2025-05-14 00:29:31', '2025-05-14 00:29:31'),
(5002, 269, 38, '2025-05-14 00:29:31', '2025-05-14 00:29:31'),
(5003, 269, 39, '2025-05-14 00:29:31', '2025-05-14 00:29:31'),
(5004, 269, 40, '2025-05-14 00:29:31', '2025-05-14 00:29:31'),
(5005, 270, 5, '2025-05-14 00:33:40', '2025-05-14 00:33:40'),
(5006, 270, 7, '2025-05-14 00:33:40', '2025-05-14 00:33:40'),
(5007, 270, 8, '2025-05-14 00:33:40', '2025-05-14 00:33:40'),
(5008, 270, 9, '2025-05-14 00:33:41', '2025-05-14 00:33:41'),
(5009, 270, 10, '2025-05-14 00:33:41', '2025-05-14 00:33:41'),
(5010, 270, 11, '2025-05-14 00:33:41', '2025-05-14 00:33:41'),
(5011, 270, 12, '2025-05-14 00:33:41', '2025-05-14 00:33:41'),
(5012, 270, 13, '2025-05-14 00:33:41', '2025-05-14 00:33:41'),
(5013, 270, 14, '2025-05-14 00:33:41', '2025-05-14 00:33:41'),
(5014, 270, 15, '2025-05-14 00:33:41', '2025-05-14 00:33:41'),
(5015, 270, 18, '2025-05-14 00:33:41', '2025-05-14 00:33:41'),
(5016, 270, 19, '2025-05-14 00:33:41', '2025-05-14 00:33:41'),
(5017, 270, 20, '2025-05-14 00:33:41', '2025-05-14 00:33:41'),
(5018, 270, 21, '2025-05-14 00:33:41', '2025-05-14 00:33:41'),
(5019, 270, 26, '2025-05-14 00:33:41', '2025-05-14 00:33:41'),
(5020, 270, 27, '2025-05-14 00:33:41', '2025-05-14 00:33:41'),
(5021, 270, 28, '2025-05-14 00:33:41', '2025-05-14 00:33:41'),
(5022, 270, 29, '2025-05-14 00:33:41', '2025-05-14 00:33:41'),
(5023, 270, 30, '2025-05-14 00:33:41', '2025-05-14 00:33:41'),
(5024, 270, 31, '2025-05-14 00:33:41', '2025-05-14 00:33:41'),
(5025, 270, 33, '2025-05-14 00:33:41', '2025-05-14 00:33:41'),
(5026, 270, 34, '2025-05-14 00:33:41', '2025-05-14 00:33:41'),
(5027, 270, 35, '2025-05-14 00:33:41', '2025-05-14 00:33:41'),
(5028, 270, 36, '2025-05-14 00:33:41', '2025-05-14 00:33:41'),
(5029, 270, 37, '2025-05-14 00:33:41', '2025-05-14 00:33:41'),
(5030, 270, 38, '2025-05-14 00:33:41', '2025-05-14 00:33:41'),
(5031, 270, 39, '2025-05-14 00:33:41', '2025-05-14 00:33:41'),
(5032, 270, 40, '2025-05-14 00:33:41', '2025-05-14 00:33:41'),
(5033, 188, 21, '2025-06-02 22:27:36', '2025-06-02 22:27:36'),
(5034, 188, 33, '2025-06-02 22:27:36', '2025-06-02 22:27:36'),
(5035, 188, 12, '2025-06-02 22:27:36', '2025-06-02 22:27:36'),
(5036, 188, 40, '2025-06-02 22:27:36', '2025-06-02 22:27:36'),
(5037, 188, 39, '2025-06-02 22:27:36', '2025-06-02 22:27:36'),
(5038, 188, 14, '2025-06-02 22:27:36', '2025-06-02 22:27:36'),
(5039, 188, 27, '2025-06-02 22:27:36', '2025-06-02 22:27:36'),
(5040, 188, 18, '2025-06-02 22:27:36', '2025-06-02 22:27:36'),
(5041, 188, 11, '2025-06-02 22:27:36', '2025-06-02 22:27:36'),
(5042, 188, 34, '2025-06-02 22:27:36', '2025-06-02 22:27:36'),
(5043, 188, 28, '2025-06-02 22:27:36', '2025-06-02 22:27:36'),
(5044, 188, 5, '2025-06-02 22:27:36', '2025-06-02 22:27:36'),
(5045, 188, 29, '2025-06-02 22:27:36', '2025-06-02 22:27:36'),
(5046, 188, 38, '2025-06-02 22:27:36', '2025-06-02 22:27:36'),
(5047, 188, 19, '2025-06-02 22:27:36', '2025-06-02 22:27:36'),
(5048, 188, 9, '2025-06-02 22:27:36', '2025-06-02 22:27:36'),
(5049, 188, 31, '2025-06-02 22:27:36', '2025-06-02 22:27:36'),
(5050, 188, 13, '2025-06-02 22:27:36', '2025-06-02 22:27:36'),
(5051, 188, 15, '2025-06-02 22:27:36', '2025-06-02 22:27:36'),
(5052, 188, 8, '2025-06-02 22:27:36', '2025-06-02 22:27:36'),
(5053, 188, 10, '2025-06-02 22:27:36', '2025-06-02 22:27:36'),
(5054, 188, 20, '2025-06-02 22:27:36', '2025-06-02 22:27:36'),
(5055, 188, 36, '2025-06-02 22:27:36', '2025-06-02 22:27:36'),
(5056, 188, 35, '2025-06-02 22:27:36', '2025-06-02 22:27:36'),
(5057, 188, 37, '2025-06-02 22:27:36', '2025-06-02 22:27:36'),
(5058, 188, 30, '2025-06-02 22:27:36', '2025-06-02 22:27:36'),
(5059, 188, 7, '2025-06-02 22:27:36', '2025-06-02 22:27:36'),
(5060, 188, 26, '2025-06-02 22:27:36', '2025-06-02 22:27:36'),
(5061, 271, 21, '2025-06-03 04:23:06', '2025-06-03 04:23:06'),
(5062, 271, 33, '2025-06-03 04:23:06', '2025-06-03 04:23:06'),
(5063, 271, 12, '2025-06-03 04:23:06', '2025-06-03 04:23:06'),
(5064, 271, 40, '2025-06-03 04:23:06', '2025-06-03 04:23:06'),
(5065, 271, 39, '2025-06-03 04:23:06', '2025-06-03 04:23:06'),
(5066, 271, 14, '2025-06-03 04:23:06', '2025-06-03 04:23:06'),
(5067, 271, 27, '2025-06-03 04:23:06', '2025-06-03 04:23:06'),
(5068, 271, 18, '2025-06-03 04:23:06', '2025-06-03 04:23:06'),
(5069, 271, 11, '2025-06-03 04:23:06', '2025-06-03 04:23:06'),
(5070, 271, 34, '2025-06-03 04:23:06', '2025-06-03 04:23:06'),
(5071, 271, 28, '2025-06-03 04:23:06', '2025-06-03 04:23:06'),
(5072, 271, 5, '2025-06-03 04:23:07', '2025-06-03 04:23:07'),
(5073, 271, 29, '2025-06-03 04:23:07', '2025-06-03 04:23:07'),
(5074, 271, 38, '2025-06-03 04:23:07', '2025-06-03 04:23:07'),
(5075, 271, 19, '2025-06-03 04:23:07', '2025-06-03 04:23:07'),
(5076, 271, 9, '2025-06-03 04:23:07', '2025-06-03 04:23:07'),
(5077, 271, 31, '2025-06-03 04:23:07', '2025-06-03 04:23:07'),
(5078, 271, 13, '2025-06-03 04:23:07', '2025-06-03 04:23:07'),
(5079, 271, 15, '2025-06-03 04:23:07', '2025-06-03 04:23:07'),
(5080, 271, 8, '2025-06-03 04:23:07', '2025-06-03 04:23:07'),
(5081, 271, 10, '2025-06-03 04:23:07', '2025-06-03 04:23:07'),
(5082, 271, 20, '2025-06-03 04:23:07', '2025-06-03 04:23:07'),
(5083, 271, 36, '2025-06-03 04:23:07', '2025-06-03 04:23:07'),
(5084, 271, 35, '2025-06-03 04:23:07', '2025-06-03 04:23:07'),
(5085, 271, 37, '2025-06-03 04:23:07', '2025-06-03 04:23:07'),
(5086, 271, 30, '2025-06-03 04:23:07', '2025-06-03 04:23:07'),
(5087, 271, 7, '2025-06-03 04:23:07', '2025-06-03 04:23:07'),
(5088, 271, 26, '2025-06-03 04:23:07', '2025-06-03 04:23:07'),
(5089, 235, 21, '2025-06-05 00:41:36', '2025-06-05 00:41:36'),
(5090, 235, 33, '2025-06-05 00:41:36', '2025-06-05 00:41:36'),
(5091, 235, 12, '2025-06-05 00:41:36', '2025-06-05 00:41:36'),
(5092, 235, 40, '2025-06-05 00:41:36', '2025-06-05 00:41:36'),
(5093, 235, 39, '2025-06-05 00:41:36', '2025-06-05 00:41:36'),
(5094, 235, 14, '2025-06-05 00:41:36', '2025-06-05 00:41:36'),
(5095, 235, 27, '2025-06-05 00:41:36', '2025-06-05 00:41:36'),
(5096, 235, 18, '2025-06-05 00:41:36', '2025-06-05 00:41:36'),
(5097, 235, 11, '2025-06-05 00:41:36', '2025-06-05 00:41:36'),
(5098, 235, 34, '2025-06-05 00:41:36', '2025-06-05 00:41:36'),
(5099, 235, 28, '2025-06-05 00:41:36', '2025-06-05 00:41:36'),
(5100, 235, 5, '2025-06-05 00:41:36', '2025-06-05 00:41:36'),
(5101, 235, 29, '2025-06-05 00:41:36', '2025-06-05 00:41:36'),
(5102, 235, 38, '2025-06-05 00:41:36', '2025-06-05 00:41:36'),
(5103, 235, 19, '2025-06-05 00:41:36', '2025-06-05 00:41:36'),
(5104, 235, 9, '2025-06-05 00:41:36', '2025-06-05 00:41:36'),
(5105, 235, 31, '2025-06-05 00:41:36', '2025-06-05 00:41:36'),
(5106, 235, 13, '2025-06-05 00:41:36', '2025-06-05 00:41:36'),
(5107, 235, 15, '2025-06-05 00:41:36', '2025-06-05 00:41:36'),
(5108, 235, 8, '2025-06-05 00:41:36', '2025-06-05 00:41:36'),
(5109, 235, 10, '2025-06-05 00:41:36', '2025-06-05 00:41:36'),
(5110, 235, 20, '2025-06-05 00:41:36', '2025-06-05 00:41:36'),
(5111, 235, 36, '2025-06-05 00:41:36', '2025-06-05 00:41:36'),
(5112, 235, 35, '2025-06-05 00:41:36', '2025-06-05 00:41:36'),
(5113, 235, 37, '2025-06-05 00:41:36', '2025-06-05 00:41:36'),
(5114, 235, 30, '2025-06-05 00:41:36', '2025-06-05 00:41:36'),
(5115, 235, 7, '2025-06-05 00:41:36', '2025-06-05 00:41:36'),
(5116, 235, 26, '2025-06-05 00:41:36', '2025-06-05 00:41:36'),
(5144, 237, 21, '2025-06-05 00:49:00', '2025-06-05 00:49:00'),
(5145, 237, 33, '2025-06-05 00:49:00', '2025-06-05 00:49:00'),
(5146, 237, 12, '2025-06-05 00:49:00', '2025-06-05 00:49:00'),
(5147, 237, 40, '2025-06-05 00:49:00', '2025-06-05 00:49:00'),
(5148, 237, 39, '2025-06-05 00:49:00', '2025-06-05 00:49:00'),
(5149, 237, 14, '2025-06-05 00:49:00', '2025-06-05 00:49:00'),
(5150, 237, 27, '2025-06-05 00:49:00', '2025-06-05 00:49:00'),
(5151, 237, 18, '2025-06-05 00:49:00', '2025-06-05 00:49:00'),
(5152, 237, 11, '2025-06-05 00:49:00', '2025-06-05 00:49:00'),
(5153, 237, 34, '2025-06-05 00:49:00', '2025-06-05 00:49:00'),
(5154, 237, 28, '2025-06-05 00:49:00', '2025-06-05 00:49:00'),
(5155, 237, 5, '2025-06-05 00:49:00', '2025-06-05 00:49:00'),
(5156, 237, 29, '2025-06-05 00:49:00', '2025-06-05 00:49:00'),
(5157, 237, 19, '2025-06-05 00:49:00', '2025-06-05 00:49:00'),
(5158, 237, 9, '2025-06-05 00:49:00', '2025-06-05 00:49:00'),
(5159, 237, 31, '2025-06-05 00:49:00', '2025-06-05 00:49:00'),
(5160, 237, 13, '2025-06-05 00:49:00', '2025-06-05 00:49:00'),
(5161, 237, 15, '2025-06-05 00:49:00', '2025-06-05 00:49:00'),
(5162, 237, 8, '2025-06-05 00:49:00', '2025-06-05 00:49:00'),
(5163, 237, 10, '2025-06-05 00:49:00', '2025-06-05 00:49:00'),
(5164, 237, 20, '2025-06-05 00:49:00', '2025-06-05 00:49:00'),
(5165, 237, 36, '2025-06-05 00:49:00', '2025-06-05 00:49:00'),
(5166, 237, 35, '2025-06-05 00:49:00', '2025-06-05 00:49:00'),
(5167, 237, 37, '2025-06-05 00:49:00', '2025-06-05 00:49:00'),
(5168, 237, 30, '2025-06-05 00:49:00', '2025-06-05 00:49:00'),
(5169, 237, 7, '2025-06-05 00:49:00', '2025-06-05 00:49:00'),
(5170, 237, 26, '2025-06-05 00:49:01', '2025-06-05 00:49:01'),
(5171, 236, 21, '2025-06-05 00:50:43', '2025-06-05 00:50:43'),
(5172, 236, 33, '2025-06-05 00:50:43', '2025-06-05 00:50:43'),
(5173, 236, 12, '2025-06-05 00:50:43', '2025-06-05 00:50:43'),
(5174, 236, 40, '2025-06-05 00:50:43', '2025-06-05 00:50:43'),
(5175, 236, 39, '2025-06-05 00:50:43', '2025-06-05 00:50:43'),
(5176, 236, 14, '2025-06-05 00:50:43', '2025-06-05 00:50:43'),
(5177, 236, 27, '2025-06-05 00:50:43', '2025-06-05 00:50:43'),
(5178, 236, 18, '2025-06-05 00:50:43', '2025-06-05 00:50:43'),
(5179, 236, 11, '2025-06-05 00:50:43', '2025-06-05 00:50:43'),
(5180, 236, 34, '2025-06-05 00:50:43', '2025-06-05 00:50:43'),
(5181, 236, 28, '2025-06-05 00:50:43', '2025-06-05 00:50:43'),
(5182, 236, 5, '2025-06-05 00:50:43', '2025-06-05 00:50:43'),
(5183, 236, 29, '2025-06-05 00:50:43', '2025-06-05 00:50:43'),
(5184, 236, 19, '2025-06-05 00:50:43', '2025-06-05 00:50:43'),
(5185, 236, 9, '2025-06-05 00:50:43', '2025-06-05 00:50:43'),
(5186, 236, 31, '2025-06-05 00:50:43', '2025-06-05 00:50:43'),
(5187, 236, 13, '2025-06-05 00:50:43', '2025-06-05 00:50:43'),
(5188, 236, 15, '2025-06-05 00:50:43', '2025-06-05 00:50:43'),
(5189, 236, 8, '2025-06-05 00:50:43', '2025-06-05 00:50:43'),
(5190, 236, 10, '2025-06-05 00:50:43', '2025-06-05 00:50:43'),
(5191, 236, 20, '2025-06-05 00:50:43', '2025-06-05 00:50:43'),
(5192, 236, 36, '2025-06-05 00:50:43', '2025-06-05 00:50:43'),
(5193, 236, 35, '2025-06-05 00:50:43', '2025-06-05 00:50:43'),
(5194, 236, 37, '2025-06-05 00:50:43', '2025-06-05 00:50:43'),
(5195, 236, 30, '2025-06-05 00:50:43', '2025-06-05 00:50:43'),
(5196, 236, 7, '2025-06-05 00:50:43', '2025-06-05 00:50:43'),
(5197, 236, 26, '2025-06-05 00:50:43', '2025-06-05 00:50:43'),
(5198, 172, 21, '2025-06-10 23:18:19', '2025-06-10 23:18:19'),
(5199, 172, 33, '2025-06-10 23:18:19', '2025-06-10 23:18:19'),
(5200, 172, 12, '2025-06-10 23:18:19', '2025-06-10 23:18:19'),
(5201, 172, 40, '2025-06-10 23:18:19', '2025-06-10 23:18:19'),
(5202, 172, 39, '2025-06-10 23:18:19', '2025-06-10 23:18:19'),
(5203, 172, 14, '2025-06-10 23:18:19', '2025-06-10 23:18:19'),
(5204, 172, 27, '2025-06-10 23:18:19', '2025-06-10 23:18:19'),
(5205, 172, 18, '2025-06-10 23:18:19', '2025-06-10 23:18:19'),
(5206, 172, 11, '2025-06-10 23:18:19', '2025-06-10 23:18:19'),
(5207, 172, 34, '2025-06-10 23:18:19', '2025-06-10 23:18:19'),
(5208, 172, 28, '2025-06-10 23:18:19', '2025-06-10 23:18:19'),
(5209, 172, 5, '2025-06-10 23:18:19', '2025-06-10 23:18:19'),
(5210, 172, 29, '2025-06-10 23:18:19', '2025-06-10 23:18:19'),
(5211, 172, 38, '2025-06-10 23:18:19', '2025-06-10 23:18:19'),
(5212, 172, 19, '2025-06-10 23:18:19', '2025-06-10 23:18:19'),
(5213, 172, 9, '2025-06-10 23:18:19', '2025-06-10 23:18:19'),
(5214, 172, 31, '2025-06-10 23:18:19', '2025-06-10 23:18:19'),
(5215, 172, 13, '2025-06-10 23:18:19', '2025-06-10 23:18:19'),
(5216, 172, 15, '2025-06-10 23:18:19', '2025-06-10 23:18:19'),
(5217, 172, 8, '2025-06-10 23:18:19', '2025-06-10 23:18:19'),
(5218, 172, 10, '2025-06-10 23:18:19', '2025-06-10 23:18:19'),
(5219, 172, 20, '2025-06-10 23:18:19', '2025-06-10 23:18:19'),
(5220, 172, 36, '2025-06-10 23:18:19', '2025-06-10 23:18:19'),
(5221, 172, 35, '2025-06-10 23:18:19', '2025-06-10 23:18:19'),
(5222, 172, 37, '2025-06-10 23:18:19', '2025-06-10 23:18:19'),
(5223, 172, 30, '2025-06-10 23:18:19', '2025-06-10 23:18:19'),
(5224, 172, 7, '2025-06-10 23:18:19', '2025-06-10 23:18:19'),
(5225, 172, 26, '2025-06-10 23:18:19', '2025-06-10 23:18:19'),
(5254, 272, 21, '2025-06-10 23:23:00', '2025-06-10 23:23:00'),
(5255, 272, 33, '2025-06-10 23:23:00', '2025-06-10 23:23:00'),
(5256, 272, 12, '2025-06-10 23:23:00', '2025-06-10 23:23:00'),
(5257, 272, 40, '2025-06-10 23:23:00', '2025-06-10 23:23:00'),
(5258, 272, 39, '2025-06-10 23:23:00', '2025-06-10 23:23:00'),
(5259, 272, 14, '2025-06-10 23:23:00', '2025-06-10 23:23:00'),
(5260, 272, 27, '2025-06-10 23:23:00', '2025-06-10 23:23:00'),
(5261, 272, 18, '2025-06-10 23:23:00', '2025-06-10 23:23:00'),
(5262, 272, 11, '2025-06-10 23:23:00', '2025-06-10 23:23:00'),
(5263, 272, 34, '2025-06-10 23:23:00', '2025-06-10 23:23:00'),
(5264, 272, 28, '2025-06-10 23:23:00', '2025-06-10 23:23:00'),
(5265, 272, 5, '2025-06-10 23:23:00', '2025-06-10 23:23:00'),
(5266, 272, 29, '2025-06-10 23:23:00', '2025-06-10 23:23:00'),
(5267, 272, 38, '2025-06-10 23:23:00', '2025-06-10 23:23:00'),
(5268, 272, 19, '2025-06-10 23:23:00', '2025-06-10 23:23:00'),
(5269, 272, 9, '2025-06-10 23:23:00', '2025-06-10 23:23:00'),
(5270, 272, 31, '2025-06-10 23:23:00', '2025-06-10 23:23:00'),
(5271, 272, 13, '2025-06-10 23:23:00', '2025-06-10 23:23:00'),
(5272, 272, 15, '2025-06-10 23:23:00', '2025-06-10 23:23:00'),
(5273, 272, 8, '2025-06-10 23:23:00', '2025-06-10 23:23:00'),
(5274, 272, 10, '2025-06-10 23:23:00', '2025-06-10 23:23:00'),
(5275, 272, 20, '2025-06-10 23:23:00', '2025-06-10 23:23:00'),
(5276, 272, 36, '2025-06-10 23:23:00', '2025-06-10 23:23:00'),
(5277, 272, 35, '2025-06-10 23:23:00', '2025-06-10 23:23:00'),
(5278, 272, 37, '2025-06-10 23:23:00', '2025-06-10 23:23:00'),
(5279, 272, 30, '2025-06-10 23:23:00', '2025-06-10 23:23:00'),
(5280, 272, 7, '2025-06-10 23:23:00', '2025-06-10 23:23:00'),
(5281, 272, 26, '2025-06-10 23:23:00', '2025-06-10 23:23:00'),
(5366, 273, 21, '2025-06-11 01:44:45', '2025-06-11 01:44:45'),
(5367, 273, 33, '2025-06-11 01:44:45', '2025-06-11 01:44:45'),
(5368, 273, 12, '2025-06-11 01:44:45', '2025-06-11 01:44:45'),
(5369, 273, 40, '2025-06-11 01:44:46', '2025-06-11 01:44:46'),
(5370, 273, 39, '2025-06-11 01:44:46', '2025-06-11 01:44:46'),
(5371, 273, 14, '2025-06-11 01:44:46', '2025-06-11 01:44:46'),
(5372, 273, 27, '2025-06-11 01:44:46', '2025-06-11 01:44:46'),
(5373, 273, 18, '2025-06-11 01:44:46', '2025-06-11 01:44:46'),
(5374, 273, 11, '2025-06-11 01:44:46', '2025-06-11 01:44:46'),
(5375, 273, 34, '2025-06-11 01:44:46', '2025-06-11 01:44:46'),
(5376, 273, 28, '2025-06-11 01:44:46', '2025-06-11 01:44:46'),
(5377, 273, 5, '2025-06-11 01:44:46', '2025-06-11 01:44:46'),
(5378, 273, 29, '2025-06-11 01:44:46', '2025-06-11 01:44:46'),
(5379, 273, 38, '2025-06-11 01:44:46', '2025-06-11 01:44:46'),
(5380, 273, 19, '2025-06-11 01:44:46', '2025-06-11 01:44:46'),
(5381, 273, 9, '2025-06-11 01:44:46', '2025-06-11 01:44:46'),
(5382, 273, 31, '2025-06-11 01:44:46', '2025-06-11 01:44:46'),
(5383, 273, 13, '2025-06-11 01:44:46', '2025-06-11 01:44:46'),
(5384, 273, 15, '2025-06-11 01:44:46', '2025-06-11 01:44:46'),
(5385, 273, 8, '2025-06-11 01:44:46', '2025-06-11 01:44:46'),
(5386, 273, 10, '2025-06-11 01:44:46', '2025-06-11 01:44:46'),
(5387, 273, 20, '2025-06-11 01:44:46', '2025-06-11 01:44:46'),
(5388, 273, 36, '2025-06-11 01:44:46', '2025-06-11 01:44:46'),
(5389, 273, 35, '2025-06-11 01:44:46', '2025-06-11 01:44:46'),
(5390, 273, 37, '2025-06-11 01:44:46', '2025-06-11 01:44:46'),
(5391, 273, 30, '2025-06-11 01:44:46', '2025-06-11 01:44:46'),
(5392, 273, 7, '2025-06-11 01:44:46', '2025-06-11 01:44:46'),
(5393, 273, 26, '2025-06-11 01:44:46', '2025-06-11 01:44:46'),
(5394, 274, 21, '2025-06-11 01:48:16', '2025-06-11 01:48:16'),
(5395, 274, 33, '2025-06-11 01:48:16', '2025-06-11 01:48:16'),
(5396, 274, 12, '2025-06-11 01:48:16', '2025-06-11 01:48:16'),
(5397, 274, 40, '2025-06-11 01:48:16', '2025-06-11 01:48:16'),
(5398, 274, 39, '2025-06-11 01:48:16', '2025-06-11 01:48:16'),
(5399, 274, 14, '2025-06-11 01:48:16', '2025-06-11 01:48:16'),
(5400, 274, 27, '2025-06-11 01:48:16', '2025-06-11 01:48:16'),
(5401, 274, 18, '2025-06-11 01:48:16', '2025-06-11 01:48:16'),
(5402, 274, 11, '2025-06-11 01:48:16', '2025-06-11 01:48:16'),
(5403, 274, 34, '2025-06-11 01:48:16', '2025-06-11 01:48:16'),
(5404, 274, 28, '2025-06-11 01:48:16', '2025-06-11 01:48:16'),
(5405, 274, 5, '2025-06-11 01:48:16', '2025-06-11 01:48:16'),
(5406, 274, 29, '2025-06-11 01:48:16', '2025-06-11 01:48:16'),
(5407, 274, 38, '2025-06-11 01:48:16', '2025-06-11 01:48:16'),
(5408, 274, 19, '2025-06-11 01:48:16', '2025-06-11 01:48:16'),
(5409, 274, 9, '2025-06-11 01:48:16', '2025-06-11 01:48:16'),
(5410, 274, 31, '2025-06-11 01:48:17', '2025-06-11 01:48:17'),
(5411, 274, 13, '2025-06-11 01:48:17', '2025-06-11 01:48:17'),
(5412, 274, 15, '2025-06-11 01:48:17', '2025-06-11 01:48:17'),
(5413, 274, 8, '2025-06-11 01:48:17', '2025-06-11 01:48:17'),
(5414, 274, 10, '2025-06-11 01:48:17', '2025-06-11 01:48:17'),
(5415, 274, 20, '2025-06-11 01:48:17', '2025-06-11 01:48:17'),
(5416, 274, 36, '2025-06-11 01:48:17', '2025-06-11 01:48:17'),
(5417, 274, 35, '2025-06-11 01:48:17', '2025-06-11 01:48:17'),
(5418, 274, 37, '2025-06-11 01:48:17', '2025-06-11 01:48:17'),
(5419, 274, 30, '2025-06-11 01:48:17', '2025-06-11 01:48:17'),
(5420, 274, 7, '2025-06-11 01:48:17', '2025-06-11 01:48:17'),
(5421, 274, 26, '2025-06-11 01:48:17', '2025-06-11 01:48:17'),
(5422, 275, 21, '2025-06-11 01:52:53', '2025-06-11 01:52:53'),
(5423, 275, 33, '2025-06-11 01:52:53', '2025-06-11 01:52:53'),
(5424, 275, 12, '2025-06-11 01:52:53', '2025-06-11 01:52:53'),
(5425, 275, 40, '2025-06-11 01:52:53', '2025-06-11 01:52:53'),
(5426, 275, 39, '2025-06-11 01:52:53', '2025-06-11 01:52:53'),
(5427, 275, 14, '2025-06-11 01:52:53', '2025-06-11 01:52:53'),
(5428, 275, 27, '2025-06-11 01:52:53', '2025-06-11 01:52:53'),
(5429, 275, 18, '2025-06-11 01:52:53', '2025-06-11 01:52:53'),
(5430, 275, 11, '2025-06-11 01:52:53', '2025-06-11 01:52:53'),
(5431, 275, 34, '2025-06-11 01:52:53', '2025-06-11 01:52:53'),
(5432, 275, 28, '2025-06-11 01:52:53', '2025-06-11 01:52:53'),
(5433, 275, 5, '2025-06-11 01:52:53', '2025-06-11 01:52:53'),
(5434, 275, 29, '2025-06-11 01:52:53', '2025-06-11 01:52:53'),
(5435, 275, 38, '2025-06-11 01:52:53', '2025-06-11 01:52:53'),
(5436, 275, 19, '2025-06-11 01:52:53', '2025-06-11 01:52:53'),
(5437, 275, 9, '2025-06-11 01:52:54', '2025-06-11 01:52:54'),
(5438, 275, 31, '2025-06-11 01:52:54', '2025-06-11 01:52:54'),
(5439, 275, 13, '2025-06-11 01:52:54', '2025-06-11 01:52:54'),
(5440, 275, 15, '2025-06-11 01:52:54', '2025-06-11 01:52:54'),
(5441, 275, 8, '2025-06-11 01:52:54', '2025-06-11 01:52:54'),
(5442, 275, 10, '2025-06-11 01:52:54', '2025-06-11 01:52:54'),
(5443, 275, 20, '2025-06-11 01:52:54', '2025-06-11 01:52:54'),
(5444, 275, 36, '2025-06-11 01:52:54', '2025-06-11 01:52:54'),
(5445, 275, 35, '2025-06-11 01:52:54', '2025-06-11 01:52:54'),
(5446, 275, 37, '2025-06-11 01:52:54', '2025-06-11 01:52:54'),
(5447, 275, 30, '2025-06-11 01:52:54', '2025-06-11 01:52:54'),
(5448, 275, 7, '2025-06-11 01:52:54', '2025-06-11 01:52:54'),
(5449, 275, 26, '2025-06-11 01:52:54', '2025-06-11 01:52:54'),
(5450, 254, 21, '2025-06-12 00:50:56', '2025-06-12 00:50:56'),
(5451, 254, 33, '2025-06-12 00:50:56', '2025-06-12 00:50:56'),
(5452, 254, 12, '2025-06-12 00:50:56', '2025-06-12 00:50:56'),
(5453, 254, 40, '2025-06-12 00:50:56', '2025-06-12 00:50:56'),
(5454, 254, 39, '2025-06-12 00:50:56', '2025-06-12 00:50:56'),
(5455, 254, 14, '2025-06-12 00:50:56', '2025-06-12 00:50:56'),
(5456, 254, 27, '2025-06-12 00:50:56', '2025-06-12 00:50:56'),
(5457, 254, 18, '2025-06-12 00:50:56', '2025-06-12 00:50:56'),
(5458, 254, 11, '2025-06-12 00:50:56', '2025-06-12 00:50:56'),
(5459, 254, 34, '2025-06-12 00:50:56', '2025-06-12 00:50:56'),
(5460, 254, 28, '2025-06-12 00:50:56', '2025-06-12 00:50:56'),
(5461, 254, 5, '2025-06-12 00:50:56', '2025-06-12 00:50:56'),
(5462, 254, 29, '2025-06-12 00:50:56', '2025-06-12 00:50:56'),
(5463, 254, 38, '2025-06-12 00:50:56', '2025-06-12 00:50:56'),
(5464, 254, 19, '2025-06-12 00:50:56', '2025-06-12 00:50:56'),
(5465, 254, 9, '2025-06-12 00:50:56', '2025-06-12 00:50:56'),
(5466, 254, 31, '2025-06-12 00:50:56', '2025-06-12 00:50:56'),
(5467, 254, 13, '2025-06-12 00:50:56', '2025-06-12 00:50:56'),
(5468, 254, 15, '2025-06-12 00:50:56', '2025-06-12 00:50:56'),
(5469, 254, 8, '2025-06-12 00:50:56', '2025-06-12 00:50:56'),
(5470, 254, 10, '2025-06-12 00:50:56', '2025-06-12 00:50:56'),
(5471, 254, 20, '2025-06-12 00:50:56', '2025-06-12 00:50:56'),
(5472, 254, 36, '2025-06-12 00:50:56', '2025-06-12 00:50:56'),
(5473, 254, 35, '2025-06-12 00:50:56', '2025-06-12 00:50:56'),
(5474, 254, 37, '2025-06-12 00:50:57', '2025-06-12 00:50:57'),
(5475, 254, 30, '2025-06-12 00:50:57', '2025-06-12 00:50:57'),
(5476, 254, 7, '2025-06-12 00:50:57', '2025-06-12 00:50:57'),
(5477, 254, 26, '2025-06-12 00:50:57', '2025-06-12 00:50:57'),
(5478, 276, 21, '2025-06-12 04:13:48', '2025-06-12 04:13:48'),
(5479, 276, 33, '2025-06-12 04:13:48', '2025-06-12 04:13:48'),
(5480, 276, 12, '2025-06-12 04:13:48', '2025-06-12 04:13:48'),
(5481, 276, 40, '2025-06-12 04:13:48', '2025-06-12 04:13:48'),
(5482, 276, 39, '2025-06-12 04:13:48', '2025-06-12 04:13:48'),
(5483, 276, 14, '2025-06-12 04:13:48', '2025-06-12 04:13:48'),
(5484, 276, 27, '2025-06-12 04:13:48', '2025-06-12 04:13:48'),
(5485, 276, 18, '2025-06-12 04:13:48', '2025-06-12 04:13:48'),
(5486, 276, 11, '2025-06-12 04:13:48', '2025-06-12 04:13:48'),
(5487, 276, 34, '2025-06-12 04:13:48', '2025-06-12 04:13:48'),
(5488, 276, 28, '2025-06-12 04:13:48', '2025-06-12 04:13:48'),
(5489, 276, 5, '2025-06-12 04:13:48', '2025-06-12 04:13:48'),
(5490, 276, 29, '2025-06-12 04:13:48', '2025-06-12 04:13:48'),
(5491, 276, 38, '2025-06-12 04:13:48', '2025-06-12 04:13:48'),
(5492, 276, 19, '2025-06-12 04:13:48', '2025-06-12 04:13:48'),
(5493, 276, 9, '2025-06-12 04:13:48', '2025-06-12 04:13:48'),
(5494, 276, 31, '2025-06-12 04:13:48', '2025-06-12 04:13:48'),
(5495, 276, 13, '2025-06-12 04:13:48', '2025-06-12 04:13:48'),
(5496, 276, 15, '2025-06-12 04:13:48', '2025-06-12 04:13:48'),
(5497, 276, 8, '2025-06-12 04:13:48', '2025-06-12 04:13:48'),
(5498, 276, 10, '2025-06-12 04:13:48', '2025-06-12 04:13:48'),
(5499, 276, 20, '2025-06-12 04:13:48', '2025-06-12 04:13:48'),
(5500, 276, 36, '2025-06-12 04:13:48', '2025-06-12 04:13:48'),
(5501, 276, 35, '2025-06-12 04:13:48', '2025-06-12 04:13:48'),
(5502, 276, 37, '2025-06-12 04:13:48', '2025-06-12 04:13:48'),
(5503, 276, 30, '2025-06-12 04:13:48', '2025-06-12 04:13:48'),
(5504, 276, 7, '2025-06-12 04:13:48', '2025-06-12 04:13:48'),
(5505, 276, 26, '2025-06-12 04:13:48', '2025-06-12 04:13:48'),
(5506, 277, 21, '2025-06-12 04:27:08', '2025-06-12 04:27:08'),
(5507, 277, 33, '2025-06-12 04:27:08', '2025-06-12 04:27:08'),
(5508, 277, 12, '2025-06-12 04:27:09', '2025-06-12 04:27:09'),
(5509, 277, 40, '2025-06-12 04:27:09', '2025-06-12 04:27:09'),
(5510, 277, 39, '2025-06-12 04:27:09', '2025-06-12 04:27:09'),
(5511, 277, 14, '2025-06-12 04:27:09', '2025-06-12 04:27:09'),
(5512, 277, 27, '2025-06-12 04:27:09', '2025-06-12 04:27:09'),
(5513, 277, 18, '2025-06-12 04:27:09', '2025-06-12 04:27:09'),
(5514, 277, 11, '2025-06-12 04:27:09', '2025-06-12 04:27:09'),
(5515, 277, 34, '2025-06-12 04:27:09', '2025-06-12 04:27:09'),
(5516, 277, 28, '2025-06-12 04:27:09', '2025-06-12 04:27:09'),
(5517, 277, 5, '2025-06-12 04:27:09', '2025-06-12 04:27:09'),
(5518, 277, 29, '2025-06-12 04:27:09', '2025-06-12 04:27:09'),
(5519, 277, 38, '2025-06-12 04:27:10', '2025-06-12 04:27:10'),
(5520, 277, 19, '2025-06-12 04:27:10', '2025-06-12 04:27:10'),
(5521, 277, 9, '2025-06-12 04:27:10', '2025-06-12 04:27:10'),
(5522, 277, 31, '2025-06-12 04:27:10', '2025-06-12 04:27:10'),
(5523, 277, 13, '2025-06-12 04:27:10', '2025-06-12 04:27:10'),
(5524, 277, 15, '2025-06-12 04:27:10', '2025-06-12 04:27:10'),
(5525, 277, 8, '2025-06-12 04:27:10', '2025-06-12 04:27:10'),
(5526, 277, 10, '2025-06-12 04:27:10', '2025-06-12 04:27:10'),
(5527, 277, 20, '2025-06-12 04:27:10', '2025-06-12 04:27:10'),
(5528, 277, 36, '2025-06-12 04:27:10', '2025-06-12 04:27:10'),
(5529, 277, 35, '2025-06-12 04:27:10', '2025-06-12 04:27:10'),
(5530, 277, 37, '2025-06-12 04:27:10', '2025-06-12 04:27:10'),
(5531, 277, 30, '2025-06-12 04:27:10', '2025-06-12 04:27:10'),
(5532, 277, 7, '2025-06-12 04:27:10', '2025-06-12 04:27:10'),
(5533, 277, 26, '2025-06-12 04:27:10', '2025-06-12 04:27:10'),
(5534, 278, 21, '2025-06-12 05:04:21', '2025-06-12 05:04:21'),
(5535, 278, 33, '2025-06-12 05:04:21', '2025-06-12 05:04:21'),
(5536, 278, 12, '2025-06-12 05:04:21', '2025-06-12 05:04:21'),
(5537, 278, 40, '2025-06-12 05:04:21', '2025-06-12 05:04:21'),
(5538, 278, 39, '2025-06-12 05:04:21', '2025-06-12 05:04:21'),
(5539, 278, 14, '2025-06-12 05:04:21', '2025-06-12 05:04:21'),
(5540, 278, 27, '2025-06-12 05:04:21', '2025-06-12 05:04:21'),
(5541, 278, 18, '2025-06-12 05:04:21', '2025-06-12 05:04:21'),
(5542, 278, 11, '2025-06-12 05:04:21', '2025-06-12 05:04:21'),
(5543, 278, 34, '2025-06-12 05:04:21', '2025-06-12 05:04:21'),
(5544, 278, 28, '2025-06-12 05:04:21', '2025-06-12 05:04:21'),
(5545, 278, 5, '2025-06-12 05:04:21', '2025-06-12 05:04:21'),
(5546, 278, 29, '2025-06-12 05:04:21', '2025-06-12 05:04:21'),
(5547, 278, 38, '2025-06-12 05:04:21', '2025-06-12 05:04:21'),
(5548, 278, 19, '2025-06-12 05:04:21', '2025-06-12 05:04:21'),
(5549, 278, 9, '2025-06-12 05:04:21', '2025-06-12 05:04:21'),
(5550, 278, 31, '2025-06-12 05:04:21', '2025-06-12 05:04:21'),
(5551, 278, 13, '2025-06-12 05:04:21', '2025-06-12 05:04:21'),
(5552, 278, 15, '2025-06-12 05:04:21', '2025-06-12 05:04:21'),
(5553, 278, 8, '2025-06-12 05:04:21', '2025-06-12 05:04:21'),
(5554, 278, 10, '2025-06-12 05:04:21', '2025-06-12 05:04:21'),
(5555, 278, 20, '2025-06-12 05:04:21', '2025-06-12 05:04:21'),
(5556, 278, 36, '2025-06-12 05:04:21', '2025-06-12 05:04:21'),
(5557, 278, 35, '2025-06-12 05:04:21', '2025-06-12 05:04:21'),
(5558, 278, 37, '2025-06-12 05:04:21', '2025-06-12 05:04:21'),
(5559, 278, 30, '2025-06-12 05:04:21', '2025-06-12 05:04:21'),
(5560, 278, 7, '2025-06-12 05:04:21', '2025-06-12 05:04:21'),
(5561, 278, 26, '2025-06-12 05:04:21', '2025-06-12 05:04:21'),
(5590, 279, 21, '2025-06-19 03:29:31', '2025-06-19 03:29:31'),
(5591, 279, 33, '2025-06-19 03:29:31', '2025-06-19 03:29:31'),
(5592, 279, 12, '2025-06-19 03:29:31', '2025-06-19 03:29:31'),
(5593, 279, 40, '2025-06-19 03:29:31', '2025-06-19 03:29:31'),
(5594, 279, 39, '2025-06-19 03:29:31', '2025-06-19 03:29:31'),
(5595, 279, 14, '2025-06-19 03:29:31', '2025-06-19 03:29:31'),
(5596, 279, 27, '2025-06-19 03:29:31', '2025-06-19 03:29:31'),
(5597, 279, 18, '2025-06-19 03:29:31', '2025-06-19 03:29:31'),
(5598, 279, 11, '2025-06-19 03:29:31', '2025-06-19 03:29:31'),
(5599, 279, 34, '2025-06-19 03:29:31', '2025-06-19 03:29:31'),
(5600, 279, 28, '2025-06-19 03:29:31', '2025-06-19 03:29:31'),
(5601, 279, 5, '2025-06-19 03:29:31', '2025-06-19 03:29:31'),
(5602, 279, 29, '2025-06-19 03:29:31', '2025-06-19 03:29:31'),
(5603, 279, 38, '2025-06-19 03:29:31', '2025-06-19 03:29:31'),
(5604, 279, 19, '2025-06-19 03:29:31', '2025-06-19 03:29:31'),
(5605, 279, 9, '2025-06-19 03:29:31', '2025-06-19 03:29:31'),
(5606, 279, 31, '2025-06-19 03:29:31', '2025-06-19 03:29:31'),
(5607, 279, 13, '2025-06-19 03:29:31', '2025-06-19 03:29:31'),
(5608, 279, 15, '2025-06-19 03:29:31', '2025-06-19 03:29:31'),
(5609, 279, 8, '2025-06-19 03:29:31', '2025-06-19 03:29:31'),
(5610, 279, 10, '2025-06-19 03:29:31', '2025-06-19 03:29:31'),
(5611, 279, 20, '2025-06-19 03:29:31', '2025-06-19 03:29:31'),
(5612, 279, 36, '2025-06-19 03:29:31', '2025-06-19 03:29:31'),
(5613, 279, 35, '2025-06-19 03:29:31', '2025-06-19 03:29:31'),
(5614, 279, 37, '2025-06-19 03:29:31', '2025-06-19 03:29:31'),
(5615, 279, 30, '2025-06-19 03:29:31', '2025-06-19 03:29:31'),
(5616, 279, 7, '2025-06-19 03:29:31', '2025-06-19 03:29:31'),
(5617, 279, 26, '2025-06-19 03:29:31', '2025-06-19 03:29:31'),
(5618, 280, 21, '2025-06-20 03:09:21', '2025-06-20 03:09:21'),
(5619, 280, 33, '2025-06-20 03:09:21', '2025-06-20 03:09:21'),
(5620, 280, 12, '2025-06-20 03:09:21', '2025-06-20 03:09:21'),
(5621, 280, 40, '2025-06-20 03:09:21', '2025-06-20 03:09:21'),
(5622, 280, 39, '2025-06-20 03:09:21', '2025-06-20 03:09:21'),
(5623, 280, 14, '2025-06-20 03:09:21', '2025-06-20 03:09:21'),
(5624, 280, 27, '2025-06-20 03:09:21', '2025-06-20 03:09:21'),
(5625, 280, 18, '2025-06-20 03:09:21', '2025-06-20 03:09:21'),
(5626, 280, 11, '2025-06-20 03:09:21', '2025-06-20 03:09:21'),
(5627, 280, 34, '2025-06-20 03:09:21', '2025-06-20 03:09:21'),
(5628, 280, 28, '2025-06-20 03:09:21', '2025-06-20 03:09:21'),
(5629, 280, 5, '2025-06-20 03:09:21', '2025-06-20 03:09:21'),
(5630, 280, 29, '2025-06-20 03:09:21', '2025-06-20 03:09:21'),
(5631, 280, 38, '2025-06-20 03:09:21', '2025-06-20 03:09:21'),
(5632, 280, 19, '2025-06-20 03:09:21', '2025-06-20 03:09:21'),
(5633, 280, 9, '2025-06-20 03:09:21', '2025-06-20 03:09:21'),
(5634, 280, 31, '2025-06-20 03:09:21', '2025-06-20 03:09:21'),
(5635, 280, 13, '2025-06-20 03:09:21', '2025-06-20 03:09:21'),
(5636, 280, 15, '2025-06-20 03:09:21', '2025-06-20 03:09:21'),
(5637, 280, 8, '2025-06-20 03:09:21', '2025-06-20 03:09:21'),
(5638, 280, 10, '2025-06-20 03:09:21', '2025-06-20 03:09:21'),
(5639, 280, 20, '2025-06-20 03:09:21', '2025-06-20 03:09:21'),
(5640, 280, 36, '2025-06-20 03:09:21', '2025-06-20 03:09:21'),
(5641, 280, 35, '2025-06-20 03:09:21', '2025-06-20 03:09:21'),
(5642, 280, 37, '2025-06-20 03:09:21', '2025-06-20 03:09:21'),
(5643, 280, 30, '2025-06-20 03:09:21', '2025-06-20 03:09:21'),
(5644, 280, 7, '2025-06-20 03:09:21', '2025-06-20 03:09:21'),
(5645, 280, 26, '2025-06-20 03:09:21', '2025-06-20 03:09:21'),
(5646, 281, 21, '2025-06-20 03:15:49', '2025-06-20 03:15:49'),
(5647, 281, 33, '2025-06-20 03:15:49', '2025-06-20 03:15:49'),
(5648, 281, 12, '2025-06-20 03:15:49', '2025-06-20 03:15:49'),
(5649, 281, 40, '2025-06-20 03:15:49', '2025-06-20 03:15:49'),
(5650, 281, 39, '2025-06-20 03:15:49', '2025-06-20 03:15:49'),
(5651, 281, 14, '2025-06-20 03:15:49', '2025-06-20 03:15:49'),
(5652, 281, 27, '2025-06-20 03:15:49', '2025-06-20 03:15:49'),
(5653, 281, 18, '2025-06-20 03:15:49', '2025-06-20 03:15:49'),
(5654, 281, 11, '2025-06-20 03:15:49', '2025-06-20 03:15:49'),
(5655, 281, 34, '2025-06-20 03:15:49', '2025-06-20 03:15:49'),
(5656, 281, 28, '2025-06-20 03:15:49', '2025-06-20 03:15:49'),
(5657, 281, 5, '2025-06-20 03:15:49', '2025-06-20 03:15:49'),
(5658, 281, 29, '2025-06-20 03:15:49', '2025-06-20 03:15:49'),
(5659, 281, 38, '2025-06-20 03:15:49', '2025-06-20 03:15:49'),
(5660, 281, 19, '2025-06-20 03:15:49', '2025-06-20 03:15:49'),
(5661, 281, 9, '2025-06-20 03:15:49', '2025-06-20 03:15:49'),
(5662, 281, 31, '2025-06-20 03:15:49', '2025-06-20 03:15:49'),
(5663, 281, 13, '2025-06-20 03:15:49', '2025-06-20 03:15:49'),
(5664, 281, 15, '2025-06-20 03:15:49', '2025-06-20 03:15:49'),
(5665, 281, 8, '2025-06-20 03:15:49', '2025-06-20 03:15:49'),
(5666, 281, 10, '2025-06-20 03:15:49', '2025-06-20 03:15:49'),
(5667, 281, 20, '2025-06-20 03:15:49', '2025-06-20 03:15:49'),
(5668, 281, 36, '2025-06-20 03:15:49', '2025-06-20 03:15:49'),
(5669, 281, 35, '2025-06-20 03:15:49', '2025-06-20 03:15:49'),
(5670, 281, 37, '2025-06-20 03:15:49', '2025-06-20 03:15:49'),
(5671, 281, 30, '2025-06-20 03:15:49', '2025-06-20 03:15:49'),
(5672, 281, 7, '2025-06-20 03:15:49', '2025-06-20 03:15:49'),
(5673, 281, 26, '2025-06-20 03:15:49', '2025-06-20 03:15:49'),
(5674, 282, 21, '2025-06-20 03:18:08', '2025-06-20 03:18:08'),
(5675, 282, 33, '2025-06-20 03:18:08', '2025-06-20 03:18:08'),
(5676, 282, 12, '2025-06-20 03:18:08', '2025-06-20 03:18:08'),
(5677, 282, 40, '2025-06-20 03:18:08', '2025-06-20 03:18:08'),
(5678, 282, 39, '2025-06-20 03:18:08', '2025-06-20 03:18:08'),
(5679, 282, 14, '2025-06-20 03:18:08', '2025-06-20 03:18:08'),
(5680, 282, 27, '2025-06-20 03:18:08', '2025-06-20 03:18:08'),
(5681, 282, 18, '2025-06-20 03:18:08', '2025-06-20 03:18:08'),
(5682, 282, 11, '2025-06-20 03:18:08', '2025-06-20 03:18:08'),
(5683, 282, 34, '2025-06-20 03:18:08', '2025-06-20 03:18:08'),
(5684, 282, 28, '2025-06-20 03:18:08', '2025-06-20 03:18:08'),
(5685, 282, 5, '2025-06-20 03:18:08', '2025-06-20 03:18:08'),
(5686, 282, 29, '2025-06-20 03:18:08', '2025-06-20 03:18:08'),
(5687, 282, 38, '2025-06-20 03:18:08', '2025-06-20 03:18:08'),
(5688, 282, 19, '2025-06-20 03:18:08', '2025-06-20 03:18:08'),
(5689, 282, 9, '2025-06-20 03:18:08', '2025-06-20 03:18:08'),
(5690, 282, 31, '2025-06-20 03:18:08', '2025-06-20 03:18:08'),
(5691, 282, 13, '2025-06-20 03:18:08', '2025-06-20 03:18:08'),
(5692, 282, 15, '2025-06-20 03:18:08', '2025-06-20 03:18:08'),
(5693, 282, 8, '2025-06-20 03:18:08', '2025-06-20 03:18:08'),
(5694, 282, 10, '2025-06-20 03:18:08', '2025-06-20 03:18:08'),
(5695, 282, 20, '2025-06-20 03:18:08', '2025-06-20 03:18:08'),
(5696, 282, 36, '2025-06-20 03:18:08', '2025-06-20 03:18:08'),
(5697, 282, 35, '2025-06-20 03:18:08', '2025-06-20 03:18:08'),
(5698, 282, 37, '2025-06-20 03:18:08', '2025-06-20 03:18:08'),
(5699, 282, 30, '2025-06-20 03:18:08', '2025-06-20 03:18:08'),
(5700, 282, 7, '2025-06-20 03:18:08', '2025-06-20 03:18:08'),
(5701, 282, 26, '2025-06-20 03:18:08', '2025-06-20 03:18:08'),
(5814, 284, 21, '2025-06-20 06:15:33', '2025-06-20 06:15:33'),
(5815, 284, 33, '2025-06-20 06:15:34', '2025-06-20 06:15:34'),
(5816, 284, 12, '2025-06-20 06:15:34', '2025-06-20 06:15:34'),
(5817, 284, 40, '2025-06-20 06:15:34', '2025-06-20 06:15:34'),
(5818, 284, 39, '2025-06-20 06:15:34', '2025-06-20 06:15:34'),
(5819, 284, 14, '2025-06-20 06:15:34', '2025-06-20 06:15:34'),
(5820, 284, 27, '2025-06-20 06:15:34', '2025-06-20 06:15:34'),
(5821, 284, 18, '2025-06-20 06:15:34', '2025-06-20 06:15:34'),
(5822, 284, 11, '2025-06-20 06:15:37', '2025-06-20 06:15:37'),
(5823, 284, 34, '2025-06-20 06:15:37', '2025-06-20 06:15:37'),
(5824, 284, 28, '2025-06-20 06:15:37', '2025-06-20 06:15:37'),
(5825, 284, 5, '2025-06-20 06:15:37', '2025-06-20 06:15:37'),
(5826, 284, 29, '2025-06-20 06:15:38', '2025-06-20 06:15:38'),
(5827, 284, 38, '2025-06-20 06:15:38', '2025-06-20 06:15:38'),
(5828, 284, 19, '2025-06-20 06:15:38', '2025-06-20 06:15:38'),
(5829, 284, 9, '2025-06-20 06:15:38', '2025-06-20 06:15:38'),
(5830, 284, 31, '2025-06-20 06:15:38', '2025-06-20 06:15:38'),
(5831, 284, 13, '2025-06-20 06:15:38', '2025-06-20 06:15:38'),
(5832, 284, 15, '2025-06-20 06:15:38', '2025-06-20 06:15:38'),
(5833, 284, 8, '2025-06-20 06:15:38', '2025-06-20 06:15:38'),
(5834, 284, 10, '2025-06-20 06:15:39', '2025-06-20 06:15:39'),
(5835, 284, 20, '2025-06-20 06:15:39', '2025-06-20 06:15:39'),
(5836, 284, 36, '2025-06-20 06:15:40', '2025-06-20 06:15:40'),
(5837, 284, 35, '2025-06-20 06:15:40', '2025-06-20 06:15:40'),
(5838, 284, 37, '2025-06-20 06:15:41', '2025-06-20 06:15:41'),
(5839, 284, 30, '2025-06-20 06:15:41', '2025-06-20 06:15:41'),
(5840, 284, 7, '2025-06-20 06:15:41', '2025-06-20 06:15:41'),
(5841, 284, 26, '2025-06-20 06:15:41', '2025-06-20 06:15:41'),
(5842, 285, 21, '2025-06-20 06:19:17', '2025-06-20 06:19:17'),
(5843, 285, 33, '2025-06-20 06:19:17', '2025-06-20 06:19:17'),
(5844, 285, 12, '2025-06-20 06:19:17', '2025-06-20 06:19:17'),
(5845, 285, 40, '2025-06-20 06:19:17', '2025-06-20 06:19:17'),
(5846, 285, 39, '2025-06-20 06:19:17', '2025-06-20 06:19:17'),
(5847, 285, 14, '2025-06-20 06:19:17', '2025-06-20 06:19:17'),
(5848, 285, 27, '2025-06-20 06:19:17', '2025-06-20 06:19:17'),
(5849, 285, 18, '2025-06-20 06:19:17', '2025-06-20 06:19:17'),
(5850, 285, 11, '2025-06-20 06:19:17', '2025-06-20 06:19:17'),
(5851, 285, 34, '2025-06-20 06:19:17', '2025-06-20 06:19:17'),
(5852, 285, 28, '2025-06-20 06:19:17', '2025-06-20 06:19:17'),
(5853, 285, 5, '2025-06-20 06:19:17', '2025-06-20 06:19:17'),
(5854, 285, 29, '2025-06-20 06:19:17', '2025-06-20 06:19:17'),
(5855, 285, 38, '2025-06-20 06:19:17', '2025-06-20 06:19:17'),
(5856, 285, 19, '2025-06-20 06:19:17', '2025-06-20 06:19:17'),
(5857, 285, 9, '2025-06-20 06:19:17', '2025-06-20 06:19:17'),
(5858, 285, 31, '2025-06-20 06:19:17', '2025-06-20 06:19:17'),
(5859, 285, 13, '2025-06-20 06:19:17', '2025-06-20 06:19:17'),
(5860, 285, 15, '2025-06-20 06:19:17', '2025-06-20 06:19:17'),
(5861, 285, 8, '2025-06-20 06:19:17', '2025-06-20 06:19:17'),
(5862, 285, 10, '2025-06-20 06:19:17', '2025-06-20 06:19:17'),
(5863, 285, 20, '2025-06-20 06:19:17', '2025-06-20 06:19:17'),
(5864, 285, 36, '2025-06-20 06:19:17', '2025-06-20 06:19:17'),
(5865, 285, 35, '2025-06-20 06:19:17', '2025-06-20 06:19:17'),
(5866, 285, 37, '2025-06-20 06:19:17', '2025-06-20 06:19:17'),
(5867, 285, 30, '2025-06-20 06:19:17', '2025-06-20 06:19:17'),
(5868, 285, 7, '2025-06-20 06:19:17', '2025-06-20 06:19:17'),
(5869, 285, 26, '2025-06-20 06:19:17', '2025-06-20 06:19:17');

--
-- Volcado de datos para la tabla `cotizacion_has_costos`
--

INSERT INTO `cotizacion_has_costos` (`id`, `idCotizacion`, `idCosto`, `created_at`, `updated_at`) VALUES
(126, 132, 6, '2024-12-02 23:28:42', '2024-12-02 23:28:42'),
(127, 132, 13, '2024-12-02 23:28:42', '2024-12-02 23:28:42'),
(168, 153, 6, '2025-01-27 23:01:35', '2025-01-27 23:01:35'),
(169, 153, 14, '2025-01-27 23:01:35', '2025-01-27 23:01:35'),
(170, 154, 6, '2025-01-27 23:05:05', '2025-01-27 23:05:05'),
(171, 154, 7, '2025-01-27 23:05:05', '2025-01-27 23:05:05'),
(178, 158, 6, '2025-01-28 02:54:48', '2025-01-28 02:54:48'),
(179, 158, 9, '2025-01-28 02:54:48', '2025-01-28 02:54:48'),
(180, 159, 6, '2025-01-28 03:04:28', '2025-01-28 03:04:28'),
(181, 159, 9, '2025-01-28 03:04:28', '2025-01-28 03:04:28'),
(182, 160, 6, '2025-01-28 04:27:10', '2025-01-28 04:27:10'),
(183, 160, 14, '2025-01-28 04:27:10', '2025-01-28 04:27:10'),
(184, 161, 6, '2025-01-28 07:38:46', '2025-01-28 07:38:46'),
(185, 161, 7, '2025-01-28 07:38:46', '2025-01-28 07:38:46'),
(186, 162, 6, '2025-01-28 07:44:15', '2025-01-28 07:44:15'),
(187, 162, 7, '2025-01-28 07:44:15', '2025-01-28 07:44:15'),
(196, 167, 6, '2025-01-30 23:23:42', '2025-01-30 23:23:42'),
(197, 167, 14, '2025-01-30 23:23:42', '2025-01-30 23:23:42'),
(204, 171, 6, '2025-02-04 05:22:09', '2025-02-04 05:22:09'),
(205, 171, 7, '2025-02-04 05:22:09', '2025-02-04 05:22:09'),
(208, 173, 6, '2025-02-10 21:52:32', '2025-02-10 21:52:32'),
(209, 173, 9, '2025-02-10 21:52:32', '2025-02-10 21:52:32'),
(210, 174, 6, '2025-02-10 22:00:33', '2025-02-10 22:00:33'),
(211, 174, 14, '2025-02-10 22:00:33', '2025-02-10 22:00:33'),
(216, 177, 6, '2025-02-12 00:05:43', '2025-02-12 00:05:43'),
(217, 177, 9, '2025-02-12 00:05:43', '2025-02-12 00:05:43'),
(218, 178, 6, '2025-02-13 02:22:17', '2025-02-13 02:22:17'),
(219, 178, 13, '2025-02-13 02:22:17', '2025-02-13 02:22:17'),
(220, 179, 6, '2025-02-13 02:26:29', '2025-02-13 02:26:29'),
(221, 179, 7, '2025-02-13 02:26:29', '2025-02-13 02:26:29'),
(222, 180, 6, '2025-02-13 02:32:03', '2025-02-13 02:32:03'),
(223, 180, 7, '2025-02-13 02:32:03', '2025-02-13 02:32:03'),
(226, 182, 6, '2025-02-18 03:04:42', '2025-02-18 03:04:42'),
(227, 182, 7, '2025-02-18 03:04:42', '2025-02-18 03:04:42'),
(228, 183, 6, '2025-02-18 03:18:22', '2025-02-18 03:18:22'),
(229, 183, 7, '2025-02-18 03:18:22', '2025-02-18 03:18:22'),
(232, 185, 6, '2025-02-19 02:09:19', '2025-02-19 02:09:19'),
(233, 185, 7, '2025-02-19 02:09:19', '2025-02-19 02:09:19'),
(234, 186, 6, '2025-02-19 02:24:27', '2025-02-19 02:24:27'),
(235, 186, 7, '2025-02-19 02:24:27', '2025-02-19 02:24:27'),
(236, 187, 6, '2025-02-19 02:29:40', '2025-02-19 02:29:40'),
(237, 187, 7, '2025-02-19 02:29:40', '2025-02-19 02:29:40'),
(240, 189, 6, '2025-02-19 02:45:35', '2025-02-19 02:45:35'),
(241, 189, 14, '2025-02-19 02:45:35', '2025-02-19 02:45:35'),
(242, 190, 6, '2025-02-19 03:18:59', '2025-02-19 03:18:59'),
(243, 190, 14, '2025-02-19 03:18:59', '2025-02-19 03:18:59'),
(244, 191, 6, '2025-02-19 03:34:35', '2025-02-19 03:34:35'),
(245, 191, 14, '2025-02-19 03:34:35', '2025-02-19 03:34:35'),
(246, 192, 6, '2025-02-19 05:09:43', '2025-02-19 05:09:43'),
(247, 192, 7, '2025-02-19 05:09:43', '2025-02-19 05:09:43'),
(252, 195, 6, '2025-02-20 04:42:26', '2025-02-20 04:42:26'),
(253, 195, 9, '2025-02-20 04:42:26', '2025-02-20 04:42:26'),
(254, 196, 6, '2025-02-20 04:52:37', '2025-02-20 04:52:37'),
(255, 196, 14, '2025-02-20 04:52:37', '2025-02-20 04:52:37'),
(256, 197, 6, '2025-02-20 04:57:22', '2025-02-20 04:57:22'),
(257, 197, 14, '2025-02-20 04:57:22', '2025-02-20 04:57:22'),
(258, 198, 6, '2025-02-20 22:28:01', '2025-02-20 22:28:01'),
(259, 198, 7, '2025-02-20 22:28:01', '2025-02-20 22:28:01'),
(264, 201, 6, '2025-02-20 23:09:25', '2025-02-20 23:09:25'),
(265, 201, 7, '2025-02-20 23:09:25', '2025-02-20 23:09:25'),
(270, 204, 6, '2025-02-25 06:10:26', '2025-02-25 06:10:26'),
(271, 204, 7, '2025-02-25 06:10:26', '2025-02-25 06:10:26'),
(272, 205, 6, '2025-02-27 07:37:15', '2025-02-27 07:37:15'),
(273, 205, 7, '2025-02-27 07:37:15', '2025-02-27 07:37:15'),
(274, 206, 6, '2025-02-27 07:39:20', '2025-02-27 07:39:20'),
(275, 206, 7, '2025-02-27 07:39:20', '2025-02-27 07:39:20'),
(276, 207, 6, '2025-02-27 07:41:34', '2025-02-27 07:41:34'),
(277, 207, 7, '2025-02-27 07:41:34', '2025-02-27 07:41:34'),
(284, 211, 6, '2025-02-27 08:41:20', '2025-02-27 08:41:20'),
(285, 211, 7, '2025-02-27 08:41:20', '2025-02-27 08:41:20'),
(286, 212, 6, '2025-02-27 08:46:40', '2025-02-27 08:46:40'),
(287, 212, 13, '2025-02-27 08:46:40', '2025-02-27 08:46:40'),
(292, 215, 6, '2025-03-02 04:45:28', '2025-03-02 04:45:28'),
(293, 215, 7, '2025-03-02 04:45:28', '2025-03-02 04:45:28'),
(302, 217, 6, '2025-03-05 03:57:03', '2025-03-05 03:57:03'),
(303, 217, 14, '2025-03-05 03:57:03', '2025-03-05 03:57:03'),
(306, 218, 6, '2025-03-05 04:00:49', '2025-03-05 04:00:49'),
(307, 218, 14, '2025-03-05 04:00:49', '2025-03-05 04:00:49'),
(310, 219, 6, '2025-03-05 04:04:35', '2025-03-05 04:04:35'),
(311, 219, 14, '2025-03-05 04:04:35', '2025-03-05 04:04:35'),
(312, 216, 6, '2025-03-05 04:06:45', '2025-03-05 04:06:45'),
(313, 216, 14, '2025-03-05 04:06:45', '2025-03-05 04:06:45'),
(314, 220, 6, '2025-03-05 04:07:11', '2025-03-05 04:07:11'),
(315, 220, 14, '2025-03-05 04:07:11', '2025-03-05 04:07:11'),
(318, 221, 6, '2025-03-05 05:19:10', '2025-03-05 05:19:10'),
(319, 221, 9, '2025-03-05 05:19:10', '2025-03-05 05:19:10'),
(324, 222, 6, '2025-03-05 05:21:30', '2025-03-05 05:21:30'),
(325, 222, 9, '2025-03-05 05:21:30', '2025-03-05 05:21:30'),
(326, 223, 6, '2025-03-05 05:22:57', '2025-03-05 05:22:57'),
(327, 223, 9, '2025-03-05 05:22:57', '2025-03-05 05:22:57'),
(328, 224, 6, '2025-03-11 00:42:07', '2025-03-11 00:42:07'),
(329, 224, 14, '2025-03-11 00:42:07', '2025-03-11 00:42:07'),
(330, 225, 6, '2025-03-11 00:42:07', '2025-03-11 00:42:07'),
(331, 225, 14, '2025-03-11 00:42:07', '2025-03-11 00:42:07'),
(332, 156, 6, '2025-03-11 00:46:42', '2025-03-11 00:46:42'),
(333, 156, 7, '2025-03-11 00:46:42', '2025-03-11 00:46:42'),
(334, 226, 6, '2025-03-11 01:02:31', '2025-03-11 01:02:31'),
(335, 226, 9, '2025-03-11 01:02:32', '2025-03-11 01:02:32'),
(338, 227, 6, '2025-03-11 04:59:09', '2025-03-11 04:59:09'),
(339, 227, 9, '2025-03-11 04:59:09', '2025-03-11 04:59:09'),
(342, 229, 6, '2025-03-12 05:06:10', '2025-03-12 05:06:10'),
(343, 229, 14, '2025-03-12 05:06:10', '2025-03-12 05:06:10'),
(344, 230, 6, '2025-03-18 22:29:43', '2025-03-18 22:29:43'),
(345, 230, 7, '2025-03-18 22:29:43', '2025-03-18 22:29:43'),
(346, 231, 6, '2025-03-18 22:30:15', '2025-03-18 22:30:15'),
(347, 231, 7, '2025-03-18 22:30:15', '2025-03-18 22:30:15'),
(348, 232, 6, '2025-03-18 22:31:51', '2025-03-18 22:31:51'),
(349, 232, 7, '2025-03-18 22:31:51', '2025-03-18 22:31:51'),
(350, 233, 6, '2025-03-18 22:33:00', '2025-03-18 22:33:00'),
(351, 233, 14, '2025-03-18 22:33:00', '2025-03-18 22:33:00'),
(352, 234, 6, '2025-03-18 22:34:21', '2025-03-18 22:34:21'),
(353, 234, 14, '2025-03-18 22:34:21', '2025-03-18 22:34:21'),
(360, 238, 6, '2025-03-18 23:08:16', '2025-03-18 23:08:16'),
(361, 238, 7, '2025-03-18 23:08:16', '2025-03-18 23:08:16'),
(362, 240, 6, '2025-03-18 23:51:00', '2025-03-18 23:51:00'),
(363, 240, 9, '2025-03-18 23:51:00', '2025-03-18 23:51:00'),
(364, 241, 6, '2025-03-19 00:35:10', '2025-03-19 00:35:10'),
(365, 241, 13, '2025-03-19 00:35:10', '2025-03-19 00:35:10'),
(366, 242, 6, '2025-03-19 00:44:40', '2025-03-19 00:44:40'),
(367, 242, 14, '2025-03-19 00:44:40', '2025-03-19 00:44:40'),
(370, 244, 6, '2025-03-19 09:39:14', '2025-03-19 09:39:14'),
(371, 244, 14, '2025-03-19 09:39:14', '2025-03-19 09:39:14'),
(374, 245, 6, '2025-03-20 01:49:56', '2025-03-20 01:49:56'),
(375, 245, 9, '2025-03-20 01:49:56', '2025-03-20 01:49:56'),
(376, 246, 6, '2025-03-20 04:22:16', '2025-03-20 04:22:16'),
(377, 246, 7, '2025-03-20 04:22:16', '2025-03-20 04:22:16'),
(378, 247, 6, '2025-03-20 05:26:55', '2025-03-20 05:26:55'),
(379, 247, 14, '2025-03-20 05:26:55', '2025-03-20 05:26:55'),
(386, 249, 6, '2025-03-21 01:26:32', '2025-03-21 01:26:32'),
(387, 249, 14, '2025-03-21 01:26:32', '2025-03-21 01:26:32'),
(388, 166, 6, '2025-03-21 01:40:44', '2025-03-21 01:40:44'),
(389, 166, 14, '2025-03-21 01:40:44', '2025-03-21 01:40:44'),
(390, 250, 6, '2025-03-21 02:12:25', '2025-03-21 02:12:25'),
(391, 250, 13, '2025-03-21 02:12:25', '2025-03-21 02:12:25'),
(394, 251, 6, '2025-03-27 02:41:10', '2025-03-27 02:41:10'),
(395, 251, 9, '2025-03-27 02:41:10', '2025-03-27 02:41:10'),
(396, 194, 6, '2025-04-01 22:30:34', '2025-04-01 22:30:34'),
(397, 194, 7, '2025-04-01 22:30:34', '2025-04-01 22:30:34'),
(398, 252, 6, '2025-04-03 23:28:31', '2025-04-03 23:28:31'),
(399, 252, 7, '2025-04-03 23:28:31', '2025-04-03 23:28:31'),
(400, 253, 6, '2025-04-03 23:33:31', '2025-04-03 23:33:31'),
(401, 253, 10, '2025-04-03 23:33:31', '2025-04-03 23:33:31'),
(402, 184, 6, '2025-04-03 23:37:15', '2025-04-03 23:37:15'),
(403, 184, 13, '2025-04-03 23:37:15', '2025-04-03 23:37:15'),
(408, 255, 6, '2025-04-04 23:45:30', '2025-04-04 23:45:30'),
(409, 255, 7, '2025-04-04 23:45:30', '2025-04-04 23:45:30'),
(410, 256, 6, '2025-04-21 22:20:35', '2025-04-21 22:20:35'),
(411, 256, 7, '2025-04-21 22:20:35', '2025-04-21 22:20:35'),
(412, 257, 6, '2025-04-21 23:15:40', '2025-04-21 23:15:40'),
(413, 257, 7, '2025-04-21 23:15:40', '2025-04-21 23:15:40'),
(414, 228, 6, '2025-04-22 00:35:32', '2025-04-22 00:35:32'),
(415, 228, 13, '2025-04-22 00:35:32', '2025-04-22 00:35:32'),
(416, 258, 6, '2025-04-22 00:36:59', '2025-04-22 00:36:59'),
(417, 258, 13, '2025-04-22 00:36:59', '2025-04-22 00:36:59'),
(418, 259, 6, '2025-04-22 00:41:02', '2025-04-22 00:41:02'),
(419, 259, 13, '2025-04-22 00:41:02', '2025-04-22 00:41:02'),
(420, 262, 6, '2025-04-22 06:11:39', '2025-04-22 06:11:39'),
(421, 262, 14, '2025-04-22 06:11:39', '2025-04-22 06:11:39'),
(422, 175, 6, '2025-04-22 22:19:24', '2025-04-22 22:19:24'),
(423, 175, 9, '2025-04-22 22:19:25', '2025-04-22 22:19:25'),
(426, 176, 6, '2025-04-22 22:35:28', '2025-04-22 22:35:28'),
(427, 176, 9, '2025-04-22 22:35:28', '2025-04-22 22:35:28'),
(428, 263, 6, '2025-04-22 23:26:02', '2025-04-22 23:26:02'),
(429, 263, 10, '2025-04-22 23:26:02', '2025-04-22 23:26:02'),
(430, 264, 6, '2025-04-24 00:52:32', '2025-04-24 00:52:32'),
(431, 264, 7, '2025-04-24 00:52:32', '2025-04-24 00:52:32'),
(432, 265, 6, '2025-04-24 00:55:36', '2025-04-24 00:55:36'),
(433, 265, 7, '2025-04-24 00:55:36', '2025-04-24 00:55:36'),
(438, 267, 6, '2025-05-01 22:38:25', '2025-05-01 22:38:25'),
(439, 267, 14, '2025-05-01 22:38:25', '2025-05-01 22:38:25'),
(440, 266, 6, '2025-05-01 22:44:35', '2025-05-01 22:44:35'),
(441, 266, 14, '2025-05-01 22:44:35', '2025-05-01 22:44:35'),
(442, 181, 6, '2025-05-08 22:31:50', '2025-05-08 22:31:50'),
(443, 181, 14, '2025-05-08 22:31:50', '2025-05-08 22:31:50'),
(448, 165, 6, '2025-05-08 22:42:51', '2025-05-08 22:42:51'),
(449, 165, 13, '2025-05-08 22:42:51', '2025-05-08 22:42:51'),
(450, 268, 6, '2025-05-12 21:33:06', '2025-05-12 21:33:06'),
(451, 268, 7, '2025-05-12 21:33:06', '2025-05-12 21:33:06'),
(456, 269, 6, '2025-05-14 00:29:31', '2025-05-14 00:29:31'),
(457, 269, 13, '2025-05-14 00:29:31', '2025-05-14 00:29:31'),
(458, 270, 6, '2025-05-14 00:33:41', '2025-05-14 00:33:41'),
(459, 270, 13, '2025-05-14 00:33:41', '2025-05-14 00:33:41'),
(460, 188, 6, '2025-06-02 22:27:36', '2025-06-02 22:27:36'),
(461, 188, 14, '2025-06-02 22:27:36', '2025-06-02 22:27:36'),
(462, 271, 6, '2025-06-03 04:23:06', '2025-06-03 04:23:06'),
(463, 271, 14, '2025-06-03 04:23:06', '2025-06-03 04:23:06'),
(464, 235, 6, '2025-06-05 00:41:36', '2025-06-05 00:41:36'),
(465, 235, 13, '2025-06-05 00:41:36', '2025-06-05 00:41:36'),
(468, 237, 6, '2025-06-05 00:49:01', '2025-06-05 00:49:01'),
(469, 237, 14, '2025-06-05 00:49:01', '2025-06-05 00:49:01'),
(470, 236, 6, '2025-06-05 00:50:43', '2025-06-05 00:50:43'),
(471, 236, 14, '2025-06-05 00:50:43', '2025-06-05 00:50:43'),
(472, 172, 6, '2025-06-10 23:18:19', '2025-06-10 23:18:19'),
(473, 172, 9, '2025-06-10 23:18:19', '2025-06-10 23:18:19'),
(476, 272, 6, '2025-06-10 23:23:00', '2025-06-10 23:23:00'),
(477, 272, 7, '2025-06-10 23:23:01', '2025-06-10 23:23:01'),
(484, 273, 6, '2025-06-11 01:44:46', '2025-06-11 01:44:46'),
(485, 273, 7, '2025-06-11 01:44:46', '2025-06-11 01:44:46'),
(486, 274, 6, '2025-06-11 01:48:17', '2025-06-11 01:48:17'),
(487, 274, 7, '2025-06-11 01:48:17', '2025-06-11 01:48:17'),
(488, 275, 6, '2025-06-11 01:52:54', '2025-06-11 01:52:54'),
(489, 275, 10, '2025-06-11 01:52:54', '2025-06-11 01:52:54'),
(490, 254, 6, '2025-06-12 00:50:57', '2025-06-12 00:50:57'),
(491, 254, 13, '2025-06-12 00:50:57', '2025-06-12 00:50:57'),
(492, 276, 6, '2025-06-12 04:13:48', '2025-06-12 04:13:48'),
(493, 276, 9, '2025-06-12 04:13:48', '2025-06-12 04:13:48'),
(494, 277, 6, '2025-06-12 04:27:08', '2025-06-12 04:27:08'),
(495, 277, 9, '2025-06-12 04:27:08', '2025-06-12 04:27:08'),
(496, 278, 6, '2025-06-12 05:04:21', '2025-06-12 05:04:21'),
(497, 278, 12, '2025-06-12 05:04:21', '2025-06-12 05:04:21'),
(500, 279, 6, '2025-06-19 03:29:31', '2025-06-19 03:29:31'),
(501, 279, 9, '2025-06-19 03:29:31', '2025-06-19 03:29:31'),
(502, 280, 6, '2025-06-20 03:09:21', '2025-06-20 03:09:21'),
(503, 280, 13, '2025-06-20 03:09:21', '2025-06-20 03:09:21'),
(504, 281, 6, '2025-06-20 03:15:49', '2025-06-20 03:15:49'),
(505, 281, 13, '2025-06-20 03:15:49', '2025-06-20 03:15:49'),
(506, 282, 6, '2025-06-20 03:18:08', '2025-06-20 03:18:08'),
(507, 282, 13, '2025-06-20 03:18:08', '2025-06-20 03:18:08'),
(516, 284, 6, '2025-06-20 06:15:41', '2025-06-20 06:15:41'),
(517, 284, 14, '2025-06-20 06:15:41', '2025-06-20 06:15:41'),
(518, 285, 6, '2025-06-20 06:19:17', '2025-06-20 06:19:17'),
(519, 285, 14, '2025-06-20 06:19:17', '2025-06-20 06:19:17');

--
-- Volcado de datos para la tabla `cotizacion_has_numeraciones`
--

INSERT INTO `cotizacion_has_numeraciones` (`id`, `idCotizacion`, `idNumeracion`, `cantidad`, `created_at`, `updated_at`) VALUES
(247, 132, 24, 2, '2024-12-02 23:30:20', '2025-03-20 05:31:47'),
(248, 132, 25, 2, '2024-12-02 23:30:20', '2025-03-20 05:31:47'),
(249, 132, 26, 2, '2024-12-02 23:30:20', '2025-03-20 05:31:47'),
(250, 132, 27, 2, '2024-12-02 23:30:20', '2025-03-20 05:31:47'),
(251, 132, 28, 3, '2024-12-02 23:30:20', '2025-03-20 05:31:47'),
(252, 132, 29, 3, '2024-12-02 23:30:20', '2024-12-02 23:30:20'),
(253, 132, 30, 3, '2024-12-02 23:30:20', '2025-03-20 05:31:47'),
(402, 153, 24, 10, '2025-01-27 23:24:18', '2025-06-12 06:21:44'),
(403, 153, 25, 20, '2025-01-27 23:24:18', '2025-01-27 23:24:18'),
(404, 153, 26, 15, '2025-01-27 23:24:18', '2025-01-27 23:24:18'),
(405, 153, 27, 0, '2025-01-27 23:24:18', '2025-06-12 06:21:44'),
(406, 153, 28, 0, '2025-01-27 23:24:18', '2025-01-27 23:24:18'),
(407, 153, 29, 0, '2025-01-27 23:24:18', '2025-01-27 23:24:18'),
(408, 153, 30, 0, '2025-01-27 23:24:18', '2025-01-27 23:24:18'),
(409, 156, 23, 0, '2025-01-27 23:24:18', '2025-01-27 23:24:18'),
(410, 156, 24, 10, '2025-01-27 23:24:18', '2025-03-11 01:05:16'),
(411, 156, 25, 10, '2025-01-27 23:24:18', '2025-03-11 01:05:16'),
(412, 156, 26, 10, '2025-01-27 23:24:18', '2025-03-11 01:05:16'),
(413, 156, 27, 20, '2025-01-27 23:24:18', '2025-03-11 01:05:16'),
(414, 156, 28, 20, '2025-01-27 23:24:18', '2025-03-11 01:05:16'),
(415, 156, 29, 20, '2025-01-27 23:24:18', '2025-03-11 01:05:16'),
(416, 156, 30, 0, '2025-01-27 23:24:18', '2025-01-27 23:24:18'),
(433, 154, 24, 0, '2025-01-27 23:24:19', '2025-04-24 01:00:17'),
(434, 154, 25, 6, '2025-01-27 23:24:19', '2025-01-27 23:24:19'),
(435, 154, 26, 0, '2025-01-27 23:24:19', '2025-04-24 01:00:17'),
(436, 154, 27, 0, '2025-01-27 23:24:19', '2025-01-27 23:24:19'),
(437, 154, 28, 6, '2025-01-27 23:24:19', '2025-04-24 01:00:17'),
(438, 154, 29, 12, '2025-01-27 23:24:19', '2025-04-24 01:00:17'),
(439, 154, 30, 0, '2025-01-27 23:24:19', '2025-01-27 23:24:19'),
(449, 158, 23, 0, '2025-01-28 03:08:43', '2025-01-28 03:08:43'),
(450, 158, 24, 5, '2025-01-28 03:08:43', '2025-05-26 23:54:50'),
(451, 158, 25, 5, '2025-01-28 03:08:43', '2025-05-26 23:54:50'),
(452, 158, 26, 5, '2025-01-28 03:08:43', '2025-05-26 23:54:50'),
(453, 158, 27, 5, '2025-01-28 03:08:43', '2025-05-26 23:54:50'),
(454, 158, 28, 5, '2025-01-28 03:08:43', '2025-05-26 23:54:50'),
(455, 158, 29, 5, '2025-01-28 03:08:43', '2025-05-26 23:54:50'),
(456, 158, 30, 5, '2025-01-28 03:08:43', '2025-05-26 23:54:50'),
(457, 159, 23, 0, '2025-01-28 03:08:43', '2025-05-26 23:49:18'),
(458, 159, 24, 5, '2025-01-28 03:08:43', '2025-05-26 23:49:18'),
(459, 159, 25, 5, '2025-01-28 03:08:43', '2025-05-26 23:49:18'),
(460, 159, 26, 5, '2025-01-28 03:08:43', '2025-05-26 23:49:18'),
(461, 159, 27, 5, '2025-01-28 03:08:43', '2025-05-26 23:49:18'),
(462, 159, 28, 5, '2025-01-28 03:08:43', '2025-05-26 23:54:50'),
(463, 159, 29, 5, '2025-01-28 03:08:43', '2025-05-26 23:54:50'),
(464, 159, 30, 5, '2025-01-28 03:08:43', '2025-05-26 23:54:50'),
(465, 160, 24, 2, '2025-01-28 04:28:40', '2025-01-28 04:28:40'),
(466, 160, 25, 2, '2025-01-28 04:28:40', '2025-01-28 04:28:40'),
(467, 160, 26, 4, '2025-01-28 04:28:40', '2025-01-28 04:28:40'),
(468, 160, 27, 4, '2025-01-28 04:28:40', '2025-01-28 04:28:40'),
(469, 160, 28, 4, '2025-01-28 04:28:40', '2025-01-28 04:28:40'),
(470, 160, 29, 4, '2025-01-28 04:28:40', '2025-01-28 04:28:40'),
(471, 160, 30, 2, '2025-01-28 04:28:40', '2025-01-28 04:28:40'),
(472, 160, 31, 2, '2025-01-28 04:28:40', '2025-01-28 04:28:40'),
(473, 160, 32, 0, '2025-01-28 04:28:40', '2025-01-28 04:28:40'),
(474, 161, 22, 0, '2025-01-28 07:39:23', '2025-01-28 07:39:23'),
(475, 161, 23, 0, '2025-01-28 07:39:23', '2025-01-28 07:39:23'),
(476, 161, 24, 10, '2025-01-28 07:39:23', '2025-01-28 07:39:23'),
(477, 161, 25, 10, '2025-01-28 07:39:23', '2025-01-28 07:39:23'),
(478, 161, 26, 10, '2025-01-28 07:39:23', '2025-01-28 07:39:23'),
(479, 161, 27, 10, '2025-01-28 07:39:23', '2025-01-28 07:39:23'),
(480, 161, 28, 10, '2025-01-28 07:39:23', '2025-01-28 07:39:23'),
(481, 161, 29, 0, '2025-01-28 07:39:23', '2025-01-28 07:39:23'),
(482, 161, 30, 0, '2025-01-28 07:39:23', '2025-01-28 07:39:23'),
(483, 161, 31, 0, '2025-01-28 07:39:23', '2025-01-28 07:39:23'),
(484, 162, 22, 0, '2025-01-28 07:44:52', '2025-01-28 07:44:52'),
(485, 162, 23, 0, '2025-01-28 07:44:52', '2025-01-28 07:44:52'),
(486, 162, 24, 10, '2025-01-28 07:44:52', '2025-01-28 07:44:52'),
(487, 162, 25, 10, '2025-01-28 07:44:52', '2025-01-28 07:44:52'),
(488, 162, 26, 10, '2025-01-28 07:44:52', '2025-01-28 07:44:52'),
(489, 162, 27, 10, '2025-01-28 07:44:52', '2025-01-28 07:44:52'),
(490, 162, 28, 10, '2025-01-28 07:44:52', '2025-01-28 07:44:52'),
(491, 162, 29, 0, '2025-01-28 07:44:52', '2025-01-28 07:44:52'),
(492, 162, 30, 0, '2025-01-28 07:44:52', '2025-01-28 07:44:52'),
(493, 162, 31, 0, '2025-01-28 07:44:52', '2025-01-28 07:44:52'),
(503, 165, 24, 0, '2025-01-30 23:01:16', '2025-01-30 23:01:16'),
(504, 165, 25, 0, '2025-01-30 23:01:16', '2025-01-30 23:01:16'),
(505, 165, 26, 0, '2025-01-30 23:01:16', '2025-01-30 23:01:16'),
(506, 165, 27, 6, '2025-01-30 23:01:16', '2025-05-08 22:47:05'),
(507, 165, 28, 3, '2025-01-30 23:01:16', '2025-05-08 22:47:05'),
(508, 165, 29, 6, '2025-01-30 23:01:16', '2025-01-30 23:01:16'),
(509, 165, 30, 2, '2025-01-30 23:01:16', '2025-05-08 22:47:05'),
(510, 166, 24, 0, '2025-01-30 23:24:22', '2025-01-30 23:24:22'),
(511, 166, 25, 0, '2025-01-30 23:24:22', '2025-01-30 23:24:22'),
(512, 166, 26, 0, '2025-01-30 23:24:22', '2025-01-30 23:24:22'),
(513, 166, 27, 2, '2025-01-30 23:24:22', '2025-03-21 01:42:18'),
(514, 166, 28, 4, '2025-01-30 23:24:22', '2025-03-21 01:42:18'),
(515, 166, 29, 1, '2025-01-30 23:24:22', '2025-03-21 01:42:18'),
(516, 166, 30, 1, '2025-01-30 23:24:22', '2025-03-21 01:42:18'),
(517, 166, 31, 0, '2025-01-30 23:24:22', '2025-01-30 23:24:22'),
(518, 166, 32, 0, '2025-01-30 23:24:22', '2025-01-30 23:24:22'),
(519, 167, 24, 0, '2025-01-30 23:24:22', '2025-01-30 23:24:22'),
(520, 167, 25, 0, '2025-01-30 23:24:22', '2025-01-30 23:24:22'),
(521, 167, 26, 0, '2025-01-30 23:24:22', '2025-01-30 23:24:22'),
(522, 167, 27, 0, '2025-01-30 23:24:22', '2025-01-30 23:24:22'),
(523, 167, 28, 1, '2025-01-30 23:24:22', '2025-01-30 23:24:22'),
(524, 167, 29, 0, '2025-01-30 23:24:22', '2025-01-30 23:24:22'),
(525, 167, 30, 0, '2025-01-30 23:24:22', '2025-01-30 23:24:22'),
(526, 167, 31, 0, '2025-01-30 23:24:22', '2025-01-30 23:24:22'),
(527, 167, 32, 0, '2025-01-30 23:24:22', '2025-01-30 23:24:22'),
(537, 171, 23, 0, '2025-02-04 05:22:54', '2025-02-04 05:22:54'),
(538, 171, 24, 0, '2025-02-04 05:22:54', '2025-02-04 05:22:54'),
(539, 171, 25, 1, '2025-02-04 05:22:54', '2025-02-04 05:22:54'),
(540, 171, 26, 0, '2025-02-04 05:22:54', '2025-02-04 05:22:54'),
(541, 171, 27, 2, '2025-02-04 05:22:54', '2025-02-04 05:22:54'),
(542, 171, 28, 12, '2025-02-04 05:22:54', '2025-02-04 05:22:54'),
(543, 171, 29, 0, '2025-02-04 05:22:54', '2025-02-04 05:22:54'),
(544, 171, 30, 0, '2025-02-04 05:22:54', '2025-02-04 05:22:54'),
(545, 172, 23, 0, '2025-02-10 22:02:26', '2025-03-11 06:44:23'),
(546, 172, 24, 2, '2025-02-10 22:02:26', '2025-06-21 04:30:11'),
(547, 172, 25, 1, '2025-02-10 22:02:26', '2025-06-21 04:30:11'),
(548, 172, 26, 0, '2025-02-10 22:02:26', '2025-06-10 23:26:12'),
(549, 172, 27, 1, '2025-02-10 22:02:26', '2025-06-21 04:30:11'),
(550, 172, 28, 2, '2025-02-10 22:02:26', '2025-06-21 04:30:11'),
(551, 172, 29, 4, '2025-02-10 22:02:26', '2025-06-21 04:30:11'),
(552, 172, 30, 2, '2025-02-10 22:02:26', '2025-06-21 04:30:11'),
(553, 173, 23, 0, '2025-02-10 22:02:26', '2025-02-10 22:02:26'),
(554, 173, 24, 2, '2025-02-10 22:02:26', '2025-06-21 04:30:11'),
(555, 173, 25, 1, '2025-02-10 22:02:26', '2025-06-21 04:30:11'),
(556, 173, 26, 0, '2025-02-10 22:02:26', '2025-06-21 04:30:11'),
(557, 173, 27, 1, '2025-02-10 22:02:26', '2025-06-21 04:30:11'),
(558, 173, 28, 2, '2025-02-10 22:02:26', '2025-06-21 04:30:11'),
(559, 173, 29, 4, '2025-02-10 22:02:26', '2025-06-21 04:30:11'),
(560, 173, 30, 2, '2025-02-10 22:02:26', '2025-06-21 04:30:11'),
(561, 174, 24, 0, '2025-02-10 22:02:26', '2025-02-10 22:02:26'),
(562, 174, 25, 0, '2025-02-10 22:02:26', '2025-02-10 22:02:26'),
(563, 174, 26, 2, '2025-02-10 22:02:26', '2025-03-11 06:44:23'),
(564, 174, 27, 2, '2025-02-10 22:02:26', '2025-02-10 22:02:26'),
(565, 174, 28, 2, '2025-02-10 22:02:26', '2025-02-10 22:02:26'),
(566, 174, 29, 6, '2025-02-10 22:02:26', '2025-03-11 06:44:23'),
(567, 174, 30, 0, '2025-02-10 22:02:26', '2025-03-11 06:44:23'),
(568, 174, 31, 0, '2025-02-10 22:02:26', '2025-03-11 06:44:23'),
(569, 174, 32, 0, '2025-02-10 22:02:26', '2025-03-11 06:44:23'),
(570, 175, 23, 0, '2025-02-10 23:06:21', '2025-04-22 22:38:13'),
(571, 175, 24, 0, '2025-02-10 23:06:21', '2025-05-08 22:25:53'),
(572, 175, 25, 0, '2025-02-10 23:06:21', '2025-05-08 22:25:53'),
(573, 175, 26, 0, '2025-02-10 23:06:21', '2025-05-08 22:25:53'),
(574, 175, 27, 3, '2025-02-10 23:06:21', '2025-04-22 22:38:13'),
(575, 175, 28, 3, '2025-02-10 23:06:21', '2025-05-08 22:25:53'),
(576, 175, 29, 0, '2025-02-10 23:06:21', '2025-05-08 22:25:53'),
(577, 175, 30, 0, '2025-02-10 23:06:21', '2025-02-10 23:06:21'),
(578, 176, 23, 0, '2025-02-10 23:06:21', '2025-04-22 22:38:13'),
(579, 176, 24, 0, '2025-02-10 23:06:21', '2025-05-08 22:25:53'),
(580, 176, 25, 1, '2025-02-10 23:06:21', '2025-05-08 22:25:53'),
(581, 176, 26, 1, '2025-02-10 23:06:21', '2025-05-08 22:25:53'),
(582, 176, 27, 5, '2025-02-10 23:06:21', '2025-05-08 22:25:53'),
(583, 176, 28, 3, '2025-02-10 23:06:21', '2025-05-08 22:25:53'),
(584, 176, 29, 5, '2025-02-10 23:06:21', '2025-05-08 22:25:53'),
(585, 176, 30, 0, '2025-02-10 23:06:21', '2025-05-08 22:25:53'),
(595, 179, 24, 0, '2025-02-13 02:41:02', '2025-02-13 02:41:02'),
(596, 179, 25, 2, '2025-02-13 02:41:02', '2025-02-13 02:41:02'),
(597, 179, 26, 2, '2025-02-13 02:41:02', '2025-02-13 02:41:02'),
(598, 179, 27, 4, '2025-02-13 02:41:02', '2025-02-13 02:41:02'),
(599, 179, 28, 5, '2025-02-13 02:41:02', '2025-02-13 02:41:02'),
(600, 179, 29, 4, '2025-02-13 02:41:02', '2025-02-13 02:41:02'),
(601, 179, 30, 0, '2025-02-13 02:41:02', '2025-02-13 02:41:02'),
(602, 179, 31, 0, '2025-02-13 02:41:02', '2025-02-13 02:41:02'),
(603, 179, 32, 0, '2025-02-13 02:41:02', '2025-02-13 02:41:02'),
(618, 182, 24, 3, '2025-02-18 03:24:50', '2025-02-18 03:24:50'),
(619, 182, 25, 1, '2025-02-18 03:24:50', '2025-02-18 03:24:50'),
(620, 182, 26, 2, '2025-02-18 03:24:50', '2025-02-18 03:24:50'),
(621, 182, 27, 2, '2025-02-18 03:24:50', '2025-02-18 03:24:50'),
(622, 182, 28, 2, '2025-02-18 03:24:50', '2025-02-18 03:24:50'),
(623, 182, 29, 2, '2025-02-18 03:24:50', '2025-02-18 03:24:50'),
(624, 182, 30, 0, '2025-02-18 03:24:50', '2025-02-18 03:24:50'),
(625, 182, 31, 0, '2025-02-18 03:24:50', '2025-02-18 03:24:50'),
(626, 182, 32, 0, '2025-02-18 03:24:50', '2025-02-18 03:24:50'),
(627, 183, 23, 0, '2025-02-18 03:24:50', '2025-02-18 03:24:50'),
(628, 183, 24, 2, '2025-02-18 03:24:50', '2025-02-18 03:24:50'),
(629, 183, 25, 2, '2025-02-18 03:24:50', '2025-02-18 03:24:50'),
(630, 183, 26, 2, '2025-02-18 03:24:50', '2025-02-18 03:24:50'),
(631, 183, 27, 2, '2025-02-18 03:24:50', '2025-02-18 03:24:50'),
(632, 183, 28, 2, '2025-02-18 03:24:50', '2025-02-18 03:24:50'),
(633, 183, 29, 2, '2025-02-18 03:24:50', '2025-02-18 03:24:50'),
(634, 183, 30, 0, '2025-02-18 03:24:50', '2025-02-18 03:24:50'),
(635, 183, 31, 0, '2025-02-18 03:24:50', '2025-02-18 03:24:50'),
(636, 183, 32, 0, '2025-02-18 03:24:50', '2025-02-18 03:24:50'),
(637, 183, 33, 0, '2025-02-18 03:24:50', '2025-02-18 03:24:50'),
(645, 188, 24, 10, '2025-02-19 05:21:35', '2025-06-02 22:33:16'),
(646, 188, 25, 20, '2025-02-19 05:21:35', '2025-06-02 22:33:16'),
(647, 188, 26, 60, '2025-02-19 05:21:35', '2025-06-02 22:33:16'),
(648, 188, 27, 50, '2025-02-19 05:21:35', '2025-06-02 22:33:16'),
(649, 188, 28, 70, '2025-02-19 05:21:35', '2025-06-02 22:33:16'),
(650, 188, 29, 20, '2025-02-19 05:21:35', '2025-06-02 22:33:17'),
(651, 188, 30, 20, '2025-02-19 05:21:35', '2025-06-02 22:33:17'),
(652, 188, 31, 10, '2025-02-19 05:21:35', '2025-06-02 22:33:17'),
(653, 188, 32, 3, '2025-02-19 05:21:35', '2025-06-02 22:33:17'),
(663, 190, 24, 1, '2025-02-19 05:21:36', '2025-06-12 06:35:23'),
(664, 190, 25, 0, '2025-02-19 05:21:36', '2025-06-12 06:35:23'),
(665, 190, 26, 1, '2025-02-19 05:21:36', '2025-06-12 06:35:23'),
(666, 190, 27, 1, '2025-02-19 05:21:36', '2025-06-12 06:35:23'),
(667, 190, 28, 5, '2025-02-19 05:21:36', '2025-06-12 06:35:23'),
(668, 190, 29, 4, '2025-02-19 05:21:36', '2025-06-12 06:35:23'),
(669, 190, 30, 2, '2025-02-19 05:21:36', '2025-06-12 06:35:23'),
(670, 191, 24, 0, '2025-02-19 05:21:36', '2025-06-12 06:21:44'),
(671, 191, 25, 10, '2025-02-19 05:21:36', '2025-02-19 05:21:36'),
(672, 191, 26, 6, '2025-02-19 05:21:36', '2025-06-12 06:21:44'),
(673, 191, 27, 0, '2025-02-19 05:21:36', '2025-06-12 06:21:44'),
(674, 191, 28, 0, '2025-02-19 05:21:36', '2025-06-12 06:21:44'),
(675, 191, 29, 0, '2025-02-19 05:21:36', '2025-06-12 06:21:44'),
(676, 191, 30, 0, '2025-02-19 05:21:36', '2025-02-19 05:21:36'),
(677, 185, 23, 0, '2025-02-19 05:21:36', '2025-02-19 05:21:36'),
(678, 185, 24, 2, '2025-02-19 05:21:36', '2025-06-12 06:35:23'),
(679, 185, 25, 2, '2025-02-19 05:21:36', '2025-06-12 06:35:23'),
(680, 185, 26, 1, '2025-02-19 05:21:36', '2025-06-12 06:35:23'),
(681, 185, 27, 1, '2025-02-19 05:21:36', '2025-06-12 06:35:23'),
(682, 185, 28, 2, '2025-02-19 05:21:36', '2025-06-12 06:35:23'),
(683, 185, 29, 1, '2025-02-19 05:21:36', '2025-06-12 06:35:23'),
(684, 185, 30, 2, '2025-02-19 05:21:36', '2025-06-12 06:35:23'),
(685, 185, 31, 1, '2025-02-19 05:21:36', '2025-06-12 06:35:23'),
(686, 186, 23, 0, '2025-02-19 05:21:36', '2025-02-19 05:21:36'),
(687, 186, 24, 0, '2025-02-19 05:21:36', '2025-02-19 05:21:36'),
(688, 186, 25, 0, '2025-02-19 05:21:36', '2025-02-19 05:21:36'),
(689, 186, 26, 6, '2025-02-19 05:21:36', '2025-02-19 05:21:36'),
(690, 186, 27, 0, '2025-02-19 05:21:36', '2025-02-19 05:21:36'),
(691, 186, 28, 0, '2025-02-19 05:21:36', '2025-02-19 05:21:36'),
(692, 186, 29, 0, '2025-02-19 05:21:36', '2025-02-19 05:21:36'),
(693, 186, 30, 0, '2025-02-19 05:21:36', '2025-02-19 05:21:36'),
(694, 186, 31, 10, '2025-02-19 05:21:36', '2025-02-19 05:21:36'),
(695, 187, 23, 0, '2025-02-19 05:21:36', '2025-02-19 05:21:36'),
(696, 187, 24, 0, '2025-02-19 05:21:36', '2025-02-19 05:21:36'),
(697, 187, 25, 0, '2025-02-19 05:21:36', '2025-02-19 05:21:36'),
(698, 187, 26, 0, '2025-02-19 05:21:36', '2025-02-19 05:21:36'),
(699, 187, 27, 0, '2025-02-19 05:21:36', '2025-02-19 05:21:36'),
(700, 187, 28, 0, '2025-02-19 05:21:36', '2025-02-19 05:21:36'),
(701, 187, 29, 0, '2025-02-19 05:21:36', '2025-02-19 05:21:36'),
(702, 187, 30, 6, '2025-02-19 05:21:36', '2025-02-19 05:21:36'),
(703, 187, 31, 6, '2025-02-19 05:21:36', '2025-02-19 05:21:36'),
(704, 192, 24, 10, '2025-02-19 05:21:36', '2025-05-26 23:28:17'),
(705, 192, 25, 10, '2025-02-19 05:21:36', '2025-05-26 23:28:17'),
(706, 192, 26, 6, '2025-02-19 05:21:36', '2025-05-26 23:28:17'),
(707, 192, 27, 15, '2025-02-19 05:21:36', '2025-05-26 23:28:17'),
(708, 192, 28, 15, '2025-02-19 05:21:36', '2025-05-26 23:28:17'),
(709, 192, 29, 15, '2025-02-19 05:21:36', '2025-05-26 23:28:17'),
(710, 192, 30, 6, '2025-02-19 05:21:36', '2025-05-26 23:28:17'),
(733, 195, 23, 4, '2025-02-20 04:59:56', '2025-02-20 04:59:56'),
(734, 195, 24, 0, '2025-02-20 04:59:56', '2025-02-20 04:59:56'),
(735, 195, 25, 0, '2025-02-20 04:59:56', '2025-02-20 04:59:56'),
(736, 195, 26, 3, '2025-02-20 04:59:56', '2025-02-20 04:59:56'),
(737, 195, 27, 3, '2025-02-20 04:59:56', '2025-02-20 04:59:56'),
(738, 195, 28, 1, '2025-02-20 04:59:56', '2025-02-20 04:59:56'),
(739, 195, 29, 2, '2025-02-20 04:59:56', '2025-02-20 04:59:56'),
(740, 195, 30, 0, '2025-02-20 04:59:56', '2025-02-20 04:59:56'),
(741, 196, 24, 0, '2025-02-20 04:59:56', '2025-02-20 04:59:56'),
(742, 196, 25, 0, '2025-02-20 04:59:56', '2025-02-20 04:59:56'),
(743, 196, 26, 1, '2025-02-20 04:59:56', '2025-02-20 04:59:56'),
(744, 196, 27, 1, '2025-02-20 04:59:56', '2025-02-20 04:59:56'),
(745, 196, 28, 1, '2025-02-20 04:59:56', '2025-02-20 04:59:56'),
(746, 196, 29, 1, '2025-02-20 04:59:56', '2025-02-20 04:59:56'),
(747, 196, 30, 1, '2025-02-20 04:59:56', '2025-02-20 04:59:56'),
(748, 196, 31, 1, '2025-02-20 04:59:56', '2025-02-20 04:59:56'),
(749, 196, 32, 0, '2025-02-20 04:59:56', '2025-02-20 04:59:56'),
(750, 197, 24, 0, '2025-02-20 04:59:56', '2025-02-20 04:59:56'),
(751, 197, 25, 0, '2025-02-20 04:59:56', '2025-02-20 04:59:56'),
(752, 197, 26, 1, '2025-02-20 04:59:56', '2025-02-20 04:59:56'),
(753, 197, 27, 1, '2025-02-20 04:59:56', '2025-02-20 04:59:56'),
(754, 197, 28, 1, '2025-02-20 04:59:56', '2025-02-20 04:59:56'),
(755, 197, 29, 1, '2025-02-20 04:59:56', '2025-02-20 04:59:56'),
(756, 197, 30, 1, '2025-02-20 04:59:56', '2025-02-20 04:59:56'),
(757, 197, 31, 1, '2025-02-20 04:59:56', '2025-02-20 04:59:56'),
(758, 197, 32, 0, '2025-02-20 04:59:56', '2025-02-20 04:59:56'),
(759, 198, 23, 2, '2025-02-20 22:39:10', '2025-02-20 22:39:10'),
(760, 198, 34, 2, '2025-02-20 22:39:10', '2025-02-20 22:39:10'),
(761, 198, 24, 0, '2025-02-20 22:39:10', '2025-02-20 22:39:10'),
(762, 198, 35, 2, '2025-02-20 22:39:10', '2025-02-20 22:39:10'),
(763, 198, 25, 4, '2025-02-20 22:39:10', '2025-02-20 22:39:10'),
(764, 198, 36, 4, '2025-02-20 22:39:10', '2025-02-20 22:39:10'),
(765, 198, 26, 4, '2025-02-20 22:39:10', '2025-02-20 22:39:10'),
(766, 198, 37, 4, '2025-02-20 22:39:10', '2025-02-20 22:39:10'),
(767, 198, 27, 0, '2025-02-20 22:39:10', '2025-02-20 22:39:10'),
(768, 198, 38, 0, '2025-02-20 22:39:10', '2025-02-20 22:39:10'),
(769, 198, 28, 0, '2025-02-20 22:39:10', '2025-02-20 22:39:10'),
(770, 198, 39, 0, '2025-02-20 22:39:10', '2025-02-20 22:39:10'),
(771, 198, 29, 0, '2025-02-20 22:39:10', '2025-02-20 22:39:10'),
(772, 198, 40, 0, '2025-02-20 22:39:10', '2025-02-20 22:39:10'),
(773, 198, 30, 0, '2025-02-20 22:39:10', '2025-02-20 22:39:10'),
(774, 198, 31, 0, '2025-02-20 22:39:10', '2025-02-20 22:39:10'),
(775, 198, 32, 0, '2025-02-20 22:39:10', '2025-02-20 22:39:10'),
(776, 198, 33, 0, '2025-02-20 22:39:10', '2025-02-20 22:39:10'),
(853, 205, 24, 4, '2025-02-27 07:43:58', '2025-05-16 22:36:42'),
(854, 205, 25, 4, '2025-02-27 07:43:58', '2025-05-16 22:36:42'),
(855, 205, 26, 2, '2025-02-27 07:43:58', '2025-05-16 22:36:42'),
(856, 205, 27, 0, '2025-02-27 07:43:58', '2025-02-27 07:43:58'),
(857, 205, 28, 0, '2025-02-27 07:43:58', '2025-02-27 07:43:58'),
(858, 205, 29, 0, '2025-02-27 07:43:58', '2025-02-27 07:43:58'),
(859, 205, 30, 0, '2025-02-27 07:43:58', '2025-02-27 07:43:58'),
(860, 205, 31, 0, '2025-02-27 07:43:58', '2025-02-27 07:43:58'),
(861, 205, 32, 0, '2025-02-27 07:43:58', '2025-02-27 07:43:58'),
(862, 206, 24, 0, '2025-02-27 07:43:58', '2025-04-21 22:35:34'),
(863, 206, 25, 4, '2025-02-27 07:43:58', '2025-06-12 04:35:14'),
(864, 206, 26, 4, '2025-02-27 07:43:58', '2025-06-12 04:35:14'),
(865, 206, 27, 2, '2025-02-27 07:43:58', '2025-04-21 22:35:34'),
(866, 206, 28, 4, '2025-02-27 07:43:58', '2025-06-12 04:35:14'),
(867, 206, 29, 2, '2025-02-27 07:43:58', '2025-02-27 07:43:58'),
(868, 206, 30, 0, '2025-02-27 07:43:58', '2025-02-27 07:43:58'),
(869, 206, 31, 0, '2025-02-27 07:43:58', '2025-02-27 07:43:58'),
(870, 206, 32, 0, '2025-02-27 07:43:58', '2025-02-27 07:43:58'),
(871, 207, 24, 2, '2025-02-27 07:43:58', '2025-06-12 04:35:14'),
(872, 207, 25, 4, '2025-02-27 07:43:58', '2025-06-12 04:35:14'),
(873, 207, 26, 4, '2025-02-27 07:43:58', '2025-06-12 04:35:14'),
(874, 207, 27, 2, '2025-02-27 07:43:58', '2025-06-12 04:35:14'),
(875, 207, 28, 4, '2025-02-27 07:43:58', '2025-06-12 04:35:14'),
(876, 207, 29, 0, '2025-02-27 07:43:58', '2025-04-21 22:35:35'),
(877, 207, 30, 0, '2025-02-27 07:43:58', '2025-02-27 07:43:58'),
(878, 207, 31, 0, '2025-02-27 07:43:58', '2025-02-27 07:43:58'),
(879, 207, 32, 0, '2025-02-27 07:43:58', '2025-02-27 07:43:58'),
(880, 205, 22, 2, '2025-02-27 07:45:28', '2025-05-16 22:36:42'),
(881, 205, 23, 2, '2025-02-27 07:45:28', '2025-05-16 22:36:42'),
(882, 206, 22, 0, '2025-02-27 07:45:28', '2025-02-27 07:45:28'),
(883, 206, 23, 0, '2025-02-27 07:45:28', '2025-04-21 22:35:34'),
(884, 207, 22, 0, '2025-02-27 07:45:28', '2025-02-27 07:45:28'),
(885, 207, 23, 0, '2025-02-27 07:45:28', '2025-04-21 22:35:34'),
(886, 212, 24, 0, '2025-02-27 08:50:31', '2025-02-27 08:50:31'),
(887, 212, 25, 0, '2025-02-27 08:50:31', '2025-02-27 08:50:31'),
(888, 212, 26, 2, '2025-02-27 08:50:31', '2025-02-27 08:50:31'),
(889, 212, 27, 4, '2025-02-27 08:50:31', '2025-02-27 08:50:31'),
(890, 212, 28, 4, '2025-02-27 08:50:31', '2025-02-27 08:50:31'),
(891, 212, 29, 2, '2025-02-27 08:50:31', '2025-02-27 08:50:31'),
(892, 212, 30, 0, '2025-02-27 08:50:31', '2025-02-27 08:50:31'),
(893, 211, 26, 2, '2025-02-27 08:50:31', '2025-02-27 08:50:31'),
(894, 211, 27, 2, '2025-02-27 08:50:31', '2025-02-27 08:50:31'),
(895, 211, 28, 2, '2025-02-27 08:50:31', '2025-02-27 08:50:31'),
(896, 211, 29, 2, '2025-02-27 08:50:31', '2025-02-27 08:50:31'),
(897, 211, 30, 2, '2025-02-27 08:50:31', '2025-02-27 08:50:31'),
(898, 211, 31, 2, '2025-02-27 08:50:31', '2025-02-27 08:50:31'),
(956, 215, 24, 3, '2025-03-02 04:45:28', '2025-03-02 04:45:28'),
(957, 215, 25, 3, '2025-03-02 04:45:28', '2025-03-02 04:45:28'),
(958, 215, 26, 3, '2025-03-02 04:45:28', '2025-03-02 04:45:28'),
(959, 215, 27, 0, '2025-03-02 04:45:28', '2025-03-02 04:45:28'),
(960, 215, 28, 0, '2025-03-02 04:45:28', '2025-03-02 04:45:28'),
(961, 215, 29, 0, '2025-03-02 04:45:28', '2025-03-02 04:45:28'),
(962, 215, 30, 0, '2025-03-02 04:45:28', '2025-03-02 04:45:28'),
(963, 215, 31, 0, '2025-03-02 04:45:28', '2025-03-02 04:45:28'),
(964, 215, 32, 0, '2025-03-02 04:45:28', '2025-03-02 04:45:28'),
(965, 215, 22, 3, '2025-03-02 04:45:28', '2025-03-02 04:45:28'),
(966, 215, 23, 3, '2025-03-02 04:45:28', '2025-03-02 04:45:28'),
(969, 217, 24, 1, '2025-03-05 04:13:43', '2025-05-16 22:36:42'),
(970, 217, 25, 2, '2025-03-05 04:13:43', '2025-05-16 22:36:42'),
(971, 217, 26, 2, '2025-03-05 04:13:43', '2025-05-16 22:36:42'),
(972, 217, 27, 0, '2025-03-05 04:13:43', '2025-05-16 22:36:42'),
(973, 217, 28, 4, '2025-03-05 04:13:43', '2025-03-05 04:13:43'),
(974, 217, 29, 1, '2025-03-05 04:13:43', '2025-05-16 22:36:42'),
(975, 217, 30, 0, '2025-03-05 04:13:43', '2025-03-05 04:13:43'),
(976, 217, 31, 0, '2025-03-05 04:13:43', '2025-03-05 04:13:43'),
(977, 217, 32, 0, '2025-03-05 04:13:43', '2025-03-05 04:13:43'),
(978, 218, 24, 0, '2025-03-05 04:13:43', '2025-05-16 22:36:42'),
(979, 218, 25, 3, '2025-03-05 04:13:43', '2025-05-16 22:36:42'),
(980, 218, 26, 6, '2025-03-05 04:13:43', '2025-05-16 22:36:42'),
(981, 218, 27, 3, '2025-03-05 04:13:43', '2025-05-16 22:36:42'),
(982, 218, 28, 0, '2025-03-05 04:13:43', '2025-03-05 04:13:43'),
(983, 218, 29, 0, '2025-03-05 04:13:43', '2025-03-05 04:13:43'),
(984, 218, 30, 0, '2025-03-05 04:13:43', '2025-03-05 04:13:43'),
(985, 218, 31, 0, '2025-03-05 04:13:43', '2025-03-05 04:13:43'),
(986, 218, 32, 0, '2025-03-05 04:13:44', '2025-03-05 04:13:44'),
(987, 219, 24, 0, '2025-03-05 04:13:44', '2025-03-05 04:13:44'),
(988, 219, 25, 0, '2025-03-05 04:13:44', '2025-03-05 04:13:44'),
(989, 219, 26, 2, '2025-03-05 04:13:44', '2025-03-05 04:13:44'),
(990, 219, 27, 4, '2025-03-05 04:13:44', '2025-03-05 04:13:44'),
(991, 219, 28, 4, '2025-03-05 04:13:44', '2025-03-05 04:13:44'),
(992, 219, 29, 2, '2025-03-05 04:13:44', '2025-03-05 04:13:44'),
(993, 219, 30, 0, '2025-03-05 04:13:44', '2025-03-05 04:13:44'),
(994, 219, 31, 0, '2025-03-05 04:13:44', '2025-03-05 04:13:44'),
(995, 219, 32, 0, '2025-03-05 04:13:44', '2025-03-05 04:13:44'),
(996, 220, 24, 4, '2025-03-05 04:13:44', '2025-03-05 04:13:44'),
(997, 220, 25, 4, '2025-03-05 04:13:44', '2025-03-05 04:13:44'),
(998, 220, 26, 2, '2025-03-05 04:13:44', '2025-03-05 04:13:44'),
(999, 220, 27, 2, '2025-03-05 04:13:44', '2025-03-05 04:13:44'),
(1000, 220, 28, 0, '2025-03-05 04:13:44', '2025-03-05 04:13:44'),
(1001, 220, 29, 0, '2025-03-05 04:13:44', '2025-03-05 04:13:44'),
(1002, 220, 30, 0, '2025-03-05 04:13:44', '2025-03-05 04:13:44'),
(1003, 220, 31, 0, '2025-03-05 04:13:44', '2025-03-05 04:13:44'),
(1004, 220, 32, 0, '2025-03-05 04:13:44', '2025-03-05 04:13:44'),
(1005, 221, 24, 1, '2025-03-05 05:24:35', '2025-05-27 00:55:11'),
(1006, 221, 25, 2, '2025-03-05 05:24:35', '2025-05-27 00:55:11'),
(1007, 221, 26, 1, '2025-03-05 05:24:35', '2025-05-27 00:55:11'),
(1008, 221, 27, 3, '2025-03-05 05:24:35', '2025-03-05 05:24:35'),
(1009, 221, 28, 2, '2025-03-05 05:24:35', '2025-05-27 00:55:11'),
(1010, 221, 29, 2, '2025-03-05 05:24:35', '2025-05-27 00:55:11'),
(1011, 221, 30, 1, '2025-03-05 05:24:35', '2025-05-27 00:55:12'),
(1012, 221, 31, 1, '2025-03-05 05:24:35', '2025-05-27 00:55:12'),
(1013, 222, 24, 0, '2025-03-05 05:24:35', '2025-03-05 05:24:35'),
(1014, 222, 25, 0, '2025-03-05 05:24:35', '2025-03-05 05:24:35'),
(1015, 222, 26, 0, '2025-03-05 05:24:35', '2025-03-05 05:24:35'),
(1016, 222, 27, 2, '2025-03-05 05:24:35', '2025-05-27 00:55:12'),
(1017, 222, 28, 8, '2025-03-05 05:24:35', '2025-05-27 00:55:12'),
(1018, 222, 29, 2, '2025-03-05 05:24:35', '2025-05-27 00:55:12'),
(1019, 222, 30, 2, '2025-03-05 05:24:36', '2025-05-27 00:55:12'),
(1020, 222, 31, 1, '2025-03-05 05:24:36', '2025-05-27 00:55:12'),
(1021, 223, 24, 0, '2025-03-05 05:24:36', '2025-03-05 05:24:36'),
(1022, 223, 25, 0, '2025-03-05 05:24:36', '2025-03-05 05:24:36'),
(1023, 223, 26, 2, '2025-03-05 05:24:36', '2025-05-27 00:55:12'),
(1024, 223, 27, 4, '2025-03-05 05:24:36', '2025-05-27 00:55:12'),
(1025, 223, 28, 12, '2025-03-05 05:24:36', '2025-05-27 00:55:12'),
(1026, 223, 29, 7, '2025-03-05 05:24:36', '2025-05-27 00:55:12'),
(1027, 223, 30, 3, '2025-03-05 05:24:36', '2025-05-27 00:55:12'),
(1028, 223, 31, 0, '2025-03-05 05:24:36', '2025-03-05 05:24:36'),
(1029, 224, 24, 0, '2025-03-11 00:42:07', '2025-03-11 00:42:07'),
(1030, 224, 25, 0, '2025-03-11 00:42:07', '2025-03-11 00:42:07'),
(1031, 224, 26, 1, '2025-03-11 00:42:07', '2025-03-11 00:42:07'),
(1032, 224, 27, 2, '2025-03-11 00:42:07', '2025-05-01 22:49:40'),
(1033, 224, 28, 3, '2025-03-11 00:42:07', '2025-05-01 22:49:41'),
(1034, 224, 29, 2, '2025-03-11 00:42:07', '2025-05-01 22:49:41'),
(1035, 224, 30, 1, '2025-03-11 00:42:07', '2025-03-11 00:42:07'),
(1036, 224, 31, 1, '2025-03-11 00:42:07', '2025-03-11 00:42:07'),
(1037, 224, 32, 0, '2025-03-11 00:42:07', '2025-03-11 00:42:07'),
(1038, 225, 24, 0, '2025-03-11 00:42:07', '2025-03-11 00:42:07'),
(1039, 225, 25, 0, '2025-03-11 00:42:07', '2025-03-11 00:42:07'),
(1040, 225, 26, 1, '2025-03-11 00:42:08', '2025-03-11 00:42:08'),
(1041, 225, 27, 1, '2025-03-11 00:42:08', '2025-03-11 00:42:08'),
(1042, 225, 28, 1, '2025-03-11 00:42:08', '2025-03-11 00:42:08'),
(1043, 225, 29, 1, '2025-03-11 00:42:08', '2025-03-11 00:42:08'),
(1044, 225, 30, 1, '2025-03-11 00:42:08', '2025-03-11 00:42:08'),
(1045, 225, 31, 1, '2025-03-11 00:42:08', '2025-03-11 00:42:08'),
(1046, 225, 32, 0, '2025-03-11 00:42:08', '2025-03-11 00:42:08'),
(1047, 226, 24, 0, '2025-03-11 01:05:16', '2025-03-11 01:05:16'),
(1048, 226, 25, 10, '2025-03-11 01:05:16', '2025-03-11 01:05:16'),
(1049, 226, 26, 10, '2025-03-11 01:05:16', '2025-03-11 01:05:16'),
(1050, 226, 27, 0, '2025-03-11 01:05:16', '2025-03-11 01:05:16'),
(1051, 226, 28, 20, '2025-03-11 01:05:16', '2025-03-11 01:05:16'),
(1052, 226, 29, 20, '2025-03-11 01:05:16', '2025-03-11 01:05:16'),
(1053, 226, 30, 0, '2025-03-11 01:05:16', '2025-03-11 01:05:16'),
(1054, 226, 31, 10, '2025-03-11 01:05:16', '2025-03-11 01:05:16'),
(1055, 227, 17, 0, '2025-03-11 05:01:22', '2025-03-11 05:01:22'),
(1056, 227, 18, 0, '2025-03-11 05:01:22', '2025-03-11 05:01:22'),
(1057, 227, 19, 0, '2025-03-11 05:01:22', '2025-03-11 05:01:22'),
(1058, 227, 20, 0, '2025-03-11 05:01:22', '2025-03-11 05:01:22'),
(1059, 227, 21, 0, '2025-03-11 05:01:22', '2025-03-11 05:01:22'),
(1060, 227, 22, 0, '2025-03-11 05:01:22', '2025-03-11 05:01:22'),
(1061, 227, 23, 1, '2025-03-11 05:01:22', '2025-03-11 05:01:22'),
(1062, 227, 24, 6, '2025-03-11 05:01:22', '2025-03-11 05:01:22'),
(1063, 227, 25, 7, '2025-03-11 05:01:22', '2025-03-11 05:01:22'),
(1064, 227, 26, 14, '2025-03-11 05:01:22', '2025-03-11 05:01:22'),
(1065, 227, 27, 21, '2025-03-11 05:01:22', '2025-03-11 05:01:22'),
(1066, 227, 28, 31, '2025-03-11 05:01:22', '2025-03-11 05:01:22'),
(1067, 227, 29, 10, '2025-03-11 05:01:22', '2025-03-11 05:01:22'),
(1068, 227, 30, 4, '2025-03-11 05:01:22', '2025-03-11 05:01:22'),
(1069, 228, 24, 1, '2025-03-11 06:44:23', '2025-04-22 05:13:20'),
(1070, 228, 25, 0, '2025-03-11 06:44:23', '2025-04-22 05:13:20'),
(1071, 228, 26, 2, '2025-03-11 06:44:23', '2025-06-10 23:26:13'),
(1072, 228, 27, 2, '2025-03-11 06:44:23', '2025-04-22 05:13:20'),
(1073, 228, 28, 2, '2025-03-11 06:44:23', '2025-06-10 23:26:13'),
(1074, 228, 29, 3, '2025-03-11 06:44:23', '2025-06-10 23:26:13'),
(1075, 228, 30, 2, '2025-03-11 06:44:23', '2025-06-10 23:26:13'),
(1076, 228, 31, 0, '2025-03-11 06:44:23', '2025-03-11 06:44:23'),
(1091, 230, 24, 23, '2025-03-18 22:29:43', '2025-03-18 22:29:43'),
(1092, 230, 25, 47, '2025-03-18 22:29:43', '2025-03-18 22:29:43'),
(1093, 230, 26, 55, '2025-03-18 22:29:43', '2025-03-18 22:29:43'),
(1094, 230, 27, 113, '2025-03-18 22:29:43', '2025-03-18 22:29:43'),
(1095, 230, 28, 69, '2025-03-18 22:29:43', '2025-03-18 22:29:43'),
(1096, 230, 29, 93, '2025-03-18 22:29:43', '2025-03-18 22:29:43'),
(1097, 230, 30, 29, '2025-03-18 22:29:43', '2025-03-18 22:29:43'),
(1098, 230, 31, 4, '2025-03-18 22:29:43', '2025-03-18 22:29:43'),
(1099, 230, 32, 3, '2025-03-18 22:29:43', '2025-03-18 22:29:43'),
(1100, 231, 24, 2, '2025-03-18 22:30:15', '2025-03-20 05:31:47'),
(1101, 231, 25, 2, '2025-03-18 22:30:15', '2025-03-20 05:31:47'),
(1102, 231, 26, 2, '2025-03-18 22:30:16', '2025-03-20 05:31:47'),
(1103, 231, 27, 2, '2025-03-18 22:30:16', '2025-03-20 05:31:47'),
(1104, 231, 28, 3, '2025-03-18 22:30:16', '2025-03-20 05:31:47'),
(1105, 231, 29, 3, '2025-03-18 22:30:16', '2025-03-20 05:31:47'),
(1106, 231, 30, 2, '2025-03-18 22:30:16', '2025-03-20 05:31:47'),
(1107, 231, 31, 1, '2025-03-18 22:30:16', '2025-03-20 05:31:47'),
(1108, 231, 32, 0, '2025-03-18 22:30:16', '2025-03-20 05:31:47'),
(1109, 232, 24, 23, '2025-03-18 22:31:51', '2025-03-18 22:31:51'),
(1110, 232, 25, 47, '2025-03-18 22:31:51', '2025-03-18 22:31:51'),
(1111, 232, 26, 55, '2025-03-18 22:31:51', '2025-03-18 22:31:51'),
(1112, 232, 27, 113, '2025-03-18 22:31:51', '2025-03-18 22:31:51'),
(1113, 232, 28, 69, '2025-03-18 22:31:51', '2025-03-18 22:31:51'),
(1114, 232, 29, 93, '2025-03-18 22:31:51', '2025-03-18 22:31:51'),
(1115, 232, 30, 29, '2025-03-18 22:31:51', '2025-03-18 22:31:51'),
(1116, 232, 31, 4, '2025-03-18 22:31:51', '2025-03-18 22:31:51'),
(1117, 232, 32, 3, '2025-03-18 22:31:51', '2025-03-18 22:31:51'),
(1118, 233, 24, 6, '2025-03-18 22:33:00', '2025-03-18 22:33:00'),
(1119, 233, 25, 6, '2025-03-18 22:33:00', '2025-03-18 22:33:00'),
(1120, 233, 26, 10, '2025-03-18 22:33:00', '2025-03-18 22:33:00'),
(1121, 233, 27, 15, '2025-03-18 22:33:00', '2025-03-18 22:33:00'),
(1122, 233, 28, 20, '2025-03-18 22:33:00', '2025-03-18 22:33:00'),
(1123, 233, 29, 20, '2025-03-18 22:33:00', '2025-03-18 22:33:00'),
(1124, 233, 30, 10, '2025-03-18 22:33:00', '2025-03-18 22:33:00'),
(1125, 233, 31, 10, '2025-03-18 22:33:00', '2025-03-18 22:33:00'),
(1126, 233, 32, 0, '2025-03-18 22:33:00', '2025-03-18 22:33:00'),
(1127, 234, 24, 6, '2025-03-18 22:34:21', '2025-03-18 22:34:21'),
(1128, 234, 25, 6, '2025-03-18 22:34:21', '2025-03-18 22:34:21'),
(1129, 234, 26, 10, '2025-03-18 22:34:21', '2025-03-18 22:34:21'),
(1130, 234, 27, 15, '2025-03-18 22:34:21', '2025-03-18 22:34:21'),
(1131, 234, 28, 20, '2025-03-18 22:34:21', '2025-03-18 22:34:21'),
(1132, 234, 29, 20, '2025-03-18 22:34:21', '2025-03-18 22:34:21'),
(1133, 234, 30, 10, '2025-03-18 22:34:21', '2025-03-18 22:34:21'),
(1134, 234, 31, 10, '2025-03-18 22:34:21', '2025-03-18 22:34:21'),
(1135, 234, 32, 0, '2025-03-18 22:34:21', '2025-03-18 22:34:21'),
(1136, 240, 23, 2, '2025-03-19 00:50:20', '2025-03-19 00:50:20'),
(1137, 240, 24, 3, '2025-03-19 00:50:20', '2025-03-19 00:50:20'),
(1138, 240, 25, 3, '2025-03-19 00:50:20', '2025-03-19 00:50:20'),
(1139, 240, 26, 2, '2025-03-19 00:50:20', '2025-03-19 00:50:20'),
(1140, 240, 27, 4, '2025-03-19 00:50:20', '2025-03-19 00:50:20'),
(1141, 240, 28, 2, '2025-03-19 00:50:20', '2025-03-19 00:50:20'),
(1142, 240, 29, 2, '2025-03-19 00:50:20', '2025-03-19 00:50:20'),
(1143, 240, 30, 0, '2025-03-19 00:50:20', '2025-03-19 00:50:20'),
(1144, 242, 24, 2, '2025-03-19 00:50:20', '2025-03-19 00:50:20'),
(1145, 242, 25, 3, '2025-03-19 00:50:20', '2025-03-19 00:50:20'),
(1146, 242, 26, 3, '2025-03-19 00:50:20', '2025-03-19 00:50:20'),
(1147, 242, 27, 2, '2025-03-19 00:50:20', '2025-03-19 00:50:20'),
(1148, 242, 28, 4, '2025-03-19 00:50:21', '2025-03-19 00:50:21'),
(1149, 242, 29, 2, '2025-03-19 00:50:21', '2025-03-19 00:50:21'),
(1150, 242, 30, 2, '2025-03-19 00:50:21', '2025-03-19 00:50:21'),
(1151, 242, 31, 1, '2025-03-19 00:50:21', '2025-03-19 00:50:21'),
(1152, 242, 32, 1, '2025-03-19 00:50:21', '2025-03-19 00:50:21'),
(1153, 238, 24, 0, '2025-03-19 00:50:21', '2025-06-20 04:40:45'),
(1154, 238, 25, 2, '2025-03-19 00:50:21', '2025-06-20 04:40:45'),
(1155, 238, 26, 0, '2025-03-19 00:50:21', '2025-06-20 04:40:45'),
(1156, 238, 27, 2, '2025-03-19 00:50:21', '2025-03-19 00:50:21'),
(1157, 238, 28, 2, '2025-03-19 00:50:21', '2025-06-20 04:40:45'),
(1158, 238, 29, 2, '2025-03-19 00:50:21', '2025-03-19 00:50:21'),
(1159, 238, 30, 0, '2025-03-19 00:50:21', '2025-06-20 04:40:45'),
(1160, 238, 31, 1, '2025-03-19 00:50:21', '2025-03-19 00:50:21'),
(1161, 238, 32, 3, '2025-03-19 00:50:21', '2025-06-20 04:40:45'),
(1162, 236, 26, 2, '2025-03-19 00:50:21', '2025-03-19 00:50:21'),
(1163, 236, 27, 3, '2025-03-19 00:50:21', '2025-03-19 00:50:21'),
(1164, 236, 28, 4, '2025-03-19 00:50:21', '2025-03-19 00:50:21'),
(1165, 236, 29, 4, '2025-03-19 00:50:21', '2025-03-19 00:50:21'),
(1166, 236, 30, 3, '2025-03-19 00:50:21', '2025-03-19 00:50:21'),
(1167, 237, 26, 4, '2025-03-19 00:50:21', '2025-03-19 00:50:21'),
(1168, 237, 27, 6, '2025-03-19 00:50:21', '2025-03-19 00:50:21'),
(1169, 237, 28, 12, '2025-03-19 00:50:21', '2025-03-19 00:50:21'),
(1170, 237, 29, 10, '2025-03-19 00:50:21', '2025-03-19 00:50:21'),
(1171, 237, 30, 6, '2025-03-19 00:50:21', '2025-03-19 00:50:21'),
(1172, 235, 24, 0, '2025-03-19 00:50:21', '2025-06-20 04:40:45'),
(1173, 235, 25, 0, '2025-03-19 00:50:21', '2025-06-20 04:40:45'),
(1174, 235, 26, 0, '2025-03-19 00:50:21', '2025-06-20 04:40:45'),
(1175, 235, 27, 4, '2025-03-19 00:50:21', '2025-06-20 04:40:45'),
(1176, 235, 28, 3, '2025-03-19 00:50:21', '2025-06-20 04:40:45'),
(1177, 235, 29, 3, '2025-03-19 00:50:21', '2025-06-20 04:40:45'),
(1178, 235, 30, 2, '2025-03-19 00:50:21', '2025-06-20 04:40:45'),
(1179, 235, 31, 0, '2025-03-19 00:50:21', '2025-05-01 01:47:22'),
(1180, 241, 24, 0, '2025-03-19 00:50:21', '2025-06-20 04:40:45'),
(1181, 241, 25, 0, '2025-03-19 00:50:21', '2025-06-20 04:40:45'),
(1182, 241, 26, 4, '2025-03-19 00:50:21', '2025-06-20 04:40:45'),
(1183, 241, 27, 4, '2025-03-19 00:50:21', '2025-05-01 01:47:22'),
(1184, 241, 28, 2, '2025-03-19 00:50:21', '2025-05-01 01:47:22'),
(1185, 241, 29, 2, '2025-03-19 00:50:21', '2025-06-20 04:40:45'),
(1186, 241, 30, 0, '2025-03-19 00:50:21', '2025-05-01 01:47:22'),
(1196, 244, 24, 6, '2025-03-19 09:39:14', '2025-03-19 09:39:14'),
(1197, 244, 25, 6, '2025-03-19 09:39:14', '2025-03-19 09:39:14'),
(1198, 244, 26, 10, '2025-03-19 09:39:14', '2025-03-19 09:39:14'),
(1199, 244, 27, 15, '2025-03-19 09:39:14', '2025-03-19 09:39:14'),
(1200, 244, 28, 20, '2025-03-19 09:39:14', '2025-03-19 09:39:14'),
(1201, 244, 29, 20, '2025-03-19 09:39:14', '2025-03-19 09:39:14'),
(1202, 244, 30, 10, '2025-03-19 09:39:14', '2025-03-19 09:39:14'),
(1203, 244, 31, 10, '2025-03-19 09:39:14', '2025-03-19 09:39:14'),
(1204, 244, 32, 0, '2025-03-19 09:39:14', '2025-03-19 09:39:14'),
(1205, 245, 17, 0, '2025-03-20 01:46:33', '2025-03-20 01:46:33'),
(1206, 245, 18, 0, '2025-03-20 01:46:33', '2025-03-20 01:46:33'),
(1207, 245, 19, 2, '2025-03-20 01:46:33', '2025-03-20 01:51:05'),
(1208, 245, 20, 2, '2025-03-20 01:46:33', '2025-03-20 01:51:05'),
(1209, 245, 21, 2, '2025-03-20 01:46:33', '2025-03-20 01:51:05'),
(1210, 245, 22, 2, '2025-03-20 01:46:33', '2025-03-20 01:51:05'),
(1211, 245, 23, 2, '2025-03-20 01:46:33', '2025-03-20 01:51:05'),
(1212, 245, 24, 2, '2025-03-20 01:46:33', '2025-03-20 01:51:05'),
(1213, 245, 25, 2, '2025-03-20 01:46:33', '2025-03-20 01:51:05'),
(1214, 245, 26, 2, '2025-03-20 01:46:33', '2025-03-20 01:51:05'),
(1215, 245, 27, 0, '2025-03-20 01:46:33', '2025-03-20 01:51:05'),
(1216, 245, 28, 0, '2025-03-20 01:46:34', '2025-03-20 01:51:05'),
(1217, 245, 29, 0, '2025-03-20 01:46:34', '2025-03-20 01:51:05'),
(1218, 245, 30, 0, '2025-03-20 01:46:34', '2025-03-20 01:51:05'),
(1219, 246, 23, 10, '2025-03-20 04:24:00', '2025-03-20 04:24:00'),
(1220, 246, 24, 15, '2025-03-20 04:24:00', '2025-03-20 04:24:00'),
(1221, 246, 25, 20, '2025-03-20 04:24:00', '2025-03-20 04:24:00'),
(1222, 246, 26, 20, '2025-03-20 04:24:00', '2025-03-20 04:24:00'),
(1223, 246, 27, 20, '2025-03-20 04:24:00', '2025-03-20 04:24:00'),
(1224, 246, 28, 10, '2025-03-20 04:24:00', '2025-03-20 04:24:00'),
(1225, 246, 29, 10, '2025-03-20 04:24:00', '2025-03-20 04:24:00'),
(1226, 246, 30, 6, '2025-03-20 04:24:00', '2025-03-20 04:24:00'),
(1227, 246, 31, 6, '2025-03-20 04:24:00', '2025-03-20 04:24:00'),
(1228, 247, 24, 1, '2025-03-20 05:26:55', '2025-03-20 05:31:47'),
(1229, 247, 25, 1, '2025-03-20 05:26:55', '2025-03-20 05:31:47'),
(1230, 247, 26, 2, '2025-03-20 05:26:55', '2025-03-20 05:31:47'),
(1231, 247, 27, 2, '2025-03-20 05:26:55', '2025-03-20 05:31:47'),
(1232, 247, 28, 2, '2025-03-20 05:26:55', '2025-03-20 05:31:47'),
(1233, 247, 29, 3, '2025-03-20 05:26:55', '2025-03-20 05:31:47'),
(1234, 247, 30, 3, '2025-03-20 05:26:55', '2025-03-20 05:31:47'),
(1235, 247, 31, 2, '2025-03-20 05:26:55', '2025-03-20 05:31:47'),
(1236, 247, 32, 1, '2025-03-20 05:26:55', '2025-03-20 05:31:47'),
(1255, 249, 24, 0, '2025-03-21 01:24:01', '2025-03-21 01:28:16'),
(1256, 249, 25, 0, '2025-03-21 01:24:01', '2025-03-21 01:28:16'),
(1257, 249, 26, 0, '2025-03-21 01:24:01', '2025-06-12 03:35:44'),
(1258, 249, 27, 3, '2025-03-21 01:24:01', '2025-06-12 03:35:44'),
(1259, 249, 28, 6, '2025-03-21 01:24:01', '2025-06-12 03:35:44'),
(1260, 249, 29, 2, '2025-03-21 01:24:01', '2025-06-12 03:35:44'),
(1261, 249, 30, 1, '2025-03-21 01:24:01', '2025-06-12 03:35:44'),
(1262, 249, 31, 0, '2025-03-21 01:24:01', '2025-03-21 01:28:16'),
(1263, 249, 32, 0, '2025-03-21 01:24:01', '2025-03-21 01:24:01'),
(1264, 216, 24, 10, '2025-03-27 01:03:49', '2025-03-27 01:03:49'),
(1265, 216, 25, 20, '2025-03-27 01:03:49', '2025-03-27 01:03:49'),
(1266, 216, 26, 20, '2025-03-27 01:03:49', '2025-03-27 01:03:49'),
(1267, 216, 27, 20, '2025-03-27 01:03:49', '2025-03-27 01:03:49'),
(1268, 216, 28, 10, '2025-03-27 01:03:49', '2025-03-27 01:03:49'),
(1269, 216, 29, 20, '2025-03-27 01:03:49', '2025-03-27 01:03:49'),
(1270, 216, 30, 10, '2025-03-27 01:03:49', '2025-03-27 01:03:49'),
(1271, 216, 31, 0, '2025-03-27 01:03:49', '2025-03-27 01:03:49'),
(1272, 216, 32, 0, '2025-03-27 01:03:49', '2025-03-27 01:03:49'),
(1273, 251, 23, 5, '2025-03-27 02:19:03', '2025-03-27 02:46:12'),
(1274, 251, 24, 10, '2025-03-27 02:19:03', '2025-03-27 02:19:03'),
(1275, 251, 25, 6, '2025-03-27 02:19:03', '2025-03-27 02:46:12'),
(1276, 251, 26, 4, '2025-03-27 02:19:03', '2025-03-27 02:46:12'),
(1277, 251, 27, 5, '2025-03-27 02:19:03', '2025-03-27 02:46:12'),
(1278, 251, 28, 5, '2025-03-27 02:19:03', '2025-03-27 02:46:12'),
(1279, 251, 29, 5, '2025-03-27 02:19:03', '2025-03-27 02:19:03'),
(1280, 251, 30, 5, '2025-03-27 02:19:03', '2025-03-27 02:46:12'),
(1310, 255, 23, 0, '2025-04-04 23:46:02', '2025-04-04 23:46:02'),
(1311, 255, 24, 1, '2025-04-04 23:46:02', '2025-04-04 23:46:02'),
(1312, 255, 25, 2, '2025-04-04 23:46:02', '2025-04-04 23:46:02'),
(1313, 255, 26, 2, '2025-04-04 23:46:02', '2025-04-04 23:46:02'),
(1314, 255, 27, 2, '2025-04-04 23:46:02', '2025-04-04 23:46:02'),
(1315, 255, 28, 1, '2025-04-04 23:46:02', '2025-04-04 23:46:02'),
(1316, 255, 29, 0, '2025-04-04 23:46:02', '2025-04-04 23:46:02'),
(1317, 255, 30, 0, '2025-04-04 23:46:02', '2025-04-04 23:46:02'),
(1318, 255, 31, 0, '2025-04-04 23:46:02', '2025-04-04 23:46:02'),
(1319, 255, 32, 0, '2025-04-04 23:46:02', '2025-04-04 23:46:02'),
(1320, 201, 23, 2, '2025-04-21 22:35:35', '2025-06-12 04:35:14'),
(1321, 201, 24, 4, '2025-04-21 22:35:35', '2025-04-21 22:35:35'),
(1322, 201, 25, 6, '2025-04-21 22:35:35', '2025-06-12 04:35:14'),
(1323, 201, 26, 4, '2025-04-21 22:35:35', '2025-06-12 04:35:14'),
(1324, 201, 27, 6, '2025-04-21 22:35:35', '2025-06-12 04:35:14'),
(1325, 201, 28, 0, '2025-04-21 22:35:35', '2025-06-12 04:35:14'),
(1326, 201, 29, 0, '2025-04-21 22:35:35', '2025-06-12 04:35:14'),
(1327, 201, 30, 0, '2025-04-21 22:35:35', '2025-04-21 22:35:35'),
(1328, 201, 31, 0, '2025-04-21 22:35:35', '2025-04-21 22:35:35'),
(1329, 201, 32, 0, '2025-04-21 22:35:35', '2025-04-21 22:35:35'),
(1330, 256, 23, 4, '2025-04-21 22:35:35', '2025-04-21 22:35:35'),
(1331, 256, 24, 4, '2025-04-21 22:35:35', '2025-04-21 22:35:35'),
(1332, 256, 25, 4, '2025-04-21 22:35:35', '2025-04-21 22:35:35'),
(1333, 256, 26, 4, '2025-04-21 22:35:35', '2025-04-21 22:35:35'),
(1334, 256, 27, 0, '2025-04-21 22:35:35', '2025-04-21 22:35:35'),
(1335, 256, 28, 0, '2025-04-21 22:35:35', '2025-04-21 22:35:35'),
(1336, 256, 29, 0, '2025-04-21 22:35:35', '2025-04-21 22:35:35'),
(1337, 256, 30, 0, '2025-04-21 22:35:35', '2025-04-21 22:35:35'),
(1338, 256, 31, 0, '2025-04-21 22:35:35', '2025-04-21 22:35:35'),
(1339, 256, 32, 0, '2025-04-21 22:35:35', '2025-04-21 22:35:35'),
(1340, 257, 24, 0, '2025-04-21 23:16:34', '2025-05-12 21:36:30'),
(1341, 257, 25, 0, '2025-04-21 23:16:34', '2025-05-12 21:36:30'),
(1342, 257, 26, 5, '2025-04-21 23:16:34', '2025-05-12 21:36:30'),
(1343, 257, 27, 15, '2025-04-21 23:16:34', '2025-05-12 21:36:30'),
(1344, 257, 28, 20, '2025-04-21 23:16:34', '2025-05-12 21:36:30'),
(1345, 257, 29, 20, '2025-04-21 23:16:34', '2025-05-12 21:36:30'),
(1346, 257, 30, 10, '2025-04-21 23:16:34', '2025-05-12 21:36:30'),
(1347, 258, 24, 2, '2025-04-22 05:13:20', '2025-06-10 23:26:13'),
(1348, 258, 25, 3, '2025-04-22 05:13:20', '2025-04-22 05:13:20'),
(1349, 258, 26, 3, '2025-04-22 05:13:20', '2025-04-22 05:13:20'),
(1350, 258, 27, 3, '2025-04-22 05:13:20', '2025-06-10 23:26:13'),
(1351, 258, 28, 2, '2025-04-22 05:13:20', '2025-04-22 05:13:20'),
(1352, 258, 29, 3, '2025-04-22 05:13:20', '2025-06-10 23:26:13'),
(1353, 258, 30, 2, '2025-04-22 05:13:20', '2025-06-10 23:26:13'),
(1354, 258, 31, 0, '2025-04-22 05:13:20', '2025-04-22 05:13:20'),
(1355, 259, 24, 2, '2025-04-22 05:13:20', '2025-04-22 05:13:20'),
(1356, 259, 25, 4, '2025-04-22 05:13:20', '2025-04-22 05:13:20'),
(1357, 259, 26, 4, '2025-04-22 05:13:20', '2025-04-22 05:13:20'),
(1358, 259, 27, 2, '2025-04-22 05:13:20', '2025-04-22 05:13:20'),
(1359, 259, 28, 0, '2025-04-22 05:13:20', '2025-04-22 05:13:20'),
(1360, 259, 29, 0, '2025-04-22 05:13:20', '2025-04-22 05:13:20'),
(1361, 259, 30, 0, '2025-04-22 05:13:20', '2025-04-22 05:13:20'),
(1362, 259, 31, 0, '2025-04-22 05:13:20', '2025-04-22 05:13:20'),
(1364, 189, 23, 5, '2025-04-22 05:37:31', '2025-04-22 05:37:31'),
(1365, 189, 24, 10, '2025-04-22 05:37:31', '2025-04-22 05:37:31'),
(1366, 189, 25, 10, '2025-04-22 05:37:31', '2025-04-22 05:37:31'),
(1367, 189, 26, 10, '2025-04-22 05:37:32', '2025-04-22 05:37:32'),
(1368, 189, 27, 10, '2025-04-22 05:37:32', '2025-04-22 05:37:32'),
(1369, 189, 28, 10, '2025-04-22 05:37:32', '2025-04-22 05:37:32'),
(1370, 189, 29, 10, '2025-04-22 05:37:32', '2025-04-22 05:37:32'),
(1371, 189, 30, 10, '2025-04-22 05:37:32', '2025-04-22 05:37:32'),
(1372, 189, 31, 10, '2025-04-22 05:37:32', '2025-04-22 05:37:32'),
(1373, 189, 32, 5, '2025-04-22 05:37:32', '2025-04-22 05:37:32'),
(1374, 261, 19, 0, '2025-04-22 05:52:50', '2025-04-22 05:56:25'),
(1375, 261, 20, 0, '2025-04-22 05:52:50', '2025-04-22 05:55:02'),
(1376, 261, 21, 0, '2025-04-22 05:52:50', '2025-04-22 05:55:02'),
(1377, 261, 22, 0, '2025-04-22 05:52:50', '2025-04-22 05:56:25'),
(1378, 261, 23, 0, '2025-04-22 05:52:50', '2025-04-22 05:55:02'),
(1379, 261, 24, 0, '2025-04-22 05:52:50', '2025-04-22 05:55:02'),
(1380, 261, 25, 0, '2025-04-22 05:52:50', '2025-04-22 05:55:02'),
(1381, 261, 26, 10, '2025-04-22 05:52:50', '2025-04-22 05:56:25'),
(1382, 261, 27, 0, '2025-04-22 05:52:51', '2025-04-22 05:55:02'),
(1383, 261, 28, 0, '2025-04-22 05:52:51', '2025-04-22 05:55:02'),
(1384, 261, 29, 0, '2025-04-22 05:52:51', '2025-04-22 05:55:02'),
(1385, 261, 30, 0, '2025-04-22 05:52:51', '2025-04-22 05:55:02'),
(1386, 261, 31, 0, '2025-04-22 05:52:51', '2025-04-22 05:55:02'),
(1387, 261, 32, 0, '2025-04-22 05:52:51', '2025-04-22 05:55:02'),
(1388, 262, 23, 0, '2025-04-22 06:12:16', '2025-04-22 06:12:16'),
(1389, 262, 24, 0, '2025-04-22 06:12:16', '2025-04-22 06:12:16'),
(1390, 262, 25, 0, '2025-04-22 06:12:16', '2025-04-22 06:12:16'),
(1391, 262, 26, 0, '2025-04-22 06:12:16', '2025-04-22 06:12:16'),
(1392, 262, 27, 10, '2025-04-22 06:12:16', '2025-04-22 06:12:16'),
(1393, 262, 28, 0, '2025-04-22 06:12:16', '2025-04-22 06:12:16'),
(1394, 262, 29, 0, '2025-04-22 06:12:16', '2025-04-22 06:12:16'),
(1395, 262, 30, 0, '2025-04-22 06:12:16', '2025-04-22 06:12:16'),
(1396, 262, 31, 0, '2025-04-22 06:12:16', '2025-04-22 06:12:16'),
(1397, 262, 32, 0, '2025-04-22 06:12:16', '2025-04-22 06:12:16'),
(1398, 263, 24, 3, '2025-04-22 23:27:54', '2025-04-22 23:27:54'),
(1399, 263, 25, 5, '2025-04-22 23:27:54', '2025-04-22 23:27:54'),
(1400, 263, 26, 4, '2025-04-22 23:27:54', '2025-04-22 23:27:54'),
(1401, 263, 27, 4, '2025-04-22 23:27:54', '2025-04-22 23:27:54'),
(1402, 263, 28, 3, '2025-04-22 23:27:54', '2025-04-22 23:27:54'),
(1403, 263, 29, 5, '2025-04-22 23:27:54', '2025-04-22 23:27:54'),
(1412, 264, 23, 0, '2025-04-24 01:00:16', '2025-04-24 01:00:16'),
(1413, 264, 24, 0, '2025-04-24 01:00:16', '2025-04-24 01:00:16'),
(1414, 264, 25, 10, '2025-04-24 01:00:17', '2025-04-24 01:00:17'),
(1415, 264, 26, 6, '2025-04-24 01:00:17', '2025-04-24 01:00:17'),
(1416, 264, 27, 15, '2025-04-24 01:00:17', '2025-04-24 01:00:17'),
(1417, 264, 28, 15, '2025-04-24 01:00:17', '2025-04-24 01:00:17'),
(1418, 264, 29, 15, '2025-04-24 01:00:17', '2025-04-24 01:00:17'),
(1419, 264, 30, 6, '2025-04-24 01:00:17', '2025-04-24 01:00:17'),
(1420, 264, 31, 0, '2025-04-24 01:00:17', '2025-04-24 01:00:17'),
(1421, 264, 32, 0, '2025-04-24 01:00:17', '2025-04-24 01:00:17'),
(1422, 265, 23, 0, '2025-04-24 01:00:17', '2025-04-24 01:00:17'),
(1423, 265, 24, 0, '2025-04-24 01:00:17', '2025-04-24 01:00:17'),
(1424, 265, 25, 15, '2025-04-24 01:00:17', '2025-04-24 01:00:17'),
(1425, 265, 26, 15, '2025-04-24 01:00:17', '2025-04-24 01:00:17'),
(1426, 265, 27, 0, '2025-04-24 01:00:17', '2025-04-24 01:00:17'),
(1427, 265, 28, 0, '2025-04-24 01:00:17', '2025-04-24 01:00:17'),
(1428, 265, 29, 0, '2025-04-24 01:00:17', '2025-04-24 01:00:17'),
(1429, 265, 30, 0, '2025-04-24 01:00:17', '2025-04-24 01:00:17'),
(1431, 194, 23, 2, '2025-04-30 00:33:25', '2025-04-30 00:33:25'),
(1432, 194, 24, 33, '2025-04-30 00:33:25', '2025-04-30 00:33:25'),
(1433, 194, 25, 35, '2025-04-30 00:33:25', '2025-04-30 00:33:25'),
(1434, 194, 26, 30, '2025-04-30 00:33:25', '2025-06-11 01:01:48'),
(1435, 194, 27, 63, '2025-04-30 00:33:25', '2025-06-11 01:01:48'),
(1436, 194, 28, 65, '2025-04-30 00:33:25', '2025-04-30 00:33:25'),
(1437, 194, 29, 58, '2025-04-30 00:33:25', '2025-06-11 01:01:48'),
(1438, 194, 30, 16, '2025-04-30 00:33:25', '2025-06-11 01:01:48'),
(1439, 194, 31, 0, '2025-04-30 00:33:25', '2025-04-30 00:33:25'),
(1440, 194, 32, 0, '2025-04-30 00:33:25', '2025-04-30 00:33:25'),
(1441, 204, 23, 0, '2025-04-30 00:33:25', '2025-04-30 00:33:25'),
(1442, 204, 24, 10, '2025-04-30 00:33:25', '2025-04-30 00:33:25'),
(1443, 204, 25, 5, '2025-04-30 00:33:25', '2025-06-11 01:01:48'),
(1444, 204, 26, 5, '2025-04-30 00:33:25', '2025-06-11 01:01:48'),
(1445, 204, 27, 10, '2025-04-30 00:33:25', '2025-04-30 00:33:25'),
(1446, 204, 28, 10, '2025-04-30 00:33:25', '2025-04-30 00:33:25'),
(1447, 204, 29, 10, '2025-04-30 00:33:25', '2025-04-30 00:33:25'),
(1448, 204, 30, 4, '2025-04-30 00:33:25', '2025-06-11 01:01:48'),
(1449, 204, 31, 3, '2025-04-30 00:33:25', '2025-04-30 00:33:25'),
(1450, 204, 32, 1, '2025-04-30 00:33:25', '2025-04-30 00:33:25'),
(1451, 266, 24, 1, '2025-05-01 22:19:35', '2025-05-01 22:49:41'),
(1452, 266, 25, 2, '2025-05-01 22:19:35', '2025-05-01 22:49:41'),
(1453, 266, 26, 2, '2025-05-01 22:19:35', '2025-05-01 22:49:41'),
(1454, 266, 27, 1, '2025-05-01 22:19:35', '2025-05-01 22:49:41'),
(1455, 266, 28, 0, '2025-05-01 22:19:35', '2025-05-01 22:19:35'),
(1456, 266, 29, 0, '2025-05-01 22:19:35', '2025-05-01 22:19:35'),
(1457, 266, 30, 0, '2025-05-01 22:19:35', '2025-05-01 22:19:35'),
(1458, 266, 31, 0, '2025-05-01 22:19:35', '2025-05-01 22:19:35'),
(1459, 266, 32, 0, '2025-05-01 22:19:35', '2025-05-01 22:19:35'),
(1460, 267, 24, 0, '2025-05-01 22:19:37', '2025-05-01 22:19:37'),
(1461, 267, 25, 0, '2025-05-01 22:19:37', '2025-05-01 22:19:37'),
(1462, 267, 26, 1, '2025-05-01 22:19:37', '2025-05-01 22:49:41'),
(1463, 267, 27, 1, '2025-05-01 22:19:37', '2025-05-01 22:49:41'),
(1464, 267, 28, 1, '2025-05-01 22:19:37', '2025-05-01 22:49:41'),
(1465, 267, 29, 1, '2025-05-01 22:19:37', '2025-05-01 22:49:41'),
(1466, 267, 30, 1, '2025-05-01 22:19:37', '2025-05-01 22:49:41'),
(1467, 267, 31, 1, '2025-05-01 22:19:37', '2025-05-01 22:49:41'),
(1468, 267, 32, 0, '2025-05-01 22:19:37', '2025-05-01 22:19:37'),
(1469, 224, 23, 0, '2025-05-01 22:49:40', '2025-05-01 22:49:40'),
(1470, 225, 23, 0, '2025-05-01 22:49:41', '2025-05-01 22:49:41'),
(1471, 266, 23, 0, '2025-05-01 22:49:41', '2025-05-01 22:49:41'),
(1472, 267, 23, 0, '2025-05-01 22:49:41', '2025-05-01 22:49:41'),
(1473, 268, 24, 10, '2025-05-12 21:36:30', '2025-05-12 21:38:56'),
(1474, 268, 25, 20, '2025-05-12 21:36:30', '2025-05-12 21:38:56'),
(1475, 268, 26, 20, '2025-05-12 21:36:30', '2025-05-12 21:38:56'),
(1476, 268, 27, 5, '2025-05-12 21:36:30', '2025-05-12 21:38:56'),
(1477, 268, 28, 0, '2025-05-12 21:36:31', '2025-05-12 21:36:31'),
(1478, 268, 29, 0, '2025-05-12 21:36:31', '2025-05-12 21:36:31'),
(1479, 268, 30, 0, '2025-05-12 21:36:31', '2025-05-12 21:36:31'),
(1480, 257, 23, 0, '2025-05-12 21:38:55', '2025-05-12 21:38:55'),
(1481, 257, 31, 5, '2025-05-12 21:38:56', '2025-05-12 21:38:56'),
(1482, 268, 23, 5, '2025-05-12 21:38:56', '2025-05-12 21:38:56'),
(1483, 268, 31, 0, '2025-05-12 21:38:56', '2025-05-12 21:38:56'),
(1484, 269, 24, 6, '2025-05-14 00:22:58', '2025-05-14 00:34:44'),
(1485, 269, 25, 10, '2025-05-14 00:22:58', '2025-05-14 00:34:44'),
(1486, 269, 26, 6, '2025-05-14 00:22:58', '2025-05-14 00:34:44'),
(1487, 269, 27, 3, '2025-05-14 00:22:58', '2025-05-14 00:34:44'),
(1488, 269, 28, 0, '2025-05-14 00:22:58', '2025-05-14 00:22:58'),
(1489, 269, 29, 0, '2025-05-14 00:22:58', '2025-05-14 00:22:58'),
(1490, 269, 30, 0, '2025-05-14 00:22:58', '2025-05-14 00:22:58'),
(1491, 270, 24, 6, '2025-05-14 00:22:59', '2025-05-14 00:34:44'),
(1492, 270, 25, 10, '2025-05-14 00:22:59', '2025-05-14 00:34:44'),
(1493, 270, 26, 6, '2025-05-14 00:22:59', '2025-05-14 00:34:44'),
(1494, 270, 27, 3, '2025-05-14 00:22:59', '2025-05-14 00:34:44'),
(1495, 270, 28, 0, '2025-05-14 00:22:59', '2025-05-14 00:22:59');
INSERT INTO `cotizacion_has_numeraciones` (`id`, `idCotizacion`, `idNumeracion`, `cantidad`, `created_at`, `updated_at`) VALUES
(1496, 270, 29, 0, '2025-05-14 00:22:59', '2025-05-14 00:22:59'),
(1497, 270, 30, 0, '2025-05-14 00:22:59', '2025-05-14 00:22:59'),
(1498, 217, 23, 2, '2025-05-16 22:36:42', '2025-05-16 22:36:42'),
(1499, 218, 23, 0, '2025-05-16 22:36:42', '2025-05-16 22:36:42'),
(1503, 188, 23, 0, '2025-05-26 23:28:16', '2025-05-26 23:28:16'),
(1504, 192, 23, 0, '2025-05-26 23:28:17', '2025-05-26 23:28:17'),
(1505, 192, 31, 0, '2025-05-26 23:28:17', '2025-05-26 23:28:17'),
(1514, 271, 23, 0, '2025-06-03 04:23:56', '2025-06-03 04:23:56'),
(1515, 271, 24, 0, '2025-06-03 04:23:56', '2025-06-03 04:23:56'),
(1516, 271, 25, 2, '2025-06-03 04:23:56', '2025-06-03 04:23:56'),
(1517, 271, 26, 2, '2025-06-03 04:23:56', '2025-06-03 04:23:56'),
(1518, 271, 27, 3, '2025-06-03 04:23:56', '2025-06-03 04:23:56'),
(1519, 271, 28, 2, '2025-06-03 04:23:56', '2025-06-03 04:23:56'),
(1520, 271, 29, 2, '2025-06-03 04:23:56', '2025-06-03 04:23:56'),
(1521, 271, 30, 2, '2025-06-03 04:23:56', '2025-06-03 04:23:56'),
(1522, 271, 31, 1, '2025-06-03 04:23:56', '2025-06-03 04:23:56'),
(1523, 271, 32, 1, '2025-06-03 04:23:56', '2025-06-03 04:23:56'),
(1524, 272, 23, 0, '2025-06-10 23:20:50', '2025-06-10 23:20:50'),
(1525, 272, 24, 0, '2025-06-10 23:20:50', '2025-06-10 23:20:50'),
(1526, 272, 25, 2, '2025-06-10 23:20:50', '2025-06-10 23:26:13'),
(1527, 272, 26, 2, '2025-06-10 23:20:50', '2025-06-10 23:26:13'),
(1528, 272, 27, 2, '2025-06-10 23:20:50', '2025-06-10 23:26:13'),
(1529, 272, 28, 2, '2025-06-10 23:20:50', '2025-06-10 23:26:13'),
(1530, 272, 29, 2, '2025-06-10 23:20:50', '2025-06-10 23:26:13'),
(1531, 272, 30, 2, '2025-06-10 23:20:50', '2025-06-10 23:26:13'),
(1532, 272, 31, 0, '2025-06-10 23:20:50', '2025-06-10 23:20:50'),
(1533, 273, 24, 3, '2025-06-11 01:38:52', '2025-06-11 02:09:52'),
(1534, 273, 25, 6, '2025-06-11 01:38:52', '2025-06-11 02:09:52'),
(1535, 273, 26, 6, '2025-06-11 01:38:52', '2025-06-11 02:09:52'),
(1536, 273, 27, 10, '2025-06-11 01:38:52', '2025-06-11 02:09:52'),
(1537, 273, 28, 12, '2025-06-11 01:38:52', '2025-06-11 02:09:53'),
(1538, 273, 29, 10, '2025-06-11 01:38:52', '2025-06-11 02:09:53'),
(1539, 273, 30, 6, '2025-06-11 01:38:52', '2025-06-11 02:09:53'),
(1540, 273, 31, 3, '2025-06-11 01:38:52', '2025-06-11 02:09:53'),
(1541, 273, 32, 0, '2025-06-11 01:38:52', '2025-06-11 01:38:52'),
(1542, 273, 22, 0, '2025-06-11 01:38:52', '2025-06-11 01:38:52'),
(1543, 273, 23, 0, '2025-06-11 01:38:52', '2025-06-11 01:38:52'),
(1544, 274, 24, 3, '2025-06-11 01:38:53', '2025-06-11 02:09:53'),
(1545, 274, 25, 6, '2025-06-11 01:38:53', '2025-06-11 02:09:53'),
(1546, 274, 26, 6, '2025-06-11 01:38:53', '2025-06-11 02:09:53'),
(1547, 274, 27, 10, '2025-06-11 01:38:53', '2025-06-11 02:09:53'),
(1548, 274, 28, 12, '2025-06-11 01:38:53', '2025-06-11 02:09:53'),
(1549, 274, 29, 10, '2025-06-11 01:38:53', '2025-06-11 02:09:53'),
(1550, 274, 30, 6, '2025-06-11 01:38:53', '2025-06-11 02:09:53'),
(1551, 274, 31, 3, '2025-06-11 01:38:53', '2025-06-11 02:09:53'),
(1552, 274, 32, 0, '2025-06-11 01:38:53', '2025-06-11 01:38:53'),
(1553, 274, 22, 0, '2025-06-11 01:38:53', '2025-06-11 01:38:53'),
(1554, 274, 23, 0, '2025-06-11 01:38:53', '2025-06-11 01:38:53'),
(1555, 275, 24, 3, '2025-06-11 02:09:53', '2025-06-11 02:09:53'),
(1556, 275, 25, 6, '2025-06-11 02:09:53', '2025-06-11 02:09:53'),
(1557, 275, 26, 7, '2025-06-11 02:09:53', '2025-06-11 02:09:53'),
(1558, 275, 27, 10, '2025-06-11 02:09:53', '2025-06-11 02:09:53'),
(1559, 275, 28, 13, '2025-06-11 02:09:53', '2025-06-11 02:09:53'),
(1560, 275, 29, 10, '2025-06-11 02:09:53', '2025-06-11 02:09:53'),
(1561, 275, 30, 9, '2025-06-11 02:09:53', '2025-06-11 02:09:53'),
(1562, 249, 23, 0, '2025-06-12 03:35:44', '2025-06-12 03:35:44'),
(1563, 276, 23, 1, '2025-06-12 04:35:14', '2025-06-12 04:35:14'),
(1564, 276, 24, 3, '2025-06-12 04:35:14', '2025-06-12 04:35:14'),
(1565, 276, 25, 3, '2025-06-12 04:35:14', '2025-06-12 04:35:14'),
(1566, 276, 26, 3, '2025-06-12 04:35:14', '2025-06-12 04:35:14'),
(1567, 276, 27, 3, '2025-06-12 04:35:14', '2025-06-12 04:35:14'),
(1568, 276, 28, 1, '2025-06-12 04:35:14', '2025-06-12 04:35:14'),
(1569, 276, 29, 2, '2025-06-12 04:35:14', '2025-06-12 04:35:14'),
(1570, 276, 30, 0, '2025-06-12 04:35:14', '2025-06-12 04:35:14'),
(1571, 277, 23, 0, '2025-06-12 04:35:14', '2025-06-12 04:35:14'),
(1572, 277, 24, 3, '2025-06-12 04:35:14', '2025-06-12 04:35:14'),
(1573, 277, 25, 4, '2025-06-12 04:35:14', '2025-06-12 04:35:14'),
(1574, 277, 26, 0, '2025-06-12 04:35:14', '2025-06-12 04:35:14'),
(1575, 277, 27, 2, '2025-06-12 04:35:14', '2025-06-12 04:35:14'),
(1576, 277, 28, 2, '2025-06-12 04:35:14', '2025-06-12 04:35:14'),
(1577, 277, 29, 2, '2025-06-12 04:35:14', '2025-06-12 04:35:14'),
(1578, 277, 30, 0, '2025-06-12 04:35:14', '2025-06-12 04:35:14'),
(1579, 278, 24, 3, '2025-06-12 06:21:44', '2025-06-12 06:35:23'),
(1580, 278, 25, 2, '2025-06-12 06:21:44', '2025-06-12 06:35:23'),
(1581, 278, 26, 8, '2025-06-12 06:21:44', '2025-06-12 06:35:23'),
(1582, 278, 27, 33, '2025-06-12 06:21:44', '2025-06-12 06:35:23'),
(1583, 278, 28, 26, '2025-06-12 06:21:44', '2025-06-12 06:35:23'),
(1584, 278, 29, 14, '2025-06-12 06:21:44', '2025-06-12 06:35:23'),
(1585, 278, 30, 4, '2025-06-12 06:21:44', '2025-06-12 06:35:23'),
(1586, 238, 23, 0, '2025-06-20 04:40:45', '2025-06-20 04:40:45'),
(1587, 241, 23, 0, '2025-06-20 04:40:45', '2025-06-20 04:40:45'),
(1588, 184, 23, 0, '2025-06-20 05:10:58', '2025-06-20 05:10:58'),
(1589, 184, 24, 5, '2025-06-20 05:10:58', '2025-06-20 05:10:58'),
(1590, 184, 25, 6, '2025-06-20 05:10:59', '2025-06-20 05:10:59'),
(1591, 184, 26, 5, '2025-06-20 05:10:59', '2025-06-20 05:10:59'),
(1592, 184, 27, 6, '2025-06-20 05:10:59', '2025-06-20 05:10:59'),
(1593, 184, 28, 5, '2025-06-20 05:10:59', '2025-06-20 05:10:59'),
(1594, 184, 29, 5, '2025-06-20 05:10:59', '2025-06-20 05:10:59'),
(1595, 184, 30, 4, '2025-06-20 05:10:59', '2025-06-20 05:10:59'),
(1596, 284, 13, 3, '2025-06-20 06:23:14', '2025-06-20 06:23:14'),
(1597, 284, 14, 2, '2025-06-20 06:23:14', '2025-06-20 06:23:14'),
(1598, 284, 15, 2, '2025-06-20 06:23:14', '2025-06-20 06:23:14'),
(1599, 284, 16, 2, '2025-06-20 06:23:14', '2025-06-20 06:23:14'),
(1600, 284, 17, 2, '2025-06-20 06:23:14', '2025-06-20 06:23:14'),
(1601, 284, 18, 2, '2025-06-20 06:23:14', '2025-06-20 06:23:14'),
(1602, 285, 13, 6, '2025-06-20 06:23:14', '2025-06-20 06:23:14'),
(1603, 285, 14, 6, '2025-06-20 06:23:14', '2025-06-20 06:23:14'),
(1604, 285, 15, 6, '2025-06-20 06:23:14', '2025-06-20 06:23:14'),
(1605, 285, 16, 6, '2025-06-20 06:23:14', '2025-06-20 06:23:14'),
(1606, 285, 17, 6, '2025-06-20 06:23:14', '2025-06-20 06:23:14'),
(1607, 285, 18, 6, '2025-06-20 06:23:14', '2025-06-20 06:23:14');

--
-- Volcado de datos para la tabla `cotizacion_has_piezas`
--

INSERT INTO `cotizacion_has_piezas` (`id`, `idCotizacion`, `idPieza`, `idMaterial`, `colorMaterial`, `created_at`, `updated_at`) VALUES
(616, 132, 136, 12, 'Negro', '2024-12-02 23:28:42', '2024-12-02 23:28:42'),
(617, 132, 144, 22, 'Negro', '2024-12-02 23:28:42', '2024-12-02 23:28:42'),
(618, 132, 137, 14, 'Negro', '2024-12-02 23:28:42', '2024-12-02 23:28:42'),
(619, 132, 143, 21, 'Ambar', '2024-12-02 23:28:42', '2024-12-02 23:28:42'),
(620, 132, 142, 19, 'Ambar', '2024-12-02 23:28:42', '2024-12-02 23:28:42'),
(622, 132, 140, 8, 'Negro', '2024-12-02 23:28:42', '2024-12-02 23:28:42'),
(623, 132, 141, 8, 'Negro', '2024-12-02 23:28:42', '2024-12-02 23:28:42'),
(624, 132, 139, 8, 'Negro', '2024-12-02 23:28:42', '2024-12-02 23:28:42'),
(629, 132, 138, 25, 'Negro', '2024-12-02 23:28:42', '2024-12-02 23:28:42'),
(822, 153, 184, 12, 'Negro', '2025-01-27 23:01:35', '2025-01-27 23:01:35'),
(823, 153, 193, 19, 'Ambar', '2025-01-27 23:01:35', '2025-01-27 23:01:35'),
(824, 153, 192, 11, 'Negro', '2025-01-27 23:01:35', '2025-01-27 23:01:35'),
(825, 153, 191, 11, 'Negro', '2025-01-27 23:01:35', '2025-01-27 23:01:35'),
(826, 153, 190, 11, 'Negro', '2025-01-27 23:01:35', '2025-01-27 23:01:35'),
(827, 153, 186, 26, 'Negro', '2025-01-27 23:01:35', '2025-01-27 23:01:35'),
(828, 153, 185, 26, 'Negro', '2025-01-27 23:01:35', '2025-01-27 23:01:35'),
(829, 153, 188, 28, 'Negro', '2025-01-27 23:01:35', '2025-01-27 23:01:35'),
(830, 153, 329, 28, 'Negro', '2025-01-27 23:01:35', '2025-01-27 23:01:35'),
(831, 153, 196, 16, 'Rosa', '2025-01-27 23:01:35', '2025-01-27 23:01:35'),
(833, 153, 330, 31, 'Negro', '2025-01-27 23:01:35', '2025-01-27 23:01:35'),
(834, 153, 187, 26, 'Negro', '2025-01-27 23:01:35', '2025-01-27 23:01:35'),
(835, 153, 189, 26, 'Negro', '2025-01-27 23:01:35', '2025-01-27 23:01:35'),
(836, 154, 201, 12, 'Negro', '2025-01-27 23:05:04', '2025-01-27 23:05:04'),
(837, 154, 205, 19, 'Ambar', '2025-01-27 23:05:04', '2025-01-27 23:05:04'),
(838, 154, 203, 11, 'Negro', '2025-01-27 23:05:04', '2025-01-27 23:05:04'),
(839, 154, 204, 11, 'Negro', '2025-01-27 23:05:04', '2025-01-27 23:05:04'),
(840, 154, 202, 11, 'Negro', '2025-01-27 23:05:04', '2025-01-27 23:05:04'),
(841, 154, 200, 91, 'Negro', '2025-01-27 23:05:05', '2025-01-27 23:05:05'),
(842, 154, 199, 27, 'Marino', '2025-01-27 23:05:05', '2025-01-27 23:05:05'),
(843, 154, 206, 16, 'Rosa', '2025-01-27 23:05:05', '2025-01-27 23:05:05'),
(845, 154, 198, 31, 'Negro', '2025-01-27 23:05:05', '2025-01-27 23:05:05'),
(891, 158, 212, 32, 'Negro', '2025-01-28 02:54:47', '2025-01-28 02:54:47'),
(892, 158, 222, 32, 'Negro', '2025-01-28 02:54:47', '2025-01-28 02:54:47'),
(893, 158, 224, 19, 'Ambar', '2025-01-28 02:54:47', '2025-01-28 02:54:47'),
(894, 158, 208, 14, 'Negro', '2025-01-28 02:54:47', '2025-01-28 02:54:47'),
(895, 158, 209, 108, 'Negro', '2025-01-28 02:54:47', '2025-01-28 02:54:47'),
(896, 158, 220, 11, 'Negro', '2025-01-28 02:54:47', '2025-01-28 02:54:47'),
(897, 158, 221, 11, 'Negro', '2025-01-28 02:54:47', '2025-01-28 02:54:47'),
(898, 158, 223, 11, 'Negro', '2025-01-28 02:54:48', '2025-01-28 02:54:48'),
(899, 158, 210, 14, 'Negro', '2025-01-28 02:54:48', '2025-01-28 02:54:48'),
(900, 158, 215, 32, 'Negro', '2025-01-28 02:54:48', '2025-01-28 02:54:48'),
(901, 158, 216, 108, 'Negro', '2025-01-28 02:54:48', '2025-01-28 02:54:48'),
(902, 158, 211, 108, 'Negro', '2025-01-28 02:54:48', '2025-01-28 02:54:48'),
(903, 158, 217, 14, 'Negro', '2025-01-28 02:54:48', '2025-01-28 02:54:48'),
(904, 158, 213, 32, 'Negro', '2025-01-28 02:54:48', '2025-01-28 02:54:48'),
(907, 158, 214, 32, 'Negro', '2025-01-28 02:54:48', '2025-01-28 02:54:48'),
(908, 159, 212, 32, 'Blanco', '2025-01-28 03:04:27', '2025-01-28 03:04:27'),
(909, 159, 222, 32, 'Blanco', '2025-01-28 03:04:27', '2025-01-28 03:04:27'),
(910, 159, 224, 19, 'Ambar', '2025-01-28 03:04:27', '2025-01-28 03:04:27'),
(911, 159, 208, 14, 'Blanco', '2025-01-28 03:04:27', '2025-01-28 03:04:27'),
(912, 159, 209, 108, 'Negro', '2025-01-28 03:04:27', '2025-01-28 03:04:27'),
(913, 159, 220, 11, 'Negro', '2025-01-28 03:04:27', '2025-01-28 03:04:27'),
(914, 159, 221, 9, 'Gris claro', '2025-01-28 03:04:27', '2025-01-28 03:04:27'),
(915, 159, 223, 9, 'Gris claro', '2025-01-28 03:04:27', '2025-01-28 03:04:27'),
(916, 159, 210, 14, 'Blanco', '2025-01-28 03:04:27', '2025-01-28 03:04:27'),
(917, 159, 215, 32, 'Blanco', '2025-01-28 03:04:27', '2025-01-28 03:04:27'),
(918, 159, 216, 108, 'Negro', '2025-01-28 03:04:27', '2025-01-28 03:04:27'),
(919, 159, 211, 108, 'Negro', '2025-01-28 03:04:27', '2025-01-28 03:04:27'),
(920, 159, 217, 14, 'Blanco', '2025-01-28 03:04:27', '2025-01-28 03:04:27'),
(921, 159, 213, 32, 'Blanco', '2025-01-28 03:04:28', '2025-01-28 03:04:28'),
(924, 159, 214, 32, 'Blanco', '2025-01-28 03:04:28', '2025-01-28 03:04:28'),
(925, 160, 284, 12, 'Negro', '2025-01-28 04:27:09', '2025-01-28 04:27:09'),
(926, 160, 287, 21, 'Ambar', '2025-01-28 04:27:09', '2025-01-28 04:27:09'),
(927, 160, 286, 19, 'Ambar', '2025-01-28 04:27:09', '2025-01-28 04:27:09'),
(928, 160, 289, 11, 'Negro', '2025-01-28 04:27:09', '2025-01-28 04:27:09'),
(929, 160, 288, 8, 'Negro', '2025-01-28 04:27:09', '2025-01-28 04:27:09'),
(930, 160, 290, 8, 'Negro', '2025-01-28 04:27:09', '2025-01-28 04:27:09'),
(931, 160, 279, 174, 'Chocolate', '2025-01-28 04:27:09', '2025-01-28 04:27:09'),
(932, 160, 285, 24, 'Negro', '2025-01-28 04:27:09', '2025-01-28 04:27:09'),
(933, 160, 282, 174, 'Chocolate', '2025-01-28 04:27:09', '2025-01-28 04:27:09'),
(934, 160, 278, 174, 'Chocolate', '2025-01-28 04:27:09', '2025-01-28 04:27:09'),
(935, 160, 283, 24, 'Negro', '2025-01-28 04:27:09', '2025-01-28 04:27:09'),
(938, 160, 293, 31, 'Negro', '2025-01-28 04:27:10', '2025-01-28 04:27:10'),
(939, 160, 294, 31, 'Negro', '2025-01-28 04:27:10', '2025-01-28 04:27:10'),
(940, 160, 295, 31, 'Negro', '2025-01-28 04:27:10', '2025-01-28 04:27:10'),
(941, 160, 296, 31, 'Negro', '2025-01-28 04:27:10', '2025-01-28 04:27:10'),
(942, 160, 281, 15, 'Negro', '2025-01-28 04:27:10', '2025-01-28 04:27:10'),
(943, 160, 348, 174, 'Chocolate', '2025-01-28 04:27:10', '2025-01-28 04:27:10'),
(944, 161, 356, 52, 'Negro', '2025-01-28 07:38:46', '2025-01-28 07:38:46'),
(945, 161, 354, 19, 'Ambar', '2025-01-28 07:38:46', '2025-01-28 07:38:46'),
(946, 161, 352, 11, 'Negro', '2025-01-28 07:38:46', '2025-01-28 07:38:46'),
(947, 161, 351, 11, 'Negro', '2025-01-28 07:38:46', '2025-01-28 07:38:46'),
(948, 161, 353, 11, 'Negro', '2025-01-28 07:38:46', '2025-01-28 07:38:46'),
(949, 161, 350, 88, 'Negro', '2025-01-28 07:38:46', '2025-01-28 07:38:46'),
(950, 161, 349, 114, 'Negro', '2025-01-28 07:38:46', '2025-01-28 07:38:46'),
(951, 161, 355, 108, 'Negro', '2025-01-28 07:38:46', '2025-01-28 07:38:46'),
(952, 162, 356, 52, 'Negro', '2025-01-28 07:44:15', '2025-01-28 07:44:15'),
(953, 162, 354, 19, 'Ambar', '2025-01-28 07:44:15', '2025-01-28 07:44:15'),
(954, 162, 352, 9, 'Gris claro', '2025-01-28 07:44:15', '2025-01-28 07:44:15'),
(955, 162, 351, 9, 'Gris claro', '2025-01-28 07:44:15', '2025-01-28 07:44:15'),
(956, 162, 353, 9, 'Gris claro', '2025-01-28 07:44:15', '2025-01-28 07:44:15'),
(957, 162, 350, 88, 'Negro', '2025-01-28 07:44:15', '2025-01-28 07:44:15'),
(958, 162, 349, 114, 'Negro', '2025-01-28 07:44:15', '2025-01-28 07:44:15'),
(959, 162, 355, 31, 'Negro', '2025-01-28 07:44:15', '2025-01-28 07:44:15'),
(1016, 167, 474, 175, 'Amarillo', '2025-01-30 23:23:42', '2025-01-30 23:23:42'),
(1017, 167, 284, 12, 'Negro', '2025-01-30 23:23:42', '2025-01-30 23:23:42'),
(1018, 167, 287, 21, 'Ambar', '2025-01-30 23:23:42', '2025-01-30 23:23:42'),
(1019, 167, 286, 19, 'Ambar', '2025-01-30 23:23:42', '2025-01-30 23:23:42'),
(1020, 167, 289, 11, 'Negro', '2025-01-30 23:23:42', '2025-01-30 23:23:42'),
(1021, 167, 288, 8, 'Negro', '2025-01-30 23:23:42', '2025-01-30 23:23:42'),
(1022, 167, 290, 8, 'Negro', '2025-01-30 23:23:42', '2025-01-30 23:23:42'),
(1023, 167, 279, 174, 'Chocolate', '2025-01-30 23:23:42', '2025-01-30 23:23:42'),
(1024, 167, 285, 84, 'Negro', '2025-01-30 23:23:42', '2025-01-30 23:23:42'),
(1025, 167, 282, 174, 'Chocolate', '2025-01-30 23:23:42', '2025-01-30 23:23:42'),
(1026, 167, 278, 174, 'Chocolate', '2025-01-30 23:23:42', '2025-01-30 23:23:42'),
(1027, 167, 283, 84, 'Negro', '2025-01-30 23:23:42', '2025-01-30 23:23:42'),
(1030, 167, 293, 31, 'Negro', '2025-01-30 23:23:42', '2025-01-30 23:23:42'),
(1031, 167, 294, 31, 'Negro', '2025-01-30 23:23:42', '2025-01-30 23:23:42'),
(1032, 167, 295, 31, 'Negro', '2025-01-30 23:23:42', '2025-01-30 23:23:42'),
(1033, 167, 296, 31, 'Negro', '2025-01-30 23:23:42', '2025-01-30 23:23:42'),
(1034, 167, 281, 15, 'Negro', '2025-01-30 23:23:42', '2025-01-30 23:23:42'),
(1035, 167, 348, 174, 'Chocolate', '2025-01-30 23:23:42', '2025-01-30 23:23:42'),
(1098, 171, 229, 12, 'Negro', '2025-02-04 05:22:09', '2025-02-04 05:22:09'),
(1099, 171, 233, 19, 'Ambar', '2025-02-04 05:22:09', '2025-02-04 05:22:09'),
(1100, 171, 231, 11, 'Negro', '2025-02-04 05:22:09', '2025-02-04 05:22:09'),
(1101, 171, 232, 11, 'Negro', '2025-02-04 05:22:09', '2025-02-04 05:22:09'),
(1102, 171, 230, 11, 'Negro', '2025-02-04 05:22:09', '2025-02-04 05:22:09'),
(1103, 171, 228, 91, 'Negro', '2025-02-04 05:22:09', '2025-02-04 05:22:09'),
(1104, 171, 227, 114, 'Negro', '2025-02-04 05:22:09', '2025-02-04 05:22:09'),
(1125, 173, 212, 30, 'Blanco', '2025-02-10 21:52:32', '2025-02-10 21:52:32'),
(1126, 173, 222, 30, 'Blanco', '2025-02-10 21:52:32', '2025-02-10 21:52:32'),
(1127, 173, 224, 19, 'Ambar', '2025-02-10 21:52:32', '2025-02-10 21:52:32'),
(1128, 173, 208, 30, 'Blanco', '2025-02-10 21:52:32', '2025-02-10 21:52:32'),
(1129, 173, 209, 108, 'Negro', '2025-02-10 21:52:32', '2025-02-10 21:52:32'),
(1130, 173, 220, 11, 'Negro', '2025-02-10 21:52:32', '2025-02-10 21:52:32'),
(1131, 173, 221, 9, 'Gris claro', '2025-02-10 21:52:32', '2025-02-10 21:52:32'),
(1132, 173, 223, 9, 'Gris claro', '2025-02-10 21:52:32', '2025-02-10 21:52:32'),
(1133, 173, 210, 30, 'Blanco', '2025-02-10 21:52:32', '2025-02-10 21:52:32'),
(1134, 173, 215, 30, 'Blanco', '2025-02-10 21:52:32', '2025-02-10 21:52:32'),
(1135, 173, 216, 108, 'Negro', '2025-02-10 21:52:32', '2025-02-10 21:52:32'),
(1136, 173, 211, 30, 'Blanco', '2025-02-10 21:52:32', '2025-02-10 21:52:32'),
(1137, 173, 217, 30, 'Blanco', '2025-02-10 21:52:32', '2025-02-10 21:52:32'),
(1138, 173, 213, 30, 'Blanco', '2025-02-10 21:52:32', '2025-02-10 21:52:32'),
(1141, 173, 214, 30, 'Blanco', '2025-02-10 21:52:32', '2025-02-10 21:52:32'),
(1142, 174, 474, 175, 'Amarillo', '2025-02-10 22:00:33', '2025-02-10 22:00:33'),
(1143, 174, 284, 12, 'Negro', '2025-02-10 22:00:33', '2025-02-10 22:00:33'),
(1144, 174, 475, 51, 'Negro', '2025-02-10 22:00:33', '2025-02-10 22:00:33'),
(1145, 174, 476, 52, 'Negro', '2025-02-10 22:00:33', '2025-02-10 22:00:33'),
(1146, 174, 287, 20, 'Ambar', '2025-02-10 22:00:33', '2025-02-10 22:00:33'),
(1147, 174, 286, 19, 'Ambar', '2025-02-10 22:00:33', '2025-02-10 22:00:33'),
(1148, 174, 289, 11, 'Negro', '2025-02-10 22:00:33', '2025-02-10 22:00:33'),
(1151, 174, 279, 174, 'Chocolate', '2025-02-10 22:00:33', '2025-02-10 22:00:33'),
(1152, 174, 285, 84, 'Negro', '2025-02-10 22:00:33', '2025-02-10 22:00:33'),
(1153, 174, 282, 174, 'Chocolate', '2025-02-10 22:00:33', '2025-02-10 22:00:33'),
(1154, 174, 278, 174, 'Chocolate', '2025-02-10 22:00:33', '2025-02-10 22:00:33'),
(1155, 174, 283, 84, 'Negro', '2025-02-10 22:00:33', '2025-02-10 22:00:33'),
(1158, 174, 293, 31, 'Negro', '2025-02-10 22:00:33', '2025-02-10 22:00:33'),
(1159, 174, 294, 31, 'Negro', '2025-02-10 22:00:33', '2025-02-10 22:00:33'),
(1160, 174, 295, 31, 'Negro', '2025-02-10 22:00:33', '2025-02-10 22:00:33'),
(1161, 174, 296, 31, 'Negro', '2025-02-10 22:00:33', '2025-02-10 22:00:33'),
(1162, 174, 281, 15, 'Negro', '2025-02-10 22:00:33', '2025-02-10 22:00:33'),
(1163, 174, 280, 174, 'Chocolate', '2025-02-10 22:00:33', '2025-02-10 22:00:33'),
(1198, 177, 477, 175, 'Amarillo', '2025-02-12 00:05:43', '2025-02-12 00:05:43'),
(1199, 177, 212, 32, 'Negro', '2025-02-12 00:05:43', '2025-02-12 00:05:43'),
(1200, 177, 222, 32, 'Negro', '2025-02-12 00:05:43', '2025-02-12 00:05:43'),
(1201, 177, 224, 19, 'Ambar', '2025-02-12 00:05:43', '2025-02-12 00:05:43'),
(1202, 177, 208, 14, 'Negro', '2025-02-12 00:05:43', '2025-02-12 00:05:43'),
(1203, 177, 209, 108, 'Negro', '2025-02-12 00:05:43', '2025-02-12 00:05:43'),
(1204, 177, 220, 11, 'Negro', '2025-02-12 00:05:43', '2025-02-12 00:05:43'),
(1207, 177, 210, 14, 'Negro', '2025-02-12 00:05:43', '2025-02-12 00:05:43'),
(1208, 177, 215, 32, 'Negro', '2025-02-12 00:05:43', '2025-02-12 00:05:43'),
(1209, 177, 216, 108, 'Negro', '2025-02-12 00:05:43', '2025-02-12 00:05:43'),
(1210, 177, 211, 108, 'Negro', '2025-02-12 00:05:43', '2025-02-12 00:05:43'),
(1211, 177, 217, 14, 'Negro', '2025-02-12 00:05:43', '2025-02-12 00:05:43'),
(1212, 177, 213, 32, 'Negro', '2025-02-12 00:05:43', '2025-02-12 00:05:43'),
(1215, 177, 214, 32, 'Negro', '2025-02-12 00:05:43', '2025-02-12 00:05:43'),
(1216, 178, 485, 37, 'Negro', '2025-02-13 02:22:16', '2025-02-13 02:22:16'),
(1217, 178, 483, 175, 'Amarillo', '2025-02-13 02:22:16', '2025-02-13 02:22:16'),
(1218, 178, 480, 12, 'Negro', '2025-02-13 02:22:16', '2025-02-13 02:22:16'),
(1219, 178, 484, 54, 'Negro', '2025-02-13 02:22:16', '2025-02-13 02:22:16'),
(1221, 178, 482, 11, 'Negro', '2025-02-13 02:22:17', '2025-02-13 02:22:17'),
(1222, 178, 481, 11, 'Negro', '2025-02-13 02:22:17', '2025-02-13 02:22:17'),
(1224, 178, 486, 16, 'Rosa', '2025-02-13 02:22:17', '2025-02-13 02:22:17'),
(1226, 179, 499, 175, 'Amarillo', '2025-02-13 02:26:29', '2025-02-13 02:26:29'),
(1227, 179, 495, 51, 'Negro', '2025-02-13 02:26:29', '2025-02-13 02:26:29'),
(1228, 179, 496, 19, 'Ambar', '2025-02-13 02:26:29', '2025-02-13 02:26:29'),
(1229, 179, 493, 11, 'Negro', '2025-02-13 02:26:29', '2025-02-13 02:26:29'),
(1230, 179, 494, 11, 'Negro', '2025-02-13 02:26:29', '2025-02-13 02:26:29'),
(1231, 179, 492, 11, 'Negro', '2025-02-13 02:26:29', '2025-02-13 02:26:29'),
(1232, 179, 490, 91, 'Negro', '2025-02-13 02:26:29', '2025-02-13 02:26:29'),
(1233, 179, 488, 114, 'Negro', '2025-02-13 02:26:29', '2025-02-13 02:26:29'),
(1236, 179, 489, 108, 'Negro', '2025-02-13 02:26:29', '2025-02-13 02:26:29'),
(1237, 179, 491, 15, 'Negro', '2025-02-13 02:26:29', '2025-02-13 02:26:29'),
(1238, 180, 499, 175, 'Amarillo', '2025-02-13 02:32:02', '2025-02-13 02:32:02'),
(1239, 180, 495, 51, 'Negro', '2025-02-13 02:32:02', '2025-02-13 02:32:02'),
(1240, 180, 496, 19, 'Ambar', '2025-02-13 02:32:02', '2025-02-13 02:32:02'),
(1241, 180, 493, 11, 'Negro', '2025-02-13 02:32:02', '2025-02-13 02:32:02'),
(1242, 180, 494, 11, 'Negro', '2025-02-13 02:32:02', '2025-02-13 02:32:02'),
(1243, 180, 492, 11, 'Negro', '2025-02-13 02:32:02', '2025-02-13 02:32:02'),
(1244, 180, 490, 91, 'Negro', '2025-02-13 02:32:02', '2025-02-13 02:32:02'),
(1245, 180, 488, 114, 'Negro', '2025-02-13 02:32:02', '2025-02-13 02:32:02'),
(1248, 180, 489, 108, 'Negro', '2025-02-13 02:32:03', '2025-02-13 02:32:03'),
(1249, 180, 491, 15, 'Negro', '2025-02-13 02:32:03', '2025-02-13 02:32:03'),
(1272, 182, 499, 175, 'Amarillo', '2025-02-18 03:04:42', '2025-02-18 03:04:42'),
(1273, 182, 495, 51, 'Negro', '2025-02-18 03:04:42', '2025-02-18 03:04:42'),
(1274, 182, 496, 19, 'Ambar', '2025-02-18 03:04:42', '2025-02-18 03:04:42'),
(1275, 182, 493, 11, 'Negro', '2025-02-18 03:04:42', '2025-02-18 03:04:42'),
(1276, 182, 494, 11, 'Negro', '2025-02-18 03:04:42', '2025-02-18 03:04:42'),
(1277, 182, 492, 11, 'Negro', '2025-02-18 03:04:42', '2025-02-18 03:04:42'),
(1278, 182, 490, 91, 'Negro', '2025-02-18 03:04:42', '2025-02-18 03:04:42'),
(1279, 182, 488, 170, 'Negro', '2025-02-18 03:04:42', '2025-02-18 03:04:42'),
(1282, 182, 489, 108, 'Negro', '2025-02-18 03:04:42', '2025-02-18 03:04:42'),
(1283, 182, 491, 15, 'Negro', '2025-02-18 03:04:42', '2025-02-18 03:04:42'),
(1284, 183, 126, 24, 'Negro', '2025-02-18 03:18:22', '2025-02-18 03:18:22'),
(1285, 183, 129, 11, 'Negro', '2025-02-18 03:18:22', '2025-02-18 03:18:22'),
(1286, 183, 130, 11, 'Negro', '2025-02-18 03:18:22', '2025-02-18 03:18:22'),
(1287, 183, 128, 24, 'Negro', '2025-02-18 03:18:22', '2025-02-18 03:18:22'),
(1290, 183, 127, 24, 'Negro', '2025-02-18 03:18:22', '2025-02-18 03:18:22'),
(1307, 185, 503, 175, 'Amarillo', '2025-02-19 02:09:19', '2025-02-19 02:09:19'),
(1308, 185, 177, 12, 'Negro', '2025-02-19 02:09:19', '2025-02-19 02:09:19'),
(1309, 185, 181, 19, 'Ambar', '2025-02-19 02:09:19', '2025-02-19 02:09:19'),
(1310, 185, 179, 11, 'Negro', '2025-02-19 02:09:19', '2025-02-19 02:09:19'),
(1311, 185, 180, 11, 'Negro', '2025-02-19 02:09:19', '2025-02-19 02:09:19'),
(1312, 185, 178, 11, 'Negro', '2025-02-19 02:09:19', '2025-02-19 02:09:19'),
(1313, 185, 176, 91, 'Negro', '2025-02-19 02:09:19', '2025-02-19 02:09:19'),
(1314, 185, 328, 169, 'Negro', '2025-02-19 02:09:19', '2025-02-19 02:09:19'),
(1315, 185, 327, 16, 'Rosa', '2025-02-19 02:09:19', '2025-02-19 02:09:19'),
(1316, 185, 182, 128, 'Negro', '2025-02-19 02:09:19', '2025-02-19 02:09:19'),
(1317, 186, 503, 175, 'Amarillo', '2025-02-19 02:24:27', '2025-02-19 02:24:27'),
(1318, 186, 177, 12, 'Negro', '2025-02-19 02:24:27', '2025-02-19 02:24:27'),
(1319, 186, 181, 19, 'Ambar', '2025-02-19 02:24:27', '2025-02-19 02:24:27'),
(1320, 186, 179, 11, 'Negro', '2025-02-19 02:24:27', '2025-02-19 02:24:27'),
(1321, 186, 180, 11, 'Negro', '2025-02-19 02:24:27', '2025-02-19 02:24:27'),
(1322, 186, 178, 11, 'Negro', '2025-02-19 02:24:27', '2025-02-19 02:24:27'),
(1323, 186, 176, 91, 'Negro', '2025-02-19 02:24:27', '2025-02-19 02:24:27'),
(1324, 186, 328, 169, 'Marino', '2025-02-19 02:24:27', '2025-02-19 02:24:27'),
(1325, 186, 327, 16, 'Rosa', '2025-02-19 02:24:27', '2025-02-19 02:24:27'),
(1326, 186, 182, 128, 'Negro', '2025-02-19 02:24:27', '2025-02-19 02:24:27'),
(1327, 187, 503, 175, 'Amarillo', '2025-02-19 02:29:40', '2025-02-19 02:29:40'),
(1328, 187, 177, 12, 'Negro', '2025-02-19 02:29:40', '2025-02-19 02:29:40'),
(1329, 187, 181, 19, 'Ambar', '2025-02-19 02:29:40', '2025-02-19 02:29:40'),
(1330, 187, 179, 11, 'Negro', '2025-02-19 02:29:40', '2025-02-19 02:29:40'),
(1331, 187, 180, 11, 'Negro', '2025-02-19 02:29:40', '2025-02-19 02:29:40'),
(1332, 187, 178, 11, 'Negro', '2025-02-19 02:29:40', '2025-02-19 02:29:40'),
(1333, 187, 176, 91, 'Negro', '2025-02-19 02:29:40', '2025-02-19 02:29:40'),
(1334, 187, 328, 169, 'Negro', '2025-02-19 02:29:40', '2025-02-19 02:29:40'),
(1335, 187, 327, 16, 'Rosa', '2025-02-19 02:29:40', '2025-02-19 02:29:40'),
(1336, 187, 182, 128, 'Negro', '2025-02-19 02:29:40', '2025-02-19 02:29:40'),
(1359, 189, 474, 175, 'Amarillo', '2025-02-19 02:45:35', '2025-02-19 02:45:35'),
(1360, 189, 284, 12, 'Negro', '2025-02-19 02:45:35', '2025-02-19 02:45:35'),
(1361, 189, 475, 51, 'Negro', '2025-02-19 02:45:35', '2025-02-19 02:45:35'),
(1362, 189, 476, 52, 'Negro', '2025-02-19 02:45:35', '2025-02-19 02:45:35'),
(1363, 189, 287, 20, 'Ambar', '2025-02-19 02:45:35', '2025-02-19 02:45:35'),
(1364, 189, 286, 19, 'Ambar', '2025-02-19 02:45:35', '2025-02-19 02:45:35'),
(1365, 189, 289, 11, 'Negro', '2025-02-19 02:45:35', '2025-02-19 02:45:35'),
(1367, 189, 290, 8, 'Negro', '2025-02-19 02:45:35', '2025-02-19 02:45:35'),
(1368, 189, 279, 174, 'Chocolate', '2025-02-19 02:45:35', '2025-02-19 02:45:35'),
(1369, 189, 285, 24, 'Negro', '2025-02-19 02:45:35', '2025-02-19 02:45:35'),
(1370, 189, 282, 174, 'Chocolate', '2025-02-19 02:45:35', '2025-02-19 02:45:35'),
(1371, 189, 278, 174, 'Chocolate', '2025-02-19 02:45:35', '2025-02-19 02:45:35'),
(1372, 189, 283, 24, 'Negro', '2025-02-19 02:45:35', '2025-02-19 02:45:35'),
(1375, 189, 293, 31, 'Negro', '2025-02-19 02:45:35', '2025-02-19 02:45:35'),
(1376, 189, 294, 31, 'Negro', '2025-02-19 02:45:35', '2025-02-19 02:45:35'),
(1377, 189, 295, 31, 'Negro', '2025-02-19 02:45:35', '2025-02-19 02:45:35'),
(1378, 189, 296, 31, 'Negro', '2025-02-19 02:45:35', '2025-02-19 02:45:35'),
(1379, 189, 281, 15, 'Negro', '2025-02-19 02:45:35', '2025-02-19 02:45:35'),
(1380, 189, 280, 174, 'Chocolate', '2025-02-19 02:45:35', '2025-02-19 02:45:35'),
(1381, 190, 504, 175, 'Amarillo', '2025-02-19 03:18:59', '2025-02-19 03:18:59'),
(1382, 190, 184, 30, 'Negro', '2025-02-19 03:18:59', '2025-02-19 03:18:59'),
(1383, 190, 193, 19, 'Ambar', '2025-02-19 03:18:59', '2025-02-19 03:18:59'),
(1384, 190, 192, 11, 'Negro', '2025-02-19 03:18:59', '2025-02-19 03:18:59'),
(1385, 190, 191, 11, 'Negro', '2025-02-19 03:18:59', '2025-02-19 03:18:59'),
(1386, 190, 190, 11, 'Negro', '2025-02-19 03:18:59', '2025-02-19 03:18:59'),
(1387, 190, 186, 30, 'Negro', '2025-02-19 03:18:59', '2025-02-19 03:18:59'),
(1388, 190, 185, 30, 'Negro', '2025-02-19 03:18:59', '2025-02-19 03:18:59'),
(1389, 190, 188, 90, 'Negro', '2025-02-19 03:18:59', '2025-02-19 03:18:59'),
(1390, 190, 329, 90, 'Negro', '2025-02-19 03:18:59', '2025-02-19 03:18:59'),
(1391, 190, 196, 16, 'Rosa', '2025-02-19 03:18:59', '2025-02-19 03:18:59'),
(1392, 190, 197, 128, 'Negro', '2025-02-19 03:18:59', '2025-02-19 03:18:59'),
(1393, 190, 330, 31, 'Negro', '2025-02-19 03:18:59', '2025-02-19 03:18:59'),
(1394, 190, 187, 30, 'Negro', '2025-02-19 03:18:59', '2025-02-19 03:18:59'),
(1395, 190, 189, 30, 'Negro', '2025-02-19 03:18:59', '2025-02-19 03:18:59'),
(1396, 191, 504, 175, 'Amarillo', '2025-02-19 03:34:35', '2025-02-19 03:34:35'),
(1397, 191, 184, 30, 'Negro', '2025-02-19 03:34:35', '2025-02-19 03:34:35'),
(1398, 191, 193, 19, 'Ambar', '2025-02-19 03:34:35', '2025-02-19 03:34:35'),
(1399, 191, 192, 11, 'Negro', '2025-02-19 03:34:35', '2025-02-19 03:34:35'),
(1400, 191, 191, 11, 'Negro', '2025-02-19 03:34:35', '2025-02-19 03:34:35'),
(1401, 191, 190, 11, 'Negro', '2025-02-19 03:34:35', '2025-02-19 03:34:35'),
(1402, 191, 186, 30, 'Negro', '2025-02-19 03:34:35', '2025-02-19 03:34:35'),
(1403, 191, 185, 30, 'Negro', '2025-02-19 03:34:35', '2025-02-19 03:34:35'),
(1404, 191, 188, 90, 'Negro', '2025-02-19 03:34:35', '2025-02-19 03:34:35'),
(1405, 191, 329, 90, 'Negro', '2025-02-19 03:34:35', '2025-02-19 03:34:35'),
(1406, 191, 505, 51, 'Negro', '2025-02-19 03:34:35', '2025-02-19 03:34:35'),
(1407, 191, 196, 16, 'Rosa', '2025-02-19 03:34:35', '2025-02-19 03:34:35'),
(1408, 191, 197, 128, 'Negro', '2025-02-19 03:34:35', '2025-02-19 03:34:35'),
(1409, 191, 330, 31, 'Negro', '2025-02-19 03:34:35', '2025-02-19 03:34:35'),
(1410, 191, 187, 30, 'Negro', '2025-02-19 03:34:35', '2025-02-19 03:34:35'),
(1411, 191, 189, 30, 'Negro', '2025-02-19 03:34:35', '2025-02-19 03:34:35'),
(1412, 192, 506, 175, 'Amarillo', '2025-02-19 05:09:43', '2025-02-19 05:09:43'),
(1413, 192, 201, 12, 'Negro', '2025-02-19 05:09:43', '2025-02-19 05:09:43'),
(1414, 192, 205, 19, 'Ambar', '2025-02-19 05:09:43', '2025-02-19 05:09:43'),
(1415, 192, 203, 11, 'Negro', '2025-02-19 05:09:43', '2025-02-19 05:09:43'),
(1416, 192, 204, 11, 'Negro', '2025-02-19 05:09:43', '2025-02-19 05:09:43'),
(1417, 192, 202, 11, 'Negro', '2025-02-19 05:09:43', '2025-02-19 05:09:43'),
(1418, 192, 200, 91, 'Negro', '2025-02-19 05:09:43', '2025-02-19 05:09:43'),
(1419, 192, 199, 27, 'Marino', '2025-02-19 05:09:43', '2025-02-19 05:09:43'),
(1420, 192, 206, 16, 'Rosa', '2025-02-19 05:09:43', '2025-02-19 05:09:43'),
(1421, 192, 207, 128, 'Negro', '2025-02-19 05:09:43', '2025-02-19 05:09:43'),
(1422, 192, 198, 31, 'Negro', '2025-02-19 05:09:43', '2025-02-19 05:09:43'),
(1437, 195, 477, 175, 'Amarillo', '2025-02-20 04:42:26', '2025-02-20 04:42:26'),
(1438, 195, 212, 30, 'Negro', '2025-02-20 04:42:26', '2025-02-20 04:42:26'),
(1439, 195, 222, 30, 'Negro', '2025-02-20 04:42:26', '2025-02-20 04:42:26'),
(1440, 195, 224, 19, 'Ambar', '2025-02-20 04:42:26', '2025-02-20 04:42:26'),
(1441, 195, 208, 30, 'Negro', '2025-02-20 04:42:26', '2025-02-20 04:42:26'),
(1442, 195, 209, 108, 'Negro', '2025-02-20 04:42:26', '2025-02-20 04:42:26'),
(1443, 195, 220, 11, 'Negro', '2025-02-20 04:42:26', '2025-02-20 04:42:26'),
(1444, 195, 221, 11, 'Negro', '2025-02-20 04:42:26', '2025-02-20 04:42:26'),
(1445, 195, 223, 11, 'Negro', '2025-02-20 04:42:26', '2025-02-20 04:42:26'),
(1446, 195, 210, 30, 'Negro', '2025-02-20 04:42:26', '2025-02-20 04:42:26'),
(1447, 195, 215, 30, 'Negro', '2025-02-20 04:42:26', '2025-02-20 04:42:26'),
(1448, 195, 216, 108, 'Negro', '2025-02-20 04:42:26', '2025-02-20 04:42:26'),
(1449, 195, 211, 108, 'Negro', '2025-02-20 04:42:26', '2025-02-20 04:42:26'),
(1450, 195, 217, 30, 'Negro', '2025-02-20 04:42:26', '2025-02-20 04:42:26'),
(1451, 195, 213, 30, 'Negro', '2025-02-20 04:42:26', '2025-02-20 04:42:26'),
(1454, 195, 214, 30, 'Negro', '2025-02-20 04:42:26', '2025-02-20 04:42:26'),
(1455, 196, 474, 175, 'Amarillo', '2025-02-20 04:52:37', '2025-02-20 04:52:37'),
(1456, 196, 284, 12, 'Negro', '2025-02-20 04:52:37', '2025-02-20 04:52:37'),
(1457, 196, 475, 51, 'Negro', '2025-02-20 04:52:37', '2025-02-20 04:52:37'),
(1458, 196, 476, 52, 'Negro', '2025-02-20 04:52:37', '2025-02-20 04:52:37'),
(1459, 196, 287, 20, 'Ambar', '2025-02-20 04:52:37', '2025-02-20 04:52:37'),
(1460, 196, 286, 19, 'Ambar', '2025-02-20 04:52:37', '2025-02-20 04:52:37'),
(1461, 196, 289, 11, 'Negro', '2025-02-20 04:52:37', '2025-02-20 04:52:37'),
(1462, 196, 288, 11, 'Negro', '2025-02-20 04:52:37', '2025-02-20 04:52:37'),
(1463, 196, 290, 71, 'Negro', '2025-02-20 04:52:37', '2025-02-20 04:52:37'),
(1464, 196, 279, 177, '.', '2025-02-20 04:52:37', '2025-02-20 04:52:37'),
(1465, 196, 285, 24, 'Verde', '2025-02-20 04:52:37', '2025-02-20 04:52:37'),
(1466, 196, 282, 177, '.', '2025-02-20 04:52:37', '2025-02-20 04:52:37'),
(1467, 196, 278, 177, '.', '2025-02-20 04:52:37', '2025-02-20 04:52:37'),
(1468, 196, 283, 24, 'Verde', '2025-02-20 04:52:37', '2025-02-20 04:52:37'),
(1471, 196, 293, 31, 'Negro', '2025-02-20 04:52:37', '2025-02-20 04:52:37'),
(1472, 196, 294, 31, 'Negro', '2025-02-20 04:52:37', '2025-02-20 04:52:37'),
(1473, 196, 295, 31, 'Negro', '2025-02-20 04:52:37', '2025-02-20 04:52:37'),
(1474, 196, 296, 31, 'Negro', '2025-02-20 04:52:37', '2025-02-20 04:52:37'),
(1475, 196, 281, 15, 'Negro', '2025-02-20 04:52:37', '2025-02-20 04:52:37'),
(1476, 196, 348, 177, '.', '2025-02-20 04:52:37', '2025-02-20 04:52:37'),
(1477, 197, 474, 175, 'Amarillo', '2025-02-20 04:57:22', '2025-02-20 04:57:22'),
(1478, 197, 284, 12, 'Negro', '2025-02-20 04:57:22', '2025-02-20 04:57:22'),
(1479, 197, 475, 51, 'Negro', '2025-02-20 04:57:22', '2025-02-20 04:57:22'),
(1480, 197, 476, 52, 'Negro', '2025-02-20 04:57:22', '2025-02-20 04:57:22'),
(1481, 197, 287, 20, 'Ambar', '2025-02-20 04:57:22', '2025-02-20 04:57:22'),
(1482, 197, 286, 19, 'Ambar', '2025-02-20 04:57:22', '2025-02-20 04:57:22'),
(1483, 197, 289, 11, 'Negro', '2025-02-20 04:57:22', '2025-02-20 04:57:22'),
(1484, 197, 288, 11, 'Negro', '2025-02-20 04:57:22', '2025-02-20 04:57:22'),
(1485, 197, 290, 11, 'Negro', '2025-02-20 04:57:22', '2025-02-20 04:57:22'),
(1486, 197, 279, 178, '.', '2025-02-20 04:57:22', '2025-02-20 04:57:22'),
(1487, 197, 285, 24, 'Marino', '2025-02-20 04:57:22', '2025-02-20 04:57:22'),
(1488, 197, 282, 178, '.', '2025-02-20 04:57:22', '2025-02-20 04:57:22'),
(1489, 197, 278, 178, '.', '2025-02-20 04:57:22', '2025-02-20 04:57:22'),
(1490, 197, 283, 24, 'Marino', '2025-02-20 04:57:22', '2025-02-20 04:57:22'),
(1493, 197, 293, 31, 'Negro', '2025-02-20 04:57:22', '2025-02-20 04:57:22'),
(1494, 197, 294, 31, 'Negro', '2025-02-20 04:57:22', '2025-02-20 04:57:22'),
(1495, 197, 295, 31, 'Negro', '2025-02-20 04:57:22', '2025-02-20 04:57:22'),
(1496, 197, 296, 31, 'Negro', '2025-02-20 04:57:22', '2025-02-20 04:57:22'),
(1497, 197, 281, 15, 'Negro', '2025-02-20 04:57:22', '2025-02-20 04:57:22'),
(1498, 197, 348, 178, '.', '2025-02-20 04:57:22', '2025-02-20 04:57:22'),
(1499, 198, 126, 181, 'Mauve', '2025-02-20 22:28:01', '2025-02-20 22:28:01'),
(1500, 198, 129, 68, 'Negro', '2025-02-20 22:28:01', '2025-02-20 22:28:01'),
(1501, 198, 130, 68, 'Negro', '2025-02-20 22:28:01', '2025-02-20 22:28:01'),
(1502, 198, 128, 181, 'Mauve', '2025-02-20 22:28:01', '2025-02-20 22:28:01'),
(1503, 198, 127, 181, 'Mauve', '2025-02-20 22:28:01', '2025-02-20 22:28:01'),
(1514, 201, 126, 24, 'Negro', '2025-02-20 23:09:25', '2025-02-20 23:09:25'),
(1515, 201, 129, 11, 'Negro', '2025-02-20 23:09:25', '2025-02-20 23:09:25'),
(1516, 201, 130, 11, 'Negro', '2025-02-20 23:09:25', '2025-02-20 23:09:25'),
(1517, 201, 128, 24, 'Negro', '2025-02-20 23:09:25', '2025-02-20 23:09:25'),
(1518, 201, 127, 24, 'Negro', '2025-02-20 23:09:25', '2025-02-20 23:09:25'),
(1529, 204, 126, 24, 'Negro', '2025-02-25 06:10:26', '2025-02-25 06:10:26'),
(1530, 204, 129, 11, 'Negro', '2025-02-25 06:10:26', '2025-02-25 06:10:26'),
(1531, 204, 130, 11, 'Negro', '2025-02-25 06:10:26', '2025-02-25 06:10:26'),
(1532, 204, 128, 24, 'Negro', '2025-02-25 06:10:26', '2025-02-25 06:10:26'),
(1533, 204, 127, 24, 'Negro', '2025-02-25 06:10:26', '2025-02-25 06:10:26'),
(1534, 205, 499, 175, 'Amarillo', '2025-02-27 07:37:15', '2025-02-27 07:37:15'),
(1535, 205, 495, 51, 'Negro', '2025-02-27 07:37:15', '2025-02-27 07:37:15'),
(1536, 205, 496, 19, 'Ambar', '2025-02-27 07:37:15', '2025-02-27 07:37:15'),
(1537, 205, 493, 11, 'Negro', '2025-02-27 07:37:15', '2025-02-27 07:37:15'),
(1538, 205, 494, 11, 'Negro', '2025-02-27 07:37:15', '2025-02-27 07:37:15'),
(1539, 205, 492, 11, 'Negro', '2025-02-27 07:37:15', '2025-02-27 07:37:15'),
(1540, 205, 490, 91, 'Negro', '2025-02-27 07:37:15', '2025-02-27 07:37:15'),
(1541, 205, 488, 182, 'Negro', '2025-02-27 07:37:15', '2025-02-27 07:37:15'),
(1542, 205, 489, 31, 'Negro', '2025-02-27 07:37:15', '2025-02-27 07:37:15'),
(1543, 205, 491, 15, 'Negro', '2025-02-27 07:37:15', '2025-02-27 07:37:15'),
(1544, 206, 499, 175, 'Amarillo', '2025-02-27 07:39:20', '2025-02-27 07:39:20'),
(1545, 206, 495, 51, 'Negro', '2025-02-27 07:39:20', '2025-02-27 07:39:20'),
(1546, 206, 496, 19, 'Ambar', '2025-02-27 07:39:20', '2025-02-27 07:39:20'),
(1547, 206, 493, 71, 'Negro', '2025-02-27 07:39:20', '2025-02-27 07:39:20'),
(1548, 206, 494, 11, 'Negro', '2025-02-27 07:39:20', '2025-02-27 07:39:20'),
(1549, 206, 492, 11, 'Negro', '2025-02-27 07:39:20', '2025-02-27 07:39:20'),
(1550, 206, 490, 91, 'Negro', '2025-02-27 07:39:20', '2025-02-27 07:39:20'),
(1551, 206, 488, 182, 'Negro', '2025-02-27 07:39:20', '2025-02-27 07:39:20'),
(1552, 206, 489, 31, 'Negro', '2025-02-27 07:39:20', '2025-02-27 07:39:20'),
(1553, 206, 491, 15, 'Negro', '2025-02-27 07:39:20', '2025-02-27 07:39:20'),
(1554, 207, 499, 175, 'Amarillo', '2025-02-27 07:41:34', '2025-02-27 07:41:34'),
(1555, 207, 495, 51, 'Negro', '2025-02-27 07:41:34', '2025-02-27 07:41:34'),
(1556, 207, 496, 19, 'Ambar', '2025-02-27 07:41:34', '2025-02-27 07:41:34'),
(1557, 207, 493, 11, 'Negro', '2025-02-27 07:41:34', '2025-02-27 07:41:34'),
(1558, 207, 494, 11, 'Negro', '2025-02-27 07:41:34', '2025-02-27 07:41:34'),
(1559, 207, 492, 11, 'Negro', '2025-02-27 07:41:34', '2025-02-27 07:41:34'),
(1560, 207, 490, 91, 'Negro', '2025-02-27 07:41:34', '2025-02-27 07:41:34'),
(1561, 207, 488, 182, 'Negro', '2025-02-27 07:41:34', '2025-02-27 07:41:34'),
(1562, 207, 489, 31, 'Negro', '2025-02-27 07:41:34', '2025-02-27 07:41:34'),
(1563, 207, 491, 15, 'Negro', '2025-02-27 07:41:34', '2025-02-27 07:41:34'),
(1606, 211, 467, 52, 'Negro', '2025-02-27 08:41:20', '2025-02-27 08:41:20'),
(1607, 211, 464, 11, 'Negro', '2025-02-27 08:41:20', '2025-02-27 08:41:20'),
(1608, 211, 463, 183, 'Negro', '2025-02-27 08:41:20', '2025-02-27 08:41:20'),
(1609, 211, 465, 183, 'Negro', '2025-02-27 08:41:20', '2025-02-27 08:41:20'),
(1610, 212, 473, 175, 'Amarillo', '2025-02-27 08:46:40', '2025-02-27 08:46:40'),
(1611, 212, 136, 12, 'Negro', '2025-02-27 08:46:40', '2025-02-27 08:46:40'),
(1612, 212, 144, 52, 'Negro', '2025-02-27 08:46:40', '2025-02-27 08:46:40'),
(1613, 212, 137, 32, 'Negro', '2025-02-27 08:46:40', '2025-02-27 08:46:40'),
(1614, 212, 143, 21, 'Ambar', '2025-02-27 08:46:40', '2025-02-27 08:46:40'),
(1615, 212, 142, 19, 'Ambar', '2025-02-27 08:46:40', '2025-02-27 08:46:40'),
(1617, 212, 140, 11, 'Negro', '2025-02-27 08:46:40', '2025-02-27 08:46:40'),
(1618, 212, 141, 11, 'Negro', '2025-02-27 08:46:40', '2025-02-27 08:46:40'),
(1619, 212, 139, 11, 'Negro', '2025-02-27 08:46:40', '2025-02-27 08:46:40'),
(1622, 212, 138, 25, 'Negro', '2025-02-27 08:46:40', '2025-02-27 08:46:40'),
(1633, 215, 499, 175, 'Amarillo', '2025-03-02 04:45:28', '2025-03-02 04:45:28'),
(1634, 215, 495, 51, 'Negro', '2025-03-02 04:45:28', '2025-03-02 04:45:28'),
(1635, 215, 496, 19, 'Ambar', '2025-03-02 04:45:28', '2025-03-02 04:45:28'),
(1636, 215, 493, 11, 'Negro', '2025-03-02 04:45:28', '2025-03-02 04:45:28'),
(1637, 215, 494, 11, 'Negro', '2025-03-02 04:45:28', '2025-03-02 04:45:28'),
(1638, 215, 492, 11, 'Negro', '2025-03-02 04:45:28', '2025-03-02 04:45:28'),
(1639, 215, 490, 91, 'Negro', '2025-03-02 04:45:28', '2025-03-02 04:45:28'),
(1640, 215, 488, 182, 'Negro', '2025-03-02 04:45:28', '2025-03-02 04:45:28'),
(1641, 215, 489, 31, 'Negro', '2025-03-02 04:45:28', '2025-03-02 04:45:28'),
(1642, 215, 491, 15, 'Negro', '2025-03-02 04:45:28', '2025-03-02 04:45:28'),
(1711, 217, 474, 175, 'Amarillo', '2025-03-05 03:57:03', '2025-03-05 03:57:03'),
(1712, 217, 284, 12, 'Negro', '2025-03-05 03:57:03', '2025-03-05 03:57:03'),
(1713, 217, 475, 51, 'Negro', '2025-03-05 03:57:03', '2025-03-05 03:57:03'),
(1714, 217, 476, 52, 'Negro', '2025-03-05 03:57:03', '2025-03-05 03:57:03'),
(1715, 217, 287, 20, 'Ambar', '2025-03-05 03:57:03', '2025-03-05 03:57:03'),
(1716, 217, 286, 19, 'Ambar', '2025-03-05 03:57:03', '2025-03-05 03:57:03'),
(1717, 217, 289, 11, 'Negro', '2025-03-05 03:57:03', '2025-03-05 03:57:03'),
(1718, 217, 288, 11, 'Negro', '2025-03-05 03:57:03', '2025-03-05 03:57:03'),
(1719, 217, 290, 11, 'Negro', '2025-03-05 03:57:03', '2025-03-05 03:57:03'),
(1720, 217, 279, 30, 'Negro', '2025-03-05 03:57:03', '2025-03-05 03:57:03'),
(1721, 217, 285, 24, 'Negro', '2025-03-05 03:57:03', '2025-03-05 03:57:03'),
(1722, 217, 282, 30, 'Negro', '2025-03-05 03:57:03', '2025-03-05 03:57:03'),
(1723, 217, 278, 30, 'Negro', '2025-03-05 03:57:03', '2025-03-05 03:57:03'),
(1724, 217, 283, 24, 'Negro', '2025-03-05 03:57:03', '2025-03-05 03:57:03'),
(1725, 217, 293, 31, 'Negro', '2025-03-05 03:57:03', '2025-03-05 03:57:03'),
(1726, 217, 294, 31, 'Negro', '2025-03-05 03:57:03', '2025-03-05 03:57:03'),
(1727, 217, 295, 31, 'Negro', '2025-03-05 03:57:03', '2025-03-05 03:57:03'),
(1728, 217, 296, 31, 'Negro', '2025-03-05 03:57:03', '2025-03-05 03:57:03'),
(1729, 217, 281, 15, 'Negro', '2025-03-05 03:57:03', '2025-03-05 03:57:03'),
(1730, 217, 280, 30, 'Negro', '2025-03-05 03:57:03', '2025-03-05 03:57:03'),
(1751, 218, 474, 175, 'Amarillo', '2025-03-05 04:00:49', '2025-03-05 04:00:49'),
(1752, 218, 284, 12, 'Negro', '2025-03-05 04:00:49', '2025-03-05 04:00:49'),
(1753, 218, 475, 51, 'Negro', '2025-03-05 04:00:49', '2025-03-05 04:00:49'),
(1754, 218, 476, 52, 'Negro', '2025-03-05 04:00:49', '2025-03-05 04:00:49'),
(1755, 218, 287, 20, 'Ambar', '2025-03-05 04:00:49', '2025-03-05 04:00:49'),
(1756, 218, 286, 19, 'Ambar', '2025-03-05 04:00:49', '2025-03-05 04:00:49'),
(1757, 218, 289, 11, 'Negro', '2025-03-05 04:00:49', '2025-03-05 04:00:49'),
(1758, 218, 288, 11, 'Negro', '2025-03-05 04:00:49', '2025-03-05 04:00:49'),
(1759, 218, 290, 11, 'Negro', '2025-03-05 04:00:49', '2025-03-05 04:00:49'),
(1760, 218, 279, 186, '.', '2025-03-05 04:00:49', '2025-03-05 04:00:49'),
(1761, 218, 285, 181, 'Mauve', '2025-03-05 04:00:49', '2025-03-05 04:00:49'),
(1762, 218, 282, 186, '.', '2025-03-05 04:00:49', '2025-03-05 04:00:49'),
(1763, 218, 278, 186, '.', '2025-03-05 04:00:49', '2025-03-05 04:00:49'),
(1764, 218, 283, 181, 'Mauve', '2025-03-05 04:00:49', '2025-03-05 04:00:49'),
(1765, 218, 293, 31, 'Negro', '2025-03-05 04:00:49', '2025-03-05 04:00:49'),
(1766, 218, 294, 31, 'Negro', '2025-03-05 04:00:49', '2025-03-05 04:00:49'),
(1767, 218, 295, 31, 'Negro', '2025-03-05 04:00:49', '2025-03-05 04:00:49'),
(1768, 218, 296, 31, 'Negro', '2025-03-05 04:00:49', '2025-03-05 04:00:49'),
(1769, 218, 281, 15, 'Negro', '2025-03-05 04:00:49', '2025-03-05 04:00:49'),
(1770, 218, 280, 186, '.', '2025-03-05 04:00:49', '2025-03-05 04:00:49'),
(1791, 219, 474, 175, 'Amarillo', '2025-03-05 04:04:35', '2025-03-05 04:04:35'),
(1792, 219, 284, 12, 'Negro', '2025-03-05 04:04:35', '2025-03-05 04:04:35'),
(1793, 219, 475, 51, 'Negro', '2025-03-05 04:04:35', '2025-03-05 04:04:35'),
(1794, 219, 476, 52, 'Negro', '2025-03-05 04:04:35', '2025-03-05 04:04:35'),
(1795, 219, 287, 20, 'Ambar', '2025-03-05 04:04:35', '2025-03-05 04:04:35'),
(1796, 219, 286, 19, 'Ambar', '2025-03-05 04:04:35', '2025-03-05 04:04:35'),
(1797, 219, 289, 11, 'Negro', '2025-03-05 04:04:35', '2025-03-05 04:04:35'),
(1798, 219, 288, 11, 'Negro', '2025-03-05 04:04:35', '2025-03-05 04:04:35'),
(1799, 219, 290, 11, 'Negro', '2025-03-05 04:04:35', '2025-03-05 04:04:35'),
(1800, 219, 279, 177, '.', '2025-03-05 04:04:35', '2025-03-05 04:04:35'),
(1801, 219, 285, 179, 'Verde', '2025-03-05 04:04:35', '2025-03-05 04:04:35'),
(1802, 219, 282, 177, '.', '2025-03-05 04:04:35', '2025-03-05 04:04:35'),
(1803, 219, 278, 177, '.', '2025-03-05 04:04:35', '2025-03-05 04:04:35'),
(1804, 219, 283, 180, 'Verde', '2025-03-05 04:04:35', '2025-03-05 04:04:35'),
(1805, 219, 293, 31, 'Negro', '2025-03-05 04:04:35', '2025-03-05 04:04:35'),
(1806, 219, 294, 31, 'Negro', '2025-03-05 04:04:35', '2025-03-05 04:04:35'),
(1807, 219, 295, 31, 'Negro', '2025-03-05 04:04:35', '2025-03-05 04:04:35'),
(1808, 219, 296, 31, 'Negro', '2025-03-05 04:04:35', '2025-03-05 04:04:35'),
(1809, 219, 281, 15, 'Negro', '2025-03-05 04:04:35', '2025-03-05 04:04:35'),
(1810, 219, 280, 177, '.', '2025-03-05 04:04:35', '2025-03-05 04:04:35'),
(1811, 216, 474, 175, 'Amarillo', '2025-03-05 04:06:46', '2025-03-05 04:06:46'),
(1812, 216, 284, 12, 'Negro', '2025-03-05 04:06:46', '2025-03-05 04:06:46'),
(1813, 216, 475, 51, 'Negro', '2025-03-05 04:06:46', '2025-03-05 04:06:46'),
(1814, 216, 476, 52, 'Negro', '2025-03-05 04:06:46', '2025-03-05 04:06:46'),
(1815, 216, 287, 20, 'Ambar', '2025-03-05 04:06:46', '2025-03-05 04:06:46'),
(1816, 216, 286, 19, 'Ambar', '2025-03-05 04:06:46', '2025-03-05 04:06:46'),
(1817, 216, 289, 11, 'Negro', '2025-03-05 04:06:46', '2025-03-05 04:06:46'),
(1818, 216, 288, 11, 'Negro', '2025-03-05 04:06:46', '2025-03-05 04:06:46'),
(1819, 216, 290, 11, 'Negro', '2025-03-05 04:06:46', '2025-03-05 04:06:46'),
(1820, 216, 279, 187, '.', '2025-03-05 04:06:46', '2025-03-05 04:06:46'),
(1821, 216, 285, 188, '.', '2025-03-05 04:06:46', '2025-03-05 04:06:46'),
(1822, 216, 282, 187, '.', '2025-03-05 04:06:46', '2025-03-05 04:06:46'),
(1823, 216, 278, 187, '.', '2025-03-05 04:06:46', '2025-03-05 04:06:46'),
(1824, 216, 283, 188, '.', '2025-03-05 04:06:46', '2025-03-05 04:06:46'),
(1825, 216, 293, 31, 'Negro', '2025-03-05 04:06:46', '2025-03-05 04:06:46'),
(1826, 216, 294, 31, 'Negro', '2025-03-05 04:06:46', '2025-03-05 04:06:46'),
(1827, 216, 295, 31, 'Negro', '2025-03-05 04:06:46', '2025-03-05 04:06:46'),
(1828, 216, 296, 31, 'Negro', '2025-03-05 04:06:46', '2025-03-05 04:06:46'),
(1829, 216, 281, 15, 'Negro', '2025-03-05 04:06:46', '2025-03-05 04:06:46'),
(1830, 216, 280, 187, '.', '2025-03-05 04:06:46', '2025-03-05 04:06:46'),
(1831, 220, 474, 175, 'Amarillo', '2025-03-05 04:07:11', '2025-03-05 04:07:11'),
(1832, 220, 284, 12, 'Negro', '2025-03-05 04:07:11', '2025-03-05 04:07:11'),
(1833, 220, 475, 51, 'Negro', '2025-03-05 04:07:11', '2025-03-05 04:07:11'),
(1834, 220, 476, 52, 'Negro', '2025-03-05 04:07:11', '2025-03-05 04:07:11'),
(1835, 220, 287, 20, 'Ambar', '2025-03-05 04:07:11', '2025-03-05 04:07:11'),
(1836, 220, 286, 19, 'Ambar', '2025-03-05 04:07:11', '2025-03-05 04:07:11'),
(1837, 220, 289, 11, 'Negro', '2025-03-05 04:07:11', '2025-03-05 04:07:11'),
(1838, 220, 288, 11, 'Negro', '2025-03-05 04:07:11', '2025-03-05 04:07:11'),
(1839, 220, 290, 11, 'Negro', '2025-03-05 04:07:11', '2025-03-05 04:07:11'),
(1840, 220, 279, 187, '.', '2025-03-05 04:07:11', '2025-03-05 04:07:11'),
(1841, 220, 285, 188, '.', '2025-03-05 04:07:11', '2025-03-05 04:07:11'),
(1842, 220, 282, 187, '.', '2025-03-05 04:07:11', '2025-03-05 04:07:11'),
(1843, 220, 278, 187, '.', '2025-03-05 04:07:11', '2025-03-05 04:07:11'),
(1844, 220, 283, 188, '.', '2025-03-05 04:07:11', '2025-03-05 04:07:11'),
(1845, 220, 293, 31, 'Negro', '2025-03-05 04:07:11', '2025-03-05 04:07:11'),
(1846, 220, 294, 31, 'Negro', '2025-03-05 04:07:11', '2025-03-05 04:07:11'),
(1847, 220, 295, 31, 'Negro', '2025-03-05 04:07:11', '2025-03-05 04:07:11'),
(1848, 220, 296, 31, 'Negro', '2025-03-05 04:07:11', '2025-03-05 04:07:11'),
(1849, 220, 281, 15, 'Negro', '2025-03-05 04:07:11', '2025-03-05 04:07:11'),
(1850, 220, 280, 187, '.', '2025-03-05 04:07:11', '2025-03-05 04:07:11'),
(1859, 221, 470, 85, 'Negra', '2025-03-05 05:19:11', '2025-03-05 05:19:11'),
(1860, 221, 472, 80, 'Negro', '2025-03-05 05:19:11', '2025-03-05 05:19:11'),
(1861, 221, 471, 80, 'Negro', '2025-03-05 05:19:11', '2025-03-05 05:19:11'),
(1862, 221, 507, 57, 'Negro', '2025-03-05 05:19:11', '2025-03-05 05:19:11'),
(1863, 221, 508, 57, 'Negro', '2025-03-05 05:19:11', '2025-03-05 05:19:11'),
(1864, 221, 509, 11, 'Negro', '2025-03-05 05:19:11', '2025-03-05 05:19:11'),
(1865, 221, 510, 11, 'Negro', '2025-03-05 05:19:11', '2025-03-05 05:19:11'),
(1866, 221, 511, 52, 'Negro', '2025-03-05 05:19:11', '2025-03-05 05:19:11'),
(1883, 222, 470, 180, 'Verde', '2025-03-05 05:21:30', '2025-03-05 05:21:30'),
(1884, 222, 472, 80, 'Negro', '2025-03-05 05:21:30', '2025-03-05 05:21:30'),
(1885, 222, 471, 80, 'Negro', '2025-03-05 05:21:30', '2025-03-05 05:21:30'),
(1886, 222, 507, 57, 'Negro', '2025-03-05 05:21:30', '2025-03-05 05:21:30'),
(1887, 222, 508, 57, 'Negro', '2025-03-05 05:21:30', '2025-03-05 05:21:30'),
(1888, 222, 509, 11, 'Negro', '2025-03-05 05:21:30', '2025-03-05 05:21:30'),
(1889, 222, 510, 11, 'Negro', '2025-03-05 05:21:30', '2025-03-05 05:21:30'),
(1890, 222, 511, 52, 'Negro', '2025-03-05 05:21:30', '2025-03-05 05:21:30'),
(1891, 223, 470, 189, 'Gris', '2025-03-05 05:22:57', '2025-03-05 05:22:57'),
(1892, 223, 472, 80, 'Negro', '2025-03-05 05:22:57', '2025-03-05 05:22:57'),
(1893, 223, 471, 80, 'Negro', '2025-03-05 05:22:57', '2025-03-05 05:22:57'),
(1894, 223, 507, 57, 'Negro', '2025-03-05 05:22:57', '2025-03-05 05:22:57'),
(1895, 223, 508, 57, 'Negro', '2025-03-05 05:22:57', '2025-03-05 05:22:57'),
(1896, 223, 509, 11, 'Negro', '2025-03-05 05:22:57', '2025-03-05 05:22:57'),
(1897, 223, 510, 11, 'Negro', '2025-03-05 05:22:57', '2025-03-05 05:22:57'),
(1898, 223, 511, 52, 'Negro', '2025-03-05 05:22:57', '2025-03-05 05:22:57'),
(1899, 224, 474, 175, 'Amarillo', '2025-03-11 00:42:07', '2025-03-11 00:42:07'),
(1900, 224, 284, 12, 'Negro', '2025-03-11 00:42:07', '2025-03-11 00:42:07'),
(1901, 224, 475, 51, 'Negro', '2025-03-11 00:42:07', '2025-03-11 00:42:07'),
(1902, 224, 476, 52, 'Negro', '2025-03-11 00:42:07', '2025-03-11 00:42:07'),
(1903, 224, 287, 20, 'Ambar', '2025-03-11 00:42:07', '2025-03-11 00:42:07'),
(1904, 224, 286, 19, 'Ambar', '2025-03-11 00:42:07', '2025-03-11 00:42:07'),
(1905, 224, 289, 11, 'Negro', '2025-03-11 00:42:07', '2025-03-11 00:42:07'),
(1906, 224, 288, 11, 'Negro', '2025-03-11 00:42:07', '2025-03-11 00:42:07'),
(1907, 224, 290, 71, 'Negro', '2025-03-11 00:42:07', '2025-03-11 00:42:07'),
(1908, 224, 279, 177, '.', '2025-03-11 00:42:07', '2025-03-11 00:42:07'),
(1909, 224, 285, 24, 'Verde', '2025-03-11 00:42:07', '2025-03-11 00:42:07'),
(1910, 224, 282, 177, '.', '2025-03-11 00:42:07', '2025-03-11 00:42:07'),
(1911, 224, 278, 177, '.', '2025-03-11 00:42:07', '2025-03-11 00:42:07'),
(1912, 224, 283, 24, 'Verde', '2025-03-11 00:42:07', '2025-03-11 00:42:07'),
(1915, 224, 293, 31, 'Negro', '2025-03-11 00:42:07', '2025-03-11 00:42:07'),
(1916, 224, 294, 31, 'Negro', '2025-03-11 00:42:07', '2025-03-11 00:42:07'),
(1917, 224, 295, 31, 'Negro', '2025-03-11 00:42:07', '2025-03-11 00:42:07'),
(1918, 224, 296, 31, 'Negro', '2025-03-11 00:42:07', '2025-03-11 00:42:07'),
(1919, 224, 281, 15, 'Negro', '2025-03-11 00:42:07', '2025-03-11 00:42:07'),
(1920, 224, 348, 177, '.', '2025-03-11 00:42:07', '2025-03-11 00:42:07'),
(1921, 225, 474, 175, 'Amarillo', '2025-03-11 00:42:08', '2025-03-11 00:42:08'),
(1922, 225, 284, 12, 'Negro', '2025-03-11 00:42:08', '2025-03-11 00:42:08'),
(1923, 225, 475, 51, 'Negro', '2025-03-11 00:42:08', '2025-03-11 00:42:08'),
(1924, 225, 476, 52, 'Negro', '2025-03-11 00:42:08', '2025-03-11 00:42:08'),
(1925, 225, 287, 20, 'Ambar', '2025-03-11 00:42:08', '2025-03-11 00:42:08'),
(1926, 225, 286, 19, 'Ambar', '2025-03-11 00:42:08', '2025-03-11 00:42:08'),
(1927, 225, 289, 11, 'Negro', '2025-03-11 00:42:08', '2025-03-11 00:42:08'),
(1928, 225, 288, 11, 'Negro', '2025-03-11 00:42:08', '2025-03-11 00:42:08'),
(1929, 225, 290, 11, 'Negro', '2025-03-11 00:42:08', '2025-03-11 00:42:08'),
(1930, 225, 279, 178, '.', '2025-03-11 00:42:08', '2025-03-11 00:42:08'),
(1931, 225, 285, 24, 'Marino', '2025-03-11 00:42:08', '2025-03-11 00:42:08'),
(1932, 225, 282, 178, '.', '2025-03-11 00:42:08', '2025-03-11 00:42:08'),
(1933, 225, 278, 178, '.', '2025-03-11 00:42:08', '2025-03-11 00:42:08'),
(1934, 225, 283, 24, 'Marino', '2025-03-11 00:42:08', '2025-03-11 00:42:08'),
(1937, 225, 293, 31, 'Negro', '2025-03-11 00:42:08', '2025-03-11 00:42:08'),
(1938, 225, 294, 31, 'Negro', '2025-03-11 00:42:08', '2025-03-11 00:42:08'),
(1939, 225, 295, 31, 'Negro', '2025-03-11 00:42:08', '2025-03-11 00:42:08'),
(1940, 225, 296, 31, 'Negro', '2025-03-11 00:42:08', '2025-03-11 00:42:08'),
(1941, 225, 281, 15, 'Negro', '2025-03-11 00:42:08', '2025-03-11 00:42:08'),
(1942, 225, 348, 178, '.', '2025-03-11 00:42:08', '2025-03-11 00:42:08'),
(1943, 156, 229, 12, 'Negro', '2025-03-11 00:46:42', '2025-03-11 00:46:42'),
(1944, 156, 233, 19, 'Ambar', '2025-03-11 00:46:42', '2025-03-11 00:46:42'),
(1945, 156, 231, 11, 'Negro', '2025-03-11 00:46:42', '2025-03-11 00:46:42'),
(1946, 156, 232, 11, 'Negro', '2025-03-11 00:46:42', '2025-03-11 00:46:42'),
(1947, 156, 230, 11, 'Negro', '2025-03-11 00:46:42', '2025-03-11 00:46:42'),
(1948, 156, 228, 91, 'Negro', '2025-03-11 00:46:42', '2025-03-11 00:46:42'),
(1949, 156, 227, 114, 'Negro', '2025-03-11 00:46:42', '2025-03-11 00:46:42'),
(1950, 226, 520, 52, 'Negro', '2025-03-11 01:02:31', '2025-03-11 01:02:31'),
(1951, 226, 521, 19, 'Ambar', '2025-03-11 01:02:31', '2025-03-11 01:02:31'),
(1952, 226, 519, 11, 'Negro', '2025-03-11 01:02:31', '2025-03-11 01:02:31'),
(1953, 226, 516, 11, 'Negro', '2025-03-11 01:02:31', '2025-03-11 01:02:31'),
(1954, 226, 518, 11, 'Negro', '2025-03-11 01:02:31', '2025-03-11 01:02:31'),
(1955, 226, 515, 91, 'Negro', '2025-03-11 01:02:31', '2025-03-11 01:02:31'),
(1956, 226, 512, 110, 'Negro', '2025-03-11 01:02:31', '2025-03-11 01:02:31'),
(1957, 226, 514, 138, 'Negro', '2025-03-11 01:02:31', '2025-03-11 01:02:31'),
(1958, 226, 513, 31, 'Negro', '2025-03-11 01:02:31', '2025-03-11 01:02:31'),
(1959, 226, 517, 15, 'Negro', '2025-03-11 01:02:31', '2025-03-11 01:02:31'),
(1973, 227, 524, 175, 'Amarillo', '2025-03-11 04:59:10', '2025-03-11 04:59:10'),
(1974, 227, 155, 19, 'Ambar', '2025-03-11 04:59:10', '2025-03-11 04:59:10'),
(1975, 227, 523, 21, 'Ambar', '2025-03-11 04:59:10', '2025-03-11 04:59:10'),
(1976, 227, 150, 14, 'Negro', '2025-03-11 04:59:10', '2025-03-11 04:59:10'),
(1977, 227, 149, 69, 'Negro', '2025-03-11 04:59:10', '2025-03-11 04:59:10'),
(1978, 227, 154, 69, 'Negro', '2025-03-11 04:59:10', '2025-03-11 04:59:10'),
(1979, 227, 147, 32, 'Negro', '2025-03-11 04:59:10', '2025-03-11 04:59:10'),
(1980, 227, 148, 14, 'Negro', '2025-03-11 04:59:10', '2025-03-11 04:59:10'),
(1981, 227, 153, 108, 'Negro', '2025-03-11 04:59:10', '2025-03-11 04:59:10'),
(1982, 227, 152, 108, 'Negro', '2025-03-11 04:59:10', '2025-03-11 04:59:10'),
(1983, 227, 151, 32, 'Negro', '2025-03-11 04:59:10', '2025-03-11 04:59:10'),
(1984, 227, 156, 138, 'Negro', '2025-03-11 04:59:10', '2025-03-11 04:59:10'),
(1985, 227, 157, 32, 'Negro', '2025-03-11 04:59:10', '2025-03-11 04:59:10'),
(2014, 229, 106, 85, 'Negra', '2025-03-12 05:06:10', '2025-03-12 05:06:10'),
(2015, 229, 107, 85, 'Negra', '2025-03-12 05:06:10', '2025-03-12 05:06:10'),
(2016, 229, 117, 85, 'Negra', '2025-03-12 05:06:10', '2025-03-12 05:06:10'),
(2017, 229, 112, 12, 'Negro', '2025-03-12 05:06:10', '2025-03-12 05:06:10'),
(2018, 229, 108, 14, 'Negro', '2025-03-12 05:06:10', '2025-03-12 05:06:10'),
(2019, 229, 109, 14, 'Negro', '2025-03-12 05:06:10', '2025-03-12 05:06:10'),
(2020, 229, 110, 14, 'Negro', '2025-03-12 05:06:10', '2025-03-12 05:06:10'),
(2021, 229, 113, 14, 'Negro', '2025-03-12 05:06:10', '2025-03-12 05:06:10'),
(2022, 229, 111, 30, 'Negro', '2025-03-12 05:06:10', '2025-03-12 05:06:10'),
(2023, 229, 116, 30, 'Negro', '2025-03-12 05:06:10', '2025-03-12 05:06:10'),
(2024, 229, 123, 22, 'Amarillo', '2025-03-12 05:06:10', '2025-03-12 05:06:10'),
(2025, 229, 122, 20, 'Ambar', '2025-03-12 05:06:10', '2025-03-12 05:06:10'),
(2026, 229, 121, 19, 'Ambar', '2025-03-12 05:06:10', '2025-03-12 05:06:10'),
(2027, 229, 119, 11, 'Negro', '2025-03-12 05:06:10', '2025-03-12 05:06:10'),
(2028, 229, 118, 8, 'Negro', '2025-03-12 05:06:10', '2025-03-12 05:06:10'),
(2029, 229, 120, 8, 'Negro', '2025-03-12 05:06:10', '2025-03-12 05:06:10'),
(2030, 229, 115, 184, 'Amarillo', '2025-03-12 05:06:10', '2025-03-12 05:06:10'),
(2031, 230, 126, 24, 'Negro', '2025-03-18 22:29:43', '2025-03-18 22:29:43'),
(2032, 230, 129, 11, 'Negro', '2025-03-18 22:29:44', '2025-03-18 22:29:44'),
(2033, 230, 130, 11, 'Negro', '2025-03-18 22:29:44', '2025-03-18 22:29:44'),
(2034, 230, 128, 24, 'Negro', '2025-03-18 22:29:44', '2025-03-18 22:29:44'),
(2035, 230, 127, 24, 'Negro', '2025-03-18 22:29:44', '2025-03-18 22:29:44'),
(2036, 231, 126, 24, 'Negro', '2025-03-18 22:30:16', '2025-03-18 22:30:16'),
(2037, 231, 129, 11, 'Negro', '2025-03-18 22:30:16', '2025-03-18 22:30:16'),
(2038, 231, 130, 11, 'Negro', '2025-03-18 22:30:16', '2025-03-18 22:30:16'),
(2039, 231, 128, 24, 'Negro', '2025-03-18 22:30:16', '2025-03-18 22:30:16'),
(2040, 231, 127, 24, 'Negro', '2025-03-18 22:30:17', '2025-03-18 22:30:17'),
(2041, 232, 126, 24, 'Negro', '2025-03-18 22:31:52', '2025-03-18 22:31:52'),
(2042, 232, 129, 11, 'Negro', '2025-03-18 22:31:52', '2025-03-18 22:31:52'),
(2043, 232, 130, 11, 'Negro', '2025-03-18 22:31:52', '2025-03-18 22:31:52'),
(2044, 232, 128, 24, 'Negro', '2025-03-18 22:31:52', '2025-03-18 22:31:52'),
(2045, 232, 127, 24, 'Negro', '2025-03-18 22:31:52', '2025-03-18 22:31:52'),
(2046, 233, 474, 175, 'Amarillo', '2025-03-18 22:33:00', '2025-03-18 22:33:00'),
(2047, 233, 284, 12, 'Negro', '2025-03-18 22:33:00', '2025-03-18 22:33:00'),
(2048, 233, 475, 51, 'Negro', '2025-03-18 22:33:00', '2025-03-18 22:33:00'),
(2049, 233, 476, 22, 'Negro', '2025-03-18 22:33:00', '2025-03-18 22:33:00'),
(2050, 233, 287, 20, 'Ambar', '2025-03-18 22:33:00', '2025-03-18 22:33:00'),
(2051, 233, 286, 19, 'Ambar', '2025-03-18 22:33:00', '2025-03-18 22:33:00'),
(2052, 233, 289, 11, 'Negro', '2025-03-18 22:33:00', '2025-03-18 22:33:00'),
(2053, 233, 279, 32, 'Negro', '2025-03-18 22:33:00', '2025-03-18 22:33:00'),
(2054, 233, 285, 24, 'Negro', '2025-03-18 22:33:00', '2025-03-18 22:33:00'),
(2055, 233, 282, 14, 'Negro', '2025-03-18 22:33:00', '2025-03-18 22:33:00'),
(2056, 233, 278, 32, 'Negro', '2025-03-18 22:33:00', '2025-03-18 22:33:00'),
(2057, 233, 283, 24, 'Negro', '2025-03-18 22:33:00', '2025-03-18 22:33:00'),
(2060, 233, 293, 31, 'Negro', '2025-03-18 22:33:01', '2025-03-18 22:33:01');
INSERT INTO `cotizacion_has_piezas` (`id`, `idCotizacion`, `idPieza`, `idMaterial`, `colorMaterial`, `created_at`, `updated_at`) VALUES
(2061, 233, 294, 31, 'Negro', '2025-03-18 22:33:01', '2025-03-18 22:33:01'),
(2062, 233, 295, 31, 'Negro', '2025-03-18 22:33:01', '2025-03-18 22:33:01'),
(2063, 233, 296, 31, 'Negro', '2025-03-18 22:33:01', '2025-03-18 22:33:01'),
(2064, 233, 281, 15, 'Negro', '2025-03-18 22:33:01', '2025-03-18 22:33:01'),
(2065, 233, 280, 32, 'Negro', '2025-03-18 22:33:01', '2025-03-18 22:33:01'),
(2066, 234, 474, 175, 'Amarillo', '2025-03-18 22:34:21', '2025-03-18 22:34:21'),
(2067, 234, 284, 12, 'Negro', '2025-03-18 22:34:21', '2025-03-18 22:34:21'),
(2068, 234, 475, 51, 'Negro', '2025-03-18 22:34:21', '2025-03-18 22:34:21'),
(2069, 234, 476, 22, 'Negro', '2025-03-18 22:34:21', '2025-03-18 22:34:21'),
(2070, 234, 287, 20, 'Ambar', '2025-03-18 22:34:21', '2025-03-18 22:34:21'),
(2071, 234, 286, 19, 'Ambar', '2025-03-18 22:34:21', '2025-03-18 22:34:21'),
(2072, 234, 289, 11, 'Negro', '2025-03-18 22:34:21', '2025-03-18 22:34:21'),
(2073, 234, 279, 32, 'Negro', '2025-03-18 22:34:21', '2025-03-18 22:34:21'),
(2074, 234, 285, 24, 'Negro', '2025-03-18 22:34:21', '2025-03-18 22:34:21'),
(2075, 234, 282, 14, 'Negro', '2025-03-18 22:34:21', '2025-03-18 22:34:21'),
(2076, 234, 278, 32, 'Negro', '2025-03-18 22:34:21', '2025-03-18 22:34:21'),
(2077, 234, 283, 24, 'Negro', '2025-03-18 22:34:21', '2025-03-18 22:34:21'),
(2080, 234, 293, 31, 'Negro', '2025-03-18 22:34:22', '2025-03-18 22:34:22'),
(2081, 234, 294, 31, 'Negro', '2025-03-18 22:34:22', '2025-03-18 22:34:22'),
(2082, 234, 295, 31, 'Negro', '2025-03-18 22:34:22', '2025-03-18 22:34:22'),
(2083, 234, 296, 31, 'Negro', '2025-03-18 22:34:22', '2025-03-18 22:34:22'),
(2084, 234, 281, 15, 'Negro', '2025-03-18 22:34:22', '2025-03-18 22:34:22'),
(2085, 234, 280, 32, 'Negro', '2025-03-18 22:34:22', '2025-03-18 22:34:22'),
(2137, 238, 126, 24, 'Negro', '2025-03-18 23:08:16', '2025-03-18 23:08:16'),
(2138, 238, 129, 11, 'Negro', '2025-03-18 23:08:16', '2025-03-18 23:08:16'),
(2139, 238, 130, 11, 'Negro', '2025-03-18 23:08:16', '2025-03-18 23:08:16'),
(2140, 238, 128, 24, 'Negro', '2025-03-18 23:08:16', '2025-03-18 23:08:16'),
(2141, 238, 127, 24, 'Negro', '2025-03-18 23:08:16', '2025-03-18 23:08:16'),
(2157, 240, 477, 175, 'Amarillo', '2025-03-18 23:51:00', '2025-03-18 23:51:00'),
(2158, 240, 212, 32, 'Negro', '2025-03-18 23:51:00', '2025-03-18 23:51:00'),
(2159, 240, 222, 32, 'Negro', '2025-03-18 23:51:00', '2025-03-18 23:51:00'),
(2160, 240, 224, 19, 'Ambar', '2025-03-18 23:51:00', '2025-03-18 23:51:00'),
(2161, 240, 208, 14, 'Negro', '2025-03-18 23:51:00', '2025-03-18 23:51:00'),
(2162, 240, 209, 108, 'Negro', '2025-03-18 23:51:00', '2025-03-18 23:51:00'),
(2163, 240, 220, 11, 'Negro', '2025-03-18 23:51:00', '2025-03-18 23:51:00'),
(2164, 240, 221, 8, 'Negro', '2025-03-18 23:51:00', '2025-03-18 23:51:00'),
(2165, 240, 223, 8, 'Negro', '2025-03-18 23:51:00', '2025-03-18 23:51:00'),
(2166, 240, 210, 14, 'Negro', '2025-03-18 23:51:00', '2025-03-18 23:51:00'),
(2167, 240, 215, 32, 'Negro', '2025-03-18 23:51:00', '2025-03-18 23:51:00'),
(2168, 240, 216, 108, 'Negro', '2025-03-18 23:51:00', '2025-03-18 23:51:00'),
(2169, 240, 211, 108, 'Negro', '2025-03-18 23:51:00', '2025-03-18 23:51:00'),
(2170, 240, 217, 192, 'Negro', '2025-03-18 23:51:00', '2025-03-18 23:51:00'),
(2171, 240, 213, 32, 'Negro', '2025-03-18 23:51:00', '2025-03-18 23:51:00'),
(2172, 240, 214, 32, 'Negro', '2025-03-18 23:51:00', '2025-03-18 23:51:00'),
(2173, 241, 500, 175, 'Amarillo', '2025-03-19 00:35:10', '2025-03-19 00:35:10'),
(2174, 241, 315, 14, 'Negro', '2025-03-19 00:35:10', '2025-03-19 00:35:10'),
(2175, 241, 319, 14, 'Negro', '2025-03-19 00:35:10', '2025-03-19 00:35:10'),
(2176, 241, 316, 14, 'Negro', '2025-03-19 00:35:10', '2025-03-19 00:35:10'),
(2177, 241, 317, 14, 'Negro', '2025-03-19 00:35:10', '2025-03-19 00:35:10'),
(2178, 241, 322, 11, 'Negro', '2025-03-19 00:35:10', '2025-03-19 00:35:10'),
(2179, 241, 326, 11, 'Negro', '2025-03-19 00:35:10', '2025-03-19 00:35:10'),
(2180, 241, 318, 14, 'Negro', '2025-03-19 00:35:10', '2025-03-19 00:35:10'),
(2181, 241, 323, 85, 'Negra', '2025-03-19 00:35:10', '2025-03-19 00:35:10'),
(2182, 241, 314, 189, 'Gris', '2025-03-19 00:35:10', '2025-03-19 00:35:10'),
(2183, 241, 320, 14, 'Negro', '2025-03-19 00:35:10', '2025-03-19 00:35:10'),
(2184, 241, 321, 14, 'Negro', '2025-03-19 00:35:10', '2025-03-19 00:35:10'),
(2185, 241, 325, 57, 'Negro', '2025-03-19 00:35:10', '2025-03-19 00:35:10'),
(2186, 241, 324, 57, 'Negro', '2025-03-19 00:35:10', '2025-03-19 00:35:10'),
(2187, 242, 474, 175, 'Amarillo', '2025-03-19 00:44:39', '2025-03-19 00:44:39'),
(2188, 242, 284, 12, 'Negro', '2025-03-19 00:44:39', '2025-03-19 00:44:39'),
(2189, 242, 475, 51, 'Negro', '2025-03-19 00:44:39', '2025-03-19 00:44:39'),
(2190, 242, 476, 52, 'Negro', '2025-03-19 00:44:39', '2025-03-19 00:44:39'),
(2191, 242, 287, 21, 'Ambar', '2025-03-19 00:44:39', '2025-03-19 00:44:39'),
(2192, 242, 286, 19, 'Ambar', '2025-03-19 00:44:39', '2025-03-19 00:44:39'),
(2193, 242, 289, 11, 'Negro', '2025-03-19 00:44:39', '2025-03-19 00:44:39'),
(2194, 242, 288, 8, 'Negro', '2025-03-19 00:44:39', '2025-03-19 00:44:39'),
(2195, 242, 290, 8, 'Negro', '2025-03-19 00:44:39', '2025-03-19 00:44:39'),
(2196, 242, 279, 32, 'Negro', '2025-03-19 00:44:40', '2025-03-19 00:44:40'),
(2197, 242, 285, 82, 'Negro', '2025-03-19 00:44:40', '2025-03-19 00:44:40'),
(2198, 242, 282, 32, 'Negro', '2025-03-19 00:44:40', '2025-03-19 00:44:40'),
(2199, 242, 278, 32, 'Negro', '2025-03-19 00:44:40', '2025-03-19 00:44:40'),
(2200, 242, 283, 82, 'Negro', '2025-03-19 00:44:40', '2025-03-19 00:44:40'),
(2201, 242, 293, 31, 'Negro', '2025-03-19 00:44:40', '2025-03-19 00:44:40'),
(2202, 242, 294, 31, 'Negro', '2025-03-19 00:44:40', '2025-03-19 00:44:40'),
(2203, 242, 295, 31, 'Negro', '2025-03-19 00:44:40', '2025-03-19 00:44:40'),
(2204, 242, 296, 31, 'Negro', '2025-03-19 00:44:40', '2025-03-19 00:44:40'),
(2205, 242, 281, 15, 'Negro', '2025-03-19 00:44:40', '2025-03-19 00:44:40'),
(2206, 242, 348, 32, 'Negro', '2025-03-19 00:44:40', '2025-03-19 00:44:40'),
(2228, 244, 474, 175, 'Amarillo', '2025-03-19 09:39:14', '2025-03-19 09:39:14'),
(2229, 244, 284, 12, 'Negro', '2025-03-19 09:39:14', '2025-03-19 09:39:14'),
(2230, 244, 475, 51, 'Negro', '2025-03-19 09:39:14', '2025-03-19 09:39:14'),
(2231, 244, 476, 52, 'Negro', '2025-03-19 09:39:14', '2025-03-19 09:39:14'),
(2232, 244, 287, 20, 'Ambar', '2025-03-19 09:39:14', '2025-03-19 09:39:14'),
(2233, 244, 286, 19, 'Ambar', '2025-03-19 09:39:14', '2025-03-19 09:39:14'),
(2234, 244, 289, 11, 'Negro', '2025-03-19 09:39:14', '2025-03-19 09:39:14'),
(2235, 244, 290, 8, 'Negro', '2025-03-19 09:39:14', '2025-03-19 09:39:14'),
(2236, 244, 279, 174, 'Chocolate', '2025-03-19 09:39:14', '2025-03-19 09:39:14'),
(2237, 244, 285, 24, 'Negro', '2025-03-19 09:39:14', '2025-03-19 09:39:14'),
(2238, 244, 282, 174, 'Chocolate', '2025-03-19 09:39:14', '2025-03-19 09:39:14'),
(2239, 244, 278, 174, 'Chocolate', '2025-03-19 09:39:14', '2025-03-19 09:39:14'),
(2240, 244, 283, 24, 'Negro', '2025-03-19 09:39:14', '2025-03-19 09:39:14'),
(2243, 244, 293, 31, 'Negro', '2025-03-19 09:39:14', '2025-03-19 09:39:14'),
(2244, 244, 294, 31, 'Negro', '2025-03-19 09:39:14', '2025-03-19 09:39:14'),
(2245, 244, 295, 31, 'Negro', '2025-03-19 09:39:14', '2025-03-19 09:39:14'),
(2246, 244, 296, 31, 'Negro', '2025-03-19 09:39:14', '2025-03-19 09:39:14'),
(2247, 244, 281, 15, 'Negro', '2025-03-19 09:39:14', '2025-03-19 09:39:14'),
(2248, 244, 280, 174, 'Chocolate', '2025-03-19 09:39:14', '2025-03-19 09:39:14'),
(2262, 245, 524, 175, 'Amarillo', '2025-03-20 01:49:56', '2025-03-20 01:49:56'),
(2263, 245, 155, 19, 'Ambar', '2025-03-20 01:49:56', '2025-03-20 01:49:56'),
(2264, 245, 523, 21, 'Ambar', '2025-03-20 01:49:56', '2025-03-20 01:49:56'),
(2265, 245, 150, 14, 'Negro', '2025-03-20 01:49:56', '2025-03-20 01:49:56'),
(2266, 245, 149, 69, 'Negro', '2025-03-20 01:49:56', '2025-03-20 01:49:56'),
(2267, 245, 154, 69, 'Negro', '2025-03-20 01:49:56', '2025-03-20 01:49:56'),
(2268, 245, 147, 32, 'Negro', '2025-03-20 01:49:56', '2025-03-20 01:49:56'),
(2269, 245, 148, 14, 'Negro', '2025-03-20 01:49:56', '2025-03-20 01:49:56'),
(2270, 245, 153, 11, 'Negro', '2025-03-20 01:49:56', '2025-03-20 01:49:56'),
(2271, 245, 152, 108, 'Negro', '2025-03-20 01:49:56', '2025-03-20 01:49:56'),
(2272, 245, 151, 32, 'Negro', '2025-03-20 01:49:56', '2025-03-20 01:49:56'),
(2273, 245, 156, 138, 'Negro', '2025-03-20 01:49:56', '2025-03-20 01:49:56'),
(2274, 245, 157, 32, 'Negro', '2025-03-20 01:49:56', '2025-03-20 01:49:56'),
(2275, 246, 444, 51, 'Negro', '2025-03-20 04:22:15', '2025-03-20 04:22:15'),
(2276, 246, 445, 52, 'Negro', '2025-03-20 04:22:16', '2025-03-20 04:22:16'),
(2277, 246, 441, 11, 'Negro', '2025-03-20 04:22:16', '2025-03-20 04:22:16'),
(2278, 246, 442, 11, 'Negro', '2025-03-20 04:22:16', '2025-03-20 04:22:16'),
(2279, 246, 440, 91, 'Negro', '2025-03-20 04:22:16', '2025-03-20 04:22:16'),
(2280, 246, 443, 15, 'Negro', '2025-03-20 04:22:16', '2025-03-20 04:22:16'),
(2281, 247, 474, 175, 'Amarillo', '2025-03-20 05:26:55', '2025-03-20 05:26:55'),
(2282, 247, 284, 12, 'Negro', '2025-03-20 05:26:55', '2025-03-20 05:26:55'),
(2283, 247, 475, 51, 'Negro', '2025-03-20 05:26:55', '2025-03-20 05:26:55'),
(2284, 247, 476, 22, 'Negro', '2025-03-20 05:26:55', '2025-03-20 05:26:55'),
(2285, 247, 287, 20, 'Ambar', '2025-03-20 05:26:55', '2025-03-20 05:26:55'),
(2286, 247, 286, 19, 'Ambar', '2025-03-20 05:26:55', '2025-03-20 05:26:55'),
(2287, 247, 289, 11, 'Negro', '2025-03-20 05:26:55', '2025-03-20 05:26:55'),
(2288, 247, 279, 32, 'Negro', '2025-03-20 05:26:55', '2025-03-20 05:26:55'),
(2289, 247, 285, 24, 'Negro', '2025-03-20 05:26:55', '2025-03-20 05:26:55'),
(2290, 247, 282, 14, 'Negro', '2025-03-20 05:26:55', '2025-03-20 05:26:55'),
(2291, 247, 278, 32, 'Negro', '2025-03-20 05:26:55', '2025-03-20 05:26:55'),
(2292, 247, 283, 24, 'Negro', '2025-03-20 05:26:55', '2025-03-20 05:26:55'),
(2295, 247, 293, 31, 'Negro', '2025-03-20 05:26:55', '2025-03-20 05:26:55'),
(2296, 247, 294, 31, 'Negro', '2025-03-20 05:26:55', '2025-03-20 05:26:55'),
(2297, 247, 295, 31, 'Negro', '2025-03-20 05:26:55', '2025-03-20 05:26:55'),
(2298, 247, 296, 31, 'Negro', '2025-03-20 05:26:55', '2025-03-20 05:26:55'),
(2299, 247, 281, 15, 'Negro', '2025-03-20 05:26:55', '2025-03-20 05:26:55'),
(2300, 247, 280, 32, 'Negro', '2025-03-20 05:26:56', '2025-03-20 05:26:56'),
(2359, 249, 474, 175, 'Amarillo', '2025-03-21 01:26:33', '2025-03-21 01:26:33'),
(2360, 249, 284, 12, 'Negro', '2025-03-21 01:26:33', '2025-03-21 01:26:33'),
(2361, 249, 475, 51, 'Negro', '2025-03-21 01:26:33', '2025-03-21 01:26:33'),
(2362, 249, 476, 22, 'Negro', '2025-03-21 01:26:33', '2025-03-21 01:26:33'),
(2363, 249, 287, 20, 'Ambar', '2025-03-21 01:26:33', '2025-03-21 01:26:33'),
(2364, 249, 286, 19, 'Ambar', '2025-03-21 01:26:33', '2025-03-21 01:26:33'),
(2365, 249, 289, 11, 'Negro', '2025-03-21 01:26:33', '2025-03-21 01:26:33'),
(2366, 249, 279, 32, 'Negro', '2025-03-21 01:26:33', '2025-03-21 01:26:33'),
(2367, 249, 285, 24, 'Negro', '2025-03-21 01:26:33', '2025-03-21 01:26:33'),
(2368, 249, 282, 14, 'Negro', '2025-03-21 01:26:33', '2025-03-21 01:26:33'),
(2369, 249, 278, 32, 'Negro', '2025-03-21 01:26:33', '2025-03-21 01:26:33'),
(2370, 249, 283, 24, 'Negro', '2025-03-21 01:26:33', '2025-03-21 01:26:33'),
(2371, 249, 293, 31, 'Negro', '2025-03-21 01:26:33', '2025-03-21 01:26:33'),
(2372, 249, 294, 31, 'Negro', '2025-03-21 01:26:33', '2025-03-21 01:26:33'),
(2373, 249, 295, 31, 'Negro', '2025-03-21 01:26:33', '2025-03-21 01:26:33'),
(2374, 249, 296, 31, 'Negro', '2025-03-21 01:26:33', '2025-03-21 01:26:33'),
(2375, 249, 281, 15, 'Negro', '2025-03-21 01:26:33', '2025-03-21 01:26:33'),
(2376, 249, 280, 32, 'Negro', '2025-03-21 01:26:33', '2025-03-21 01:26:33'),
(2377, 166, 474, 175, 'Amarillo', '2025-03-21 01:40:44', '2025-03-21 01:40:44'),
(2378, 166, 284, 12, 'Negro', '2025-03-21 01:40:44', '2025-03-21 01:40:44'),
(2379, 166, 287, 21, 'Ambar', '2025-03-21 01:40:44', '2025-03-21 01:40:44'),
(2380, 166, 286, 19, 'Ambar', '2025-03-21 01:40:44', '2025-03-21 01:40:44'),
(2381, 166, 289, 11, 'Negro', '2025-03-21 01:40:44', '2025-03-21 01:40:44'),
(2382, 166, 288, 8, 'Negro', '2025-03-21 01:40:44', '2025-03-21 01:40:44'),
(2383, 166, 290, 8, 'Negro', '2025-03-21 01:40:44', '2025-03-21 01:40:44'),
(2384, 166, 279, 32, 'Negro', '2025-03-21 01:40:44', '2025-03-21 01:40:44'),
(2385, 166, 285, 82, 'Negro', '2025-03-21 01:40:44', '2025-03-21 01:40:44'),
(2386, 166, 282, 32, 'Negro', '2025-03-21 01:40:44', '2025-03-21 01:40:44'),
(2387, 166, 278, 32, 'Negro', '2025-03-21 01:40:44', '2025-03-21 01:40:44'),
(2388, 166, 283, 82, 'Negro', '2025-03-21 01:40:44', '2025-03-21 01:40:44'),
(2389, 166, 293, 31, 'Negro', '2025-03-21 01:40:44', '2025-03-21 01:40:44'),
(2390, 166, 294, 31, 'Negro', '2025-03-21 01:40:44', '2025-03-21 01:40:44'),
(2391, 166, 295, 31, 'Negro', '2025-03-21 01:40:44', '2025-03-21 01:40:44'),
(2392, 166, 296, 31, 'Negro', '2025-03-21 01:40:44', '2025-03-21 01:40:44'),
(2393, 166, 281, 32, 'Negro', '2025-03-21 01:40:44', '2025-03-21 01:40:44'),
(2394, 166, 348, 32, 'Negro', '2025-03-21 01:40:44', '2025-03-21 01:40:44'),
(2395, 250, 485, 37, 'Negro', '2025-03-21 02:12:25', '2025-03-21 02:12:25'),
(2396, 250, 483, 175, 'Amarillo', '2025-03-21 02:12:25', '2025-03-21 02:12:25'),
(2397, 250, 480, 12, 'Negro', '2025-03-21 02:12:25', '2025-03-21 02:12:25'),
(2398, 250, 484, 54, 'Negro', '2025-03-21 02:12:25', '2025-03-21 02:12:25'),
(2399, 250, 482, 11, 'Negro', '2025-03-21 02:12:25', '2025-03-21 02:12:25'),
(2400, 250, 481, 11, 'Negro', '2025-03-21 02:12:25', '2025-03-21 02:12:25'),
(2401, 250, 486, 16, 'Rosa', '2025-03-21 02:12:25', '2025-03-21 02:12:25'),
(2418, 251, 212, 32, 'Negro', '2025-03-27 02:41:10', '2025-03-27 02:41:10'),
(2419, 251, 222, 32, 'Negro', '2025-03-27 02:41:10', '2025-03-27 02:41:10'),
(2420, 251, 224, 19, 'Ambar', '2025-03-27 02:41:10', '2025-03-27 02:41:10'),
(2421, 251, 208, 14, 'Negro', '2025-03-27 02:41:10', '2025-03-27 02:41:10'),
(2422, 251, 209, 108, 'Negro', '2025-03-27 02:41:10', '2025-03-27 02:41:10'),
(2423, 251, 220, 11, 'Negro', '2025-03-27 02:41:10', '2025-03-27 02:41:10'),
(2424, 251, 221, 9, 'Gris claro', '2025-03-27 02:41:10', '2025-03-27 02:41:10'),
(2425, 251, 223, 9, 'Gris claro', '2025-03-27 02:41:10', '2025-03-27 02:41:10'),
(2426, 251, 210, 14, 'Negro', '2025-03-27 02:41:10', '2025-03-27 02:41:10'),
(2427, 251, 215, 32, 'Negro', '2025-03-27 02:41:10', '2025-03-27 02:41:10'),
(2428, 251, 216, 108, 'Negro', '2025-03-27 02:41:10', '2025-03-27 02:41:10'),
(2429, 251, 211, 108, 'Negro', '2025-03-27 02:41:10', '2025-03-27 02:41:10'),
(2430, 251, 217, 193, 'Blanco', '2025-03-27 02:41:10', '2025-03-27 02:41:10'),
(2431, 251, 213, 32, 'Negro', '2025-03-27 02:41:10', '2025-03-27 02:41:10'),
(2432, 251, 214, 32, 'Negro', '2025-03-27 02:41:10', '2025-03-27 02:41:10'),
(2433, 194, 126, 24, 'Negro', '2025-04-01 22:30:35', '2025-04-01 22:30:35'),
(2434, 194, 129, 11, 'Negro', '2025-04-01 22:30:35', '2025-04-01 22:30:35'),
(2435, 194, 130, 11, 'Negro', '2025-04-01 22:30:35', '2025-04-01 22:30:35'),
(2436, 194, 128, 24, 'Negro', '2025-04-01 22:30:35', '2025-04-01 22:30:35'),
(2437, 194, 127, 24, 'Negro', '2025-04-01 22:30:35', '2025-04-01 22:30:35'),
(2438, 252, 528, 24, 'Negro', '2025-04-03 23:28:31', '2025-04-03 23:28:31'),
(2439, 252, 529, 195, 'Negro', '2025-04-03 23:28:31', '2025-04-03 23:28:31'),
(2440, 252, 530, 195, 'Negro', '2025-04-03 23:28:31', '2025-04-03 23:28:31'),
(2441, 252, 531, 11, 'Negro', '2025-04-03 23:28:31', '2025-04-03 23:28:31'),
(2442, 252, 532, 11, 'Negro', '2025-04-03 23:28:31', '2025-04-03 23:28:31'),
(2443, 252, 533, 54, 'Negro', '2025-04-03 23:28:31', '2025-04-03 23:28:31'),
(2444, 252, 534, 175, 'Amarillo', '2025-04-03 23:28:31', '2025-04-03 23:28:31'),
(2445, 253, 537, 30, 'Negro', '2025-04-03 23:33:31', '2025-04-03 23:33:31'),
(2446, 253, 544, 30, 'Negro', '2025-04-03 23:33:31', '2025-04-03 23:33:31'),
(2447, 253, 545, 30, 'Negro', '2025-04-03 23:33:31', '2025-04-03 23:33:31'),
(2448, 253, 551, 21, 'Ambar', '2025-04-03 23:33:31', '2025-04-03 23:33:31'),
(2449, 253, 550, 19, 'Ambar', '2025-04-03 23:33:31', '2025-04-03 23:33:31'),
(2450, 253, 548, 11, 'Negro', '2025-04-03 23:33:31', '2025-04-03 23:33:31'),
(2451, 253, 547, 11, 'Negro', '2025-04-03 23:33:31', '2025-04-03 23:33:31'),
(2452, 253, 549, 11, 'Negro', '2025-04-03 23:33:31', '2025-04-03 23:33:31'),
(2453, 253, 539, 30, 'Negro', '2025-04-03 23:33:31', '2025-04-03 23:33:31'),
(2454, 253, 540, 30, 'Negro', '2025-04-03 23:33:31', '2025-04-03 23:33:31'),
(2455, 253, 542, 30, 'Negro', '2025-04-03 23:33:31', '2025-04-03 23:33:31'),
(2456, 253, 543, 85, 'Negra', '2025-04-03 23:33:31', '2025-04-03 23:33:31'),
(2457, 253, 535, 85, 'Negra', '2025-04-03 23:33:31', '2025-04-03 23:33:31'),
(2458, 253, 541, 85, 'Negra', '2025-04-03 23:33:31', '2025-04-03 23:33:31'),
(2460, 253, 546, 30, 'Negro', '2025-04-03 23:33:31', '2025-04-03 23:33:31'),
(2461, 253, 538, 30, 'Negro', '2025-04-03 23:33:31', '2025-04-03 23:33:31'),
(2462, 184, 500, 175, 'Amarillo', '2025-04-03 23:37:15', '2025-04-03 23:37:15'),
(2463, 184, 315, 12, 'Negro', '2025-04-03 23:37:15', '2025-04-03 23:37:15'),
(2464, 184, 319, 30, 'Negro', '2025-04-03 23:37:15', '2025-04-03 23:37:15'),
(2465, 184, 316, 30, 'Negro', '2025-04-03 23:37:15', '2025-04-03 23:37:15'),
(2466, 184, 317, 30, 'Negro', '2025-04-03 23:37:15', '2025-04-03 23:37:15'),
(2467, 184, 322, 11, 'Negro', '2025-04-03 23:37:15', '2025-04-03 23:37:15'),
(2468, 184, 326, 11, 'Negro', '2025-04-03 23:37:15', '2025-04-03 23:37:15'),
(2469, 184, 318, 30, 'Negro', '2025-04-03 23:37:16', '2025-04-03 23:37:16'),
(2470, 184, 320, 30, 'Negro', '2025-04-03 23:37:16', '2025-04-03 23:37:16'),
(2471, 184, 321, 30, 'Negro', '2025-04-03 23:37:16', '2025-04-03 23:37:16'),
(2472, 184, 325, 101, 'Negro', '2025-04-03 23:37:16', '2025-04-03 23:37:16'),
(2473, 184, 324, 101, 'Negro', '2025-04-03 23:37:16', '2025-04-03 23:37:16'),
(2502, 255, 126, 184, 'Amarillo', '2025-04-04 23:45:30', '2025-04-04 23:45:30'),
(2503, 255, 129, 32, 'Negro', '2025-04-04 23:45:30', '2025-04-04 23:45:30'),
(2504, 255, 130, 32, 'Blanco', '2025-04-04 23:45:30', '2025-04-04 23:45:30'),
(2505, 255, 128, 184, 'Tifany', '2025-04-04 23:45:30', '2025-04-04 23:45:30'),
(2506, 255, 127, 32, 'Negro', '2025-04-04 23:45:30', '2025-04-04 23:45:30'),
(2507, 256, 126, 181, 'Mauve', '2025-04-21 22:20:35', '2025-04-21 22:20:35'),
(2508, 256, 129, 68, 'Negro', '2025-04-21 22:20:35', '2025-04-21 22:20:35'),
(2509, 256, 130, 68, 'Negro', '2025-04-21 22:20:35', '2025-04-21 22:20:35'),
(2510, 256, 128, 181, 'Mauve', '2025-04-21 22:20:35', '2025-04-21 22:20:35'),
(2511, 256, 127, 181, 'Mauve', '2025-04-21 22:20:35', '2025-04-21 22:20:35'),
(2512, 257, 201, 12, 'Negro', '2025-04-21 23:15:40', '2025-04-21 23:15:40'),
(2513, 257, 205, 19, 'Ambar', '2025-04-21 23:15:40', '2025-04-21 23:15:40'),
(2514, 257, 203, 11, 'Negro', '2025-04-21 23:15:40', '2025-04-21 23:15:40'),
(2515, 257, 204, 11, 'Negro', '2025-04-21 23:15:40', '2025-04-21 23:15:40'),
(2516, 257, 202, 11, 'Negro', '2025-04-21 23:15:40', '2025-04-21 23:15:40'),
(2517, 257, 200, 91, 'Negro', '2025-04-21 23:15:40', '2025-04-21 23:15:40'),
(2518, 257, 199, 27, 'Marino', '2025-04-21 23:15:40', '2025-04-21 23:15:40'),
(2519, 257, 206, 16, 'Rosa', '2025-04-21 23:15:40', '2025-04-21 23:15:40'),
(2520, 257, 198, 31, 'Negro', '2025-04-21 23:15:40', '2025-04-21 23:15:40'),
(2521, 228, 376, 30, 'Negro', '2025-04-22 00:35:32', '2025-04-22 00:35:32'),
(2522, 228, 375, 30, 'Negro', '2025-04-22 00:35:32', '2025-04-22 00:35:32'),
(2523, 228, 377, 30, 'Negro', '2025-04-22 00:35:32', '2025-04-22 00:35:32'),
(2524, 228, 385, 21, 'Ambar', '2025-04-22 00:35:32', '2025-04-22 00:35:32'),
(2525, 228, 384, 19, 'Ambar', '2025-04-22 00:35:32', '2025-04-22 00:35:32'),
(2526, 228, 372, 85, 'Negra', '2025-04-22 00:35:32', '2025-04-22 00:35:32'),
(2527, 228, 382, 11, 'Negro', '2025-04-22 00:35:32', '2025-04-22 00:35:32'),
(2528, 228, 383, 11, 'Negro', '2025-04-22 00:35:32', '2025-04-22 00:35:32'),
(2529, 228, 381, 11, 'Negro', '2025-04-22 00:35:32', '2025-04-22 00:35:32'),
(2530, 228, 378, 30, 'Negro', '2025-04-22 00:35:32', '2025-04-22 00:35:32'),
(2531, 228, 373, 85, 'Negra', '2025-04-22 00:35:32', '2025-04-22 00:35:32'),
(2532, 228, 374, 85, 'Negra', '2025-04-22 00:35:32', '2025-04-22 00:35:32'),
(2533, 228, 380, 30, 'Negro', '2025-04-22 00:35:32', '2025-04-22 00:35:32'),
(2534, 228, 379, 30, 'Negro', '2025-04-22 00:35:32', '2025-04-22 00:35:32'),
(2535, 258, 376, 30, 'Negro', '2025-04-22 00:36:59', '2025-04-22 00:36:59'),
(2536, 258, 375, 30, 'Negro', '2025-04-22 00:36:59', '2025-04-22 00:36:59'),
(2537, 258, 377, 30, 'Negro', '2025-04-22 00:36:59', '2025-04-22 00:36:59'),
(2538, 258, 385, 21, 'Ambar', '2025-04-22 00:36:59', '2025-04-22 00:36:59'),
(2539, 258, 384, 19, 'Ambar', '2025-04-22 00:36:59', '2025-04-22 00:36:59'),
(2540, 258, 372, 85, 'Negra', '2025-04-22 00:36:59', '2025-04-22 00:36:59'),
(2541, 258, 382, 11, 'Negro', '2025-04-22 00:36:59', '2025-04-22 00:36:59'),
(2542, 258, 383, 11, 'Negro', '2025-04-22 00:36:59', '2025-04-22 00:36:59'),
(2543, 258, 381, 11, 'Negro', '2025-04-22 00:36:59', '2025-04-22 00:36:59'),
(2544, 258, 378, 30, 'Negro', '2025-04-22 00:36:59', '2025-04-22 00:36:59'),
(2545, 258, 373, 85, 'Negra', '2025-04-22 00:36:59', '2025-04-22 00:36:59'),
(2546, 258, 374, 85, 'Negra', '2025-04-22 00:36:59', '2025-04-22 00:36:59'),
(2547, 258, 380, 30, 'Negro', '2025-04-22 00:36:59', '2025-04-22 00:36:59'),
(2548, 258, 379, 30, 'Negro', '2025-04-22 00:36:59', '2025-04-22 00:36:59'),
(2549, 259, 376, 39, 'Negro', '2025-04-22 00:41:01', '2025-04-22 00:41:01'),
(2550, 259, 375, 39, 'Negro', '2025-04-22 00:41:01', '2025-04-22 00:41:01'),
(2551, 259, 377, 39, 'Negro', '2025-04-22 00:41:01', '2025-04-22 00:41:01'),
(2552, 259, 385, 21, 'Ambar', '2025-04-22 00:41:01', '2025-04-22 00:41:01'),
(2553, 259, 384, 19, 'Ambar', '2025-04-22 00:41:01', '2025-04-22 00:41:01'),
(2554, 259, 372, 85, 'Negra', '2025-04-22 00:41:01', '2025-04-22 00:41:01'),
(2555, 259, 382, 68, 'Negro', '2025-04-22 00:41:01', '2025-04-22 00:41:01'),
(2556, 259, 383, 68, 'Negro', '2025-04-22 00:41:01', '2025-04-22 00:41:01'),
(2557, 259, 381, 68, 'Negro', '2025-04-22 00:41:01', '2025-04-22 00:41:01'),
(2558, 259, 378, 39, 'Negro', '2025-04-22 00:41:01', '2025-04-22 00:41:01'),
(2559, 259, 373, 85, 'Negra', '2025-04-22 00:41:01', '2025-04-22 00:41:01'),
(2560, 259, 374, 85, 'Negra', '2025-04-22 00:41:01', '2025-04-22 00:41:01'),
(2561, 259, 380, 39, 'Negro', '2025-04-22 00:41:01', '2025-04-22 00:41:01'),
(2562, 259, 379, 39, 'Negro', '2025-04-22 00:41:02', '2025-04-22 00:41:02'),
(2563, 260, 474, 24, 'Verde', '2025-04-22 05:44:30', '2025-04-22 05:44:30'),
(2564, 260, 284, 32, 'Blanco', '2025-04-22 05:44:30', '2025-04-22 05:44:30'),
(2565, 260, 475, 32, 'Negro', '2025-04-22 05:44:30', '2025-04-22 05:44:30'),
(2566, 260, 476, 14, 'Negro', '2025-04-22 05:44:30', '2025-04-22 05:44:30'),
(2567, 260, 287, 14, 'Blanco', '2025-04-22 05:44:30', '2025-04-22 05:44:30'),
(2568, 260, 286, 24, 'Marino', '2025-04-22 05:44:30', '2025-04-22 05:44:30'),
(2569, 260, 289, 24, 'Negro', '2025-04-22 05:44:30', '2025-04-22 05:44:30'),
(2570, 260, 288, 24, 'Cafe', '2025-04-22 05:44:30', '2025-04-22 05:44:30'),
(2571, 261, 246, 24, 'Negro', '2025-04-22 05:49:23', '2025-04-22 05:49:23'),
(2572, 261, 250, 24, 'Marino', '2025-04-22 05:49:23', '2025-04-22 05:49:23'),
(2573, 261, 251, 24, 'Verde', '2025-04-22 05:49:23', '2025-04-22 05:49:23'),
(2574, 261, 248, 24, 'Cafe', '2025-04-22 05:49:23', '2025-04-22 05:49:23'),
(2575, 261, 249, 32, 'Negro', '2025-04-22 05:49:23', '2025-04-22 05:49:23'),
(2576, 261, 247, 32, 'Blanco', '2025-04-22 05:49:23', '2025-04-22 05:49:23'),
(2577, 262, 474, 175, 'Amarillo', '2025-04-22 06:11:39', '2025-04-22 06:11:39'),
(2578, 262, 284, 12, 'Negro', '2025-04-22 06:11:39', '2025-04-22 06:11:39'),
(2579, 262, 475, 51, 'Negro', '2025-04-22 06:11:39', '2025-04-22 06:11:39'),
(2580, 262, 476, 52, 'Negro', '2025-04-22 06:11:39', '2025-04-22 06:11:39'),
(2581, 262, 287, 20, 'Ambar', '2025-04-22 06:11:39', '2025-04-22 06:11:39'),
(2582, 262, 286, 19, 'Ambar', '2025-04-22 06:11:39', '2025-04-22 06:11:39'),
(2583, 262, 289, 11, 'Negro', '2025-04-22 06:11:39', '2025-04-22 06:11:39'),
(2584, 262, 290, 8, 'Negro', '2025-04-22 06:11:39', '2025-04-22 06:11:39'),
(2585, 262, 279, 32, 'Negro', '2025-04-22 06:11:39', '2025-04-22 06:11:39'),
(2586, 262, 285, 24, 'Negro', '2025-04-22 06:11:39', '2025-04-22 06:11:39'),
(2587, 262, 282, 32, 'Blanco', '2025-04-22 06:11:39', '2025-04-22 06:11:39'),
(2588, 262, 278, 174, 'Chocolate', '2025-04-22 06:11:39', '2025-04-22 06:11:39'),
(2590, 262, 293, 31, 'Negro', '2025-04-22 06:11:39', '2025-04-22 06:11:39'),
(2591, 262, 294, 31, 'Negro', '2025-04-22 06:11:39', '2025-04-22 06:11:39'),
(2592, 262, 295, 31, 'Negro', '2025-04-22 06:11:39', '2025-04-22 06:11:39'),
(2593, 262, 296, 31, 'Negro', '2025-04-22 06:11:39', '2025-04-22 06:11:39'),
(2594, 262, 281, 15, 'Negro', '2025-04-22 06:11:39', '2025-04-22 06:11:39'),
(2595, 262, 280, 174, 'Chocolate', '2025-04-22 06:11:39', '2025-04-22 06:11:39'),
(2596, 175, 212, 32, 'Negro', '2025-04-22 22:19:25', '2025-04-22 22:19:25'),
(2597, 175, 222, 32, 'Negro', '2025-04-22 22:19:25', '2025-04-22 22:19:25'),
(2598, 175, 224, 19, 'Ambar', '2025-04-22 22:19:25', '2025-04-22 22:19:25'),
(2599, 175, 208, 14, 'Negro', '2025-04-22 22:19:25', '2025-04-22 22:19:25'),
(2600, 175, 209, 108, 'Negro', '2025-04-22 22:19:25', '2025-04-22 22:19:25'),
(2601, 175, 220, 11, 'Negro', '2025-04-22 22:19:25', '2025-04-22 22:19:25'),
(2602, 175, 221, 11, 'Negro', '2025-04-22 22:19:25', '2025-04-22 22:19:25'),
(2603, 175, 223, 11, 'Negro', '2025-04-22 22:19:25', '2025-04-22 22:19:25'),
(2604, 175, 210, 14, 'Negro', '2025-04-22 22:19:25', '2025-04-22 22:19:25'),
(2605, 175, 215, 32, 'Negro', '2025-04-22 22:19:25', '2025-04-22 22:19:25'),
(2606, 175, 216, 108, 'Negro', '2025-04-22 22:19:25', '2025-04-22 22:19:25'),
(2607, 175, 211, 108, 'Negro', '2025-04-22 22:19:25', '2025-04-22 22:19:25'),
(2608, 175, 217, 14, 'Negro', '2025-04-22 22:19:25', '2025-04-22 22:19:25'),
(2609, 175, 213, 32, 'Negro', '2025-04-22 22:19:25', '2025-04-22 22:19:25'),
(2610, 175, 214, 32, 'Negro', '2025-04-22 22:19:25', '2025-04-22 22:19:25'),
(2626, 176, 212, 32, 'Blanco', '2025-04-22 22:35:28', '2025-04-22 22:35:28'),
(2627, 176, 222, 32, 'Blanco', '2025-04-22 22:35:28', '2025-04-22 22:35:28'),
(2628, 176, 224, 19, 'Ambar', '2025-04-22 22:35:28', '2025-04-22 22:35:28'),
(2629, 176, 208, 14, 'Blanco', '2025-04-22 22:35:28', '2025-04-22 22:35:28'),
(2630, 176, 209, 108, 'Blanco', '2025-04-22 22:35:28', '2025-04-22 22:35:28'),
(2631, 176, 220, 11, 'Negro', '2025-04-22 22:35:28', '2025-04-22 22:35:28'),
(2632, 176, 221, 9, 'Gris claro', '2025-04-22 22:35:28', '2025-04-22 22:35:28'),
(2633, 176, 223, 9, 'Gris claro', '2025-04-22 22:35:28', '2025-04-22 22:35:28'),
(2634, 176, 210, 14, 'Blanco', '2025-04-22 22:35:28', '2025-04-22 22:35:28'),
(2635, 176, 215, 32, 'Blanco', '2025-04-22 22:35:28', '2025-04-22 22:35:28'),
(2636, 176, 216, 108, 'Blanco', '2025-04-22 22:35:28', '2025-04-22 22:35:28'),
(2637, 176, 211, 108, 'Blanco', '2025-04-22 22:35:28', '2025-04-22 22:35:28'),
(2638, 176, 217, 14, 'Blanco', '2025-04-22 22:35:28', '2025-04-22 22:35:28'),
(2639, 176, 213, 32, 'Blanco', '2025-04-22 22:35:28', '2025-04-22 22:35:28'),
(2640, 176, 214, 32, 'Blanco', '2025-04-22 22:35:28', '2025-04-22 22:35:28'),
(2641, 263, 537, 30, 'Negro', '2025-04-22 23:26:02', '2025-04-22 23:26:02'),
(2642, 263, 544, 30, 'Negro', '2025-04-22 23:26:02', '2025-04-22 23:26:02'),
(2643, 263, 545, 30, 'Negro', '2025-04-22 23:26:02', '2025-04-22 23:26:02'),
(2644, 263, 551, 21, 'Ambar', '2025-04-22 23:26:02', '2025-04-22 23:26:02'),
(2645, 263, 550, 19, 'Ambar', '2025-04-22 23:26:02', '2025-04-22 23:26:02'),
(2646, 263, 548, 11, 'Negro', '2025-04-22 23:26:02', '2025-04-22 23:26:02'),
(2647, 263, 547, 11, 'Negro', '2025-04-22 23:26:02', '2025-04-22 23:26:02'),
(2648, 263, 549, 11, 'Negro', '2025-04-22 23:26:02', '2025-04-22 23:26:02'),
(2649, 263, 539, 30, 'Negro', '2025-04-22 23:26:02', '2025-04-22 23:26:02'),
(2650, 263, 540, 30, 'Negro', '2025-04-22 23:26:02', '2025-04-22 23:26:02'),
(2651, 263, 542, 30, 'Negro', '2025-04-22 23:26:02', '2025-04-22 23:26:02'),
(2652, 263, 543, 85, 'Negra', '2025-04-22 23:26:02', '2025-04-22 23:26:02'),
(2653, 263, 535, 85, 'Negra', '2025-04-22 23:26:02', '2025-04-22 23:26:02'),
(2654, 263, 541, 85, 'Negra', '2025-04-22 23:26:02', '2025-04-22 23:26:02'),
(2656, 263, 546, 30, 'Negro', '2025-04-22 23:26:02', '2025-04-22 23:26:02'),
(2657, 263, 538, 30, 'Negro', '2025-04-22 23:26:02', '2025-04-22 23:26:02'),
(2658, 264, 126, 24, 'Negro', '2025-04-24 00:52:32', '2025-04-24 00:52:32'),
(2659, 264, 129, 11, 'Negro', '2025-04-24 00:52:32', '2025-04-24 00:52:32'),
(2660, 264, 130, 11, 'Negro', '2025-04-24 00:52:32', '2025-04-24 00:52:32'),
(2661, 264, 128, 24, 'Negro', '2025-04-24 00:52:32', '2025-04-24 00:52:32'),
(2662, 264, 127, 24, 'Negro', '2025-04-24 00:52:32', '2025-04-24 00:52:32'),
(2663, 265, 229, 12, 'Negro', '2025-04-24 00:55:36', '2025-04-24 00:55:36'),
(2664, 265, 233, 19, 'Ambar', '2025-04-24 00:55:36', '2025-04-24 00:55:36'),
(2665, 265, 231, 11, 'Negro', '2025-04-24 00:55:36', '2025-04-24 00:55:36'),
(2666, 265, 232, 11, 'Negro', '2025-04-24 00:55:36', '2025-04-24 00:55:36'),
(2667, 265, 230, 11, 'Negro', '2025-04-24 00:55:36', '2025-04-24 00:55:36'),
(2668, 265, 228, 91, 'Negro', '2025-04-24 00:55:36', '2025-04-24 00:55:36'),
(2669, 265, 227, 114, 'Negro', '2025-04-24 00:55:36', '2025-04-24 00:55:36'),
(2710, 267, 474, 175, 'Amarillo', '2025-05-01 22:38:25', '2025-05-01 22:38:25'),
(2711, 267, 284, 12, 'Negro', '2025-05-01 22:38:25', '2025-05-01 22:38:25'),
(2712, 267, 475, 51, 'Negro', '2025-05-01 22:38:25', '2025-05-01 22:38:25'),
(2713, 267, 476, 52, 'Negro', '2025-05-01 22:38:25', '2025-05-01 22:38:25'),
(2714, 267, 287, 20, 'Ambar', '2025-05-01 22:38:25', '2025-05-01 22:38:25'),
(2715, 267, 286, 19, 'Ambar', '2025-05-01 22:38:25', '2025-05-01 22:38:25'),
(2716, 267, 289, 11, 'Negro', '2025-05-01 22:38:25', '2025-05-01 22:38:25'),
(2717, 267, 288, 11, 'Negro', '2025-05-01 22:38:25', '2025-05-01 22:38:25'),
(2718, 267, 290, 11, 'Negro', '2025-05-01 22:38:25', '2025-05-01 22:38:25'),
(2719, 267, 279, 187, '.', '2025-05-01 22:38:25', '2025-05-01 22:38:25'),
(2720, 267, 285, 188, '.', '2025-05-01 22:38:25', '2025-05-01 22:38:25'),
(2721, 267, 282, 187, '.', '2025-05-01 22:38:25', '2025-05-01 22:38:25'),
(2722, 267, 278, 187, '.', '2025-05-01 22:38:25', '2025-05-01 22:38:25'),
(2723, 267, 283, 188, '.', '2025-05-01 22:38:25', '2025-05-01 22:38:25'),
(2724, 267, 293, 31, 'Negro', '2025-05-01 22:38:25', '2025-05-01 22:38:25'),
(2725, 267, 294, 31, 'Negro', '2025-05-01 22:38:25', '2025-05-01 22:38:25'),
(2726, 267, 295, 31, 'Negro', '2025-05-01 22:38:25', '2025-05-01 22:38:25'),
(2727, 267, 296, 31, 'Negro', '2025-05-01 22:38:25', '2025-05-01 22:38:25'),
(2728, 267, 281, 15, 'Negro', '2025-05-01 22:38:25', '2025-05-01 22:38:25'),
(2729, 267, 280, 187, '.', '2025-05-01 22:38:25', '2025-05-01 22:38:25'),
(2730, 266, 474, 175, 'Amarillo', '2025-05-01 22:44:35', '2025-05-01 22:44:35'),
(2731, 266, 284, 12, 'Negro', '2025-05-01 22:44:35', '2025-05-01 22:44:35'),
(2732, 266, 475, 51, 'Negro', '2025-05-01 22:44:35', '2025-05-01 22:44:35'),
(2733, 266, 476, 52, 'Negro', '2025-05-01 22:44:35', '2025-05-01 22:44:35'),
(2734, 266, 287, 20, 'Ambar', '2025-05-01 22:44:35', '2025-05-01 22:44:35'),
(2735, 266, 286, 19, 'Ambar', '2025-05-01 22:44:35', '2025-05-01 22:44:35'),
(2736, 266, 289, 11, 'Negro', '2025-05-01 22:44:35', '2025-05-01 22:44:35'),
(2737, 266, 288, 11, 'Negro', '2025-05-01 22:44:35', '2025-05-01 22:44:35'),
(2738, 266, 290, 11, 'Negro', '2025-05-01 22:44:35', '2025-05-01 22:44:35'),
(2739, 266, 279, 186, '.', '2025-05-01 22:44:35', '2025-05-01 22:44:35'),
(2740, 266, 285, 181, 'Mauve', '2025-05-01 22:44:35', '2025-05-01 22:44:35'),
(2741, 266, 282, 186, '.', '2025-05-01 22:44:35', '2025-05-01 22:44:35'),
(2742, 266, 278, 186, '.', '2025-05-01 22:44:35', '2025-05-01 22:44:35'),
(2743, 266, 283, 181, 'Mauve', '2025-05-01 22:44:35', '2025-05-01 22:44:35'),
(2744, 266, 293, 31, 'Negro', '2025-05-01 22:44:35', '2025-05-01 22:44:35'),
(2745, 266, 294, 31, 'Negro', '2025-05-01 22:44:35', '2025-05-01 22:44:35'),
(2746, 266, 295, 31, 'Negro', '2025-05-01 22:44:35', '2025-05-01 22:44:35'),
(2747, 266, 296, 31, 'Negro', '2025-05-01 22:44:35', '2025-05-01 22:44:35'),
(2748, 266, 281, 15, 'Negro', '2025-05-01 22:44:35', '2025-05-01 22:44:35'),
(2749, 266, 280, 186, '.', '2025-05-01 22:44:36', '2025-05-01 22:44:36'),
(2750, 181, 474, 175, 'Amarillo', '2025-05-08 22:31:50', '2025-05-08 22:31:50'),
(2751, 181, 284, 12, 'Negro', '2025-05-08 22:31:50', '2025-05-08 22:31:50'),
(2752, 181, 476, 52, 'Negro', '2025-05-08 22:31:50', '2025-05-08 22:31:50'),
(2753, 181, 287, 19, 'Ambar', '2025-05-08 22:31:50', '2025-05-08 22:31:50'),
(2754, 181, 286, 20, 'Ambar', '2025-05-08 22:31:50', '2025-05-08 22:31:50'),
(2755, 181, 289, 11, 'Negro', '2025-05-08 22:31:50', '2025-05-08 22:31:50'),
(2756, 181, 288, 11, 'Negro', '2025-05-08 22:31:50', '2025-05-08 22:31:50'),
(2757, 181, 290, 11, 'Negro', '2025-05-08 22:31:50', '2025-05-08 22:31:50'),
(2758, 181, 279, 30, 'Negro', '2025-05-08 22:31:50', '2025-05-08 22:31:50'),
(2759, 181, 285, 24, 'Negro', '2025-05-08 22:31:50', '2025-05-08 22:31:50'),
(2760, 181, 282, 30, 'Negro', '2025-05-08 22:31:50', '2025-05-08 22:31:50'),
(2761, 181, 278, 30, 'Negro', '2025-05-08 22:31:50', '2025-05-08 22:31:50'),
(2762, 181, 283, 24, 'Negro', '2025-05-08 22:31:50', '2025-05-08 22:31:50'),
(2763, 181, 293, 31, 'Negro', '2025-05-08 22:31:50', '2025-05-08 22:31:50'),
(2764, 181, 294, 31, 'Negro', '2025-05-08 22:31:50', '2025-05-08 22:31:50'),
(2765, 181, 295, 31, 'Negro', '2025-05-08 22:31:50', '2025-05-08 22:31:50'),
(2766, 181, 296, 31, 'Negro', '2025-05-08 22:31:50', '2025-05-08 22:31:50'),
(2767, 181, 281, 15, 'Negro', '2025-05-08 22:31:50', '2025-05-08 22:31:50'),
(2768, 181, 348, 30, 'Negro', '2025-05-08 22:31:50', '2025-05-08 22:31:50'),
(2789, 165, 473, 175, 'Amarillo', '2025-05-08 22:42:51', '2025-05-08 22:42:51'),
(2790, 165, 136, 12, 'Negro', '2025-05-08 22:42:51', '2025-05-08 22:42:51'),
(2791, 165, 144, 51, 'Negro', '2025-05-08 22:42:51', '2025-05-08 22:42:51'),
(2792, 165, 137, 32, 'Negro', '2025-05-08 22:42:51', '2025-05-08 22:42:51'),
(2793, 165, 143, 21, 'Ambar', '2025-05-08 22:42:51', '2025-05-08 22:42:51'),
(2794, 165, 142, 19, 'Ambar', '2025-05-08 22:42:51', '2025-05-08 22:42:51'),
(2795, 165, 140, 11, 'Negro', '2025-05-08 22:42:51', '2025-05-08 22:42:51'),
(2796, 165, 141, 11, 'Negro', '2025-05-08 22:42:51', '2025-05-08 22:42:51'),
(2797, 165, 139, 11, 'Negro', '2025-05-08 22:42:51', '2025-05-08 22:42:51'),
(2798, 165, 138, 25, 'Negro', '2025-05-08 22:42:51', '2025-05-08 22:42:51'),
(2799, 268, 201, 12, 'Negro', '2025-05-12 21:33:06', '2025-05-12 21:33:06'),
(2800, 268, 205, 19, 'Ambar', '2025-05-12 21:33:06', '2025-05-12 21:33:06'),
(2801, 268, 203, 11, 'Negro', '2025-05-12 21:33:06', '2025-05-12 21:33:06'),
(2802, 268, 204, 11, 'Negro', '2025-05-12 21:33:06', '2025-05-12 21:33:06'),
(2803, 268, 202, 11, 'Negro', '2025-05-12 21:33:06', '2025-05-12 21:33:06'),
(2804, 268, 200, 91, 'Negro', '2025-05-12 21:33:06', '2025-05-12 21:33:06'),
(2805, 268, 199, 86, 'Verde', '2025-05-12 21:33:06', '2025-05-12 21:33:06'),
(2806, 268, 206, 16, 'Rosa', '2025-05-12 21:33:06', '2025-05-12 21:33:06'),
(2807, 268, 198, 31, 'Negro', '2025-05-12 21:33:06', '2025-05-12 21:33:06'),
(2832, 269, 500, 175, 'Amarillo', '2025-05-14 00:29:31', '2025-05-14 00:29:31'),
(2833, 269, 315, 30, 'Negro', '2025-05-14 00:29:31', '2025-05-14 00:29:31'),
(2834, 269, 319, 30, 'Negro', '2025-05-14 00:29:32', '2025-05-14 00:29:32'),
(2835, 269, 316, 30, 'Negro', '2025-05-14 00:29:32', '2025-05-14 00:29:32'),
(2836, 269, 317, 30, 'Negro', '2025-05-14 00:29:32', '2025-05-14 00:29:32'),
(2837, 269, 322, 11, 'Negro', '2025-05-14 00:29:32', '2025-05-14 00:29:32'),
(2838, 269, 326, 11, 'Negro', '2025-05-14 00:29:32', '2025-05-14 00:29:32'),
(2839, 269, 318, 30, 'Negro', '2025-05-14 00:29:32', '2025-05-14 00:29:32'),
(2840, 269, 320, 30, 'Negro', '2025-05-14 00:29:32', '2025-05-14 00:29:32'),
(2841, 269, 321, 30, 'Negro', '2025-05-14 00:29:32', '2025-05-14 00:29:32'),
(2842, 269, 325, 184, 'Tifany', '2025-05-14 00:29:32', '2025-05-14 00:29:32'),
(2843, 269, 324, 184, 'Tifany', '2025-05-14 00:29:32', '2025-05-14 00:29:32'),
(2844, 270, 500, 175, 'Amarillo', '2025-05-14 00:33:41', '2025-05-14 00:33:41'),
(2845, 270, 315, 30, 'Negro', '2025-05-14 00:33:41', '2025-05-14 00:33:41'),
(2846, 270, 319, 30, 'Negro', '2025-05-14 00:33:41', '2025-05-14 00:33:41'),
(2847, 270, 316, 30, 'Negro', '2025-05-14 00:33:41', '2025-05-14 00:33:41'),
(2848, 270, 317, 30, 'Negro', '2025-05-14 00:33:41', '2025-05-14 00:33:41'),
(2849, 270, 322, 11, 'Negro', '2025-05-14 00:33:41', '2025-05-14 00:33:41'),
(2850, 270, 326, 11, 'Negro', '2025-05-14 00:33:41', '2025-05-14 00:33:41'),
(2851, 270, 318, 30, 'Negro', '2025-05-14 00:33:41', '2025-05-14 00:33:41'),
(2852, 270, 320, 30, 'Negro', '2025-05-14 00:33:41', '2025-05-14 00:33:41'),
(2853, 270, 321, 30, 'Negro', '2025-05-14 00:33:42', '2025-05-14 00:33:42'),
(2854, 270, 325, 185, 'Rosa rich', '2025-05-14 00:33:42', '2025-05-14 00:33:42'),
(2855, 270, 324, 185, 'Rosa rich', '2025-05-14 00:33:42', '2025-05-14 00:33:42'),
(2856, 188, 474, 175, 'Amarillo', '2025-06-02 22:27:36', '2025-06-02 22:27:36'),
(2857, 188, 284, 12, 'Negro', '2025-06-02 22:27:36', '2025-06-02 22:27:36'),
(2858, 188, 475, 51, 'Negro', '2025-06-02 22:27:36', '2025-06-02 22:27:36'),
(2859, 188, 476, 22, 'Negro', '2025-06-02 22:27:36', '2025-06-02 22:27:36'),
(2860, 188, 287, 20, 'Ambar', '2025-06-02 22:27:36', '2025-06-02 22:27:36'),
(2861, 188, 286, 19, 'Ambar', '2025-06-02 22:27:36', '2025-06-02 22:27:36'),
(2862, 188, 289, 11, 'Negro', '2025-06-02 22:27:36', '2025-06-02 22:27:36'),
(2863, 188, 279, 32, 'Negro', '2025-06-02 22:27:36', '2025-06-02 22:27:36'),
(2864, 188, 285, 24, 'Negro', '2025-06-02 22:27:36', '2025-06-02 22:27:36'),
(2865, 188, 282, 14, 'Negro', '2025-06-02 22:27:36', '2025-06-02 22:27:36'),
(2866, 188, 278, 32, 'Negro', '2025-06-02 22:27:36', '2025-06-02 22:27:36'),
(2867, 188, 283, 24, 'Negro', '2025-06-02 22:27:36', '2025-06-02 22:27:36'),
(2868, 188, 293, 31, 'Negro', '2025-06-02 22:27:36', '2025-06-02 22:27:36'),
(2869, 188, 294, 31, 'Negro', '2025-06-02 22:27:36', '2025-06-02 22:27:36'),
(2870, 188, 295, 31, 'Negro', '2025-06-02 22:27:36', '2025-06-02 22:27:36'),
(2871, 188, 296, 31, 'Negro', '2025-06-02 22:27:36', '2025-06-02 22:27:36'),
(2872, 188, 281, 32, 'Negro', '2025-06-02 22:27:36', '2025-06-02 22:27:36'),
(2873, 188, 280, 32, 'Negro', '2025-06-02 22:27:36', '2025-06-02 22:27:36'),
(2874, 271, 474, 175, 'Amarillo', '2025-06-03 04:23:06', '2025-06-03 04:23:06'),
(2875, 271, 284, 12, 'Negro', '2025-06-03 04:23:06', '2025-06-03 04:23:06'),
(2876, 271, 475, 51, 'Negro', '2025-06-03 04:23:06', '2025-06-03 04:23:06'),
(2877, 271, 476, 52, 'Negro', '2025-06-03 04:23:06', '2025-06-03 04:23:06'),
(2878, 271, 287, 21, 'Ambar', '2025-06-03 04:23:06', '2025-06-03 04:23:06'),
(2879, 271, 286, 19, 'Ambar', '2025-06-03 04:23:06', '2025-06-03 04:23:06'),
(2880, 271, 289, 11, 'Negro', '2025-06-03 04:23:06', '2025-06-03 04:23:06'),
(2881, 271, 288, 8, 'Negro', '2025-06-03 04:23:06', '2025-06-03 04:23:06'),
(2882, 271, 290, 8, 'Negro', '2025-06-03 04:23:06', '2025-06-03 04:23:06'),
(2883, 271, 279, 32, 'Negro', '2025-06-03 04:23:06', '2025-06-03 04:23:06'),
(2884, 271, 285, 82, 'Negro', '2025-06-03 04:23:06', '2025-06-03 04:23:06'),
(2885, 271, 282, 14, 'Negro', '2025-06-03 04:23:06', '2025-06-03 04:23:06'),
(2886, 271, 278, 32, 'Negro', '2025-06-03 04:23:06', '2025-06-03 04:23:06'),
(2887, 271, 283, 82, 'Negro', '2025-06-03 04:23:06', '2025-06-03 04:23:06'),
(2888, 271, 293, 31, 'Negro', '2025-06-03 04:23:06', '2025-06-03 04:23:06'),
(2889, 271, 294, 31, 'Negro', '2025-06-03 04:23:06', '2025-06-03 04:23:06'),
(2890, 271, 295, 31, 'Negro', '2025-06-03 04:23:06', '2025-06-03 04:23:06'),
(2891, 271, 296, 31, 'Negro', '2025-06-03 04:23:06', '2025-06-03 04:23:06'),
(2892, 271, 281, 32, 'Negro', '2025-06-03 04:23:06', '2025-06-03 04:23:06'),
(2893, 271, 348, 32, 'Negro', '2025-06-03 04:23:06', '2025-06-03 04:23:06'),
(2894, 235, 525, 175, 'Amarillo', '2025-06-05 00:41:36', '2025-06-05 00:41:36'),
(2895, 235, 376, 176, 'Negro', '2025-06-05 00:41:36', '2025-06-05 00:41:36'),
(2896, 235, 375, 30, 'Negro', '2025-06-05 00:41:36', '2025-06-05 00:41:36'),
(2897, 235, 377, 30, 'Negro', '2025-06-05 00:41:36', '2025-06-05 00:41:36'),
(2898, 235, 385, 21, 'Ambar', '2025-06-05 00:41:36', '2025-06-05 00:41:36'),
(2899, 235, 384, 19, 'Ambar', '2025-06-05 00:41:36', '2025-06-05 00:41:36'),
(2900, 235, 372, 85, 'Negra', '2025-06-05 00:41:36', '2025-06-05 00:41:36'),
(2901, 235, 382, 11, 'Negro', '2025-06-05 00:41:36', '2025-06-05 00:41:36'),
(2902, 235, 383, 11, 'Negro', '2025-06-05 00:41:36', '2025-06-05 00:41:36'),
(2903, 235, 381, 11, 'Negro', '2025-06-05 00:41:36', '2025-06-05 00:41:36'),
(2904, 235, 378, 176, 'Negro', '2025-06-05 00:41:36', '2025-06-05 00:41:36'),
(2905, 235, 373, 85, 'Negra', '2025-06-05 00:41:36', '2025-06-05 00:41:36'),
(2906, 235, 374, 85, 'Negra', '2025-06-05 00:41:36', '2025-06-05 00:41:36'),
(2907, 235, 380, 176, 'Negro', '2025-06-05 00:41:36', '2025-06-05 00:41:36'),
(2908, 235, 379, 30, 'Negro', '2025-06-05 00:41:36', '2025-06-05 00:41:36'),
(2927, 237, 106, 189, 'Gris', '2025-06-05 00:49:01', '2025-06-05 00:49:01'),
(2928, 237, 107, 85, 'Negra', '2025-06-05 00:49:01', '2025-06-05 00:49:01'),
(2929, 237, 117, 85, 'Negra', '2025-06-05 00:49:01', '2025-06-05 00:49:01'),
(2930, 237, 112, 12, 'Negro', '2025-06-05 00:49:01', '2025-06-05 00:49:01'),
(2931, 237, 108, 176, 'Negro', '2025-06-05 00:49:01', '2025-06-05 00:49:01'),
(2932, 237, 109, 176, 'Negro', '2025-06-05 00:49:01', '2025-06-05 00:49:01'),
(2933, 237, 110, 30, 'Negro', '2025-06-05 00:49:01', '2025-06-05 00:49:01'),
(2934, 237, 113, 30, 'Negro', '2025-06-05 00:49:01', '2025-06-05 00:49:01'),
(2935, 237, 111, 30, 'Negro', '2025-06-05 00:49:01', '2025-06-05 00:49:01'),
(2936, 237, 116, 30, 'Negro', '2025-06-05 00:49:01', '2025-06-05 00:49:01'),
(2937, 237, 123, 52, 'Negro', '2025-06-05 00:49:01', '2025-06-05 00:49:01'),
(2938, 237, 122, 21, 'Ambar', '2025-06-05 00:49:01', '2025-06-05 00:49:01'),
(2939, 237, 121, 19, 'Ambar', '2025-06-05 00:49:01', '2025-06-05 00:49:01'),
(2940, 237, 119, 11, 'Negro', '2025-06-05 00:49:01', '2025-06-05 00:49:01'),
(2941, 237, 118, 11, 'Negro', '2025-06-05 00:49:01', '2025-06-05 00:49:01'),
(2942, 237, 120, 11, 'Negro', '2025-06-05 00:49:01', '2025-06-05 00:49:01'),
(2943, 237, 527, 31, 'Negro', '2025-06-05 00:49:01', '2025-06-05 00:49:01'),
(2944, 237, 115, 191, 'Amarillo', '2025-06-05 00:49:01', '2025-06-05 00:49:01'),
(2945, 236, 106, 189, 'Gris', '2025-06-05 00:50:43', '2025-06-05 00:50:43'),
(2946, 236, 107, 85, 'Negra', '2025-06-05 00:50:43', '2025-06-05 00:50:43'),
(2947, 236, 117, 85, 'Negra', '2025-06-05 00:50:43', '2025-06-05 00:50:43'),
(2948, 236, 112, 12, 'Negro', '2025-06-05 00:50:43', '2025-06-05 00:50:43'),
(2949, 236, 108, 176, 'Blanco', '2025-06-05 00:50:43', '2025-06-05 00:50:43'),
(2950, 236, 109, 30, 'Negro', '2025-06-05 00:50:43', '2025-06-05 00:50:43'),
(2951, 236, 110, 176, 'Blanco', '2025-06-05 00:50:43', '2025-06-05 00:50:43'),
(2952, 236, 113, 176, 'Blanco', '2025-06-05 00:50:43', '2025-06-05 00:50:43'),
(2953, 236, 111, 30, 'Negro', '2025-06-05 00:50:43', '2025-06-05 00:50:43'),
(2954, 236, 116, 30, 'Negro', '2025-06-05 00:50:43', '2025-06-05 00:50:43'),
(2955, 236, 123, 52, 'Negro', '2025-06-05 00:50:43', '2025-06-05 00:50:43'),
(2956, 236, 122, 21, 'Ambar', '2025-06-05 00:50:43', '2025-06-05 00:50:43'),
(2957, 236, 121, 19, 'Ambar', '2025-06-05 00:50:43', '2025-06-05 00:50:43'),
(2958, 236, 119, 11, 'Negro', '2025-06-05 00:50:43', '2025-06-05 00:50:43'),
(2959, 236, 118, 11, 'Negro', '2025-06-05 00:50:43', '2025-06-05 00:50:43'),
(2960, 236, 120, 11, 'Negro', '2025-06-05 00:50:43', '2025-06-05 00:50:43'),
(2961, 236, 527, 31, 'Negro', '2025-06-05 00:50:43', '2025-06-05 00:50:43'),
(2962, 236, 115, 30, 'Negro', '2025-06-05 00:50:43', '2025-06-05 00:50:43'),
(2963, 172, 212, 30, 'Negro', '2025-06-10 23:18:20', '2025-06-10 23:18:20'),
(2964, 172, 222, 30, 'Negro', '2025-06-10 23:18:20', '2025-06-10 23:18:20'),
(2965, 172, 224, 19, 'Ambar', '2025-06-10 23:18:20', '2025-06-10 23:18:20'),
(2966, 172, 208, 30, 'Negro', '2025-06-10 23:18:20', '2025-06-10 23:18:20'),
(2967, 172, 209, 108, 'Negro', '2025-06-10 23:18:20', '2025-06-10 23:18:20'),
(2968, 172, 220, 11, 'Negro', '2025-06-10 23:18:20', '2025-06-10 23:18:20'),
(2969, 172, 221, 11, 'Negro', '2025-06-10 23:18:20', '2025-06-10 23:18:20'),
(2970, 172, 223, 11, 'Negro', '2025-06-10 23:18:20', '2025-06-10 23:18:20'),
(2971, 172, 210, 30, 'Negro', '2025-06-10 23:18:20', '2025-06-10 23:18:20'),
(2972, 172, 215, 30, 'Negro', '2025-06-10 23:18:20', '2025-06-10 23:18:20'),
(2973, 172, 216, 108, 'Negro', '2025-06-10 23:18:20', '2025-06-10 23:18:20'),
(2974, 172, 211, 108, 'Negro', '2025-06-10 23:18:20', '2025-06-10 23:18:20'),
(2975, 172, 217, 30, 'Negro', '2025-06-10 23:18:20', '2025-06-10 23:18:20'),
(2976, 172, 213, 30, 'Negro', '2025-06-10 23:18:20', '2025-06-10 23:18:20'),
(2977, 172, 214, 30, 'Negro', '2025-06-10 23:18:20', '2025-06-10 23:18:20'),
(2984, 272, 444, 51, 'Negro', '2025-06-10 23:23:01', '2025-06-10 23:23:01'),
(2985, 272, 445, 52, 'Negro', '2025-06-10 23:23:01', '2025-06-10 23:23:01'),
(2986, 272, 441, 11, 'Negro', '2025-06-10 23:23:01', '2025-06-10 23:23:01'),
(2987, 272, 442, 11, 'Negro', '2025-06-10 23:23:01', '2025-06-10 23:23:01'),
(2988, 272, 440, 91, 'Negro', '2025-06-10 23:23:01', '2025-06-10 23:23:01'),
(2989, 272, 443, 15, 'Negro', '2025-06-10 23:23:01', '2025-06-10 23:23:01'),
(3026, 273, 499, 175, 'Amarillo', '2025-06-11 01:44:46', '2025-06-11 01:44:46'),
(3027, 273, 495, 51, 'Negro', '2025-06-11 01:44:46', '2025-06-11 01:44:46'),
(3028, 273, 496, 19, 'Ambar', '2025-06-11 01:44:46', '2025-06-11 01:44:46'),
(3029, 273, 493, 71, 'Negro', '2025-06-11 01:44:46', '2025-06-11 01:44:46'),
(3030, 273, 494, 11, 'Negro', '2025-06-11 01:44:46', '2025-06-11 01:44:46'),
(3031, 273, 492, 11, 'Negro', '2025-06-11 01:44:46', '2025-06-11 01:44:46'),
(3032, 273, 490, 91, 'Negro', '2025-06-11 01:44:47', '2025-06-11 01:44:47'),
(3033, 273, 488, 182, 'Negro', '2025-06-11 01:44:47', '2025-06-11 01:44:47'),
(3034, 273, 489, 31, 'Negro', '2025-06-11 01:44:47', '2025-06-11 01:44:47'),
(3035, 273, 491, 15, 'Negro', '2025-06-11 01:44:47', '2025-06-11 01:44:47'),
(3036, 274, 499, 175, 'Amarillo', '2025-06-11 01:48:17', '2025-06-11 01:48:17'),
(3037, 274, 495, 51, 'Negro', '2025-06-11 01:48:17', '2025-06-11 01:48:17'),
(3038, 274, 496, 19, 'Ambar', '2025-06-11 01:48:17', '2025-06-11 01:48:17'),
(3039, 274, 493, 11, 'Negro', '2025-06-11 01:48:17', '2025-06-11 01:48:17'),
(3040, 274, 494, 11, 'Negro', '2025-06-11 01:48:17', '2025-06-11 01:48:17'),
(3041, 274, 492, 11, 'Negro', '2025-06-11 01:48:17', '2025-06-11 01:48:17'),
(3042, 274, 490, 91, 'Negro', '2025-06-11 01:48:17', '2025-06-11 01:48:17'),
(3043, 274, 488, 182, 'Negro', '2025-06-11 01:48:17', '2025-06-11 01:48:17'),
(3044, 274, 489, 31, 'Negro', '2025-06-11 01:48:17', '2025-06-11 01:48:17'),
(3045, 274, 491, 15, 'Negro', '2025-06-11 01:48:17', '2025-06-11 01:48:17'),
(3046, 275, 537, 30, 'Negro', '2025-06-11 01:52:54', '2025-06-11 01:52:54'),
(3047, 275, 544, 30, 'Negro', '2025-06-11 01:52:54', '2025-06-11 01:52:54'),
(3048, 275, 545, 30, 'Negro', '2025-06-11 01:52:54', '2025-06-11 01:52:54'),
(3049, 275, 551, 21, 'Ambar', '2025-06-11 01:52:54', '2025-06-11 01:52:54'),
(3050, 275, 550, 19, 'Ambar', '2025-06-11 01:52:54', '2025-06-11 01:52:54'),
(3051, 275, 548, 11, 'Negro', '2025-06-11 01:52:54', '2025-06-11 01:52:54'),
(3052, 275, 547, 11, 'Negro', '2025-06-11 01:52:54', '2025-06-11 01:52:54'),
(3053, 275, 549, 11, 'Negro', '2025-06-11 01:52:54', '2025-06-11 01:52:54'),
(3054, 275, 539, 30, 'Negro', '2025-06-11 01:52:54', '2025-06-11 01:52:54'),
(3055, 275, 540, 30, 'Negro', '2025-06-11 01:52:54', '2025-06-11 01:52:54'),
(3056, 275, 542, 30, 'Negro', '2025-06-11 01:52:54', '2025-06-11 01:52:54'),
(3057, 275, 543, 85, 'Negra', '2025-06-11 01:52:54', '2025-06-11 01:52:54'),
(3058, 275, 535, 85, 'Negra', '2025-06-11 01:52:54', '2025-06-11 01:52:54'),
(3059, 275, 541, 85, 'Negra', '2025-06-11 01:52:54', '2025-06-11 01:52:54'),
(3060, 275, 546, 30, 'Negro', '2025-06-11 01:52:54', '2025-06-11 01:52:54'),
(3061, 275, 538, 30, 'Negro', '2025-06-11 01:52:54', '2025-06-11 01:52:54'),
(3062, 254, 376, 176, 'Negro', '2025-06-12 00:50:57', '2025-06-12 00:50:57'),
(3063, 254, 375, 30, 'Negro', '2025-06-12 00:50:57', '2025-06-12 00:50:57'),
(3064, 254, 377, 30, 'Negro', '2025-06-12 00:50:57', '2025-06-12 00:50:57'),
(3065, 254, 385, 21, 'Ambar', '2025-06-12 00:50:57', '2025-06-12 00:50:57'),
(3066, 254, 384, 19, 'Ambar', '2025-06-12 00:50:57', '2025-06-12 00:50:57'),
(3067, 254, 372, 85, 'Negra', '2025-06-12 00:50:57', '2025-06-12 00:50:57'),
(3068, 254, 382, 11, 'Negro', '2025-06-12 00:50:58', '2025-06-12 00:50:58'),
(3069, 254, 383, 11, 'Negro', '2025-06-12 00:50:58', '2025-06-12 00:50:58'),
(3070, 254, 381, 11, 'Negro', '2025-06-12 00:50:58', '2025-06-12 00:50:58'),
(3071, 254, 378, 30, 'Negro', '2025-06-12 00:50:58', '2025-06-12 00:50:58'),
(3072, 254, 373, 85, 'Negra', '2025-06-12 00:50:58', '2025-06-12 00:50:58'),
(3073, 254, 374, 85, 'Negra', '2025-06-12 00:50:58', '2025-06-12 00:50:58'),
(3074, 254, 380, 30, 'Negro', '2025-06-12 00:50:58', '2025-06-12 00:50:58'),
(3075, 254, 379, 30, 'Negro', '2025-06-12 00:50:58', '2025-06-12 00:50:58'),
(3076, 276, 477, 175, 'Amarillo', '2025-06-12 04:13:48', '2025-06-12 04:13:48'),
(3077, 276, 212, 30, 'Negro', '2025-06-12 04:13:48', '2025-06-12 04:13:48'),
(3078, 276, 222, 30, 'Negro', '2025-06-12 04:13:48', '2025-06-12 04:13:48'),
(3079, 276, 224, 19, 'Ambar', '2025-06-12 04:13:48', '2025-06-12 04:13:48'),
(3080, 276, 208, 30, 'Negro', '2025-06-12 04:13:48', '2025-06-12 04:13:48'),
(3081, 276, 220, 11, 'Negro', '2025-06-12 04:13:48', '2025-06-12 04:13:48'),
(3082, 276, 221, 11, 'Negro', '2025-06-12 04:13:48', '2025-06-12 04:13:48'),
(3083, 276, 223, 11, 'Negro', '2025-06-12 04:13:48', '2025-06-12 04:13:48'),
(3084, 276, 210, 30, 'Negro', '2025-06-12 04:13:48', '2025-06-12 04:13:48'),
(3085, 276, 215, 30, 'Negro', '2025-06-12 04:13:48', '2025-06-12 04:13:48'),
(3086, 276, 216, 108, 'Negro', '2025-06-12 04:13:48', '2025-06-12 04:13:48'),
(3087, 276, 211, 108, 'Negro', '2025-06-12 04:13:48', '2025-06-12 04:13:48'),
(3088, 276, 217, 200, 'Negro', '2025-06-12 04:13:48', '2025-06-12 04:13:48'),
(3089, 276, 213, 30, 'Negro', '2025-06-12 04:13:48', '2025-06-12 04:13:48'),
(3090, 276, 214, 30, 'Negro', '2025-06-12 04:13:48', '2025-06-12 04:13:48'),
(3091, 277, 477, 175, 'Amarillo', '2025-06-12 04:27:08', '2025-06-12 04:27:08'),
(3092, 277, 212, 30, 'Blanco', '2025-06-12 04:27:08', '2025-06-12 04:27:08');
INSERT INTO `cotizacion_has_piezas` (`id`, `idCotizacion`, `idPieza`, `idMaterial`, `colorMaterial`, `created_at`, `updated_at`) VALUES
(3093, 277, 222, 30, 'Negro', '2025-06-12 04:27:08', '2025-06-12 04:27:08'),
(3094, 277, 224, 19, 'Ambar', '2025-06-12 04:27:08', '2025-06-12 04:27:08'),
(3095, 277, 208, 30, 'Blanco', '2025-06-12 04:27:08', '2025-06-12 04:27:08'),
(3096, 277, 220, 11, 'Negro', '2025-06-12 04:27:08', '2025-06-12 04:27:08'),
(3097, 277, 221, 9, 'Gris claro', '2025-06-12 04:27:08', '2025-06-12 04:27:08'),
(3098, 277, 223, 9, 'Gris claro', '2025-06-12 04:27:08', '2025-06-12 04:27:08'),
(3099, 277, 210, 30, 'Blanco', '2025-06-12 04:27:08', '2025-06-12 04:27:08'),
(3100, 277, 215, 30, 'Blanco', '2025-06-12 04:27:08', '2025-06-12 04:27:08'),
(3101, 277, 216, 108, 'Blanco', '2025-06-12 04:27:08', '2025-06-12 04:27:08'),
(3102, 277, 211, 108, 'Blanco', '2025-06-12 04:27:08', '2025-06-12 04:27:08'),
(3103, 277, 217, 193, 'Blanco', '2025-06-12 04:27:08', '2025-06-12 04:27:08'),
(3104, 277, 213, 30, 'Blanco', '2025-06-12 04:27:08', '2025-06-12 04:27:08'),
(3105, 277, 214, 30, 'Blanco', '2025-06-12 04:27:08', '2025-06-12 04:27:08'),
(3119, 278, 334, 140, 'Negro', '2025-06-12 05:04:21', '2025-06-12 05:04:21'),
(3120, 278, 336, 30, 'Negro', '2025-06-12 05:04:21', '2025-06-12 05:04:21'),
(3121, 278, 339, 30, 'Negro', '2025-06-12 05:04:21', '2025-06-12 05:04:21'),
(3122, 278, 345, 19, 'Ambar', '2025-06-12 05:04:21', '2025-06-12 05:04:21'),
(3123, 278, 331, 90, 'Negro', '2025-06-12 05:04:21', '2025-06-12 05:04:21'),
(3124, 278, 341, 11, 'Negro', '2025-06-12 05:04:21', '2025-06-12 05:04:21'),
(3125, 278, 342, 11, 'Negro', '2025-06-12 05:04:21', '2025-06-12 05:04:21'),
(3126, 278, 340, 11, 'Negro', '2025-06-12 05:04:21', '2025-06-12 05:04:21'),
(3127, 278, 333, 90, 'Negro', '2025-06-12 05:04:21', '2025-06-12 05:04:21'),
(3128, 278, 332, 90, 'Negro', '2025-06-12 05:04:21', '2025-06-12 05:04:21'),
(3129, 278, 338, 30, 'Negro', '2025-06-12 05:04:21', '2025-06-12 05:04:21'),
(3130, 278, 343, 31, 'Negro', '2025-06-12 05:04:21', '2025-06-12 05:04:21'),
(3131, 278, 344, 31, 'Negro', '2025-06-12 05:04:21', '2025-06-12 05:04:21'),
(3147, 279, 566, 175, 'Amarillo', '2025-06-19 03:29:32', '2025-06-19 03:29:32'),
(3148, 279, 555, 26, 'Negro', '2025-06-19 03:29:32', '2025-06-19 03:29:32'),
(3149, 279, 553, 32, 'Negro', '2025-06-19 03:29:32', '2025-06-19 03:29:32'),
(3150, 279, 562, 31, 'Negro', '2025-06-19 03:29:32', '2025-06-19 03:29:32'),
(3151, 279, 558, 31, 'Negro', '2025-06-19 03:29:32', '2025-06-19 03:29:32'),
(3152, 279, 565, 21, 'Ambar', '2025-06-19 03:29:32', '2025-06-19 03:29:32'),
(3153, 279, 561, 11, 'Negro', '2025-06-19 03:29:32', '2025-06-19 03:29:32'),
(3154, 279, 560, 200, 'Negro', '2025-06-19 03:29:32', '2025-06-19 03:29:32'),
(3155, 279, 563, 80, 'Negro', '2025-06-19 03:29:32', '2025-06-19 03:29:32'),
(3156, 279, 559, 32, 'Negro', '2025-06-19 03:29:32', '2025-06-19 03:29:32'),
(3157, 279, 552, 32, 'Negro', '2025-06-19 03:29:32', '2025-06-19 03:29:32'),
(3158, 279, 556, 166, 'Negro', '2025-06-19 03:29:32', '2025-06-19 03:29:32'),
(3159, 279, 564, 138, 'Negro', '2025-06-19 03:29:32', '2025-06-19 03:29:32'),
(3160, 279, 554, 32, 'Negro', '2025-06-19 03:29:32', '2025-06-19 03:29:32'),
(3161, 279, 557, 166, 'Negro', '2025-06-19 03:29:32', '2025-06-19 03:29:32'),
(3162, 280, 500, 175, 'Amarillo', '2025-06-20 03:09:21', '2025-06-20 03:09:21'),
(3163, 280, 315, 30, 'Negro', '2025-06-20 03:09:21', '2025-06-20 03:09:21'),
(3164, 280, 319, 30, 'Negro', '2025-06-20 03:09:21', '2025-06-20 03:09:21'),
(3165, 280, 316, 30, 'Negro', '2025-06-20 03:09:21', '2025-06-20 03:09:21'),
(3166, 280, 317, 30, 'Negro', '2025-06-20 03:09:21', '2025-06-20 03:09:21'),
(3167, 280, 322, 11, 'Negro', '2025-06-20 03:09:21', '2025-06-20 03:09:21'),
(3168, 280, 326, 11, 'Negro', '2025-06-20 03:09:21', '2025-06-20 03:09:21'),
(3169, 280, 318, 30, 'Negro', '2025-06-20 03:09:21', '2025-06-20 03:09:21'),
(3170, 280, 323, 85, 'Negra', '2025-06-20 03:09:21', '2025-06-20 03:09:21'),
(3171, 280, 314, 85, 'Negra', '2025-06-20 03:09:21', '2025-06-20 03:09:21'),
(3172, 280, 320, 30, 'Negro', '2025-06-20 03:09:21', '2025-06-20 03:09:21'),
(3173, 280, 321, 30, 'Negro', '2025-06-20 03:09:21', '2025-06-20 03:09:21'),
(3174, 280, 325, 30, 'Negro', '2025-06-20 03:09:21', '2025-06-20 03:09:21'),
(3175, 280, 324, 30, 'Negro', '2025-06-20 03:09:21', '2025-06-20 03:09:21'),
(3176, 281, 500, 175, 'Amarillo', '2025-06-20 03:15:48', '2025-06-20 03:15:48'),
(3177, 281, 315, 30, 'Negro', '2025-06-20 03:15:48', '2025-06-20 03:15:48'),
(3178, 281, 319, 30, 'Negro', '2025-06-20 03:15:48', '2025-06-20 03:15:48'),
(3179, 281, 316, 30, 'Negro', '2025-06-20 03:15:49', '2025-06-20 03:15:49'),
(3180, 281, 317, 30, 'Negro', '2025-06-20 03:15:49', '2025-06-20 03:15:49'),
(3181, 281, 322, 11, 'Negro', '2025-06-20 03:15:49', '2025-06-20 03:15:49'),
(3182, 281, 326, 11, 'Negro', '2025-06-20 03:15:49', '2025-06-20 03:15:49'),
(3183, 281, 318, 30, 'Negro', '2025-06-20 03:15:49', '2025-06-20 03:15:49'),
(3184, 281, 323, 85, 'Negra', '2025-06-20 03:15:49', '2025-06-20 03:15:49'),
(3185, 281, 314, 85, 'Negra', '2025-06-20 03:15:49', '2025-06-20 03:15:49'),
(3186, 281, 320, 30, 'Negro', '2025-06-20 03:15:49', '2025-06-20 03:15:49'),
(3187, 281, 321, 30, 'Negro', '2025-06-20 03:15:49', '2025-06-20 03:15:49'),
(3188, 281, 325, 191, 'Tifany', '2025-06-20 03:15:49', '2025-06-20 03:15:49'),
(3189, 281, 324, 191, 'Tifany', '2025-06-20 03:15:49', '2025-06-20 03:15:49'),
(3190, 282, 500, 175, 'Amarillo', '2025-06-20 03:18:08', '2025-06-20 03:18:08'),
(3191, 282, 315, 30, 'Negro', '2025-06-20 03:18:08', '2025-06-20 03:18:08'),
(3192, 282, 319, 30, 'Negro', '2025-06-20 03:18:08', '2025-06-20 03:18:08'),
(3193, 282, 316, 30, 'Negro', '2025-06-20 03:18:08', '2025-06-20 03:18:08'),
(3194, 282, 317, 30, 'Negro', '2025-06-20 03:18:08', '2025-06-20 03:18:08'),
(3195, 282, 322, 11, 'Negro', '2025-06-20 03:18:08', '2025-06-20 03:18:08'),
(3196, 282, 326, 11, 'Negro', '2025-06-20 03:18:08', '2025-06-20 03:18:08'),
(3197, 282, 318, 30, 'Negro', '2025-06-20 03:18:08', '2025-06-20 03:18:08'),
(3198, 282, 323, 85, 'Negra', '2025-06-20 03:18:08', '2025-06-20 03:18:08'),
(3199, 282, 314, 85, 'Negra', '2025-06-20 03:18:08', '2025-06-20 03:18:08'),
(3200, 282, 320, 30, 'Negro', '2025-06-20 03:18:08', '2025-06-20 03:18:08'),
(3201, 282, 321, 30, 'Negro', '2025-06-20 03:18:08', '2025-06-20 03:18:08'),
(3202, 282, 325, 185, 'Rosa rich', '2025-06-20 03:18:08', '2025-06-20 03:18:08'),
(3203, 282, 324, 185, 'Rosa rich', '2025-06-20 03:18:08', '2025-06-20 03:18:08'),
(3244, 284, 568, 201, 'Negro', '2025-06-20 06:15:41', '2025-06-20 06:15:41'),
(3245, 284, 567, 201, 'Negro', '2025-06-20 06:15:41', '2025-06-20 06:15:41'),
(3246, 284, 574, 202, 'Negro', '2025-06-20 06:15:41', '2025-06-20 06:15:41'),
(3247, 284, 576, 202, 'Negro', '2025-06-20 06:15:41', '2025-06-20 06:15:41'),
(3248, 284, 575, 202, 'Negro', '2025-06-20 06:15:41', '2025-06-20 06:15:41'),
(3249, 284, 573, 201, 'Negro', '2025-06-20 06:15:41', '2025-06-20 06:15:41'),
(3250, 284, 572, 201, 'Negro', '2025-06-20 06:15:41', '2025-06-20 06:15:41'),
(3251, 284, 571, 201, 'Negro', '2025-06-20 06:15:41', '2025-06-20 06:15:41'),
(3252, 284, 569, 201, 'Negro', '2025-06-20 06:15:41', '2025-06-20 06:15:41'),
(3253, 284, 570, 201, 'Negro', '2025-06-20 06:15:41', '2025-06-20 06:15:41'),
(3254, 285, 568, 205, 'Blanco', '2025-06-20 06:19:16', '2025-06-20 06:19:16'),
(3255, 285, 567, 203, 'Blanco', '2025-06-20 06:19:17', '2025-06-20 06:19:17'),
(3256, 285, 574, 206, 'Ambar', '2025-06-20 06:19:17', '2025-06-20 06:19:17'),
(3257, 285, 576, 206, 'Ambar', '2025-06-20 06:19:17', '2025-06-20 06:19:17'),
(3258, 285, 575, 206, 'Ambar', '2025-06-20 06:19:17', '2025-06-20 06:19:17'),
(3259, 285, 573, 203, 'Blanco', '2025-06-20 06:19:17', '2025-06-20 06:19:17'),
(3260, 285, 572, 203, 'Blanco', '2025-06-20 06:19:17', '2025-06-20 06:19:17'),
(3261, 285, 571, 203, 'Blanco', '2025-06-20 06:19:17', '2025-06-20 06:19:17'),
(3262, 285, 569, 203, 'Blanco', '2025-06-20 06:19:17', '2025-06-20 06:19:17'),
(3263, 285, 570, 203, 'Blanco', '2025-06-20 06:19:17', '2025-06-20 06:19:17');

--
-- Volcado de datos para la tabla `cotizacion_has_suelas`
--

INSERT INTO `cotizacion_has_suelas` (`id`, `idCotizacion`, `idSuela`, `created_at`, `updated_at`) VALUES
(105, 132, 7, '2024-12-02 23:28:42', '2024-12-02 23:28:42'),
(126, 153, 9, '2025-01-27 23:01:35', '2025-01-27 23:01:35'),
(127, 154, 10, '2025-01-27 23:05:07', '2025-01-27 23:05:07'),
(131, 158, 11, '2025-01-28 02:54:48', '2025-01-28 02:54:48'),
(132, 159, 11, '2025-01-28 03:04:28', '2025-01-28 03:04:28'),
(133, 160, 80, '2025-01-28 04:27:10', '2025-01-28 04:27:10'),
(134, 161, 13, '2025-01-28 07:38:46', '2025-01-28 07:38:46'),
(135, 162, 13, '2025-01-28 07:44:15', '2025-01-28 07:44:15'),
(142, 167, 100, '2025-01-30 23:23:43', '2025-01-30 23:23:43'),
(146, 171, 13, '2025-02-04 05:22:09', '2025-02-04 05:22:09'),
(148, 173, 11, '2025-02-10 21:52:33', '2025-02-10 21:52:33'),
(149, 174, 80, '2025-02-10 22:00:33', '2025-02-10 22:00:33'),
(152, 177, 11, '2025-02-12 00:05:43', '2025-02-12 00:05:43'),
(153, 178, 110, '2025-02-13 02:22:17', '2025-02-13 02:22:17'),
(154, 179, 13, '2025-02-13 02:26:30', '2025-02-13 02:26:30'),
(155, 180, 13, '2025-02-13 02:32:03', '2025-02-13 02:32:03'),
(157, 182, 13, '2025-02-18 03:04:42', '2025-02-18 03:04:42'),
(158, 183, 6, '2025-02-18 03:18:22', '2025-02-18 03:18:22'),
(160, 185, 8, '2025-02-19 02:09:20', '2025-02-19 02:09:20'),
(161, 186, 8, '2025-02-19 02:24:28', '2025-02-19 02:24:28'),
(162, 187, 8, '2025-02-19 02:29:41', '2025-02-19 02:29:41'),
(164, 189, 80, '2025-02-19 02:45:35', '2025-02-19 02:45:35'),
(165, 190, 9, '2025-02-19 03:19:00', '2025-02-19 03:19:00'),
(166, 191, 9, '2025-02-19 03:34:36', '2025-02-19 03:34:36'),
(167, 192, 10, '2025-02-19 05:09:43', '2025-02-19 05:09:43'),
(170, 195, 11, '2025-02-20 04:42:26', '2025-02-20 04:42:26'),
(171, 196, 5, '2025-02-20 04:52:38', '2025-02-20 04:52:38'),
(172, 197, 5, '2025-02-20 04:57:23', '2025-02-20 04:57:23'),
(173, 198, 64, '2025-02-20 22:28:01', '2025-02-20 22:28:01'),
(176, 201, 64, '2025-02-20 23:09:25', '2025-02-20 23:09:25'),
(179, 204, 6, '2025-02-25 06:10:26', '2025-02-25 06:10:26'),
(180, 205, 64, '2025-02-27 07:37:15', '2025-02-27 07:37:15'),
(181, 206, 64, '2025-02-27 07:39:20', '2025-02-27 07:39:20'),
(182, 207, 64, '2025-02-27 07:41:35', '2025-02-27 07:41:35'),
(186, 211, 111, '2025-02-27 08:41:21', '2025-02-27 08:41:21'),
(187, 212, 7, '2025-02-27 08:46:40', '2025-02-27 08:46:40'),
(190, 215, 64, '2025-03-02 04:45:28', '2025-03-02 04:45:28'),
(195, 217, 80, '2025-03-05 03:57:03', '2025-03-05 03:57:03'),
(197, 218, 80, '2025-03-05 04:00:49', '2025-03-05 04:00:49'),
(199, 219, 80, '2025-03-05 04:04:35', '2025-03-05 04:04:35'),
(200, 216, 80, '2025-03-05 04:06:46', '2025-03-05 04:06:46'),
(201, 220, 80, '2025-03-05 04:07:11', '2025-03-05 04:07:11'),
(203, 221, 21, '2025-03-05 05:19:11', '2025-03-05 05:19:11'),
(206, 222, 21, '2025-03-05 05:21:30', '2025-03-05 05:21:30'),
(207, 223, 21, '2025-03-05 05:22:57', '2025-03-05 05:22:57'),
(208, 224, 5, '2025-03-11 00:42:07', '2025-03-11 00:42:07'),
(209, 225, 5, '2025-03-11 00:42:08', '2025-03-11 00:42:08'),
(210, 156, 13, '2025-03-11 00:46:42', '2025-03-11 00:46:42'),
(211, 226, 28, '2025-03-11 01:02:32', '2025-03-11 01:02:32'),
(213, 227, 59, '2025-03-11 04:59:10', '2025-03-11 04:59:10'),
(215, 229, 5, '2025-03-12 05:06:10', '2025-03-12 05:06:10'),
(216, 230, 6, '2025-03-18 22:29:44', '2025-03-18 22:29:44'),
(217, 231, 6, '2025-03-18 22:30:17', '2025-03-18 22:30:17'),
(218, 232, 6, '2025-03-18 22:31:52', '2025-03-18 22:31:52'),
(219, 233, 80, '2025-03-18 22:33:01', '2025-03-18 22:33:01'),
(220, 234, 80, '2025-03-18 22:34:22', '2025-03-18 22:34:22'),
(224, 238, 6, '2025-03-18 23:08:17', '2025-03-18 23:08:17'),
(225, 240, 11, '2025-03-18 23:51:01', '2025-03-18 23:51:01'),
(226, 241, 56, '2025-03-19 00:35:11', '2025-03-19 00:35:11'),
(227, 242, 80, '2025-03-19 00:44:40', '2025-03-19 00:44:40'),
(229, 244, 80, '2025-03-19 09:39:14', '2025-03-19 09:39:14'),
(231, 245, 59, '2025-03-20 01:49:56', '2025-03-20 01:49:56'),
(232, 246, 57, '2025-03-20 04:22:16', '2025-03-20 04:22:16'),
(233, 247, 80, '2025-03-20 05:26:56', '2025-03-20 05:26:56'),
(237, 249, 80, '2025-03-21 01:26:33', '2025-03-21 01:26:33'),
(238, 166, 80, '2025-03-21 01:40:44', '2025-03-21 01:40:44'),
(239, 250, 110, '2025-03-21 02:12:25', '2025-03-21 02:12:25'),
(241, 251, 12, '2025-03-27 02:41:10', '2025-03-27 02:41:10'),
(242, 194, 113, '2025-04-01 22:30:35', '2025-04-01 22:30:35'),
(243, 252, 112, '2025-04-03 23:28:31', '2025-04-03 23:28:31'),
(244, 253, 56, '2025-04-03 23:33:31', '2025-04-03 23:33:31'),
(245, 184, 56, '2025-04-03 23:37:16', '2025-04-03 23:37:16'),
(248, 255, 64, '2025-04-04 23:45:30', '2025-04-04 23:45:30'),
(249, 256, 64, '2025-04-21 22:20:36', '2025-04-21 22:20:36'),
(250, 257, 10, '2025-04-21 23:15:41', '2025-04-21 23:15:41'),
(251, 228, 27, '2025-04-22 00:35:32', '2025-04-22 00:35:32'),
(252, 258, 27, '2025-04-22 00:37:00', '2025-04-22 00:37:00'),
(253, 259, 27, '2025-04-22 00:41:02', '2025-04-22 00:41:02'),
(254, 262, 80, '2025-04-22 06:11:41', '2025-04-22 06:11:41'),
(255, 175, 11, '2025-04-22 22:19:25', '2025-04-22 22:19:25'),
(257, 176, 11, '2025-04-22 22:35:29', '2025-04-22 22:35:29'),
(258, 263, 56, '2025-04-22 23:26:03', '2025-04-22 23:26:03'),
(259, 264, 6, '2025-04-24 00:52:32', '2025-04-24 00:52:32'),
(260, 265, 13, '2025-04-24 00:55:37', '2025-04-24 00:55:37'),
(263, 267, 5, '2025-05-01 22:38:25', '2025-05-01 22:38:25'),
(264, 266, 27, '2025-05-01 22:44:36', '2025-05-01 22:44:36'),
(265, 181, 80, '2025-05-08 22:31:50', '2025-05-08 22:31:50'),
(268, 165, 79, '2025-05-08 22:42:51', '2025-05-08 22:42:51'),
(269, 268, 10, '2025-05-12 21:33:06', '2025-05-12 21:33:06'),
(272, 269, 56, '2025-05-14 00:29:32', '2025-05-14 00:29:32'),
(273, 270, 56, '2025-05-14 00:33:42', '2025-05-14 00:33:42'),
(274, 188, 80, '2025-06-02 22:27:36', '2025-06-02 22:27:36'),
(275, 271, 80, '2025-06-03 04:23:07', '2025-06-03 04:23:07'),
(276, 235, 27, '2025-06-05 00:41:36', '2025-06-05 00:41:36'),
(278, 237, 5, '2025-06-05 00:49:01', '2025-06-05 00:49:01'),
(279, 236, 5, '2025-06-05 00:50:43', '2025-06-05 00:50:43'),
(280, 172, 11, '2025-06-10 23:18:20', '2025-06-10 23:18:20'),
(282, 272, 57, '2025-06-10 23:23:01', '2025-06-10 23:23:01'),
(286, 273, 64, '2025-06-11 01:44:47', '2025-06-11 01:44:47'),
(287, 274, 9, '2025-06-11 01:48:17', '2025-06-11 01:48:17'),
(288, 275, 56, '2025-06-11 01:52:54', '2025-06-11 01:52:54'),
(289, 254, 27, '2025-06-12 00:50:58', '2025-06-12 00:50:58'),
(290, 276, 12, '2025-06-12 04:13:49', '2025-06-12 04:13:49'),
(291, 277, 12, '2025-06-12 04:27:10', '2025-06-12 04:27:10'),
(292, 278, 9, '2025-06-12 05:04:21', '2025-06-12 05:04:21'),
(294, 279, 114, '2025-06-19 03:29:32', '2025-06-19 03:29:32'),
(295, 280, 56, '2025-06-20 03:09:21', '2025-06-20 03:09:21'),
(296, 281, 56, '2025-06-20 03:15:49', '2025-06-20 03:15:49'),
(297, 282, 56, '2025-06-20 03:18:08', '2025-06-20 03:18:08'),
(298, 284, 115, '2025-06-20 06:15:41', '2025-06-20 06:15:41'),
(299, 285, 115, '2025-06-20 06:19:18', '2025-06-20 06:19:18');

--
-- Volcado de datos para la tabla `materiales`
--

INSERT INTO `materiales` (`id`, `nombre`, `concepto`, `precio`, `unidades`, `color`, `hexColor`, `created_at`, `updated_at`) VALUES
(8, 'Estonia', 'Forro', 69.60, 135.00, 'Negro', '#000000', '2024-11-15 00:12:19', '2024-11-15 00:12:19'),
(9, 'Eko', 'Forro', 54.52, 135.00, 'Gris claro', '#e4e2e2', '2024-11-15 00:13:34', '2024-11-15 00:13:34'),
(10, 'Eko', 'Forro', 54.52, 135.00, 'Blanco', '#ffffff', '2024-11-15 00:14:05', '2024-11-15 00:14:05'),
(11, 'N3-28', 'Forro', 40.00, 135.00, 'Negro', '#000000', '2024-11-15 00:14:55', '2024-11-15 00:14:55'),
(12, 'Seul 1.6', 'Microfibra', 166.00, 135.00, 'Negro', '#000000', '2024-11-15 00:17:02', '2024-11-15 00:17:02'),
(14, 'Micronike', 'Microfibra', 290.00, 135.00, 'Negro', '#000000', '2024-11-15 00:18:55', '2024-11-15 00:18:55'),
(15, 'Antiderrapante rugoso', 'Refuerzo', 92.92, 137.00, 'Negro', '#000000', '2024-11-15 00:20:59', '2025-01-21 20:35:15'),
(16, 'Celteck rosa', 'Planta', 38.00, 90.00, 'Rosa', '#f7b5e2', '2024-11-15 00:24:48', '2024-11-15 00:24:48'),
(17, 'Nairobi bondeado', 'Sintetico', 123.00, 135.00, 'Negro', '#000000', '2024-11-15 00:28:04', '2024-11-15 00:28:04'),
(18, 'Charol 0.8', 'Sintetico', 87.00, 135.00, 'Amarillo', '#fbff00', '2024-11-15 00:29:16', '2024-11-15 00:29:16'),
(19, '15/30', 'Esponja', 55.00, 90.00, 'Ambar', '#f8ffc7', '2024-11-15 00:30:28', '2024-11-15 00:30:28'),
(20, '9/30', 'Esponja', 49.00, 90.00, 'Ambar', '#fafebe', '2024-11-15 00:31:20', '2024-11-15 00:31:20'),
(21, '5/50', 'Esponja', 47.00, 90.00, 'Ambar', '#f1f9b4', '2024-11-15 00:31:59', '2024-11-15 01:58:45'),
(22, '14 mm', 'Cintilla', 2.50, 1.00, 'Negro', '#000000', '2024-11-15 00:33:35', '2025-01-28 07:33:41'),
(24, 'Mila', 'Malla', 82.00, 138.00, 'Negro', '#000000', '2024-11-20 05:13:11', '2024-11-20 05:13:11'),
(25, 'Antiderrapante rombos', 'Piel', 200.00, 130.00, 'Negro', '#000000', '2024-12-02 23:08:03', '2024-12-02 23:09:05'),
(26, 'Masedonia', 'Sintetico', 147.32, 135.00, 'Negro', '#000000', '2025-01-21 05:31:43', '2025-01-21 05:32:15'),
(27, 'Crono con TST', 'Malla', 122.50, 135.00, 'Marino', '#1b18e2', '2025-01-21 05:33:26', '2025-01-21 22:31:04'),
(28, 'M.V.P', 'Malla', 126.44, 135.00, 'Negro', '#000000', '2025-01-21 05:34:11', '2025-01-21 22:31:18'),
(29, 'Sandwich Bondeada Poro chico', 'Malla', 80.00, 135.00, 'Negro', '#000000', '2025-01-21 05:34:47', '2025-01-21 22:31:44'),
(30, 'Capri', 'Microfibra', 123.00, 135.00, 'Negro', '#000000', '2025-01-21 05:35:18', '2025-01-21 22:47:32'),
(31, 'Eva con Tst', 'Refuerzo', 34.12, 135.00, 'Negro', '#000000', '2025-01-21 05:58:44', '2025-01-30 09:22:53'),
(32, 'Action Leather', 'Piel', 451.01, 135.00, 'Negro', '#000000', '2025-01-21 20:29:13', '2025-01-28 02:56:02'),
(33, 'Amazona Multicolor', 'Sintetico', 114.84, 135.00, 'Negro', '#000000', '2025-01-21 20:31:59', '2025-01-21 20:31:59'),
(34, 'Antiderrapante rugoso', 'Refuerzo', 92.92, 135.00, 'Negro', '#000000', '2025-01-21 20:35:52', '2025-01-21 20:35:52'),
(35, 'Atmosfera Multi', 'Sintetico', 287.10, 135.00, 'Negro', '#000000', '2025-01-21 20:38:44', '2025-01-21 20:38:44'),
(36, 'Azteca', 'Sintetico', 196.04, 135.00, 'Negro', '#000000', '2025-01-21 20:39:40', '2025-01-21 20:39:40'),
(37, 'Bies Elastico', 'Cintilla', 5.50, 1.00, 'Negro', '#000000', '2025-01-21 20:42:32', '2025-01-28 07:35:12'),
(38, 'Bruselas Multicolor', 'Sintetico', 407.16, 135.00, 'Negro', '#000000', '2025-01-21 20:51:57', '2025-01-21 20:51:57'),
(39, 'Buck', 'Sintetico', 95.70, 135.00, 'Negro', '#000000', '2025-01-21 20:53:22', '2025-01-21 20:53:22'),
(40, 'Buck Bondeado', 'Sintetico', 133.70, 135.00, 'Negro', '#000000', '2025-01-21 20:54:27', '2025-01-21 20:54:27'),
(41, 'Cabra Bondeado', 'Sintetico', 141.24, 135.00, 'Negro', '#000000', '2025-01-21 20:55:59', '2025-01-21 20:55:59'),
(42, 'Cabra', 'Sintetico', 103.24, 135.00, 'Negro', '#000000', '2025-01-21 20:58:11', '2025-01-21 20:58:11'),
(43, 'Carey café', 'Sintetico', 128.76, 135.00, 'Cafe', '#5b4848', '2025-01-21 20:59:30', '2025-01-21 20:59:30'),
(44, 'Carnaza', 'Sintetico', 167.04, 135.00, 'Negro', '#000000', '2025-01-21 21:03:44', '2025-01-21 21:03:44'),
(45, 'Carnaza', 'Sintetico', 119.61, 135.00, 'Negro', '#000000', '2025-01-21 21:05:51', '2025-01-21 21:05:51'),
(46, 'Champion', 'Semi Microfibra', 137.75, 135.00, 'Negro', '#000000', '2025-01-21 21:09:17', '2025-01-21 22:47:51'),
(47, 'Charlot multicolor', 'Sintetico', 140.00, 135.00, 'Negro', '#000000', '2025-01-21 21:10:16', '2025-01-21 21:10:16'),
(48, 'Charol', 'Sintetico', 147.32, 135.00, 'Negro', '#000000', '2025-01-21 21:13:58', '2025-01-21 21:13:58'),
(49, 'Charol Blanco', 'Sintetico', 87.00, 135.00, 'Blanco', '#ffffff', '2025-01-21 21:15:40', '2025-01-21 21:15:40'),
(50, 'Charol Vetro Lazer', 'Sintetico', 141.64, 135.00, 'Negro', '#000000', '2025-01-21 21:17:27', '2025-01-21 21:17:27'),
(51, '10mm', 'Cintilla', 1.38, 1.00, 'Negro', '#000000', '2025-01-21 21:18:48', '2025-02-04 04:03:13'),
(52, '16mm', 'Cintilla', 1.74, 1.00, 'Negro', '#000000', '2025-01-21 21:19:27', '2025-01-28 07:34:40'),
(53, '19mm', 'Cintilla', 1.74, 1.00, 'Negro', '#000000', '2025-01-21 21:19:58', '2025-01-28 07:34:53'),
(54, 'Pesada 25mm', 'Cintilla', 4.20, 1.00, 'Negro', '#000000', '2025-01-21 21:21:52', '2025-01-28 07:34:28'),
(55, 'Cintilla Ribers', 'Cintilla', 4.00, 135.00, 'Negro', '#000000', '2025-01-21 21:22:48', '2025-01-21 21:22:48'),
(56, 'Cobra Rey Plata', 'Sintetico', 121.80, 135.00, 'Plata', '#b5b5b5', '2025-01-21 21:23:59', '2025-01-21 21:23:59'),
(57, 'Cremona', 'Sintetico', 143.26, 135.00, 'Negro', '#000000', '2025-01-21 21:26:18', '2025-01-21 21:26:18'),
(58, 'Cremona bondeado', 'Sintetico', 143.26, 135.00, 'Negro', '#000000', '2025-01-21 21:27:34', '2025-01-21 21:27:34'),
(59, 'Cuello de toro', 'Sintetico', 75.00, 135.00, 'Negro', '#000000', '2025-01-21 21:29:30', '2025-01-21 21:29:30'),
(60, 'D43', 'Sintetico', 65.00, 135.00, 'Negro', '#000000', '2025-01-21 21:30:20', '2025-01-21 21:30:20'),
(61, 'D43', 'Sintetico', 83.52, 135.00, 'Negro', '#000000', '2025-01-21 21:32:10', '2025-01-21 21:32:10'),
(62, 'Dakar (tipo gamuza)', 'Sintetico', 107.88, 135.00, 'Negro', '#000000', '2025-01-21 21:32:56', '2025-01-21 21:32:56'),
(63, 'Drilo', 'Sintetico', 129.92, 135.00, 'Negro', '#000000', '2025-01-21 21:33:44', '2025-01-21 21:33:44'),
(64, 'Durazno', 'Sintetico', 73.08, 135.00, 'Negro', '#000000', '2025-01-21 21:35:06', '2025-01-21 21:35:06'),
(65, 'Durazno bondeado', 'Sintetico', 93.00, 135.00, 'Negro', '#000000', '2025-01-21 21:35:56', '2025-01-21 21:35:56'),
(66, 'Cola de rata negro 200 mts', 'Elastico', 2.05, 135.00, 'Negro', '#000000', '2025-01-21 21:36:50', '2025-01-21 21:41:44'),
(67, 'Everest', 'Sintetico', 110.20, 135.00, 'Negro', '#000000', '2025-01-21 21:43:57', '2025-01-21 21:43:57'),
(68, 'Forro alpha', 'Forro', 44.87, 135.00, 'Negro', '#000000', '2025-01-21 21:45:15', '2025-01-21 21:45:15'),
(69, 'Forro eko', 'Forro', 54.52, 135.00, 'Negro', '#000000', '2025-01-21 21:47:13', '2025-01-21 21:47:13'),
(71, 'N3-28 Color', 'Forro', 40.00, 135.00, 'Negro', '#cedce8', '2025-01-21 21:50:21', '2025-01-21 21:50:21'),
(72, 'Forro new arauka', 'Forro', 59.83, 135.00, 'Negro', '#000000', '2025-01-21 21:51:15', '2025-01-21 21:51:15'),
(73, 'Forro Perla', 'Forro', 41.60, 135.00, 'Perla', '#f0f0f0', '2025-01-21 21:53:48', '2025-01-21 21:53:48'),
(75, 'Gamusa', 'Piel', 422.82, 135.00, 'Negro', '#000000', '2025-01-21 22:13:00', '2025-01-21 22:13:00'),
(76, 'Gari ahorcador y bellota', 'Plastico', 0.75, 135.00, 'Negro', '#000000', '2025-01-21 22:14:19', '2025-01-21 22:15:23'),
(77, 'Hotmail', 'Sintetico', 170.00, 135.00, 'Negro', '#000000', '2025-01-21 22:16:22', '2025-01-21 22:16:22'),
(78, 'Injection', 'Sintetico', 133.40, 135.00, 'Negro', '#000000', '2025-01-21 22:19:03', '2025-01-21 22:19:03'),
(79, 'Lagarto Armañac', 'Sintetico', 114.84, 135.00, 'Negro', '#000000', '2025-01-21 22:21:09', '2025-01-21 22:21:09'),
(80, 'Licra Sport', 'Malla', 80.04, 135.00, 'Negro', '#000000', '2025-01-21 22:21:40', '2025-01-21 22:21:40'),
(81, 'Lince camel', 'Sintetico', 114.84, 135.00, 'Negro', '#000000', '2025-01-21 22:23:38', '2025-01-21 22:23:38'),
(82, '2520D Bondeada', 'Lona', 138.00, 135.00, 'Negro', '#000000', '2025-01-21 22:24:56', '2025-01-21 22:24:56'),
(83, 'Lona algodón', 'Lona', 95.00, 135.00, 'Negro', '#000000', '2025-01-21 22:26:35', '2025-01-21 22:26:35'),
(84, 'Lona Lux  esponja y pellon', 'Lona', 137.58, 135.00, 'Negro', '#000000', '2025-01-21 22:27:06', '2025-01-21 22:27:06'),
(85, '997 bondeada con flis', 'Malla', 143.84, 135.00, 'Negra', '#000000', '2025-01-21 22:27:42', '2025-01-21 22:27:42'),
(86, 'Crono con TST', 'Malla', 122.50, 135.00, 'Negro', '#000000', '2025-01-21 22:28:13', '2025-05-12 21:30:03'),
(87, 'Flow con forro GIO', 'Malla', 171.10, 135.00, 'Negro', '#000000', '2025-01-21 22:29:22', '2025-01-21 22:29:22'),
(88, 'Higtec', 'Malla', 61.00, 135.00, 'Negro', '#000000', '2025-01-21 22:30:38', '2025-01-21 22:30:38'),
(90, 'Net 1', 'Malla', 90.48, 135.00, 'Negro', '#000000', '2025-01-21 22:36:49', '2025-01-21 22:36:49'),
(91, 'Sandwich Bondeada Poro Grande', 'Malla', 80.00, 135.00, 'Negro', '#000000', '2025-01-21 22:38:08', '2025-01-21 22:38:08'),
(92, 'Sandwich/Tst/Espuma', 'Malla', 85.00, 135.00, 'Negro', '#000000', '2025-01-21 22:39:31', '2025-01-21 22:39:31'),
(93, 'Sandwich/Tst/Espuma/Forro', 'Malla', 133.50, 135.00, 'Negro', '#000000', '2025-01-21 22:40:18', '2025-01-21 22:40:18'),
(94, 'Uno', 'Malla', 84.45, 135.00, 'Negro', '#000000', '2025-01-21 22:41:03', '2025-01-21 22:41:03'),
(95, 'Mangle late', 'Sintetico', 109.04, 135.00, 'Negro', '#000000', '2025-01-21 22:41:50', '2025-01-21 22:41:50'),
(96, 'Marsella', 'Sintetico', 89.32, 135.00, 'Negro', '#000000', '2025-01-21 22:42:18', '2025-01-21 22:42:18'),
(97, 'Micro Malla', 'Malla', 96.28, 135.00, 'Negro', '#000000', '2025-01-21 22:45:28', '2025-01-21 22:45:28'),
(98, 'Diamante p/puntera', 'Microfibra', 591.60, 135.00, 'Negro', '#000000', '2025-01-21 22:46:42', '2025-01-21 22:47:09'),
(99, 'Micronike Hus', 'Micro Piel', 285.00, 135.00, 'Negro', '#000000', '2025-01-21 22:48:43', '2025-01-21 22:48:43'),
(101, 'Nairobi virgen', 'Sintetico', 85.00, 135.00, 'Negro', '#000000', '2025-01-21 22:50:54', '2025-01-21 22:50:54'),
(102, 'Oggi Cielo', 'Sintetico', 111.36, 135.00, 'Negro', '#000000', '2025-01-21 22:51:55', '2025-01-21 22:51:55'),
(103, 'Oggi Cielo bondeado', 'Sintetico', 111.36, 135.00, 'Negro', '#000000', '2025-01-21 23:35:42', '2025-01-21 23:35:42'),
(104, 'Gancho T-19 Metalico', 'Ojillo', 0.38, 135.00, 'Negro', '#000000', '2025-01-21 23:37:32', '2025-01-21 23:37:32'),
(105, 'Gancho C/Clavo Cerrado', 'Ojillo', 1.61, 135.00, 'Negro', '#000000', '2025-01-21 23:38:34', '2025-01-21 23:38:34'),
(106, 'K19 c/Arandela', 'Ojillo', 0.26, 135.00, 'Negro', '#000000', '2025-01-21 23:40:56', '2025-01-21 23:40:56'),
(107, 'K19 Sin Arandela', 'Ojillo', 0.13, 135.00, 'Negro', '#000000', '2025-01-21 23:41:34', '2025-01-21 23:41:34'),
(108, 'Oropal 300', 'Refuerzo', 26.33, 135.00, 'Negro', '#000000', '2025-01-21 23:42:15', '2025-01-21 23:42:15'),
(109, 'Alpha', 'Pala', 74.00, 135.00, 'Negro', '#000000', '2025-01-21 23:42:50', '2025-01-21 23:42:50'),
(110, 'Bota Silverado', 'Pala', 84.00, 16.80, 'Negro', '#000000', '2025-01-21 23:44:00', '2025-03-11 00:54:15'),
(111, 'Calceta Bota', 'Pala', 82.00, 135.00, 'Negro', '#000000', '2025-01-21 23:45:53', '2025-01-21 23:45:53'),
(112, 'Epic', 'Pala', 58.00, 135.00, 'Negro', '#000000', '2025-01-21 23:47:42', '2025-01-21 23:47:42'),
(113, 'Omar', 'Pala', 60.00, 135.00, 'Negro', '#000000', '2025-01-21 23:48:10', '2025-01-21 23:51:13'),
(114, 'Barracuda/Rombos', 'Pala tejida', 66.00, 16.80, 'Negro', '#000000', '2025-01-21 23:50:45', '2025-01-28 07:40:08'),
(115, 'Ragnar 2.0', 'Pala', 80.00, 135.00, 'Negro', '#000000', '2025-01-21 23:52:30', '2025-01-21 23:52:30'),
(116, 'Piel Flor', 'Forro', 438.48, 135.00, 'Negro', '#000000', '2025-01-21 23:53:16', '2025-01-21 23:53:53'),
(117, 'Arizona fol.ottanio', 'Piel', 923.94, 135.00, 'Marino', '#2205ff', '2025-01-21 23:54:41', '2025-01-21 23:54:41'),
(118, 'Napa Ford Nácar', 'Piel', 861.30, 135.00, 'Rosa', '#ffc2e2', '2025-01-21 23:55:32', '2025-01-21 23:55:32'),
(119, 'Nobuk', 'Piel', 391.50, 135.00, 'Negro', '#000000', '2025-01-21 23:57:01', '2025-01-21 23:57:01'),
(120, 'Cafe', 'Piel', 704.70, 135.00, 'Cafe', '#8f6200', '2025-01-21 23:58:19', '2025-01-21 23:58:19'),
(121, 'Napa de Res', 'Piel', 297.00, 135.00, 'Negro', '#000000', '2025-01-21 23:59:16', '2025-01-21 23:59:16'),
(122, 'Nobuk', 'Piel', 451.01, 135.00, 'Negro', '#000000', '2025-01-22 00:00:00', '2025-01-22 00:00:00'),
(123, 'Piton Negro', 'Sintetico', 113.68, 135.00, 'Negro', '#000000', '2025-01-22 00:01:39', '2025-01-22 00:01:39'),
(124, 'Celfil Especial #4', 'Planta', 52.40, 135.00, 'Gris', '#d1d1d1', '2025-01-22 00:07:46', '2025-01-22 00:07:46'),
(126, 'Kevlar', 'Planta', 591.60, 135.00, 'Negro', '#000000', '2025-01-22 00:11:32', '2025-01-22 00:11:32'),
(127, '2.5 mm', 'Plantilla', 42.00, 135.00, 'Negro', '#000000', '2025-01-22 00:12:20', '2025-01-22 00:12:20'),
(128, '5 mm', 'Plantilla', 75.00, 135.00, 'Negro', '#000000', '2025-01-22 00:15:58', '2025-01-22 00:15:58'),
(129, 'Memory', 'Plantilla', 190.25, 135.00, 'Negro', '#000000', '2025-01-22 00:16:45', '2025-02-11 23:59:44'),
(130, 'Preformada', 'Plantilla', 42.00, 135.00, 'Negro', '#000000', '2025-01-22 00:18:33', '2025-01-22 00:21:18'),
(131, 'AYDEÉ (bota)', 'Plastisol', 2.00, 135.00, 'Negro', '#000000', '2025-01-22 00:22:04', '2025-01-22 00:22:04'),
(132, 'AYDEÉ (Suela)', 'Plastisol', 1.50, 135.00, 'Negro', '#000000', '2025-01-22 00:24:14', '2025-01-22 00:24:14'),
(133, 'Extraduro (RUDERS) par sencillo', 'Plastisol', 9.00, 135.00, 'Negro', '#000000', '2025-01-22 00:25:25', '2025-01-22 00:25:25'),
(134, 'Feeling', 'Plastisol', 1.50, 135.00, 'Negro', '#000000', '2025-01-22 00:26:14', '2025-01-22 00:26:14'),
(135, 'MKT', 'Plastisol', 1.50, 135.00, 'Negro', '#000000', '2025-01-22 00:27:00', '2025-01-22 00:27:00'),
(136, 'Pala (RIBERS)', 'Plastisol', 29.00, 135.00, 'Negro', '#000000', '2025-01-22 00:30:51', '2025-01-22 00:30:51'),
(137, 'Strada Sport', 'Plastisol', 1.50, 135.00, 'Negro', '#000000', '2025-01-22 00:31:52', '2025-01-22 00:31:52'),
(138, 'Lamina 06', 'Poliflex', 76.00, 135.00, 'Negro', '#000000', '2025-01-22 00:32:38', '2025-01-22 00:32:38'),
(139, 'Tela 06', 'Poliflex', 76.00, 135.00, 'Negro', '#000000', '2025-01-22 00:33:16', '2025-01-22 00:33:16'),
(140, 'Puntera', 'Sintetico', 151.96, 135.00, 'Negro', '#000000', '2025-01-22 00:35:01', '2025-01-22 00:35:01'),
(141, 'Cristal 3 pasa agujetas (para el panal)', 'PVC', 10.00, 135.00, 'Negro', '#000000', '2025-01-22 00:36:06', '2025-01-22 00:36:06'),
(142, 'Cristal Alpha (3400)', 'PVC', 18.00, 135.00, 'Negro', '#000000', '2025-01-22 00:37:19', '2025-01-22 00:37:19'),
(143, 'Cristal Dybala (Puma)', 'PVC', 10.00, 135.00, 'Negro', '#000000', '2025-01-22 00:38:14', '2025-01-22 00:38:14'),
(144, 'Cristal Huarache', 'PVC', 6.00, 135.00, 'Negro', '#000000', '2025-01-22 00:38:44', '2025-01-22 00:38:44'),
(145, 'Cristal Huarache Completo', 'PVC', 14.00, 135.00, 'Negro', '#000000', '2025-01-22 00:39:25', '2025-01-22 00:39:25'),
(146, 'Cristal Pegassus (3800) CHICO', 'PVC', 10.00, 135.00, 'Negro', '#000000', '2025-01-22 00:39:48', '2025-01-22 00:39:48'),
(147, 'Cristal Pegassus (3800) GRANDE', 'PVC', 11.75, 135.00, 'Negro', '#000000', '2025-01-22 00:41:07', '2025-01-22 00:41:07'),
(148, 'Cristal Ultra (AD2 2200)', 'PVC', 12.00, 135.00, 'Negro', '#000000', '2025-01-22 00:41:40', '2025-01-22 00:41:40'),
(149, 'PM 1127-1-2 (Par Completo)', 'PVC', 16.70, 135.00, 'Negro', '#000000', '2025-01-22 00:42:43', '2025-01-22 00:42:43'),
(150, 'PM 1194-1-2 (Par Completo)', 'PVC', 9.66, 135.00, 'Negro', '#000000', '2025-01-22 00:43:48', '2025-01-22 00:43:48'),
(151, 'R8', 'Sintetico', 74.24, 135.00, 'Negro', '#000000', '2025-01-22 00:45:12', '2025-01-22 00:45:12'),
(152, 'Real Lyk', 'Sintetico', 120.00, 135.00, 'Negro', '#000000', '2025-01-22 00:49:33', '2025-01-22 00:49:33'),
(153, 'Selma', 'Sintetico', 125.94, 135.00, 'Negro', '#000000', '2025-01-22 00:50:11', '2025-01-22 00:50:11'),
(154, 'Snake Beige', 'Sintetico', 74.39, 135.00, 'Beige', '#e6d5b7', '2025-01-22 00:53:36', '2025-01-22 00:53:36'),
(155, 'STICKER C/ TST', 'Sintetico', 38.00, 135.00, 'Negro', '#000000', '2025-01-22 00:56:18', '2025-01-22 00:56:18'),
(156, 'T90', 'Sintetico', 110.00, 135.00, 'Negro', '#000000', '2025-01-22 00:57:55', '2025-01-22 00:57:55'),
(157, 'Tamboreado', 'Sintetico', 184.44, 135.00, 'Negro', '#000000', '2025-01-22 00:58:28', '2025-01-22 00:58:28'),
(158, 'Tamboreado Sultana', 'Sintetico', 116.00, 135.00, 'Negro', '#000000', '2025-01-22 00:59:45', '2025-01-22 00:59:45'),
(160, 'Tenis', 'Sintetico', 144.00, 135.00, 'Negro', '#000000', '2025-01-22 01:02:21', '2025-01-22 01:02:21'),
(161, 'Tenis', 'Sintetico', 155.44, 135.00, 'Negro', '#000000', '2025-01-22 01:05:37', '2025-01-22 01:05:37'),
(162, 'Textil Oggi Cielo Bondeado', 'Sintetico', 149.50, 135.00, 'Negro', '#000000', '2025-01-22 01:06:11', '2025-01-22 01:06:11'),
(163, 'Tiger', 'Sintetico', 125.30, 135.00, 'Negro', '#000000', '2025-01-22 01:07:50', '2025-01-22 01:07:50'),
(164, 'Tiza', 'Sintetico', 145.00, 135.00, 'Negro', '#000000', '2025-01-22 01:08:42', '2025-01-22 01:08:42'),
(165, 'Tiza Bondeado', 'Sintetico', 183.00, 135.00, 'Negro', '#000000', '2025-01-22 01:09:19', '2025-01-22 01:09:19'),
(166, 'Toga Sirena', 'Sintetico', 186.00, 135.00, 'Negro', '#000000', '2025-01-22 01:09:45', '2025-01-22 01:09:45'),
(167, 'Toga Sport', 'Sintetico', 278.54, 135.00, 'Negro', '#000000', '2025-01-22 01:10:14', '2025-01-22 01:10:14'),
(168, 'Contactel escolar', 'Refuerzo', 10.00, 135.00, 'Negro', '#000000', '2025-01-22 01:11:38', '2025-01-22 01:11:38'),
(169, 'Marti', 'Pala tejida', 66.00, 16.80, 'Negro', '#000000', '2025-01-22 04:30:10', '2025-01-22 04:34:30'),
(170, 'Rombos', 'Pala tejida', 66.00, 16.80, 'Negro', '#000000', '2025-01-22 04:37:21', '2025-01-22 04:37:21'),
(171, 'Marti', 'Pala tejida', 66.00, 16.80, 'Marino', '#0011ff', '2025-01-22 04:38:27', '2025-01-22 04:38:27'),
(172, 'Action Leather', 'Piel', 451.01, 135.00, 'Blanco', '#ffffff', '2025-01-28 02:56:56', '2025-01-28 02:56:56'),
(173, 'Micronike', 'Microfibra', 290.00, 135.00, 'Blanco', '#ffffff', '2025-01-28 02:57:44', '2025-01-28 02:57:44'),
(174, 'Napa', 'Piel', 297.00, 135.00, 'Chocolate', '#644417', '2025-01-28 04:15:48', '2025-01-28 04:15:48'),
(175, 'Celfil 112', 'Celaste', 70.00, 90.00, 'Amarillo', '#e8f778', '2025-01-30 22:23:14', '2025-01-30 22:23:14'),
(176, 'Capri', 'Microfibra', 123.00, 135.00, 'Blanco', '#ffffff', '2025-02-10 21:47:53', '2025-02-10 21:47:53'),
(177, 'Tiza Verde', 'Sintetico', 145.00, 135.00, '.', '#448632', '2025-02-20 04:15:01', '2025-02-20 04:15:01'),
(178, 'Tiza Marino', 'Sintetico', 145.00, 135.00, '.', '#2e4ead', '2025-02-20 04:17:17', '2025-02-20 04:17:17'),
(179, 'Mila', 'Malla', 86.00, 135.00, 'Marino', '#2d3495', '2025-02-20 04:20:34', '2025-02-20 04:20:54'),
(180, 'Mila', 'Malla', 86.00, 135.00, 'Verde', '#24701a', '2025-02-20 04:21:46', '2025-02-20 04:21:46'),
(181, 'Mila-', 'Malla', 86.00, 135.00, 'Mauve', '#eea0a0', '2025-02-20 22:12:55', '2025-02-20 22:12:55'),
(182, 'Anubis', 'Pala tejida', 76.00, 16.80, 'Negro', '#000000', '2025-02-27 06:36:27', '2025-02-27 06:36:27'),
(183, 'Panal', 'Pala Tejida', 65.00, 16.80, 'Negro', '#000000', '2025-02-27 08:07:02', '2025-02-27 08:07:02'),
(184, 'Nairobi', 'Sintetico', 85.00, 135.00, 'Tifany', '#70f0d0', '2025-02-27 08:08:35', '2025-02-27 08:08:35'),
(185, 'Nairobi-RR', 'Sintetico', 85.00, 135.00, 'Rosa rich', '#ea9595', '2025-02-27 08:09:56', '2025-02-27 08:09:56'),
(186, 'Tiza Salmon', 'Sintetico', 145.00, 135.00, '.', '#000000', '2025-03-05 03:43:36', '2025-03-05 03:43:36'),
(187, 'Tiza Amarillo', 'Sintetico', 145.00, 135.00, '.', '#fff700', '2025-03-05 03:44:15', '2025-03-05 03:44:15'),
(188, 'Mila Camello', 'Malla', 85.00, 135.00, '.', '#fec834', '2025-03-05 03:47:26', '2025-03-05 03:47:26'),
(189, '997 bondeado con flis gris', 'Malla', 143.84, 135.00, 'Gris', '#c2c2c2', '2025-03-05 04:52:23', '2025-03-05 04:52:23'),
(190, '14 mm', 'Cintilla', 2.50, 1.00, 'Amarillo', '#fbff00', '2025-03-12 04:57:47', '2025-03-12 04:57:47'),
(191, 'Nairobi', 'Sintetico', 85.00, 135.00, 'Amarillo', '#fff700', '2025-03-12 04:58:34', '2025-03-12 04:58:34'),
(192, 'Lengua con esponja', 'Sintetico', 100.00, 135.00, 'Negro', '#000000', '2025-03-18 23:44:30', '2025-03-18 23:44:30'),
(193, 'Arpel 10mm', 'Sintetico', 100.00, 135.00, 'Blanco', '#ffffff', '2025-03-27 02:21:44', '2025-03-27 02:21:44'),
(194, 'Arpel 10mm', 'Sintetico', 100.00, 135.00, 'Negro', '#000000', '2025-03-27 02:22:24', '2025-03-27 02:22:24'),
(195, 'Neopreno', 'Malla', 110.00, 135.00, 'Negro', '#000000', '2025-04-03 23:20:16', '2025-04-03 23:20:16'),
(196, 'Mila', 'Malla', 82.00, 135.00, 'Cafe', '#805b42', '2025-04-22 05:43:52', '2025-04-22 05:43:52'),
(197, 'Oropal 300', 'Refuerzo', 26.33, 135.00, 'Blanco', '#ffffff', '2025-04-22 22:29:22', '2025-04-22 22:31:02'),
(198, 'Crono con TST', 'Malla', 122.50, 135.00, 'Verde', '#427d08', '2025-05-12 21:29:45', '2025-05-12 21:29:45'),
(199, 'Crono con TST', 'Malla', 122.50, 135.00, 'Rojo', '#ff0000', '2025-05-12 21:30:24', '2025-05-12 21:30:24'),
(200, 'Arpel', 'Forro', 100.00, 135.00, 'Negro', '#000000', '2025-06-12 04:10:34', '2025-06-12 04:10:34'),
(201, 'Corte Reyna', 'Piel', 0.00, 135.00, 'Negro', '#000000', '2025-06-20 05:46:02', '2025-06-20 05:46:02'),
(202, 'Reyna', 'Forro', 0.00, 135.00, 'Negro', '#000000', '2025-06-20 05:46:57', '2025-06-20 05:46:57'),
(203, 'Corte Reyna', 'Piel', 0.00, 135.00, 'Blanco', '#ffffff', '2025-06-20 05:47:42', '2025-06-20 05:49:42'),
(204, 'Corte Reyna', 'Piel', 0.00, 135.00, 'Rosa metalico', '#f4c7c7', '2025-06-20 05:48:07', '2025-06-20 05:49:30'),
(205, 'Corte Reyna', 'Piel', 0.00, 135.00, 'Azul metalico', '#3a94d9', '2025-06-20 05:50:26', '2025-06-20 05:50:37'),
(206, 'Reyna', 'Forro', 0.00, 135.00, 'Ambar', '#ffc766', '2025-06-20 05:51:25', '2025-06-20 05:51:25');

--
-- Volcado de datos para la tabla `modelos`
--

INSERT INTO `modelos` (`id`, `nombre`, `numero`, `horma`, `descripcion`, `variante`, `puntoMenor`, `created_at`, `updated_at`) VALUES
(69, 'Advantage', '800', 'AyD', 'Modelo libre', '|Advantage|800|Lateral|Lengua|Forro lengua|Floreta|Paloma|Oropal Lateral|Oropal Floreta|Forro Talon|Esponja|Poliflex|Remate|Cuello Corto|Esponja lengua|Celaste|Americana plana 110cm Bca|Celfil rosa #2|Costura suela|Cuña|Eva 2.5mm|NOM Piel|NOM Sintetico|NOM Textil|Super bota cafe|Transfer Aydee|Retro', NULL, '2024-11-14 21:52:44', '2025-03-11 04:57:55'),
(70, 'Advantage Kids', '900', 'Brasil', 'Modelo libre', '|Advantage Kids|900|Floreta|Lateral|Paloma|Lengua|Oropal Lateral|Forro Atras|Forro Lengua|Remate|Planta|Plantilla|Poliflex|Esponja', NULL, '2024-11-14 21:54:23', '2025-01-21 01:34:47'),
(71, 'Dybala Casco', '1400', 'Sketch', 'Modelo libre', '|Dybala Casco|1400|Floreta|Remate|Lengua|Forro floreta|Forro talon|1443|361 90cm negra|Celfil rosa #2|Etiqueta Aydee|Eva 5mm|NOM Textil|PVC Puma|Super bota cafe|Transfer Aydee|Cosmos|Skin|Brenda', NULL, '2024-11-14 21:56:26', '2025-04-01 22:21:22'),
(72, 'Air Casco', '1800', 'Sketch', 'Modelo libre', '|Air Casco|1800|Floreta|Floreta Refuerzo|Lateral|Lateral Refuerzo|Chinela|Paloma|Remate|Lateral Atras|Lateral Atras Refuerzo|Lengua|Pipa|Forro Delantero Refuerzo|Forro Lengua|Cuello|Forro Trasero|Esponja|Celaste|1443|Americana plana 110cm Bca|Anticlavo|Celfil #4|Celfil rosa #2|Costura suela|Cuña|Etiqueta Aydee|Eva 2.5mm|Eva 5mm|Memory Foam|NOM Piel|NOM Sintetico|Super bota cafe|Air Force|Air Force 1 Blanco|XT-032 (Air Plataforma)', NULL, '2024-11-14 21:57:25', '2025-03-27 02:37:51'),
(73, 'Dybala', '1450', 'Element', 'Modelo libre', '|Dybala|1450|Floreta|Remate|Lengua|Poliflex|Forro Delantero|Forro Trasero|361 90cm negra|Celfil rosa #2|Eva 5mm|NOM Textil|Plastisol Aydee Perrito|PVC Puma|Super bota cafe|Transfer Aydee|Cosmos', NULL, '2024-11-14 21:58:23', '2025-04-22 05:52:13'),
(74, 'Air', '1850', 'AyD', 'Modelo libre', NULL, NULL, '2024-11-14 22:06:36', '2024-11-14 22:09:19'),
(75, 'Ultra Protec', '2200', 'Sketch', 'Exclusivo Ribers', '|Ultra Protec|2200|Lengua|Chinela|Forro Trasero|Forro Delantero|Forro Lengua|Esponja|Plantilla|Planta|Pala|Celaste|1443|361 130cm negra|Etiqueta Ribers|Numero Rivers|PVC AD2-2200|Super bota cafe|Pegaso Negro', NULL, '2024-11-14 22:07:53', '2025-02-19 02:12:18'),
(76, 'Element', '2400', 'Sketch', 'Modelo libre', NULL, NULL, '2024-11-14 22:08:33', '2024-11-14 22:08:33'),
(77, 'Duke', '3200', 'AyD', 'Modelo libre', NULL, NULL, '2024-11-14 22:09:09', '2024-11-14 22:09:09'),
(78, 'Xport', '3300', 'sketch', 'Exclusivo Ribers', '|Xport|3300|Refuerzo Pala|Pala|Lengua|Chilena|Forro Trasero|Forro Delantero|Forro Lengua|Esponja|Planta|Plantilla|Celaste|1443|361 130cm negra|Etiqueta Ribers|Numero Rivers|Pala plastisol Xport|Super bota cafe|Luna Blanca', NULL, '2024-11-14 22:42:31', '2025-02-19 05:01:41'),
(79, 'Mopar', '3600', 'Sketch', 'Exclusivo Ribers', '|Mopar|3600|Pala|Lengua|Chinela|Forro Trasero|Forro Delantero|Forro Lengua|Esponja|Cintilla talon|1443|361 130cm negra|Celfil rosa #2|Etiqueta Ribers|Eva 5mm|Numero Rivers|CTY-012 (Valvula)', NULL, '2024-11-14 22:43:57', '2025-03-11 00:35:28'),
(80, 'Blast', '4000', 'Sketch', 'Modelo Libre', '|Blast|4000|Pala|Refuerzo|Lengua|Talon|Forro tracero|Forro delantero|Forro lengua|Cintilla|Esponja|Celaste|1443|361 130cm negra|Celfil rosa #2|Costura suela|Etiqueta Aydee|Eva 5mm|NOM Textil|Super bota cafe|Transfer Aydee|Hopper Negra/Negra|CTY-012 (Valvula)|Skin', NULL, '2024-11-14 22:45:27', '2025-06-11 01:45:59'),
(81, 'Silverado', '4300', 'Sketch', 'Exclusivo Ribers', '|Silverado|4300|Pala|Refuerzo|Poliflex cuello|Lengua|Forro Lengua|Talon|Forro talon|Forro floreta|Cintilla talon|Esponja|1443|361 130cm negra|Celfil rosa #2|Costura suela|Etiqueta Ribers|Eva 5mm|K19 dielectrico 28 unidades|Numero Rivers|Super bota cafe|Jaguar', NULL, '2024-11-14 22:46:39', '2025-03-11 00:24:01'),
(82, 'Bota BJ', '4500', 'Sketch', 'Modelo libre', NULL, NULL, '2024-11-14 22:47:20', '2024-11-14 22:47:20'),
(83, 'Raptor / Gladiador', '5500', 'Sketch', 'Exclusivo Barracuda', '|Raptor / Gladiador|5500|Pala|Lengua|Forro Lengua|Forro floreta|Forro talon|Esponja|Refuerzo pala|Cintilla|361 130cm negra|Barracuda|Barracuda (Cintilla)|Barracuda (Pala)|PVC Plasticos Muñoz 1194-1-2|Transfer Barracuda con numero|Pegaso Negro|CTY-012 (Valvula)', NULL, '2024-11-14 22:48:37', '2025-01-28 07:31:52'),
(84, 'Air Barracuda', '4100', 'Sketch', 'Exclusivo Barracuda', NULL, NULL, '2024-11-14 22:49:31', '2024-11-14 22:49:31'),
(85, 'ATX', '4900', 'Sketch', 'Modelo libre', '|ATX|4900|Pala|Lateral|Vista Lateral (Sin marca)|Talon|Lengua Sup|Paloma (Talon Sup)|Chinela|Lengua Baja|Esponja Paloma|Esponja Lengua|Forro Lengua|Forro Floreta|Forro Talon|Refuerzo Lateral|Refuerzo Pala|Refuerzo Talon|Refuerzo Vista Lateral|Vista lateral (Con marca)|Celaste|Cintilla agujeta|Cintilla jaladera|1443|361 130cm negra|Barracuda|Celfil rosa #2|Costura suela|Etiqueta Aydee|Eva 5mm|Gancho dielectrico|NOM Piel|NOM Sintetico|NOM Textil|Super bota cafe|Transfer Aydee|Transfer Barracuda con numero|Vista lateral ATX (Aydee)|Vista lateral ATX (Barracuda)|City|Hooper|Tactica Doble Dencidad|Sin Suela', NULL, '2024-11-14 22:50:24', '2025-05-01 22:39:39'),
(86, 'Puma', '5100', 'Sketch', 'Modelo libre', '|Puma|5100|1.Floreta|2.Lateral|5.Cuello|6.Lateral bajo|7.Lateral tracero|9.Paloma|4.Chinela|8.Talon|Vivo cuello bajo|91.Vivo cuello alto|3.Lengua|Forro lengua|Forro delantero|Forro talon|Esponja talon|Esponja lengua|Cintilla talon|Refuerzo lateral|1443|Celfil rosa #2|Etiqueta Aydee|Eva 5mm|NOM Sintetico|Plastisol Aydee Perrito|Redonda negro con amarillo 130|Transfer Aydee|City', 'Desactivado', '2024-11-14 22:51:42', '2025-03-18 22:48:19'),
(87, 'Shein', '5900', 'Sketch', 'Modelo libre', '|Shein|5900|Floreta malla|Lateral malla|Lengua|Chinela baja|Chinela alta|Cuello|Lateral|Talon|Paloma|Forro talon|Forro floreta|Forro Lengua|Esponja talon|Esponja lengua|Celaste|1443|361 130cm negra|Celfil rosa #2|Etiqueta Aydee|Eva 5mm|NOM Piel|NOM Sintetico|Super bota cafe|Transfer Aydee|Hooper|CTY-25 Blanca con piso negro', NULL, '2024-11-14 22:52:29', '2025-03-11 06:40:27'),
(88, 'Fox', '6000', 'Skecth', 'Modelo libre', '|Fox|6000|Floreta Malla|Paloma malla|Lengua|Chinela|Cuello|Talon|Forro talon|Forro floreta|Forro lengua|Esponja talon|Esponja lengua|Cintilla|Celaste|1443|361 130cm negra|Anticlavo|Celfil rosa #2|Costura suela|Eva 5mm|Gancho dielectrico|Memory Foam|NOM Sintetico|Plastisol Aydee Perrito|PVC Fox - 60|Super bota cafe|Transfer Aydee|City|Caiman|Tactica Doble Dencidad', NULL, '2024-11-14 22:52:53', '2025-05-08 22:41:18'),
(89, 'Aurora', '850', 'AyD', 'Modelo libre', '|Aurora|850|Floreta|Lateral|Paloma Aurora|Lengua|Oropal Lateral|Forro Talon|Poliflex|Forro Lengua|Remate|Esponja|Planta|Plantilla', NULL, '2025-01-20 22:44:43', '2025-01-20 22:57:50'),
(90, 'Maxi', '5600', 'Sketch', 'Exclusivo Ribers', '|Maxi|5600|Chinela|Lateral Superior|Lateral Inferior|Talon|Lengua|Tobillera (brasitos)|Forro Talon|Forro Lengua|Forro Floreta|Esponja talon|Planta|Plantilla|Pala|Refuerzo Pala|Celaste|Pasa agujetas|1443|361 130cm negra|Bandera Ribers|Marca Lengua RB|Numero Rivers|Super bota cafe|Hopper Negra/Negra', NULL, '2025-01-20 23:54:58', '2025-02-19 03:21:16'),
(91, 'Kalua', '1300', '23 - 26', 'Modelo Libre', NULL, NULL, '2025-01-21 02:08:17', '2025-01-21 02:08:17'),
(92, 'Falcon', '1700', NULL, 'Modelo Libre', NULL, NULL, '2025-01-21 02:37:38', '2025-01-21 02:37:38'),
(93, 'Neo', '1900', NULL, 'Modelo Libre', '|Neo|1900|Pala|Chinela|Lateral|Lateral Brazitos|Cuello|Paloma|Forro Delantero|Forro Trasero|Esponja|Poliflex|Lengua|Forro Lengua', NULL, '2025-01-21 02:41:14', '2025-01-21 02:59:37'),
(94, 'Valentina', '2000', NULL, 'Modelo Libre', '|Valentina|2000|Pala|Chinela|Cuello Alto|Lateral Trasero (Brasito)|Cuello Bajo|Cuello|Paloma|Remate (talon)|Forro Delantero (Suaje Up)|Lengua|Vista Remate|Vista Chinela|Forro Trasero|Poliflex|Esponja|Planta|Plantilla', NULL, '2025-01-21 04:11:42', '2025-01-21 04:46:37'),
(95, 'Valentina Casco', '2000', 'Sketch', 'Modelo Libre', '|Valentina Casco|2000|Pala|Chinela|Cuello Alto|Cuello Bajo|Lateral Trasero (Brasito)|Cuello|Paloma|Remate (Talon)|Forro Delantero (Suaje Up)|Lengua|Vista Remate|Vista Chinela|Forro trasero|Celaste|1443|361 130cm negra|Celfil rosa #2|Etiqueta Aydee|Eva 5mm|NOM Piel|NOM Sintetico|NOM Textil|Super bota cafe|Transfer Aydee|Rosy TPU', NULL, '2025-01-21 04:48:10', '2025-02-27 07:52:07'),
(96, 'Bota RB', '5700', 'Sketch', 'Exclusivo Ribers', '|Bota RB|5700|Floreta|Lengua|Lateral|Chinela|Cuello|Paloma|Cuello Bajo|Forro Talon|Forro Floreta|Forro Lengua|Refuerzo Floreta|Refuerzo Lateral|Esponja|1443|361 130cm negra|Bandera Ribers|Bota RB|Celfil rosa #2|Eva 5mm|Marca Lengua RB|Numero Rivers|Super bota cafe|Hopper Negra/Negra', NULL, '2025-01-24 05:03:44', '2025-06-12 05:02:01'),
(97, 'Bota barracuda', '5800', 'Challenger', 'Exclusivo barracuda', NULL, NULL, '2025-01-28 20:23:37', '2025-01-28 20:25:57'),
(98, 'Premier', '5400', 'Challenger', 'Modelo libre', NULL, NULL, '2025-01-28 22:08:12', '2025-01-28 22:08:12'),
(99, 'Clasica BRCD', '6100', 'Challenger', 'Exclusivo Barracuda', '|Clasica BRCD|6100|Refuerzo cuello|Lengua|Paloma|Forro talon|Forro lengua|Oropal floreta|Esponja talon|Esponja lengua|1443|361 130cm negra|Anticlavo|Celfil rosa #2|Eva 5mm|Gancho dielectrico|Memory Foam|NOM Sintetico|Plastisol Aydee Perrito|PVC Fox - 60|Super bota cafe|Transfer Aydee|City|Caiman|Tactica Doble Dencidad', NULL, '2025-01-28 23:51:06', '2025-05-08 22:38:12'),
(100, 'Cobra', '5300', 'Styleto', 'Modelo Libre', NULL, NULL, '2025-01-30 00:32:03', '2025-01-30 00:32:03'),
(101, 'Wolf', '5200', 'Sketch', 'Modelo libre', NULL, NULL, '2025-01-30 00:47:11', '2025-01-30 00:47:11'),
(102, 'Flow', '5000', 'Sketch', 'Modelo libre', '|Flow|5000|Pala malla|Forro completo|Forro delantero|Talon|Cintilla 10 mm|Cintilla 16 mm|Celfil rosa #2|Cola de rata elastica con avellana|Etiqueta Ribers|Eva 5mm|Numero Rivers|Super bota cafe|Ganesha', NULL, '2025-01-30 01:04:44', '2025-03-20 04:18:56'),
(103, 'Strix', '4800', 'Sketch', 'Modelo libre', NULL, NULL, '2025-01-30 01:29:18', '2025-01-30 01:29:18'),
(104, 'Panal', '4700', 'Sketch', 'Modelo libre', '|Panal|4700|Pala malla|Forro delantero|Talon|Cintilla 16 mm|1443|361 90cm negra|Celfil rosa #2|Etiqueta Aydee|Eva 5mm|NOM Textil|PVC Plasticos Muñoz 1194-1-2|Super bota cafe|Transfer Aydee|CTY-25 Blanca con piso negro', NULL, '2025-01-30 02:25:53', '2025-02-27 08:38:19'),
(105, 'Thor', '4600', 'Sketch', 'Modelo libre', '|Thor|4600|1.Floreta|3.Remate|2.Lengua|4.Paloma|5.Triangulo floreta|6.Forro talon|7.Forro floreta|8.Cintilla|1443|361 130cm negra|Anticlavo|K19 dielectrico|Memory Foam|NOM Textil|Plastisol Ruders|Ruders|Ruders plantilla|Super bota cafe|Pegasso', NULL, '2025-01-30 02:37:08', '2025-03-05 05:14:41'),
(106, 'Xpandex', '3100', 'Sketch', 'Modelo libre', '|Xpandex|3100|Lateral|Floreta|Chinela|Forro talon|Forro floreta|Celaste|Cintilla talon|Bies elastico|Planta|Plantilla|1443|361 130cm negra|Costura suela|Etiqueta Aydee|NOM Sintetico|NOM Textil|PVC Huarache|Super bota cafe|Transfer Aydee|Sin Suela|Winflow', NULL, '2025-02-13 01:25:54', '2025-02-13 01:48:14'),
(107, 'Dybala 2.0', '1460', 'Sketch', 'Modelo libre', '|Dybala 2.0|1460|1. Floreta|2. Remate|3. Lengua|4. Forro floreta|5. Forro talon|6. Cintilla|7. Contrafuerte|1443|361 90cm negra|Celfil rosa #2|Eva 5mm|NOM Textil|Plastisol Aydee Perrito|Super bota cafe|Transfer Aydee', NULL, '2025-03-21 02:23:31', '2025-03-21 02:39:06'),
(108, 'Terrax', '3900', 'Sketch', 'Modelo libre', '|Terrax|3900|Pala|Chinela|Vivo floreta|Lateral|Lateral frontal|Paloma (bracitos)|Lengua alta|Lengua baja|Cuello alto|Cuello bajo|Talon|Forro lengua|Forro floreta|Forro talon|Esponja talon|Esponja lengua|1443|361 90cm negra|Celfil rosa #2|Eva 5mm|Memory Foam|NOM Piel|NOM Sintetico|NOM Textil|Plastisol Aydee Perrito|Super bota cafe|Transfer Aydee|Rosy TPU', NULL, '2025-03-21 02:39:47', '2025-05-14 05:39:55'),
(109, 'Zamba', '6500', 'AyD', 'Modelo libre', '|Zamba|6500|Pala|Cuello|Remate|Chinela|Paloma|Tiras|Entretela paloma|Lengua|Forro Lengua|Forro floreta|Entretela pala|Forro talon|Poliflex|Esponja|Celaste|Americana plana 110cm Bca|Celfil #4|Memory Foam|NOM Piel|NOM Sintetico|Plastisol corte y sella Aydee|Super bota cafe|Transfer Aydee|Samba', NULL, '2025-06-19 01:17:28', '2025-06-19 03:28:25'),
(110, 'Bebe', '6200', 'Reyna', 'Exclusivo Lulishuu', '|Bebe|6200|Floreta|Chinela|Paloma|Talon|Latigo largo|Latigo corto|Jaladera|Forro floreta|Forro talon|Forro plantilla|bebe serigrafia lulishuu #15-#21|Celfil rosa #2|Contactel A|Control calidad Lulishuu|Corte y sella Lulishuu|Ojillado|Ovalado latigo lulishuu|Bebe', NULL, '2025-06-20 05:19:16', '2025-06-20 06:14:31');

--
-- Volcado de datos para la tabla `modelo_has_consumibles`
--

INSERT INTO `modelo_has_consumibles` (`id`, `idModelo`, `idConsumible`, `created_at`, `updated_at`) VALUES
(105, 83, 10, '2025-01-28 07:31:41', '2025-01-28 07:31:41'),
(106, 83, 28, '2025-01-28 07:31:41', '2025-01-28 07:31:41'),
(107, 83, 25, '2025-01-28 07:31:41', '2025-01-28 07:31:41'),
(108, 83, 26, '2025-01-28 07:31:41', '2025-01-28 07:31:41'),
(109, 83, 29, '2025-01-28 07:31:41', '2025-01-28 07:31:41'),
(110, 83, 27, '2025-01-28 07:31:41', '2025-01-28 07:31:41'),
(182, 106, 30, '2025-02-13 01:43:20', '2025-02-13 01:43:20'),
(183, 106, 10, '2025-02-13 01:43:20', '2025-02-13 01:43:20'),
(184, 106, 32, '2025-02-13 01:43:20', '2025-02-13 01:43:20'),
(185, 106, 5, '2025-02-13 01:43:20', '2025-02-13 01:43:20'),
(186, 106, 6, '2025-02-13 01:43:20', '2025-02-13 01:43:20'),
(187, 106, 13, '2025-02-13 01:43:20', '2025-02-13 01:43:20'),
(188, 106, 34, '2025-02-13 01:43:20', '2025-02-13 01:43:20'),
(189, 106, 31, '2025-02-13 01:43:20', '2025-02-13 01:43:20'),
(190, 106, 7, '2025-02-13 01:43:20', '2025-02-13 01:43:20'),
(225, 75, 30, '2025-02-19 02:12:14', '2025-02-19 02:12:14'),
(226, 75, 10, '2025-02-19 02:12:14', '2025-02-19 02:12:14'),
(227, 75, 21, '2025-02-19 02:12:14', '2025-02-19 02:12:14'),
(228, 75, 35, '2025-02-19 02:12:14', '2025-02-19 02:12:14'),
(229, 75, 17, '2025-02-19 02:12:14', '2025-02-19 02:12:14'),
(230, 75, 31, '2025-02-19 02:12:14', '2025-02-19 02:12:14'),
(231, 90, 30, '2025-02-19 03:19:55', '2025-02-19 03:19:55'),
(232, 90, 10, '2025-02-19 03:19:55', '2025-02-19 03:19:55'),
(233, 90, 18, '2025-02-19 03:19:55', '2025-02-19 03:19:55'),
(234, 90, 19, '2025-02-19 03:19:55', '2025-02-19 03:19:55'),
(235, 90, 35, '2025-02-19 03:19:55', '2025-02-19 03:19:55'),
(236, 90, 31, '2025-02-19 03:19:55', '2025-02-19 03:19:55'),
(237, 78, 30, '2025-02-19 05:01:32', '2025-02-19 05:01:32'),
(238, 78, 10, '2025-02-19 05:01:32', '2025-02-19 05:01:32'),
(239, 78, 21, '2025-02-19 05:01:32', '2025-02-19 05:01:32'),
(240, 78, 35, '2025-02-19 05:01:32', '2025-02-19 05:01:32'),
(241, 78, 20, '2025-02-19 05:01:32', '2025-02-19 05:01:32'),
(242, 78, 31, '2025-02-19 05:01:32', '2025-02-19 05:01:32'),
(250, 71, 30, '2025-02-20 22:24:33', '2025-02-20 22:24:33'),
(251, 71, 8, '2025-02-20 22:24:33', '2025-02-20 22:24:33'),
(252, 71, 38, '2025-02-20 22:24:33', '2025-02-20 22:24:33'),
(253, 71, 5, '2025-02-20 22:24:33', '2025-02-20 22:24:33'),
(254, 71, 37, '2025-02-20 22:24:33', '2025-02-20 22:24:33'),
(255, 71, 13, '2025-02-20 22:24:33', '2025-02-20 22:24:33'),
(256, 71, 12, '2025-02-20 22:24:33', '2025-02-20 22:24:33'),
(257, 71, 31, '2025-02-20 22:24:33', '2025-02-20 22:24:33'),
(258, 71, 7, '2025-02-20 22:24:33', '2025-02-20 22:24:33'),
(259, 80, 30, '2025-02-27 06:28:32', '2025-02-27 06:28:32'),
(260, 80, 10, '2025-02-27 06:28:32', '2025-02-27 06:28:32'),
(261, 80, 38, '2025-02-27 06:28:32', '2025-02-27 06:28:32'),
(262, 80, 32, '2025-02-27 06:28:32', '2025-02-27 06:28:32'),
(263, 80, 5, '2025-02-27 06:28:32', '2025-02-27 06:28:32'),
(264, 80, 37, '2025-02-27 06:28:32', '2025-02-27 06:28:32'),
(265, 80, 13, '2025-02-27 06:28:32', '2025-02-27 06:28:32'),
(266, 80, 31, '2025-02-27 06:28:32', '2025-02-27 06:28:32'),
(267, 80, 7, '2025-02-27 06:28:32', '2025-02-27 06:28:32'),
(279, 95, 30, '2025-02-27 07:51:26', '2025-02-27 07:51:26'),
(280, 95, 10, '2025-02-27 07:51:26', '2025-02-27 07:51:26'),
(281, 95, 38, '2025-02-27 07:51:26', '2025-02-27 07:51:26'),
(282, 95, 5, '2025-02-27 07:51:26', '2025-02-27 07:51:26'),
(283, 95, 37, '2025-02-27 07:51:26', '2025-02-27 07:51:26'),
(284, 95, 22, '2025-02-27 07:51:26', '2025-02-27 07:51:26'),
(285, 95, 6, '2025-02-27 07:51:26', '2025-02-27 07:51:26'),
(286, 95, 13, '2025-02-27 07:51:26', '2025-02-27 07:51:26'),
(287, 95, 31, '2025-02-27 07:51:26', '2025-02-27 07:51:26'),
(288, 95, 7, '2025-02-27 07:51:26', '2025-02-27 07:51:26'),
(307, 104, 30, '2025-02-27 08:38:17', '2025-02-27 08:38:17'),
(308, 104, 8, '2025-02-27 08:38:17', '2025-02-27 08:38:17'),
(309, 104, 38, '2025-02-27 08:38:17', '2025-02-27 08:38:17'),
(310, 104, 5, '2025-02-27 08:38:17', '2025-02-27 08:38:17'),
(311, 104, 37, '2025-02-27 08:38:17', '2025-02-27 08:38:17'),
(312, 104, 13, '2025-02-27 08:38:17', '2025-02-27 08:38:17'),
(313, 104, 29, '2025-02-27 08:38:17', '2025-02-27 08:38:17'),
(314, 104, 31, '2025-02-27 08:38:17', '2025-02-27 08:38:17'),
(315, 104, 7, '2025-02-27 08:38:17', '2025-02-27 08:38:17'),
(325, 105, 30, '2025-03-05 05:14:39', '2025-03-05 05:14:39'),
(326, 105, 10, '2025-03-05 05:14:39', '2025-03-05 05:14:39'),
(327, 105, 41, '2025-03-05 05:14:39', '2025-03-05 05:14:39'),
(328, 105, 40, '2025-03-05 05:14:39', '2025-03-05 05:14:39'),
(329, 105, 42, '2025-03-05 05:14:39', '2025-03-05 05:14:39'),
(330, 105, 13, '2025-03-05 05:14:39', '2025-03-05 05:14:39'),
(331, 105, 39, '2025-03-05 05:14:39', '2025-03-05 05:14:39'),
(332, 105, 43, '2025-03-05 05:14:39', '2025-03-05 05:14:39'),
(333, 105, 44, '2025-03-05 05:14:39', '2025-03-05 05:14:39'),
(334, 105, 31, '2025-03-05 05:14:39', '2025-03-05 05:14:39'),
(344, 81, 30, '2025-03-11 00:21:23', '2025-03-11 00:21:23'),
(345, 81, 10, '2025-03-11 00:21:23', '2025-03-11 00:21:23'),
(346, 81, 38, '2025-03-11 00:21:23', '2025-03-11 00:21:23'),
(347, 81, 32, '2025-03-11 00:21:23', '2025-03-11 00:21:23'),
(348, 81, 21, '2025-03-11 00:21:23', '2025-03-11 00:21:23'),
(349, 81, 37, '2025-03-11 00:21:23', '2025-03-11 00:21:23'),
(350, 81, 45, '2025-03-11 00:21:23', '2025-03-11 00:21:23'),
(351, 81, 35, '2025-03-11 00:21:23', '2025-03-11 00:21:23'),
(352, 81, 31, '2025-03-11 00:21:23', '2025-03-11 00:21:23'),
(353, 79, 30, '2025-03-11 00:35:09', '2025-03-11 00:35:09'),
(354, 79, 10, '2025-03-11 00:35:09', '2025-03-11 00:35:09'),
(355, 79, 38, '2025-03-11 00:35:09', '2025-03-11 00:35:09'),
(356, 79, 21, '2025-03-11 00:35:09', '2025-03-11 00:35:09'),
(357, 79, 37, '2025-03-11 00:35:09', '2025-03-11 00:35:09'),
(358, 79, 35, '2025-03-11 00:35:09', '2025-03-11 00:35:09'),
(368, 69, 11, '2025-03-11 04:46:45', '2025-03-11 04:46:45'),
(369, 69, 38, '2025-03-11 04:46:45', '2025-03-11 04:46:45'),
(370, 69, 32, '2025-03-11 04:46:45', '2025-03-11 04:46:45'),
(371, 69, 33, '2025-03-11 04:46:45', '2025-03-11 04:46:45'),
(372, 69, 46, '2025-03-11 04:46:45', '2025-03-11 04:46:45'),
(373, 69, 22, '2025-03-11 04:46:45', '2025-03-11 04:46:45'),
(374, 69, 6, '2025-03-11 04:46:45', '2025-03-11 04:46:45'),
(375, 69, 13, '2025-03-11 04:46:45', '2025-03-11 04:46:45'),
(376, 69, 31, '2025-03-11 04:46:45', '2025-03-11 04:46:45'),
(377, 69, 7, '2025-03-11 04:46:45', '2025-03-11 04:46:45'),
(378, 87, 30, '2025-03-11 06:38:00', '2025-03-11 06:38:00'),
(379, 87, 10, '2025-03-11 06:38:00', '2025-03-11 06:38:00'),
(380, 87, 38, '2025-03-11 06:38:00', '2025-03-11 06:38:00'),
(381, 87, 5, '2025-03-11 06:38:00', '2025-03-11 06:38:00'),
(382, 87, 37, '2025-03-11 06:38:00', '2025-03-11 06:38:00'),
(383, 87, 22, '2025-03-11 06:38:00', '2025-03-11 06:38:00'),
(384, 87, 6, '2025-03-11 06:38:00', '2025-03-11 06:38:00'),
(385, 87, 31, '2025-03-11 06:38:00', '2025-03-11 06:38:00'),
(386, 87, 7, '2025-03-11 06:38:00', '2025-03-11 06:38:00'),
(387, 86, 30, '2025-03-12 04:55:24', '2025-03-12 04:55:24'),
(388, 86, 38, '2025-03-12 04:55:24', '2025-03-12 04:55:24'),
(389, 86, 5, '2025-03-12 04:55:24', '2025-03-12 04:55:24'),
(390, 86, 37, '2025-03-12 04:55:24', '2025-03-12 04:55:24'),
(391, 86, 6, '2025-03-12 04:55:24', '2025-03-12 04:55:24'),
(392, 86, 36, '2025-03-12 04:55:24', '2025-03-12 04:55:24'),
(393, 86, 47, '2025-03-12 04:55:24', '2025-03-12 04:55:24'),
(394, 86, 7, '2025-03-12 04:55:24', '2025-03-12 04:55:24'),
(395, 102, 38, '2025-03-20 04:16:39', '2025-03-20 04:16:39'),
(396, 102, 48, '2025-03-20 04:16:39', '2025-03-20 04:16:39'),
(397, 102, 21, '2025-03-20 04:16:39', '2025-03-20 04:16:39'),
(398, 102, 37, '2025-03-20 04:16:39', '2025-03-20 04:16:39'),
(399, 102, 35, '2025-03-20 04:16:39', '2025-03-20 04:16:39'),
(400, 102, 31, '2025-03-20 04:16:39', '2025-03-20 04:16:39'),
(401, 85, 30, '2025-03-21 01:23:18', '2025-03-21 01:23:18'),
(402, 85, 10, '2025-03-21 01:23:18', '2025-03-21 01:23:18'),
(403, 85, 28, '2025-03-21 01:23:18', '2025-03-21 01:23:18'),
(404, 85, 38, '2025-03-21 01:23:18', '2025-03-21 01:23:18'),
(405, 85, 32, '2025-03-21 01:23:18', '2025-03-21 01:23:18'),
(406, 85, 5, '2025-03-21 01:23:18', '2025-03-21 01:23:18'),
(407, 85, 37, '2025-03-21 01:23:18', '2025-03-21 01:23:18'),
(408, 85, 16, '2025-03-21 01:23:18', '2025-03-21 01:23:18'),
(409, 85, 22, '2025-03-21 01:23:18', '2025-03-21 01:23:18'),
(410, 85, 6, '2025-03-21 01:23:18', '2025-03-21 01:23:18'),
(411, 85, 13, '2025-03-21 01:23:18', '2025-03-21 01:23:18'),
(412, 85, 31, '2025-03-21 01:23:18', '2025-03-21 01:23:18'),
(413, 85, 7, '2025-03-21 01:23:18', '2025-03-21 01:23:18'),
(414, 85, 27, '2025-03-21 01:23:18', '2025-03-21 01:23:18'),
(415, 85, 23, '2025-03-21 01:23:18', '2025-03-21 01:23:18'),
(416, 85, 24, '2025-03-21 01:23:18', '2025-03-21 01:23:18'),
(425, 108, 30, '2025-03-21 05:30:02', '2025-03-21 05:30:02'),
(426, 108, 8, '2025-03-21 05:30:02', '2025-03-21 05:30:02'),
(427, 108, 38, '2025-03-21 05:30:02', '2025-03-21 05:30:02'),
(428, 108, 37, '2025-03-21 05:30:02', '2025-03-21 05:30:02'),
(429, 108, 42, '2025-03-21 05:30:02', '2025-03-21 05:30:02'),
(430, 108, 22, '2025-03-21 05:30:02', '2025-03-21 05:30:02'),
(431, 108, 6, '2025-03-21 05:30:02', '2025-03-21 05:30:02'),
(432, 108, 13, '2025-03-21 05:30:02', '2025-03-21 05:30:02'),
(433, 108, 36, '2025-03-21 05:30:02', '2025-03-21 05:30:02'),
(434, 108, 31, '2025-03-21 05:30:02', '2025-03-21 05:30:02'),
(435, 108, 7, '2025-03-21 05:30:02', '2025-03-21 05:30:02'),
(446, 72, 30, '2025-03-27 02:37:47', '2025-03-27 02:37:47'),
(447, 72, 11, '2025-03-27 02:37:47', '2025-03-27 02:37:47'),
(448, 72, 41, '2025-03-27 02:37:47', '2025-03-27 02:37:47'),
(449, 72, 50, '2025-03-27 02:37:47', '2025-03-27 02:37:47'),
(450, 72, 38, '2025-03-27 02:37:47', '2025-03-27 02:37:47'),
(451, 72, 32, '2025-03-27 02:37:47', '2025-03-27 02:37:47'),
(452, 72, 33, '2025-03-27 02:37:47', '2025-03-27 02:37:47'),
(453, 72, 5, '2025-03-27 02:37:47', '2025-03-27 02:37:47'),
(454, 72, 46, '2025-03-27 02:37:47', '2025-03-27 02:37:47'),
(455, 72, 37, '2025-03-27 02:37:47', '2025-03-27 02:37:47'),
(456, 72, 42, '2025-03-27 02:37:47', '2025-03-27 02:37:47'),
(457, 72, 22, '2025-03-27 02:37:47', '2025-03-27 02:37:47'),
(458, 72, 6, '2025-03-27 02:37:47', '2025-03-27 02:37:47'),
(459, 72, 31, '2025-03-27 02:37:47', '2025-03-27 02:37:47'),
(460, 107, 30, '2025-04-03 23:18:36', '2025-04-03 23:18:36'),
(461, 107, 8, '2025-04-03 23:18:36', '2025-04-03 23:18:36'),
(462, 107, 38, '2025-04-03 23:18:36', '2025-04-03 23:18:36'),
(463, 107, 37, '2025-04-03 23:18:36', '2025-04-03 23:18:36'),
(464, 107, 13, '2025-04-03 23:18:36', '2025-04-03 23:18:36'),
(465, 107, 36, '2025-04-03 23:18:36', '2025-04-03 23:18:36'),
(466, 107, 31, '2025-04-03 23:18:36', '2025-04-03 23:18:36'),
(467, 107, 7, '2025-04-03 23:18:36', '2025-04-03 23:18:36'),
(468, 73, 8, '2025-04-22 05:51:54', '2025-04-22 05:51:54'),
(469, 73, 38, '2025-04-22 05:51:54', '2025-04-22 05:51:54'),
(470, 73, 37, '2025-04-22 05:51:54', '2025-04-22 05:51:54'),
(471, 73, 13, '2025-04-22 05:51:54', '2025-04-22 05:51:54'),
(472, 73, 36, '2025-04-22 05:51:54', '2025-04-22 05:51:54'),
(473, 73, 12, '2025-04-22 05:51:54', '2025-04-22 05:51:54'),
(474, 73, 31, '2025-04-22 05:51:54', '2025-04-22 05:51:54'),
(475, 73, 7, '2025-04-22 05:51:54', '2025-04-22 05:51:54'),
(476, 99, 30, '2025-05-08 22:38:05', '2025-05-08 22:38:05'),
(477, 99, 10, '2025-05-08 22:38:05', '2025-05-08 22:38:05'),
(478, 99, 41, '2025-05-08 22:38:05', '2025-05-08 22:38:05'),
(479, 99, 38, '2025-05-08 22:38:05', '2025-05-08 22:38:05'),
(480, 99, 37, '2025-05-08 22:38:05', '2025-05-08 22:38:05'),
(481, 99, 16, '2025-05-08 22:38:05', '2025-05-08 22:38:05'),
(482, 99, 42, '2025-05-08 22:38:05', '2025-05-08 22:38:05'),
(483, 99, 6, '2025-05-08 22:38:05', '2025-05-08 22:38:05'),
(484, 99, 36, '2025-05-08 22:38:05', '2025-05-08 22:38:05'),
(485, 99, 15, '2025-05-08 22:38:05', '2025-05-08 22:38:05'),
(486, 99, 31, '2025-05-08 22:38:05', '2025-05-08 22:38:05'),
(487, 99, 7, '2025-05-08 22:38:05', '2025-05-08 22:38:05'),
(488, 88, 30, '2025-05-08 22:41:15', '2025-05-08 22:41:15'),
(489, 88, 10, '2025-05-08 22:41:15', '2025-05-08 22:41:15'),
(490, 88, 41, '2025-05-08 22:41:15', '2025-05-08 22:41:15'),
(491, 88, 38, '2025-05-08 22:41:15', '2025-05-08 22:41:15'),
(492, 88, 32, '2025-05-08 22:41:15', '2025-05-08 22:41:15'),
(493, 88, 37, '2025-05-08 22:41:15', '2025-05-08 22:41:15'),
(494, 88, 16, '2025-05-08 22:41:15', '2025-05-08 22:41:15'),
(495, 88, 42, '2025-05-08 22:41:15', '2025-05-08 22:41:15'),
(496, 88, 6, '2025-05-08 22:41:15', '2025-05-08 22:41:15'),
(497, 88, 36, '2025-05-08 22:41:15', '2025-05-08 22:41:15'),
(498, 88, 15, '2025-05-08 22:41:15', '2025-05-08 22:41:15'),
(499, 88, 31, '2025-05-08 22:41:15', '2025-05-08 22:41:15'),
(500, 88, 7, '2025-05-08 22:41:15', '2025-05-08 22:41:15'),
(501, 96, 30, '2025-06-12 05:01:12', '2025-06-12 05:01:12'),
(502, 96, 10, '2025-06-12 05:01:12', '2025-06-12 05:01:12'),
(503, 96, 18, '2025-06-12 05:01:12', '2025-06-12 05:01:12'),
(504, 96, 51, '2025-06-12 05:01:12', '2025-06-12 05:01:12'),
(505, 96, 38, '2025-06-12 05:01:12', '2025-06-12 05:01:12'),
(506, 96, 37, '2025-06-12 05:01:12', '2025-06-12 05:01:12'),
(507, 96, 19, '2025-06-12 05:01:12', '2025-06-12 05:01:12'),
(508, 96, 35, '2025-06-12 05:01:12', '2025-06-12 05:01:12'),
(509, 96, 31, '2025-06-12 05:01:12', '2025-06-12 05:01:12'),
(523, 109, 11, '2025-06-19 03:28:22', '2025-06-19 03:28:22'),
(524, 109, 50, '2025-06-19 03:28:22', '2025-06-19 03:28:22'),
(525, 109, 42, '2025-06-19 03:28:22', '2025-06-19 03:28:22'),
(526, 109, 22, '2025-06-19 03:28:22', '2025-06-19 03:28:22'),
(527, 109, 6, '2025-06-19 03:28:22', '2025-06-19 03:28:22'),
(528, 109, 52, '2025-06-19 03:28:22', '2025-06-19 03:28:22'),
(529, 109, 31, '2025-06-19 03:28:22', '2025-06-19 03:28:22'),
(530, 109, 7, '2025-06-19 03:28:22', '2025-06-19 03:28:22'),
(543, 110, 57, '2025-06-20 06:07:27', '2025-06-20 06:07:27'),
(544, 110, 38, '2025-06-20 06:07:27', '2025-06-20 06:07:27'),
(545, 110, 55, '2025-06-20 06:07:27', '2025-06-20 06:07:27'),
(546, 110, 53, '2025-06-20 06:07:27', '2025-06-20 06:07:27'),
(547, 110, 56, '2025-06-20 06:07:27', '2025-06-20 06:07:27'),
(548, 110, 58, '2025-06-20 06:07:27', '2025-06-20 06:07:27'),
(549, 110, 54, '2025-06-20 06:07:27', '2025-06-20 06:07:27');

--
-- Volcado de datos para la tabla `modelo_has_costes`
--

INSERT INTO `modelo_has_costes` (`id`, `idModelo`, `idCoste`, `created_at`, `updated_at`) VALUES
(63, 71, 5, '2024-11-20 05:15:45', '2024-11-20 05:15:45'),
(65, 71, 7, '2024-11-20 05:15:45', '2024-11-20 05:15:45'),
(66, 71, 8, '2024-11-20 05:15:45', '2024-11-20 05:15:45'),
(67, 71, 9, '2024-11-20 05:15:45', '2024-11-20 05:15:45'),
(68, 71, 10, '2024-11-20 05:15:45', '2024-11-20 05:15:45'),
(69, 71, 11, '2024-11-20 05:15:45', '2024-11-20 05:15:45'),
(70, 71, 12, '2024-11-20 05:15:45', '2024-11-20 05:15:45'),
(71, 71, 13, '2024-11-20 05:15:45', '2024-11-20 05:15:45'),
(72, 71, 14, '2024-11-20 05:15:45', '2024-11-20 05:15:45'),
(73, 71, 15, '2024-11-20 05:15:45', '2024-11-20 05:15:45'),
(74, 71, 18, '2024-11-20 05:15:45', '2024-11-20 05:15:45'),
(75, 71, 19, '2024-11-20 05:15:45', '2024-11-20 05:15:45'),
(76, 71, 20, '2024-11-20 05:15:45', '2024-11-20 05:15:45'),
(77, 71, 21, '2024-11-20 05:15:45', '2024-11-20 05:15:45'),
(78, 71, 26, '2024-11-20 05:15:45', '2024-11-20 05:15:45'),
(79, 71, 27, '2024-11-20 05:15:45', '2024-11-20 05:15:45'),
(80, 71, 28, '2024-11-20 05:15:45', '2024-11-20 05:15:45'),
(81, 71, 29, '2024-11-20 05:15:45', '2024-11-20 05:15:45'),
(82, 71, 30, '2024-11-20 05:15:45', '2024-11-20 05:15:45'),
(83, 71, 31, '2024-11-20 05:15:45', '2024-11-20 05:15:45'),
(85, 71, 33, '2024-11-20 05:15:45', '2024-11-20 05:15:45'),
(86, 71, 34, '2024-11-20 05:15:45', '2024-11-20 05:15:45'),
(87, 71, 35, '2024-11-20 05:15:45', '2024-11-20 05:15:45'),
(88, 71, 36, '2024-11-20 05:15:45', '2024-11-20 05:15:45'),
(89, 71, 37, '2024-11-20 05:15:45', '2024-11-20 05:15:45'),
(90, 71, 38, '2024-11-20 05:15:45', '2024-11-20 05:15:45'),
(91, 71, 39, '2024-11-20 05:15:45', '2024-11-20 05:15:45'),
(92, 71, 40, '2024-11-20 05:15:46', '2024-11-20 05:15:46'),
(125, 75, 5, '2025-01-21 05:36:46', '2025-01-21 05:36:46'),
(127, 75, 7, '2025-01-21 05:36:46', '2025-01-21 05:36:46'),
(128, 75, 8, '2025-01-21 05:36:46', '2025-01-21 05:36:46'),
(129, 75, 9, '2025-01-21 05:36:46', '2025-01-21 05:36:46'),
(130, 75, 10, '2025-01-21 05:36:46', '2025-01-21 05:36:46'),
(131, 75, 11, '2025-01-21 05:36:46', '2025-01-21 05:36:46'),
(132, 75, 12, '2025-01-21 05:36:46', '2025-01-21 05:36:46'),
(133, 75, 13, '2025-01-21 05:36:46', '2025-01-21 05:36:46'),
(134, 75, 14, '2025-01-21 05:36:46', '2025-01-21 05:36:46'),
(135, 75, 15, '2025-01-21 05:36:46', '2025-01-21 05:36:46'),
(136, 75, 18, '2025-01-21 05:36:46', '2025-01-21 05:36:46'),
(137, 75, 19, '2025-01-21 05:36:46', '2025-01-21 05:36:46'),
(138, 75, 20, '2025-01-21 05:36:46', '2025-01-21 05:36:46'),
(139, 75, 21, '2025-01-21 05:36:46', '2025-01-21 05:36:46'),
(140, 75, 26, '2025-01-21 05:36:46', '2025-01-21 05:36:46'),
(141, 75, 27, '2025-01-21 05:36:46', '2025-01-21 05:36:46'),
(142, 75, 28, '2025-01-21 05:36:46', '2025-01-21 05:36:46'),
(143, 75, 29, '2025-01-21 05:36:46', '2025-01-21 05:36:46'),
(144, 75, 30, '2025-01-21 05:36:46', '2025-01-21 05:36:46'),
(145, 75, 31, '2025-01-21 05:36:46', '2025-01-21 05:36:46'),
(147, 75, 33, '2025-01-21 05:36:46', '2025-01-21 05:36:46'),
(148, 75, 34, '2025-01-21 05:36:46', '2025-01-21 05:36:46'),
(149, 75, 35, '2025-01-21 05:36:46', '2025-01-21 05:36:46'),
(150, 75, 36, '2025-01-21 05:36:47', '2025-01-21 05:36:47'),
(151, 75, 37, '2025-01-21 05:36:47', '2025-01-21 05:36:47'),
(152, 75, 38, '2025-01-21 05:36:47', '2025-01-21 05:36:47'),
(153, 75, 39, '2025-01-21 05:36:47', '2025-01-21 05:36:47'),
(154, 75, 40, '2025-01-21 05:36:47', '2025-01-21 05:36:47'),
(156, 90, 5, '2025-01-21 05:39:21', '2025-01-21 05:39:21'),
(158, 90, 7, '2025-01-21 05:39:21', '2025-01-21 05:39:21'),
(159, 90, 8, '2025-01-21 05:39:21', '2025-01-21 05:39:21'),
(160, 90, 9, '2025-01-21 05:39:21', '2025-01-21 05:39:21'),
(161, 90, 10, '2025-01-21 05:39:21', '2025-01-21 05:39:21'),
(162, 90, 11, '2025-01-21 05:39:21', '2025-01-21 05:39:21'),
(163, 90, 12, '2025-01-21 05:39:21', '2025-01-21 05:39:21'),
(164, 90, 13, '2025-01-21 05:39:21', '2025-01-21 05:39:21'),
(165, 90, 14, '2025-01-21 05:39:21', '2025-01-21 05:39:21'),
(166, 90, 15, '2025-01-21 05:39:21', '2025-01-21 05:39:21'),
(167, 90, 18, '2025-01-21 05:39:21', '2025-01-21 05:39:21'),
(168, 90, 19, '2025-01-21 05:39:21', '2025-01-21 05:39:21'),
(169, 90, 20, '2025-01-21 05:39:21', '2025-01-21 05:39:21'),
(170, 90, 21, '2025-01-21 05:39:21', '2025-01-21 05:39:21'),
(171, 90, 26, '2025-01-21 05:39:21', '2025-01-21 05:39:21'),
(172, 90, 27, '2025-01-21 05:39:21', '2025-01-21 05:39:21'),
(173, 90, 28, '2025-01-21 05:39:21', '2025-01-21 05:39:21'),
(174, 90, 29, '2025-01-21 05:39:21', '2025-01-21 05:39:21'),
(175, 90, 30, '2025-01-21 05:39:21', '2025-01-21 05:39:21'),
(176, 90, 31, '2025-01-21 05:39:21', '2025-01-21 05:39:21'),
(178, 90, 33, '2025-01-21 05:39:21', '2025-01-21 05:39:21'),
(179, 90, 34, '2025-01-21 05:39:21', '2025-01-21 05:39:21'),
(180, 90, 35, '2025-01-21 05:39:21', '2025-01-21 05:39:21'),
(181, 90, 36, '2025-01-21 05:39:21', '2025-01-21 05:39:21'),
(182, 90, 37, '2025-01-21 05:39:21', '2025-01-21 05:39:21'),
(183, 90, 38, '2025-01-21 05:39:21', '2025-01-21 05:39:21'),
(184, 90, 39, '2025-01-21 05:39:21', '2025-01-21 05:39:21'),
(185, 90, 40, '2025-01-21 05:39:21', '2025-01-21 05:39:21'),
(249, 78, 5, '2025-01-27 22:28:26', '2025-01-27 22:28:26'),
(251, 78, 7, '2025-01-27 22:28:26', '2025-01-27 22:28:26'),
(252, 78, 8, '2025-01-27 22:28:26', '2025-01-27 22:28:26'),
(253, 78, 9, '2025-01-27 22:28:26', '2025-01-27 22:28:26'),
(254, 78, 10, '2025-01-27 22:28:26', '2025-01-27 22:28:26'),
(255, 78, 11, '2025-01-27 22:28:26', '2025-01-27 22:28:26'),
(256, 78, 12, '2025-01-27 22:28:26', '2025-01-27 22:28:26'),
(257, 78, 13, '2025-01-27 22:28:26', '2025-01-27 22:28:26'),
(258, 78, 14, '2025-01-27 22:28:26', '2025-01-27 22:28:26'),
(259, 78, 15, '2025-01-27 22:28:26', '2025-01-27 22:28:26'),
(260, 78, 18, '2025-01-27 22:28:26', '2025-01-27 22:28:26'),
(261, 78, 19, '2025-01-27 22:28:26', '2025-01-27 22:28:26'),
(262, 78, 20, '2025-01-27 22:28:26', '2025-01-27 22:28:26'),
(263, 78, 21, '2025-01-27 22:28:26', '2025-01-27 22:28:26'),
(264, 78, 26, '2025-01-27 22:28:26', '2025-01-27 22:28:26'),
(265, 78, 27, '2025-01-27 22:28:26', '2025-01-27 22:28:26'),
(266, 78, 28, '2025-01-27 22:28:26', '2025-01-27 22:28:26'),
(267, 78, 29, '2025-01-27 22:28:26', '2025-01-27 22:28:26'),
(268, 78, 30, '2025-01-27 22:28:26', '2025-01-27 22:28:26'),
(269, 78, 31, '2025-01-27 22:28:26', '2025-01-27 22:28:26'),
(271, 78, 33, '2025-01-27 22:28:27', '2025-01-27 22:28:27'),
(272, 78, 34, '2025-01-27 22:28:27', '2025-01-27 22:28:27'),
(273, 78, 35, '2025-01-27 22:28:27', '2025-01-27 22:28:27'),
(274, 78, 36, '2025-01-27 22:28:27', '2025-01-27 22:28:27'),
(275, 78, 37, '2025-01-27 22:28:27', '2025-01-27 22:28:27'),
(276, 78, 38, '2025-01-27 22:28:27', '2025-01-27 22:28:27'),
(277, 78, 39, '2025-01-27 22:28:27', '2025-01-27 22:28:27'),
(278, 78, 40, '2025-01-27 22:28:27', '2025-01-27 22:28:27'),
(280, 72, 5, '2025-01-27 22:32:46', '2025-01-27 22:32:46'),
(282, 72, 7, '2025-01-27 22:32:46', '2025-01-27 22:32:46'),
(283, 72, 8, '2025-01-27 22:32:46', '2025-01-27 22:32:46'),
(284, 72, 9, '2025-01-27 22:32:46', '2025-01-27 22:32:46'),
(285, 72, 10, '2025-01-27 22:32:46', '2025-01-27 22:32:46'),
(286, 72, 11, '2025-01-27 22:32:46', '2025-01-27 22:32:46'),
(287, 72, 12, '2025-01-27 22:32:46', '2025-01-27 22:32:46'),
(288, 72, 13, '2025-01-27 22:32:46', '2025-01-27 22:32:46'),
(289, 72, 14, '2025-01-27 22:32:46', '2025-01-27 22:32:46'),
(290, 72, 15, '2025-01-27 22:32:46', '2025-01-27 22:32:46'),
(291, 72, 18, '2025-01-27 22:32:46', '2025-01-27 22:32:46'),
(292, 72, 19, '2025-01-27 22:32:46', '2025-01-27 22:32:46'),
(293, 72, 20, '2025-01-27 22:32:46', '2025-01-27 22:32:46'),
(294, 72, 21, '2025-01-27 22:32:46', '2025-01-27 22:32:46'),
(295, 72, 26, '2025-01-27 22:32:46', '2025-01-27 22:32:46'),
(296, 72, 27, '2025-01-27 22:32:46', '2025-01-27 22:32:46'),
(297, 72, 28, '2025-01-27 22:32:46', '2025-01-27 22:32:46'),
(298, 72, 29, '2025-01-27 22:32:46', '2025-01-27 22:32:46'),
(299, 72, 30, '2025-01-27 22:32:46', '2025-01-27 22:32:46'),
(300, 72, 31, '2025-01-27 22:32:46', '2025-01-27 22:32:46'),
(302, 72, 33, '2025-01-27 22:32:46', '2025-01-27 22:32:46'),
(303, 72, 34, '2025-01-27 22:32:46', '2025-01-27 22:32:46'),
(304, 72, 35, '2025-01-27 22:32:46', '2025-01-27 22:32:46'),
(305, 72, 36, '2025-01-27 22:32:46', '2025-01-27 22:32:46'),
(306, 72, 37, '2025-01-27 22:32:46', '2025-01-27 22:32:46'),
(307, 72, 38, '2025-01-27 22:32:46', '2025-01-27 22:32:46'),
(308, 72, 39, '2025-01-27 22:32:46', '2025-01-27 22:32:46'),
(309, 72, 40, '2025-01-27 22:32:46', '2025-01-27 22:32:46'),
(311, 79, 5, '2025-01-27 22:50:29', '2025-01-27 22:50:29'),
(313, 79, 7, '2025-01-27 22:50:29', '2025-01-27 22:50:29'),
(314, 79, 8, '2025-01-27 22:50:29', '2025-01-27 22:50:29'),
(315, 79, 9, '2025-01-27 22:50:29', '2025-01-27 22:50:29'),
(316, 79, 10, '2025-01-27 22:50:29', '2025-01-27 22:50:29'),
(317, 79, 11, '2025-01-27 22:50:29', '2025-01-27 22:50:29'),
(318, 79, 12, '2025-01-27 22:50:29', '2025-01-27 22:50:29'),
(319, 79, 13, '2025-01-27 22:50:29', '2025-01-27 22:50:29'),
(320, 79, 14, '2025-01-27 22:50:29', '2025-01-27 22:50:29'),
(321, 79, 15, '2025-01-27 22:50:29', '2025-01-27 22:50:29'),
(322, 79, 18, '2025-01-27 22:50:29', '2025-01-27 22:50:29'),
(323, 79, 19, '2025-01-27 22:50:29', '2025-01-27 22:50:29'),
(324, 79, 20, '2025-01-27 22:50:29', '2025-01-27 22:50:29'),
(325, 79, 21, '2025-01-27 22:50:29', '2025-01-27 22:50:29'),
(326, 79, 26, '2025-01-27 22:50:29', '2025-01-27 22:50:29'),
(327, 79, 27, '2025-01-27 22:50:29', '2025-01-27 22:50:29'),
(328, 79, 28, '2025-01-27 22:50:29', '2025-01-27 22:50:29'),
(329, 79, 29, '2025-01-27 22:50:29', '2025-01-27 22:50:29'),
(330, 79, 30, '2025-01-27 22:50:29', '2025-01-27 22:50:29'),
(331, 79, 31, '2025-01-27 22:50:29', '2025-01-27 22:50:29'),
(333, 79, 33, '2025-01-27 22:50:29', '2025-01-27 22:50:29'),
(334, 79, 34, '2025-01-27 22:50:29', '2025-01-27 22:50:29'),
(335, 79, 35, '2025-01-27 22:50:29', '2025-01-27 22:50:29'),
(336, 79, 36, '2025-01-27 22:50:29', '2025-01-27 22:50:29'),
(337, 79, 37, '2025-01-27 22:50:29', '2025-01-27 22:50:29'),
(338, 79, 38, '2025-01-27 22:50:29', '2025-01-27 22:50:29'),
(339, 79, 39, '2025-01-27 22:50:29', '2025-01-27 22:50:29'),
(340, 79, 40, '2025-01-27 22:50:29', '2025-01-27 22:50:29'),
(342, 85, 5, '2025-01-28 00:08:43', '2025-01-28 00:08:43'),
(344, 85, 7, '2025-01-28 00:08:43', '2025-01-28 00:08:43'),
(345, 85, 8, '2025-01-28 00:08:43', '2025-01-28 00:08:43'),
(346, 85, 9, '2025-01-28 00:08:43', '2025-01-28 00:08:43'),
(347, 85, 10, '2025-01-28 00:08:43', '2025-01-28 00:08:43'),
(348, 85, 11, '2025-01-28 00:08:43', '2025-01-28 00:08:43'),
(349, 85, 12, '2025-01-28 00:08:43', '2025-01-28 00:08:43'),
(350, 85, 13, '2025-01-28 00:08:43', '2025-01-28 00:08:43'),
(351, 85, 14, '2025-01-28 00:08:43', '2025-01-28 00:08:43'),
(352, 85, 15, '2025-01-28 00:08:43', '2025-01-28 00:08:43'),
(353, 85, 18, '2025-01-28 00:08:43', '2025-01-28 00:08:43'),
(354, 85, 19, '2025-01-28 00:08:43', '2025-01-28 00:08:43'),
(355, 85, 20, '2025-01-28 00:08:43', '2025-01-28 00:08:43'),
(356, 85, 21, '2025-01-28 00:08:43', '2025-01-28 00:08:43'),
(357, 85, 26, '2025-01-28 00:08:43', '2025-01-28 00:08:43'),
(358, 85, 27, '2025-01-28 00:08:43', '2025-01-28 00:08:43'),
(359, 85, 28, '2025-01-28 00:08:43', '2025-01-28 00:08:43'),
(360, 85, 29, '2025-01-28 00:08:43', '2025-01-28 00:08:43'),
(361, 85, 30, '2025-01-28 00:08:43', '2025-01-28 00:08:43'),
(362, 85, 31, '2025-01-28 00:08:43', '2025-01-28 00:08:43'),
(364, 85, 33, '2025-01-28 00:08:43', '2025-01-28 00:08:43'),
(365, 85, 34, '2025-01-28 00:08:43', '2025-01-28 00:08:43'),
(366, 85, 35, '2025-01-28 00:08:43', '2025-01-28 00:08:43'),
(367, 85, 36, '2025-01-28 00:08:43', '2025-01-28 00:08:43'),
(368, 85, 37, '2025-01-28 00:08:43', '2025-01-28 00:08:43'),
(369, 85, 38, '2025-01-28 00:08:43', '2025-01-28 00:08:43'),
(370, 85, 39, '2025-01-28 00:08:43', '2025-01-28 00:08:43'),
(371, 85, 40, '2025-01-28 00:08:43', '2025-01-28 00:08:43'),
(373, 83, 5, '2025-01-28 06:17:06', '2025-01-28 06:17:06'),
(375, 83, 7, '2025-01-28 06:17:06', '2025-01-28 06:17:06'),
(376, 83, 8, '2025-01-28 06:17:06', '2025-01-28 06:17:06'),
(377, 83, 9, '2025-01-28 06:17:06', '2025-01-28 06:17:06'),
(378, 83, 10, '2025-01-28 06:17:06', '2025-01-28 06:17:06'),
(379, 83, 11, '2025-01-28 06:17:06', '2025-01-28 06:17:06'),
(380, 83, 12, '2025-01-28 06:17:06', '2025-01-28 06:17:06'),
(381, 83, 13, '2025-01-28 06:17:06', '2025-01-28 06:17:06'),
(382, 83, 14, '2025-01-28 06:17:06', '2025-01-28 06:17:06'),
(383, 83, 15, '2025-01-28 06:17:06', '2025-01-28 06:17:06'),
(384, 83, 18, '2025-01-28 06:17:06', '2025-01-28 06:17:06'),
(385, 83, 19, '2025-01-28 06:17:06', '2025-01-28 06:17:06'),
(386, 83, 20, '2025-01-28 06:17:06', '2025-01-28 06:17:06'),
(387, 83, 21, '2025-01-28 06:17:06', '2025-01-28 06:17:06'),
(388, 83, 26, '2025-01-28 06:17:06', '2025-01-28 06:17:06'),
(389, 83, 27, '2025-01-28 06:17:07', '2025-01-28 06:17:07'),
(390, 83, 28, '2025-01-28 06:17:07', '2025-01-28 06:17:07'),
(391, 83, 29, '2025-01-28 06:17:07', '2025-01-28 06:17:07'),
(392, 83, 30, '2025-01-28 06:17:07', '2025-01-28 06:17:07'),
(393, 83, 31, '2025-01-28 06:17:07', '2025-01-28 06:17:07'),
(395, 83, 33, '2025-01-28 06:17:07', '2025-01-28 06:17:07'),
(396, 83, 34, '2025-01-28 06:17:07', '2025-01-28 06:17:07'),
(397, 83, 35, '2025-01-28 06:17:07', '2025-01-28 06:17:07'),
(398, 83, 36, '2025-01-28 06:17:07', '2025-01-28 06:17:07'),
(399, 83, 37, '2025-01-28 06:17:07', '2025-01-28 06:17:07'),
(400, 83, 38, '2025-01-28 06:17:07', '2025-01-28 06:17:07'),
(401, 83, 39, '2025-01-28 06:17:07', '2025-01-28 06:17:07'),
(402, 83, 40, '2025-01-28 06:17:07', '2025-01-28 06:17:07'),
(403, 106, 5, '2025-02-13 01:40:32', '2025-02-13 01:40:32'),
(404, 106, 7, '2025-02-13 01:40:32', '2025-02-13 01:40:32'),
(405, 106, 8, '2025-02-13 01:40:32', '2025-02-13 01:40:32'),
(406, 106, 9, '2025-02-13 01:40:32', '2025-02-13 01:40:32'),
(407, 106, 10, '2025-02-13 01:40:32', '2025-02-13 01:40:32'),
(408, 106, 11, '2025-02-13 01:40:32', '2025-02-13 01:40:32'),
(409, 106, 12, '2025-02-13 01:40:32', '2025-02-13 01:40:32'),
(410, 106, 13, '2025-02-13 01:40:32', '2025-02-13 01:40:32'),
(411, 106, 14, '2025-02-13 01:40:32', '2025-02-13 01:40:32'),
(412, 106, 15, '2025-02-13 01:40:32', '2025-02-13 01:40:32'),
(413, 106, 18, '2025-02-13 01:40:32', '2025-02-13 01:40:32'),
(414, 106, 19, '2025-02-13 01:40:32', '2025-02-13 01:40:32'),
(415, 106, 20, '2025-02-13 01:40:32', '2025-02-13 01:40:32'),
(416, 106, 21, '2025-02-13 01:40:32', '2025-02-13 01:40:32'),
(417, 106, 26, '2025-02-13 01:40:32', '2025-02-13 01:40:32'),
(418, 106, 27, '2025-02-13 01:40:32', '2025-02-13 01:40:32'),
(419, 106, 28, '2025-02-13 01:40:32', '2025-02-13 01:40:32'),
(420, 106, 29, '2025-02-13 01:40:32', '2025-02-13 01:40:32'),
(421, 106, 30, '2025-02-13 01:40:32', '2025-02-13 01:40:32'),
(422, 106, 31, '2025-02-13 01:40:32', '2025-02-13 01:40:32'),
(423, 106, 33, '2025-02-13 01:40:32', '2025-02-13 01:40:32'),
(424, 106, 34, '2025-02-13 01:40:32', '2025-02-13 01:40:32'),
(425, 106, 35, '2025-02-13 01:40:32', '2025-02-13 01:40:32'),
(426, 106, 36, '2025-02-13 01:40:32', '2025-02-13 01:40:32'),
(427, 106, 37, '2025-02-13 01:40:32', '2025-02-13 01:40:32'),
(428, 106, 38, '2025-02-13 01:40:32', '2025-02-13 01:40:32'),
(429, 106, 39, '2025-02-13 01:40:32', '2025-02-13 01:40:32'),
(430, 106, 40, '2025-02-13 01:40:32', '2025-02-13 01:40:32'),
(431, 80, 5, '2025-02-13 02:06:01', '2025-02-13 02:06:01'),
(432, 80, 7, '2025-02-13 02:06:01', '2025-02-13 02:06:01'),
(433, 80, 8, '2025-02-13 02:06:01', '2025-02-13 02:06:01'),
(434, 80, 9, '2025-02-13 02:06:01', '2025-02-13 02:06:01'),
(435, 80, 10, '2025-02-13 02:06:01', '2025-02-13 02:06:01'),
(436, 80, 11, '2025-02-13 02:06:01', '2025-02-13 02:06:01'),
(437, 80, 12, '2025-02-13 02:06:01', '2025-02-13 02:06:01'),
(438, 80, 13, '2025-02-13 02:06:01', '2025-02-13 02:06:01'),
(439, 80, 14, '2025-02-13 02:06:01', '2025-02-13 02:06:01'),
(440, 80, 15, '2025-02-13 02:06:02', '2025-02-13 02:06:02'),
(441, 80, 18, '2025-02-13 02:06:02', '2025-02-13 02:06:02'),
(442, 80, 19, '2025-02-13 02:06:02', '2025-02-13 02:06:02'),
(443, 80, 20, '2025-02-13 02:06:02', '2025-02-13 02:06:02'),
(444, 80, 21, '2025-02-13 02:06:02', '2025-02-13 02:06:02'),
(445, 80, 26, '2025-02-13 02:06:02', '2025-02-13 02:06:02'),
(446, 80, 27, '2025-02-13 02:06:02', '2025-02-13 02:06:02'),
(447, 80, 28, '2025-02-13 02:06:02', '2025-02-13 02:06:02'),
(448, 80, 29, '2025-02-13 02:06:02', '2025-02-13 02:06:02'),
(449, 80, 30, '2025-02-13 02:06:02', '2025-02-13 02:06:02'),
(450, 80, 31, '2025-02-13 02:06:02', '2025-02-13 02:06:02'),
(451, 80, 33, '2025-02-13 02:06:02', '2025-02-13 02:06:02'),
(452, 80, 34, '2025-02-13 02:06:02', '2025-02-13 02:06:02'),
(453, 80, 35, '2025-02-13 02:06:02', '2025-02-13 02:06:02'),
(454, 80, 36, '2025-02-13 02:06:02', '2025-02-13 02:06:02'),
(455, 80, 37, '2025-02-13 02:06:02', '2025-02-13 02:06:02'),
(456, 80, 38, '2025-02-13 02:06:02', '2025-02-13 02:06:02'),
(457, 80, 39, '2025-02-13 02:06:02', '2025-02-13 02:06:02'),
(458, 80, 40, '2025-02-13 02:06:02', '2025-02-13 02:06:02'),
(459, 95, 5, '2025-02-18 02:19:17', '2025-02-18 02:19:17'),
(460, 95, 7, '2025-02-18 02:19:17', '2025-02-18 02:19:17'),
(461, 95, 8, '2025-02-18 02:19:17', '2025-02-18 02:19:17'),
(462, 95, 9, '2025-02-18 02:19:17', '2025-02-18 02:19:17'),
(463, 95, 10, '2025-02-18 02:19:17', '2025-02-18 02:19:17'),
(464, 95, 11, '2025-02-18 02:19:17', '2025-02-18 02:19:17'),
(465, 95, 12, '2025-02-18 02:19:17', '2025-02-18 02:19:17'),
(466, 95, 13, '2025-02-18 02:19:17', '2025-02-18 02:19:17'),
(467, 95, 14, '2025-02-18 02:19:17', '2025-02-18 02:19:17'),
(468, 95, 15, '2025-02-18 02:19:17', '2025-02-18 02:19:17'),
(469, 95, 18, '2025-02-18 02:19:17', '2025-02-18 02:19:17'),
(470, 95, 19, '2025-02-18 02:19:17', '2025-02-18 02:19:17'),
(471, 95, 20, '2025-02-18 02:19:17', '2025-02-18 02:19:17'),
(472, 95, 21, '2025-02-18 02:19:17', '2025-02-18 02:19:17'),
(473, 95, 26, '2025-02-18 02:19:17', '2025-02-18 02:19:17'),
(474, 95, 27, '2025-02-18 02:19:17', '2025-02-18 02:19:17'),
(475, 95, 28, '2025-02-18 02:19:17', '2025-02-18 02:19:17'),
(476, 95, 29, '2025-02-18 02:19:17', '2025-02-18 02:19:17'),
(477, 95, 30, '2025-02-18 02:19:17', '2025-02-18 02:19:17'),
(478, 95, 31, '2025-02-18 02:19:17', '2025-02-18 02:19:17'),
(479, 95, 33, '2025-02-18 02:19:17', '2025-02-18 02:19:17'),
(480, 95, 34, '2025-02-18 02:19:17', '2025-02-18 02:19:17'),
(481, 95, 35, '2025-02-18 02:19:17', '2025-02-18 02:19:17'),
(482, 95, 36, '2025-02-18 02:19:18', '2025-02-18 02:19:18'),
(483, 95, 37, '2025-02-18 02:19:18', '2025-02-18 02:19:18'),
(484, 95, 38, '2025-02-18 02:19:18', '2025-02-18 02:19:18'),
(485, 95, 39, '2025-02-18 02:19:18', '2025-02-18 02:19:18'),
(486, 95, 40, '2025-02-18 02:19:18', '2025-02-18 02:19:18'),
(487, 104, 5, '2025-02-27 07:57:13', '2025-02-27 07:57:13'),
(488, 104, 7, '2025-02-27 07:57:13', '2025-02-27 07:57:13'),
(489, 104, 8, '2025-02-27 07:57:13', '2025-02-27 07:57:13'),
(490, 104, 9, '2025-02-27 07:57:13', '2025-02-27 07:57:13'),
(491, 104, 10, '2025-02-27 07:57:13', '2025-02-27 07:57:13'),
(492, 104, 11, '2025-02-27 07:57:13', '2025-02-27 07:57:13'),
(493, 104, 12, '2025-02-27 07:57:13', '2025-02-27 07:57:13'),
(494, 104, 13, '2025-02-27 07:57:13', '2025-02-27 07:57:13'),
(495, 104, 14, '2025-02-27 07:57:13', '2025-02-27 07:57:13'),
(496, 104, 15, '2025-02-27 07:57:13', '2025-02-27 07:57:13'),
(497, 104, 18, '2025-02-27 07:57:13', '2025-02-27 07:57:13'),
(498, 104, 19, '2025-02-27 07:57:13', '2025-02-27 07:57:13'),
(499, 104, 20, '2025-02-27 07:57:13', '2025-02-27 07:57:13'),
(500, 104, 21, '2025-02-27 07:57:13', '2025-02-27 07:57:13'),
(501, 104, 26, '2025-02-27 07:57:13', '2025-02-27 07:57:13'),
(502, 104, 27, '2025-02-27 07:57:13', '2025-02-27 07:57:13'),
(503, 104, 28, '2025-02-27 07:57:13', '2025-02-27 07:57:13'),
(504, 104, 29, '2025-02-27 07:57:13', '2025-02-27 07:57:13'),
(505, 104, 30, '2025-02-27 07:57:13', '2025-02-27 07:57:13'),
(506, 104, 31, '2025-02-27 07:57:13', '2025-02-27 07:57:13'),
(507, 104, 33, '2025-02-27 07:57:13', '2025-02-27 07:57:13'),
(508, 104, 34, '2025-02-27 07:57:13', '2025-02-27 07:57:13'),
(509, 104, 35, '2025-02-27 07:57:13', '2025-02-27 07:57:13'),
(510, 104, 36, '2025-02-27 07:57:13', '2025-02-27 07:57:13'),
(511, 104, 37, '2025-02-27 07:57:13', '2025-02-27 07:57:13'),
(512, 104, 38, '2025-02-27 07:57:13', '2025-02-27 07:57:13'),
(513, 104, 39, '2025-02-27 07:57:13', '2025-02-27 07:57:13'),
(514, 104, 40, '2025-02-27 07:57:13', '2025-02-27 07:57:13'),
(515, 88, 5, '2025-02-27 08:00:44', '2025-02-27 08:00:44'),
(516, 88, 7, '2025-02-27 08:00:44', '2025-02-27 08:00:44'),
(517, 88, 8, '2025-02-27 08:00:44', '2025-02-27 08:00:44'),
(518, 88, 9, '2025-02-27 08:00:44', '2025-02-27 08:00:44'),
(519, 88, 10, '2025-02-27 08:00:44', '2025-02-27 08:00:44'),
(520, 88, 11, '2025-02-27 08:00:44', '2025-02-27 08:00:44'),
(521, 88, 12, '2025-02-27 08:00:44', '2025-02-27 08:00:44'),
(522, 88, 13, '2025-02-27 08:00:44', '2025-02-27 08:00:44'),
(523, 88, 14, '2025-02-27 08:00:44', '2025-02-27 08:00:44'),
(524, 88, 15, '2025-02-27 08:00:44', '2025-02-27 08:00:44'),
(525, 88, 18, '2025-02-27 08:00:44', '2025-02-27 08:00:44'),
(526, 88, 19, '2025-02-27 08:00:44', '2025-02-27 08:00:44'),
(527, 88, 20, '2025-02-27 08:00:44', '2025-02-27 08:00:44'),
(528, 88, 21, '2025-02-27 08:00:44', '2025-02-27 08:00:44'),
(529, 88, 26, '2025-02-27 08:00:44', '2025-02-27 08:00:44'),
(530, 88, 27, '2025-02-27 08:00:44', '2025-02-27 08:00:44'),
(531, 88, 28, '2025-02-27 08:00:44', '2025-02-27 08:00:44'),
(532, 88, 29, '2025-02-27 08:00:44', '2025-02-27 08:00:44'),
(533, 88, 30, '2025-02-27 08:00:44', '2025-02-27 08:00:44'),
(534, 88, 31, '2025-02-27 08:00:44', '2025-02-27 08:00:44'),
(535, 88, 33, '2025-02-27 08:00:44', '2025-02-27 08:00:44'),
(536, 88, 34, '2025-02-27 08:00:44', '2025-02-27 08:00:44'),
(537, 88, 35, '2025-02-27 08:00:44', '2025-02-27 08:00:44'),
(538, 88, 36, '2025-02-27 08:00:44', '2025-02-27 08:00:44'),
(539, 88, 37, '2025-02-27 08:00:44', '2025-02-27 08:00:44'),
(540, 88, 38, '2025-02-27 08:00:44', '2025-02-27 08:00:44'),
(541, 88, 39, '2025-02-27 08:00:44', '2025-02-27 08:00:44'),
(542, 88, 40, '2025-02-27 08:00:44', '2025-02-27 08:00:44'),
(543, 105, 5, '2025-03-05 05:02:42', '2025-03-05 05:02:42'),
(544, 105, 7, '2025-03-05 05:02:42', '2025-03-05 05:02:42'),
(545, 105, 8, '2025-03-05 05:02:42', '2025-03-05 05:02:42'),
(546, 105, 9, '2025-03-05 05:02:42', '2025-03-05 05:02:42'),
(547, 105, 10, '2025-03-05 05:02:42', '2025-03-05 05:02:42'),
(548, 105, 11, '2025-03-05 05:02:42', '2025-03-05 05:02:42'),
(549, 105, 12, '2025-03-05 05:02:42', '2025-03-05 05:02:42'),
(550, 105, 13, '2025-03-05 05:02:42', '2025-03-05 05:02:42'),
(551, 105, 14, '2025-03-05 05:02:42', '2025-03-05 05:02:42'),
(552, 105, 15, '2025-03-05 05:02:42', '2025-03-05 05:02:42'),
(553, 105, 18, '2025-03-05 05:02:42', '2025-03-05 05:02:42'),
(554, 105, 19, '2025-03-05 05:02:42', '2025-03-05 05:02:42'),
(555, 105, 20, '2025-03-05 05:02:42', '2025-03-05 05:02:42'),
(556, 105, 21, '2025-03-05 05:02:42', '2025-03-05 05:02:42'),
(557, 105, 26, '2025-03-05 05:02:42', '2025-03-05 05:02:42'),
(558, 105, 27, '2025-03-05 05:02:42', '2025-03-05 05:02:42'),
(559, 105, 28, '2025-03-05 05:02:42', '2025-03-05 05:02:42'),
(560, 105, 29, '2025-03-05 05:02:42', '2025-03-05 05:02:42'),
(561, 105, 30, '2025-03-05 05:02:42', '2025-03-05 05:02:42'),
(562, 105, 31, '2025-03-05 05:02:42', '2025-03-05 05:02:42'),
(563, 105, 33, '2025-03-05 05:02:42', '2025-03-05 05:02:42'),
(564, 105, 34, '2025-03-05 05:02:43', '2025-03-05 05:02:43'),
(565, 105, 35, '2025-03-05 05:02:43', '2025-03-05 05:02:43'),
(566, 105, 36, '2025-03-05 05:02:43', '2025-03-05 05:02:43'),
(567, 105, 37, '2025-03-05 05:02:43', '2025-03-05 05:02:43'),
(568, 105, 38, '2025-03-05 05:02:43', '2025-03-05 05:02:43'),
(569, 105, 39, '2025-03-05 05:02:43', '2025-03-05 05:02:43'),
(570, 105, 40, '2025-03-05 05:02:43', '2025-03-05 05:02:43'),
(571, 81, 5, '2025-03-11 00:14:55', '2025-03-11 00:14:55'),
(572, 81, 7, '2025-03-11 00:14:55', '2025-03-11 00:14:55'),
(573, 81, 8, '2025-03-11 00:14:55', '2025-03-11 00:14:55'),
(574, 81, 9, '2025-03-11 00:14:55', '2025-03-11 00:14:55'),
(575, 81, 10, '2025-03-11 00:14:55', '2025-03-11 00:14:55'),
(576, 81, 11, '2025-03-11 00:14:55', '2025-03-11 00:14:55'),
(577, 81, 12, '2025-03-11 00:14:55', '2025-03-11 00:14:55'),
(578, 81, 13, '2025-03-11 00:14:55', '2025-03-11 00:14:55'),
(579, 81, 14, '2025-03-11 00:14:55', '2025-03-11 00:14:55'),
(580, 81, 15, '2025-03-11 00:14:55', '2025-03-11 00:14:55'),
(581, 81, 18, '2025-03-11 00:14:55', '2025-03-11 00:14:55'),
(582, 81, 19, '2025-03-11 00:14:55', '2025-03-11 00:14:55'),
(583, 81, 20, '2025-03-11 00:14:55', '2025-03-11 00:14:55'),
(584, 81, 21, '2025-03-11 00:14:55', '2025-03-11 00:14:55'),
(585, 81, 26, '2025-03-11 00:14:55', '2025-03-11 00:14:55'),
(586, 81, 27, '2025-03-11 00:14:55', '2025-03-11 00:14:55'),
(587, 81, 28, '2025-03-11 00:14:55', '2025-03-11 00:14:55'),
(588, 81, 29, '2025-03-11 00:14:55', '2025-03-11 00:14:55'),
(589, 81, 30, '2025-03-11 00:14:55', '2025-03-11 00:14:55'),
(590, 81, 31, '2025-03-11 00:14:55', '2025-03-11 00:14:55'),
(591, 81, 33, '2025-03-11 00:14:55', '2025-03-11 00:14:55'),
(592, 81, 34, '2025-03-11 00:14:55', '2025-03-11 00:14:55'),
(593, 81, 35, '2025-03-11 00:14:55', '2025-03-11 00:14:55'),
(594, 81, 36, '2025-03-11 00:14:55', '2025-03-11 00:14:55'),
(595, 81, 37, '2025-03-11 00:14:55', '2025-03-11 00:14:55'),
(596, 81, 38, '2025-03-11 00:14:55', '2025-03-11 00:14:55'),
(597, 81, 39, '2025-03-11 00:14:55', '2025-03-11 00:14:55'),
(598, 81, 40, '2025-03-11 00:14:55', '2025-03-11 00:14:55'),
(599, 69, 5, '2025-03-11 04:57:52', '2025-03-11 04:57:52'),
(600, 69, 7, '2025-03-11 04:57:52', '2025-03-11 04:57:52'),
(601, 69, 8, '2025-03-11 04:57:52', '2025-03-11 04:57:52'),
(602, 69, 9, '2025-03-11 04:57:52', '2025-03-11 04:57:52'),
(603, 69, 10, '2025-03-11 04:57:52', '2025-03-11 04:57:52'),
(604, 69, 11, '2025-03-11 04:57:52', '2025-03-11 04:57:52'),
(605, 69, 12, '2025-03-11 04:57:52', '2025-03-11 04:57:52'),
(606, 69, 13, '2025-03-11 04:57:52', '2025-03-11 04:57:52'),
(607, 69, 14, '2025-03-11 04:57:52', '2025-03-11 04:57:52'),
(608, 69, 15, '2025-03-11 04:57:52', '2025-03-11 04:57:52'),
(609, 69, 18, '2025-03-11 04:57:52', '2025-03-11 04:57:52'),
(610, 69, 19, '2025-03-11 04:57:52', '2025-03-11 04:57:52'),
(611, 69, 20, '2025-03-11 04:57:52', '2025-03-11 04:57:52'),
(612, 69, 21, '2025-03-11 04:57:52', '2025-03-11 04:57:52'),
(613, 69, 26, '2025-03-11 04:57:52', '2025-03-11 04:57:52'),
(614, 69, 27, '2025-03-11 04:57:52', '2025-03-11 04:57:52'),
(615, 69, 28, '2025-03-11 04:57:52', '2025-03-11 04:57:52'),
(616, 69, 29, '2025-03-11 04:57:52', '2025-03-11 04:57:52'),
(617, 69, 30, '2025-03-11 04:57:52', '2025-03-11 04:57:52'),
(618, 69, 31, '2025-03-11 04:57:52', '2025-03-11 04:57:52'),
(619, 69, 33, '2025-03-11 04:57:52', '2025-03-11 04:57:52'),
(620, 69, 34, '2025-03-11 04:57:52', '2025-03-11 04:57:52'),
(621, 69, 35, '2025-03-11 04:57:52', '2025-03-11 04:57:52'),
(622, 69, 36, '2025-03-11 04:57:52', '2025-03-11 04:57:52'),
(623, 69, 37, '2025-03-11 04:57:52', '2025-03-11 04:57:52'),
(624, 69, 38, '2025-03-11 04:57:52', '2025-03-11 04:57:52'),
(625, 69, 39, '2025-03-11 04:57:52', '2025-03-11 04:57:52'),
(626, 69, 40, '2025-03-11 04:57:52', '2025-03-11 04:57:52'),
(655, 87, 5, '2025-03-11 06:38:14', '2025-03-11 06:38:14'),
(656, 87, 7, '2025-03-11 06:38:14', '2025-03-11 06:38:14'),
(657, 87, 8, '2025-03-11 06:38:14', '2025-03-11 06:38:14'),
(658, 87, 9, '2025-03-11 06:38:14', '2025-03-11 06:38:14'),
(659, 87, 10, '2025-03-11 06:38:14', '2025-03-11 06:38:14'),
(660, 87, 11, '2025-03-11 06:38:14', '2025-03-11 06:38:14'),
(661, 87, 12, '2025-03-11 06:38:14', '2025-03-11 06:38:14'),
(662, 87, 13, '2025-03-11 06:38:14', '2025-03-11 06:38:14'),
(663, 87, 14, '2025-03-11 06:38:14', '2025-03-11 06:38:14'),
(664, 87, 15, '2025-03-11 06:38:14', '2025-03-11 06:38:14'),
(665, 87, 18, '2025-03-11 06:38:14', '2025-03-11 06:38:14'),
(666, 87, 19, '2025-03-11 06:38:14', '2025-03-11 06:38:14'),
(667, 87, 20, '2025-03-11 06:38:14', '2025-03-11 06:38:14'),
(668, 87, 21, '2025-03-11 06:38:14', '2025-03-11 06:38:14'),
(669, 87, 26, '2025-03-11 06:38:14', '2025-03-11 06:38:14'),
(670, 87, 27, '2025-03-11 06:38:14', '2025-03-11 06:38:14'),
(671, 87, 28, '2025-03-11 06:38:14', '2025-03-11 06:38:14'),
(672, 87, 29, '2025-03-11 06:38:14', '2025-03-11 06:38:14'),
(673, 87, 30, '2025-03-11 06:38:14', '2025-03-11 06:38:14'),
(674, 87, 31, '2025-03-11 06:38:14', '2025-03-11 06:38:14'),
(675, 87, 33, '2025-03-11 06:38:14', '2025-03-11 06:38:14'),
(676, 87, 34, '2025-03-11 06:38:14', '2025-03-11 06:38:14'),
(677, 87, 35, '2025-03-11 06:38:14', '2025-03-11 06:38:14'),
(678, 87, 36, '2025-03-11 06:38:14', '2025-03-11 06:38:14'),
(679, 87, 37, '2025-03-11 06:38:14', '2025-03-11 06:38:14'),
(680, 87, 38, '2025-03-11 06:38:14', '2025-03-11 06:38:14'),
(681, 87, 39, '2025-03-11 06:38:14', '2025-03-11 06:38:14'),
(682, 87, 40, '2025-03-11 06:38:14', '2025-03-11 06:38:14'),
(683, 86, 5, '2025-03-12 04:52:30', '2025-03-12 04:52:30'),
(684, 86, 7, '2025-03-12 04:52:30', '2025-03-12 04:52:30'),
(685, 86, 8, '2025-03-12 04:52:30', '2025-03-12 04:52:30'),
(686, 86, 9, '2025-03-12 04:52:30', '2025-03-12 04:52:30'),
(687, 86, 10, '2025-03-12 04:52:30', '2025-03-12 04:52:30'),
(688, 86, 11, '2025-03-12 04:52:30', '2025-03-12 04:52:30'),
(689, 86, 12, '2025-03-12 04:52:30', '2025-03-12 04:52:30'),
(690, 86, 13, '2025-03-12 04:52:30', '2025-03-12 04:52:30'),
(691, 86, 14, '2025-03-12 04:52:30', '2025-03-12 04:52:30'),
(692, 86, 15, '2025-03-12 04:52:30', '2025-03-12 04:52:30'),
(693, 86, 18, '2025-03-12 04:52:30', '2025-03-12 04:52:30'),
(694, 86, 19, '2025-03-12 04:52:30', '2025-03-12 04:52:30'),
(695, 86, 20, '2025-03-12 04:52:30', '2025-03-12 04:52:30'),
(696, 86, 21, '2025-03-12 04:52:30', '2025-03-12 04:52:30'),
(697, 86, 26, '2025-03-12 04:52:30', '2025-03-12 04:52:30'),
(698, 86, 27, '2025-03-12 04:52:30', '2025-03-12 04:52:30'),
(699, 86, 28, '2025-03-12 04:52:30', '2025-03-12 04:52:30'),
(700, 86, 29, '2025-03-12 04:52:30', '2025-03-12 04:52:30'),
(701, 86, 30, '2025-03-12 04:52:30', '2025-03-12 04:52:30'),
(702, 86, 31, '2025-03-12 04:52:30', '2025-03-12 04:52:30'),
(703, 86, 33, '2025-03-12 04:52:30', '2025-03-12 04:52:30'),
(704, 86, 34, '2025-03-12 04:52:30', '2025-03-12 04:52:30'),
(705, 86, 35, '2025-03-12 04:52:30', '2025-03-12 04:52:30'),
(706, 86, 36, '2025-03-12 04:52:30', '2025-03-12 04:52:30'),
(707, 86, 37, '2025-03-12 04:52:30', '2025-03-12 04:52:30'),
(708, 86, 39, '2025-03-12 04:52:31', '2025-03-12 04:52:31'),
(709, 86, 40, '2025-03-12 04:52:31', '2025-03-12 04:52:31'),
(710, 102, 5, '2025-03-20 04:09:00', '2025-03-20 04:09:00'),
(711, 102, 7, '2025-03-20 04:09:00', '2025-03-20 04:09:00'),
(712, 102, 8, '2025-03-20 04:09:00', '2025-03-20 04:09:00'),
(713, 102, 9, '2025-03-20 04:09:00', '2025-03-20 04:09:00'),
(714, 102, 10, '2025-03-20 04:09:00', '2025-03-20 04:09:00'),
(715, 102, 11, '2025-03-20 04:09:00', '2025-03-20 04:09:00'),
(716, 102, 12, '2025-03-20 04:09:00', '2025-03-20 04:09:00'),
(717, 102, 13, '2025-03-20 04:09:01', '2025-03-20 04:09:01'),
(718, 102, 14, '2025-03-20 04:09:01', '2025-03-20 04:09:01'),
(719, 102, 15, '2025-03-20 04:09:01', '2025-03-20 04:09:01'),
(720, 102, 18, '2025-03-20 04:09:01', '2025-03-20 04:09:01'),
(721, 102, 19, '2025-03-20 04:09:01', '2025-03-20 04:09:01'),
(722, 102, 20, '2025-03-20 04:09:01', '2025-03-20 04:09:01'),
(723, 102, 21, '2025-03-20 04:09:01', '2025-03-20 04:09:01'),
(724, 102, 26, '2025-03-20 04:09:01', '2025-03-20 04:09:01'),
(725, 102, 27, '2025-03-20 04:09:01', '2025-03-20 04:09:01'),
(726, 102, 28, '2025-03-20 04:09:01', '2025-03-20 04:09:01'),
(727, 102, 29, '2025-03-20 04:09:01', '2025-03-20 04:09:01'),
(728, 102, 30, '2025-03-20 04:09:01', '2025-03-20 04:09:01'),
(729, 102, 31, '2025-03-20 04:09:01', '2025-03-20 04:09:01'),
(730, 102, 33, '2025-03-20 04:09:01', '2025-03-20 04:09:01'),
(731, 102, 34, '2025-03-20 04:09:01', '2025-03-20 04:09:01'),
(732, 102, 35, '2025-03-20 04:09:01', '2025-03-20 04:09:01'),
(733, 102, 36, '2025-03-20 04:09:01', '2025-03-20 04:09:01'),
(734, 102, 37, '2025-03-20 04:09:01', '2025-03-20 04:09:01'),
(735, 102, 38, '2025-03-20 04:09:01', '2025-03-20 04:09:01'),
(736, 102, 39, '2025-03-20 04:09:01', '2025-03-20 04:09:01'),
(737, 102, 40, '2025-03-20 04:09:01', '2025-03-20 04:09:01'),
(738, 107, 5, '2025-03-21 02:33:36', '2025-03-21 02:33:36'),
(739, 107, 7, '2025-03-21 02:33:36', '2025-03-21 02:33:36'),
(740, 107, 8, '2025-03-21 02:33:36', '2025-03-21 02:33:36'),
(741, 107, 9, '2025-03-21 02:33:36', '2025-03-21 02:33:36'),
(742, 107, 10, '2025-03-21 02:33:36', '2025-03-21 02:33:36'),
(743, 107, 11, '2025-03-21 02:33:36', '2025-03-21 02:33:36'),
(744, 107, 12, '2025-03-21 02:33:36', '2025-03-21 02:33:36'),
(745, 107, 13, '2025-03-21 02:33:36', '2025-03-21 02:33:36'),
(746, 107, 14, '2025-03-21 02:33:36', '2025-03-21 02:33:36'),
(747, 107, 15, '2025-03-21 02:33:36', '2025-03-21 02:33:36'),
(748, 107, 18, '2025-03-21 02:33:36', '2025-03-21 02:33:36'),
(749, 107, 19, '2025-03-21 02:33:36', '2025-03-21 02:33:36'),
(750, 107, 20, '2025-03-21 02:33:36', '2025-03-21 02:33:36'),
(751, 107, 21, '2025-03-21 02:33:36', '2025-03-21 02:33:36'),
(752, 107, 26, '2025-03-21 02:33:36', '2025-03-21 02:33:36'),
(753, 107, 27, '2025-03-21 02:33:36', '2025-03-21 02:33:36'),
(754, 107, 28, '2025-03-21 02:33:36', '2025-03-21 02:33:36'),
(755, 107, 29, '2025-03-21 02:33:36', '2025-03-21 02:33:36'),
(756, 107, 30, '2025-03-21 02:33:36', '2025-03-21 02:33:36'),
(757, 107, 31, '2025-03-21 02:33:36', '2025-03-21 02:33:36'),
(758, 107, 33, '2025-03-21 02:33:36', '2025-03-21 02:33:36'),
(759, 107, 34, '2025-03-21 02:33:36', '2025-03-21 02:33:36'),
(760, 107, 35, '2025-03-21 02:33:36', '2025-03-21 02:33:36'),
(761, 107, 36, '2025-03-21 02:33:36', '2025-03-21 02:33:36'),
(762, 107, 37, '2025-03-21 02:33:36', '2025-03-21 02:33:36'),
(763, 107, 38, '2025-03-21 02:33:36', '2025-03-21 02:33:36'),
(764, 107, 39, '2025-03-21 02:33:36', '2025-03-21 02:33:36'),
(765, 107, 40, '2025-03-21 02:33:36', '2025-03-21 02:33:36'),
(766, 108, 5, '2025-03-21 05:27:20', '2025-03-21 05:27:20'),
(767, 108, 7, '2025-03-21 05:27:20', '2025-03-21 05:27:20'),
(768, 108, 8, '2025-03-21 05:27:20', '2025-03-21 05:27:20'),
(769, 108, 9, '2025-03-21 05:27:20', '2025-03-21 05:27:20'),
(770, 108, 10, '2025-03-21 05:27:20', '2025-03-21 05:27:20'),
(771, 108, 11, '2025-03-21 05:27:20', '2025-03-21 05:27:20'),
(772, 108, 12, '2025-03-21 05:27:20', '2025-03-21 05:27:20'),
(773, 108, 13, '2025-03-21 05:27:20', '2025-03-21 05:27:20'),
(774, 108, 14, '2025-03-21 05:27:20', '2025-03-21 05:27:20'),
(775, 108, 15, '2025-03-21 05:27:20', '2025-03-21 05:27:20'),
(776, 108, 18, '2025-03-21 05:27:20', '2025-03-21 05:27:20'),
(777, 108, 19, '2025-03-21 05:27:20', '2025-03-21 05:27:20'),
(778, 108, 20, '2025-03-21 05:27:20', '2025-03-21 05:27:20'),
(779, 108, 21, '2025-03-21 05:27:20', '2025-03-21 05:27:20'),
(780, 108, 26, '2025-03-21 05:27:20', '2025-03-21 05:27:20'),
(781, 108, 27, '2025-03-21 05:27:20', '2025-03-21 05:27:20'),
(782, 108, 28, '2025-03-21 05:27:20', '2025-03-21 05:27:20'),
(783, 108, 29, '2025-03-21 05:27:20', '2025-03-21 05:27:20'),
(784, 108, 30, '2025-03-21 05:27:20', '2025-03-21 05:27:20'),
(785, 108, 31, '2025-03-21 05:27:20', '2025-03-21 05:27:20'),
(786, 108, 33, '2025-03-21 05:27:20', '2025-03-21 05:27:20'),
(787, 108, 34, '2025-03-21 05:27:20', '2025-03-21 05:27:20'),
(788, 108, 35, '2025-03-21 05:27:20', '2025-03-21 05:27:20'),
(789, 108, 36, '2025-03-21 05:27:20', '2025-03-21 05:27:20'),
(790, 108, 37, '2025-03-21 05:27:20', '2025-03-21 05:27:20'),
(791, 108, 38, '2025-03-21 05:27:20', '2025-03-21 05:27:20'),
(792, 108, 39, '2025-03-21 05:27:20', '2025-03-21 05:27:20'),
(793, 108, 40, '2025-03-21 05:27:20', '2025-03-21 05:27:20'),
(794, 73, 5, '2025-04-22 05:51:59', '2025-04-22 05:51:59'),
(795, 73, 7, '2025-04-22 05:51:59', '2025-04-22 05:51:59'),
(796, 73, 8, '2025-04-22 05:51:59', '2025-04-22 05:51:59'),
(797, 73, 9, '2025-04-22 05:51:59', '2025-04-22 05:51:59'),
(798, 73, 10, '2025-04-22 05:51:59', '2025-04-22 05:51:59'),
(799, 73, 11, '2025-04-22 05:51:59', '2025-04-22 05:51:59'),
(800, 73, 12, '2025-04-22 05:51:59', '2025-04-22 05:51:59'),
(801, 73, 13, '2025-04-22 05:51:59', '2025-04-22 05:51:59'),
(802, 73, 14, '2025-04-22 05:51:59', '2025-04-22 05:51:59'),
(803, 73, 15, '2025-04-22 05:51:59', '2025-04-22 05:51:59'),
(804, 73, 18, '2025-04-22 05:51:59', '2025-04-22 05:51:59'),
(805, 73, 19, '2025-04-22 05:51:59', '2025-04-22 05:51:59'),
(806, 73, 20, '2025-04-22 05:51:59', '2025-04-22 05:51:59'),
(807, 73, 21, '2025-04-22 05:51:59', '2025-04-22 05:51:59'),
(808, 73, 26, '2025-04-22 05:51:59', '2025-04-22 05:51:59'),
(809, 73, 27, '2025-04-22 05:51:59', '2025-04-22 05:51:59'),
(810, 73, 28, '2025-04-22 05:51:59', '2025-04-22 05:51:59'),
(811, 73, 29, '2025-04-22 05:51:59', '2025-04-22 05:51:59'),
(812, 73, 30, '2025-04-22 05:51:59', '2025-04-22 05:51:59'),
(813, 73, 31, '2025-04-22 05:51:59', '2025-04-22 05:51:59'),
(814, 73, 33, '2025-04-22 05:51:59', '2025-04-22 05:51:59'),
(815, 73, 34, '2025-04-22 05:51:59', '2025-04-22 05:51:59'),
(816, 73, 35, '2025-04-22 05:51:59', '2025-04-22 05:51:59'),
(817, 73, 36, '2025-04-22 05:51:59', '2025-04-22 05:51:59'),
(818, 73, 37, '2025-04-22 05:51:59', '2025-04-22 05:51:59'),
(819, 73, 38, '2025-04-22 05:51:59', '2025-04-22 05:51:59'),
(820, 73, 39, '2025-04-22 05:51:59', '2025-04-22 05:51:59'),
(821, 73, 40, '2025-04-22 05:51:59', '2025-04-22 05:51:59'),
(822, 96, 5, '2025-06-12 04:57:46', '2025-06-12 04:57:46'),
(823, 96, 7, '2025-06-12 04:57:46', '2025-06-12 04:57:46'),
(824, 96, 8, '2025-06-12 04:57:46', '2025-06-12 04:57:46'),
(825, 96, 9, '2025-06-12 04:57:46', '2025-06-12 04:57:46'),
(826, 96, 10, '2025-06-12 04:57:46', '2025-06-12 04:57:46'),
(827, 96, 11, '2025-06-12 04:57:47', '2025-06-12 04:57:47'),
(828, 96, 12, '2025-06-12 04:57:47', '2025-06-12 04:57:47'),
(829, 96, 13, '2025-06-12 04:57:47', '2025-06-12 04:57:47'),
(830, 96, 14, '2025-06-12 04:57:47', '2025-06-12 04:57:47'),
(831, 96, 15, '2025-06-12 04:57:47', '2025-06-12 04:57:47'),
(832, 96, 18, '2025-06-12 04:57:47', '2025-06-12 04:57:47'),
(833, 96, 19, '2025-06-12 04:57:47', '2025-06-12 04:57:47'),
(834, 96, 20, '2025-06-12 04:57:47', '2025-06-12 04:57:47'),
(835, 96, 21, '2025-06-12 04:57:47', '2025-06-12 04:57:47'),
(836, 96, 26, '2025-06-12 04:57:47', '2025-06-12 04:57:47'),
(837, 96, 27, '2025-06-12 04:57:47', '2025-06-12 04:57:47'),
(838, 96, 28, '2025-06-12 04:57:47', '2025-06-12 04:57:47'),
(839, 96, 29, '2025-06-12 04:57:47', '2025-06-12 04:57:47'),
(840, 96, 30, '2025-06-12 04:57:47', '2025-06-12 04:57:47'),
(841, 96, 31, '2025-06-12 04:57:47', '2025-06-12 04:57:47'),
(842, 96, 33, '2025-06-12 04:57:47', '2025-06-12 04:57:47'),
(843, 96, 34, '2025-06-12 04:57:47', '2025-06-12 04:57:47'),
(844, 96, 35, '2025-06-12 04:57:47', '2025-06-12 04:57:47'),
(845, 96, 36, '2025-06-12 04:57:47', '2025-06-12 04:57:47'),
(846, 96, 37, '2025-06-12 04:57:47', '2025-06-12 04:57:47'),
(847, 96, 38, '2025-06-12 04:57:47', '2025-06-12 04:57:47'),
(848, 96, 39, '2025-06-12 04:57:47', '2025-06-12 04:57:47'),
(849, 96, 40, '2025-06-12 04:57:47', '2025-06-12 04:57:47'),
(850, 109, 5, '2025-06-19 01:46:19', '2025-06-19 01:46:19'),
(851, 109, 7, '2025-06-19 01:46:19', '2025-06-19 01:46:19'),
(852, 109, 8, '2025-06-19 01:46:19', '2025-06-19 01:46:19'),
(853, 109, 9, '2025-06-19 01:46:19', '2025-06-19 01:46:19'),
(854, 109, 10, '2025-06-19 01:46:19', '2025-06-19 01:46:19'),
(855, 109, 11, '2025-06-19 01:46:19', '2025-06-19 01:46:19'),
(856, 109, 12, '2025-06-19 01:46:19', '2025-06-19 01:46:19'),
(857, 109, 13, '2025-06-19 01:46:19', '2025-06-19 01:46:19'),
(858, 109, 14, '2025-06-19 01:46:19', '2025-06-19 01:46:19'),
(859, 109, 15, '2025-06-19 01:46:19', '2025-06-19 01:46:19'),
(860, 109, 18, '2025-06-19 01:46:19', '2025-06-19 01:46:19'),
(861, 109, 19, '2025-06-19 01:46:19', '2025-06-19 01:46:19'),
(862, 109, 20, '2025-06-19 01:46:19', '2025-06-19 01:46:19'),
(863, 109, 21, '2025-06-19 01:46:19', '2025-06-19 01:46:19'),
(864, 109, 26, '2025-06-19 01:46:19', '2025-06-19 01:46:19'),
(865, 109, 27, '2025-06-19 01:46:19', '2025-06-19 01:46:19'),
(866, 109, 28, '2025-06-19 01:46:19', '2025-06-19 01:46:19'),
(867, 109, 29, '2025-06-19 01:46:19', '2025-06-19 01:46:19'),
(868, 109, 30, '2025-06-19 01:46:19', '2025-06-19 01:46:19'),
(869, 109, 31, '2025-06-19 01:46:19', '2025-06-19 01:46:19'),
(870, 109, 33, '2025-06-19 01:46:19', '2025-06-19 01:46:19'),
(871, 109, 34, '2025-06-19 01:46:19', '2025-06-19 01:46:19'),
(872, 109, 35, '2025-06-19 01:46:19', '2025-06-19 01:46:19'),
(873, 109, 36, '2025-06-19 01:46:19', '2025-06-19 01:46:19'),
(874, 109, 37, '2025-06-19 01:46:19', '2025-06-19 01:46:19'),
(875, 109, 38, '2025-06-19 01:46:19', '2025-06-19 01:46:19'),
(876, 109, 39, '2025-06-19 01:46:19', '2025-06-19 01:46:19'),
(877, 109, 40, '2025-06-19 01:46:19', '2025-06-19 01:46:19'),
(878, 110, 5, '2025-06-20 05:35:41', '2025-06-20 05:35:41'),
(879, 110, 7, '2025-06-20 05:35:41', '2025-06-20 05:35:41'),
(880, 110, 8, '2025-06-20 05:35:41', '2025-06-20 05:35:41'),
(881, 110, 9, '2025-06-20 05:35:41', '2025-06-20 05:35:41'),
(882, 110, 10, '2025-06-20 05:35:42', '2025-06-20 05:35:42'),
(883, 110, 11, '2025-06-20 05:35:42', '2025-06-20 05:35:42'),
(884, 110, 12, '2025-06-20 05:35:42', '2025-06-20 05:35:42'),
(885, 110, 13, '2025-06-20 05:35:42', '2025-06-20 05:35:42'),
(886, 110, 14, '2025-06-20 05:35:42', '2025-06-20 05:35:42'),
(887, 110, 15, '2025-06-20 05:35:42', '2025-06-20 05:35:42'),
(888, 110, 18, '2025-06-20 05:35:42', '2025-06-20 05:35:42'),
(889, 110, 19, '2025-06-20 05:35:42', '2025-06-20 05:35:42'),
(890, 110, 20, '2025-06-20 05:35:42', '2025-06-20 05:35:42'),
(891, 110, 21, '2025-06-20 05:35:42', '2025-06-20 05:35:42'),
(892, 110, 26, '2025-06-20 05:35:42', '2025-06-20 05:35:42'),
(893, 110, 27, '2025-06-20 05:35:42', '2025-06-20 05:35:42'),
(894, 110, 28, '2025-06-20 05:35:42', '2025-06-20 05:35:42'),
(895, 110, 29, '2025-06-20 05:35:42', '2025-06-20 05:35:42'),
(896, 110, 30, '2025-06-20 05:35:42', '2025-06-20 05:35:42'),
(897, 110, 31, '2025-06-20 05:35:42', '2025-06-20 05:35:42'),
(898, 110, 33, '2025-06-20 05:35:42', '2025-06-20 05:35:42'),
(899, 110, 34, '2025-06-20 05:35:42', '2025-06-20 05:35:42'),
(900, 110, 35, '2025-06-20 05:35:42', '2025-06-20 05:35:42'),
(901, 110, 36, '2025-06-20 05:35:43', '2025-06-20 05:35:43'),
(902, 110, 37, '2025-06-20 05:35:43', '2025-06-20 05:35:43'),
(903, 110, 38, '2025-06-20 05:35:43', '2025-06-20 05:35:43'),
(904, 110, 39, '2025-06-20 05:35:43', '2025-06-20 05:35:43'),
(905, 110, 40, '2025-06-20 05:35:43', '2025-06-20 05:35:43');

--
-- Volcado de datos para la tabla `modelo_has_costos`
--

INSERT INTO `modelo_has_costos` (`id`, `idModelo`, `idCosto`, `created_at`, `updated_at`) VALUES
(48, 71, 6, '2024-11-20 05:15:21', '2024-11-20 05:15:21'),
(49, 71, 7, '2024-11-20 05:15:21', '2024-11-20 05:15:21'),
(50, 88, 6, '2024-12-02 23:20:56', '2024-12-02 23:20:56'),
(51, 88, 13, '2024-12-02 23:20:56', '2024-12-02 23:20:56'),
(52, 75, 6, '2025-01-21 05:36:22', '2025-01-21 05:36:22'),
(53, 75, 7, '2025-01-21 05:36:22', '2025-01-21 05:36:22'),
(54, 90, 6, '2025-01-21 05:39:15', '2025-01-21 05:39:15'),
(55, 90, 14, '2025-01-21 05:39:15', '2025-01-21 05:39:15'),
(56, 72, 6, '2025-01-21 05:41:18', '2025-01-21 05:41:18'),
(57, 72, 9, '2025-01-21 05:41:18', '2025-01-21 05:41:18'),
(58, 79, 6, '2025-01-21 05:43:42', '2025-01-21 05:43:42'),
(59, 79, 7, '2025-01-21 05:43:42', '2025-01-21 05:43:42'),
(60, 78, 6, '2025-01-27 22:28:20', '2025-01-27 22:28:20'),
(61, 78, 7, '2025-01-27 22:28:20', '2025-01-27 22:28:20'),
(62, 85, 6, '2025-01-28 00:08:28', '2025-01-28 00:08:28'),
(63, 85, 14, '2025-01-28 00:08:28', '2025-01-28 00:08:28'),
(64, 83, 6, '2025-01-28 06:16:59', '2025-01-28 06:16:59'),
(65, 83, 7, '2025-01-28 06:16:59', '2025-01-28 06:16:59'),
(66, 106, 6, '2025-02-13 01:40:26', '2025-02-13 01:40:26'),
(67, 106, 13, '2025-02-13 01:40:26', '2025-02-13 01:40:26'),
(68, 80, 6, '2025-02-13 02:05:48', '2025-02-13 02:05:48'),
(69, 80, 7, '2025-02-13 02:05:48', '2025-02-13 02:05:48'),
(70, 95, 6, '2025-02-18 02:19:12', '2025-02-18 02:19:12'),
(71, 95, 13, '2025-02-18 02:19:12', '2025-02-18 02:19:12'),
(72, 104, 6, '2025-02-27 07:57:07', '2025-02-27 07:57:07'),
(73, 104, 7, '2025-02-27 07:57:07', '2025-02-27 07:57:07'),
(74, 105, 6, '2025-03-05 05:02:35', '2025-03-05 05:02:35'),
(75, 105, 9, '2025-03-05 05:02:35', '2025-03-05 05:02:35'),
(76, 81, 6, '2025-03-11 00:14:50', '2025-03-11 00:14:50'),
(77, 81, 9, '2025-03-11 00:14:50', '2025-03-11 00:14:50'),
(78, 69, 6, '2025-03-11 04:44:15', '2025-03-11 04:44:15'),
(79, 69, 9, '2025-03-11 04:44:15', '2025-03-11 04:44:15'),
(80, 87, 6, '2025-03-11 05:25:06', '2025-03-11 05:25:06'),
(81, 87, 13, '2025-03-11 05:25:06', '2025-03-11 05:25:06'),
(82, 86, 6, '2025-03-12 04:52:26', '2025-03-12 04:52:26'),
(83, 86, 14, '2025-03-12 04:52:26', '2025-03-12 04:52:26'),
(84, 102, 6, '2025-03-20 04:08:26', '2025-03-20 04:08:26'),
(85, 102, 7, '2025-03-20 04:08:26', '2025-03-20 04:08:26'),
(86, 107, 6, '2025-03-21 02:33:31', '2025-03-21 02:33:31'),
(87, 107, 7, '2025-03-21 02:33:31', '2025-03-21 02:33:31'),
(88, 108, 6, '2025-03-21 05:27:16', '2025-03-21 05:27:16'),
(89, 108, 10, '2025-03-21 05:27:16', '2025-03-21 05:27:16'),
(90, 73, 6, '2025-04-22 05:52:08', '2025-04-22 05:52:08'),
(91, 73, 7, '2025-04-22 05:52:08', '2025-04-22 05:52:08'),
(92, 96, 6, '2025-06-12 04:57:31', '2025-06-12 04:57:31'),
(93, 96, 12, '2025-06-12 04:57:31', '2025-06-12 04:57:31'),
(94, 109, 6, '2025-06-19 01:46:14', '2025-06-19 01:46:14'),
(95, 109, 9, '2025-06-19 01:46:14', '2025-06-19 01:46:14'),
(98, 110, 6, '2025-06-20 06:07:10', '2025-06-20 06:07:10'),
(99, 110, 14, '2025-06-20 06:07:10', '2025-06-20 06:07:10');

--
-- Volcado de datos para la tabla `modelo_has_ganancias`
--

INSERT INTO `modelo_has_ganancias` (`id`, `ganancia`, `created_at`, `updated_at`) VALUES
(1, 45.00, '2024-10-26 08:12:05', '2025-01-28 00:17:16');

--
-- Volcado de datos para la tabla `modelo_has_numeraciones`
--

INSERT INTO `modelo_has_numeraciones` (`id`, `idModelo`, `idNumeracion`, `created_at`, `updated_at`) VALUES
(259, 90, 24, '2025-01-21 05:40:37', '2025-01-21 05:40:37'),
(260, 90, 25, '2025-01-21 05:40:37', '2025-01-21 05:40:37'),
(261, 90, 26, '2025-01-21 05:40:37', '2025-01-21 05:40:37'),
(262, 90, 27, '2025-01-21 05:40:37', '2025-01-21 05:40:37'),
(263, 90, 28, '2025-01-21 05:40:37', '2025-01-21 05:40:37'),
(264, 90, 29, '2025-01-21 05:40:37', '2025-01-21 05:40:37'),
(265, 90, 30, '2025-01-21 05:40:37', '2025-01-21 05:40:37'),
(274, 79, 23, '2025-01-21 05:44:30', '2025-01-21 05:44:30'),
(275, 79, 24, '2025-01-21 05:44:30', '2025-01-21 05:44:30'),
(276, 79, 25, '2025-01-21 05:44:30', '2025-01-21 05:44:30'),
(277, 79, 26, '2025-01-21 05:44:30', '2025-01-21 05:44:30'),
(278, 79, 27, '2025-01-21 05:44:30', '2025-01-21 05:44:30'),
(279, 79, 28, '2025-01-21 05:44:30', '2025-01-21 05:44:30'),
(280, 79, 29, '2025-01-21 05:44:30', '2025-01-21 05:44:30'),
(281, 79, 30, '2025-01-21 05:44:30', '2025-01-21 05:44:30'),
(289, 72, 23, '2025-01-27 22:48:46', '2025-01-27 22:48:46'),
(290, 72, 24, '2025-01-27 22:48:46', '2025-01-27 22:48:46'),
(291, 72, 25, '2025-01-27 22:48:46', '2025-01-27 22:48:46'),
(292, 72, 26, '2025-01-27 22:48:46', '2025-01-27 22:48:46'),
(293, 72, 27, '2025-01-27 22:48:46', '2025-01-27 22:48:46'),
(294, 72, 28, '2025-01-27 22:48:46', '2025-01-27 22:48:46'),
(295, 72, 29, '2025-01-27 22:48:46', '2025-01-27 22:48:46'),
(296, 72, 30, '2025-01-27 22:48:46', '2025-01-27 22:48:46'),
(306, 83, 22, '2025-01-28 07:30:35', '2025-01-28 07:30:35'),
(307, 83, 23, '2025-01-28 07:30:35', '2025-01-28 07:30:35'),
(308, 83, 24, '2025-01-28 07:30:35', '2025-01-28 07:30:35'),
(309, 83, 25, '2025-01-28 07:30:35', '2025-01-28 07:30:35'),
(310, 83, 26, '2025-01-28 07:30:35', '2025-01-28 07:30:35'),
(311, 83, 27, '2025-01-28 07:30:35', '2025-01-28 07:30:35'),
(312, 83, 28, '2025-01-28 07:30:35', '2025-01-28 07:30:35'),
(313, 83, 29, '2025-01-28 07:30:35', '2025-01-28 07:30:35'),
(314, 83, 30, '2025-01-28 07:30:35', '2025-01-28 07:30:35'),
(315, 83, 31, '2025-01-28 07:30:35', '2025-01-28 07:30:35'),
(342, 75, 23, '2025-02-18 02:43:13', '2025-02-18 02:43:13'),
(343, 75, 24, '2025-02-18 02:43:13', '2025-02-18 02:43:13'),
(344, 75, 25, '2025-02-18 02:43:13', '2025-02-18 02:43:13'),
(345, 75, 26, '2025-02-18 02:43:13', '2025-02-18 02:43:13'),
(346, 75, 27, '2025-02-18 02:43:13', '2025-02-18 02:43:13'),
(347, 75, 28, '2025-02-18 02:43:13', '2025-02-18 02:43:13'),
(348, 75, 29, '2025-02-18 02:43:13', '2025-02-18 02:43:13'),
(349, 75, 30, '2025-02-18 02:43:13', '2025-02-18 02:43:13'),
(350, 75, 31, '2025-02-18 02:43:13', '2025-02-18 02:43:13'),
(428, 104, 26, '2025-02-27 07:58:11', '2025-02-27 07:58:11'),
(429, 104, 27, '2025-02-27 07:58:11', '2025-02-27 07:58:11'),
(430, 104, 28, '2025-02-27 07:58:11', '2025-02-27 07:58:11'),
(431, 104, 29, '2025-02-27 07:58:11', '2025-02-27 07:58:11'),
(432, 104, 30, '2025-02-27 07:58:11', '2025-02-27 07:58:11'),
(433, 104, 31, '2025-02-27 07:58:11', '2025-02-27 07:58:11'),
(434, 88, 24, '2025-02-27 08:01:39', '2025-02-27 08:01:39'),
(435, 88, 25, '2025-02-27 08:01:39', '2025-02-27 08:01:39'),
(436, 88, 26, '2025-02-27 08:01:39', '2025-02-27 08:01:39'),
(437, 88, 27, '2025-02-27 08:01:39', '2025-02-27 08:01:39'),
(438, 88, 28, '2025-02-27 08:01:39', '2025-02-27 08:01:39'),
(439, 88, 29, '2025-02-27 08:01:39', '2025-02-27 08:01:39'),
(440, 88, 30, '2025-02-27 08:01:39', '2025-02-27 08:01:39'),
(441, 105, 24, '2025-03-05 05:09:32', '2025-03-05 05:09:32'),
(442, 105, 25, '2025-03-05 05:09:32', '2025-03-05 05:09:32'),
(443, 105, 26, '2025-03-05 05:09:32', '2025-03-05 05:09:32'),
(444, 105, 27, '2025-03-05 05:09:32', '2025-03-05 05:09:32'),
(445, 105, 28, '2025-03-05 05:09:32', '2025-03-05 05:09:32'),
(446, 105, 29, '2025-03-05 05:09:32', '2025-03-05 05:09:32'),
(447, 105, 30, '2025-03-05 05:09:32', '2025-03-05 05:09:32'),
(448, 105, 31, '2025-03-05 05:09:33', '2025-03-05 05:09:33'),
(449, 81, 24, '2025-03-11 00:18:10', '2025-03-11 00:18:10'),
(450, 81, 25, '2025-03-11 00:18:10', '2025-03-11 00:18:10'),
(451, 81, 26, '2025-03-11 00:18:10', '2025-03-11 00:18:10'),
(452, 81, 27, '2025-03-11 00:18:10', '2025-03-11 00:18:10'),
(453, 81, 28, '2025-03-11 00:18:10', '2025-03-11 00:18:10'),
(454, 81, 29, '2025-03-11 00:18:10', '2025-03-11 00:18:10'),
(455, 81, 30, '2025-03-11 00:18:10', '2025-03-11 00:18:10'),
(456, 81, 31, '2025-03-11 00:18:10', '2025-03-11 00:18:10'),
(457, 69, 17, '2025-03-11 04:49:23', '2025-03-11 04:49:23'),
(458, 69, 18, '2025-03-11 04:49:23', '2025-03-11 04:49:23'),
(459, 69, 19, '2025-03-11 04:49:23', '2025-03-11 04:49:23'),
(460, 69, 20, '2025-03-11 04:49:23', '2025-03-11 04:49:23'),
(461, 69, 21, '2025-03-11 04:49:23', '2025-03-11 04:49:23'),
(462, 69, 22, '2025-03-11 04:49:23', '2025-03-11 04:49:23'),
(463, 69, 23, '2025-03-11 04:49:23', '2025-03-11 04:49:23'),
(464, 69, 24, '2025-03-11 04:49:23', '2025-03-11 04:49:23'),
(465, 69, 25, '2025-03-11 04:49:23', '2025-03-11 04:49:23'),
(466, 69, 26, '2025-03-11 04:49:23', '2025-03-11 04:49:23'),
(467, 69, 27, '2025-03-11 04:49:23', '2025-03-11 04:49:23'),
(468, 69, 28, '2025-03-11 04:49:23', '2025-03-11 04:49:23'),
(469, 69, 29, '2025-03-11 04:49:23', '2025-03-11 04:49:23'),
(470, 69, 30, '2025-03-11 04:49:23', '2025-03-11 04:49:23'),
(471, 87, 24, '2025-03-11 06:40:18', '2025-03-11 06:40:18'),
(472, 87, 25, '2025-03-11 06:40:18', '2025-03-11 06:40:18'),
(473, 87, 26, '2025-03-11 06:40:18', '2025-03-11 06:40:18'),
(474, 87, 27, '2025-03-11 06:40:18', '2025-03-11 06:40:18'),
(475, 87, 28, '2025-03-11 06:40:18', '2025-03-11 06:40:18'),
(476, 87, 29, '2025-03-11 06:40:18', '2025-03-11 06:40:18'),
(477, 87, 30, '2025-03-11 06:40:18', '2025-03-11 06:40:18'),
(478, 87, 31, '2025-03-11 06:40:18', '2025-03-11 06:40:18'),
(479, 86, 26, '2025-03-12 04:55:44', '2025-03-12 04:55:44'),
(480, 86, 27, '2025-03-12 04:55:44', '2025-03-12 04:55:44'),
(481, 86, 28, '2025-03-12 04:55:44', '2025-03-12 04:55:44'),
(482, 86, 29, '2025-03-12 04:55:44', '2025-03-12 04:55:44'),
(483, 86, 30, '2025-03-12 04:55:44', '2025-03-12 04:55:44'),
(484, 102, 23, '2025-03-20 04:18:47', '2025-03-20 04:18:47'),
(485, 102, 24, '2025-03-20 04:18:47', '2025-03-20 04:18:47'),
(486, 102, 25, '2025-03-20 04:18:47', '2025-03-20 04:18:47'),
(487, 102, 26, '2025-03-20 04:18:47', '2025-03-20 04:18:47'),
(488, 102, 27, '2025-03-20 04:18:47', '2025-03-20 04:18:47'),
(489, 102, 28, '2025-03-20 04:18:47', '2025-03-20 04:18:47'),
(490, 102, 29, '2025-03-20 04:18:47', '2025-03-20 04:18:47'),
(491, 102, 30, '2025-03-20 04:18:47', '2025-03-20 04:18:47'),
(492, 102, 31, '2025-03-20 04:18:47', '2025-03-20 04:18:47'),
(502, 107, 23, '2025-04-03 23:18:04', '2025-04-03 23:18:04'),
(503, 107, 24, '2025-04-03 23:18:04', '2025-04-03 23:18:04'),
(504, 107, 25, '2025-04-03 23:18:04', '2025-04-03 23:18:04'),
(505, 107, 26, '2025-04-03 23:18:04', '2025-04-03 23:18:04'),
(506, 107, 27, '2025-04-03 23:18:04', '2025-04-03 23:18:04'),
(507, 107, 28, '2025-04-03 23:18:04', '2025-04-03 23:18:04'),
(508, 107, 29, '2025-04-03 23:18:04', '2025-04-03 23:18:04'),
(509, 107, 30, '2025-04-03 23:18:04', '2025-04-03 23:18:04'),
(516, 106, 24, '2025-04-03 23:41:15', '2025-04-03 23:41:15'),
(517, 106, 25, '2025-04-03 23:41:15', '2025-04-03 23:41:15'),
(518, 106, 26, '2025-04-03 23:41:15', '2025-04-03 23:41:15'),
(519, 106, 27, '2025-04-03 23:41:15', '2025-04-03 23:41:15'),
(520, 106, 28, '2025-04-03 23:41:15', '2025-04-03 23:41:15'),
(521, 106, 29, '2025-04-03 23:41:15', '2025-04-03 23:41:15'),
(522, 71, 23, '2025-04-04 21:14:39', '2025-04-04 21:14:39'),
(523, 71, 24, '2025-04-04 21:14:39', '2025-04-04 21:14:39'),
(524, 71, 25, '2025-04-04 21:14:39', '2025-04-04 21:14:39'),
(525, 71, 26, '2025-04-04 21:14:39', '2025-04-04 21:14:39'),
(526, 71, 27, '2025-04-04 21:14:39', '2025-04-04 21:14:39'),
(527, 71, 28, '2025-04-04 21:14:39', '2025-04-04 21:14:39'),
(528, 71, 29, '2025-04-04 21:14:39', '2025-04-04 21:14:39'),
(529, 71, 30, '2025-04-04 21:14:39', '2025-04-04 21:14:39'),
(530, 71, 31, '2025-04-04 21:14:39', '2025-04-04 21:14:39'),
(531, 71, 32, '2025-04-04 21:14:39', '2025-04-04 21:14:39'),
(532, 85, 23, '2025-04-22 05:35:37', '2025-04-22 05:35:37'),
(533, 85, 24, '2025-04-22 05:35:37', '2025-04-22 05:35:37'),
(534, 85, 25, '2025-04-22 05:35:37', '2025-04-22 05:35:37'),
(535, 85, 26, '2025-04-22 05:35:38', '2025-04-22 05:35:38'),
(536, 85, 27, '2025-04-22 05:35:38', '2025-04-22 05:35:38'),
(537, 85, 28, '2025-04-22 05:35:38', '2025-04-22 05:35:38'),
(538, 85, 29, '2025-04-22 05:35:38', '2025-04-22 05:35:38'),
(539, 85, 30, '2025-04-22 05:35:38', '2025-04-22 05:35:38'),
(540, 85, 31, '2025-04-22 05:35:38', '2025-04-22 05:35:38'),
(541, 85, 32, '2025-04-22 05:35:38', '2025-04-22 05:35:38'),
(542, 73, 19, '2025-04-22 05:50:24', '2025-04-22 05:50:24'),
(543, 73, 20, '2025-04-22 05:50:24', '2025-04-22 05:50:24'),
(544, 73, 21, '2025-04-22 05:50:24', '2025-04-22 05:50:24'),
(545, 73, 22, '2025-04-22 05:50:24', '2025-04-22 05:50:24'),
(546, 73, 23, '2025-04-22 05:50:24', '2025-04-22 05:50:24'),
(547, 73, 24, '2025-04-22 05:50:24', '2025-04-22 05:50:24'),
(548, 73, 25, '2025-04-22 05:50:24', '2025-04-22 05:50:24'),
(549, 73, 26, '2025-04-22 05:50:24', '2025-04-22 05:50:24'),
(550, 73, 27, '2025-04-22 05:50:24', '2025-04-22 05:50:24'),
(551, 73, 28, '2025-04-22 05:50:24', '2025-04-22 05:50:24'),
(552, 73, 29, '2025-04-22 05:50:24', '2025-04-22 05:50:24'),
(553, 73, 30, '2025-04-22 05:50:24', '2025-04-22 05:50:24'),
(554, 73, 31, '2025-04-22 05:50:24', '2025-04-22 05:50:24'),
(555, 73, 32, '2025-04-22 05:50:24', '2025-04-22 05:50:24'),
(562, 99, 24, '2025-05-08 22:35:46', '2025-05-08 22:35:46'),
(563, 99, 25, '2025-05-08 22:35:46', '2025-05-08 22:35:46'),
(564, 99, 26, '2025-05-08 22:35:46', '2025-05-08 22:35:46'),
(565, 99, 27, '2025-05-08 22:35:46', '2025-05-08 22:35:46'),
(566, 99, 28, '2025-05-08 22:35:46', '2025-05-08 22:35:46'),
(567, 99, 29, '2025-05-08 22:35:46', '2025-05-08 22:35:46'),
(568, 99, 30, '2025-05-08 22:35:46', '2025-05-08 22:35:46'),
(569, 78, 23, '2025-05-12 21:37:06', '2025-05-12 21:37:06'),
(570, 78, 24, '2025-05-12 21:37:06', '2025-05-12 21:37:06'),
(571, 78, 25, '2025-05-12 21:37:06', '2025-05-12 21:37:06'),
(572, 78, 26, '2025-05-12 21:37:06', '2025-05-12 21:37:06'),
(573, 78, 27, '2025-05-12 21:37:06', '2025-05-12 21:37:06'),
(574, 78, 28, '2025-05-12 21:37:06', '2025-05-12 21:37:06'),
(575, 78, 29, '2025-05-12 21:37:06', '2025-05-12 21:37:06'),
(576, 78, 30, '2025-05-12 21:37:06', '2025-05-12 21:37:06'),
(577, 78, 31, '2025-05-12 21:37:06', '2025-05-12 21:37:06'),
(578, 95, 23, '2025-05-16 22:37:19', '2025-05-16 22:37:19'),
(579, 95, 24, '2025-05-16 22:37:19', '2025-05-16 22:37:19'),
(580, 95, 25, '2025-05-16 22:37:19', '2025-05-16 22:37:19'),
(581, 95, 26, '2025-05-16 22:37:19', '2025-05-16 22:37:19'),
(582, 95, 27, '2025-05-16 22:37:19', '2025-05-16 22:37:19'),
(583, 95, 28, '2025-05-16 22:37:19', '2025-05-16 22:37:19'),
(584, 95, 29, '2025-05-16 22:37:19', '2025-05-16 22:37:19'),
(585, 95, 30, '2025-05-16 22:37:19', '2025-05-16 22:37:19'),
(595, 80, 23, '2025-06-11 02:05:22', '2025-06-11 02:05:22'),
(596, 80, 24, '2025-06-11 02:05:22', '2025-06-11 02:05:22'),
(597, 80, 25, '2025-06-11 02:05:22', '2025-06-11 02:05:22'),
(598, 80, 26, '2025-06-11 02:05:22', '2025-06-11 02:05:22'),
(599, 80, 27, '2025-06-11 02:05:22', '2025-06-11 02:05:22'),
(600, 80, 28, '2025-06-11 02:05:22', '2025-06-11 02:05:22'),
(601, 80, 29, '2025-06-11 02:05:22', '2025-06-11 02:05:22'),
(602, 80, 30, '2025-06-11 02:05:22', '2025-06-11 02:05:22'),
(603, 80, 31, '2025-06-11 02:05:22', '2025-06-11 02:05:22'),
(604, 108, 24, '2025-06-11 02:07:28', '2025-06-11 02:07:28'),
(605, 108, 25, '2025-06-11 02:07:28', '2025-06-11 02:07:28'),
(606, 108, 26, '2025-06-11 02:07:28', '2025-06-11 02:07:28'),
(607, 108, 27, '2025-06-11 02:07:28', '2025-06-11 02:07:28'),
(608, 108, 28, '2025-06-11 02:07:28', '2025-06-11 02:07:28'),
(609, 108, 29, '2025-06-11 02:07:28', '2025-06-11 02:07:28'),
(610, 108, 30, '2025-06-11 02:07:28', '2025-06-11 02:07:28'),
(611, 96, 24, '2025-06-12 05:01:59', '2025-06-12 05:01:59'),
(612, 96, 25, '2025-06-12 05:01:59', '2025-06-12 05:01:59'),
(613, 96, 26, '2025-06-12 05:01:59', '2025-06-12 05:01:59'),
(614, 96, 27, '2025-06-12 05:01:59', '2025-06-12 05:01:59'),
(615, 96, 28, '2025-06-12 05:01:59', '2025-06-12 05:01:59'),
(616, 96, 29, '2025-06-12 05:01:59', '2025-06-12 05:01:59'),
(617, 96, 30, '2025-06-12 05:01:59', '2025-06-12 05:01:59'),
(618, 109, 23, '2025-06-19 02:24:22', '2025-06-19 02:24:22'),
(619, 109, 24, '2025-06-19 02:24:22', '2025-06-19 02:24:22'),
(620, 109, 25, '2025-06-19 02:24:22', '2025-06-19 02:24:22'),
(621, 109, 26, '2025-06-19 02:24:22', '2025-06-19 02:24:22'),
(622, 109, 27, '2025-06-19 02:24:22', '2025-06-19 02:24:22'),
(630, 110, 13, '2025-06-20 06:21:57', '2025-06-20 06:21:57'),
(631, 110, 14, '2025-06-20 06:21:57', '2025-06-20 06:21:57'),
(632, 110, 15, '2025-06-20 06:21:57', '2025-06-20 06:21:57'),
(633, 110, 16, '2025-06-20 06:21:57', '2025-06-20 06:21:57'),
(634, 110, 17, '2025-06-20 06:21:57', '2025-06-20 06:21:57'),
(635, 110, 18, '2025-06-20 06:21:57', '2025-06-20 06:21:57');

--
-- Volcado de datos para la tabla `modelo_has_suelas`
--

INSERT INTO `modelo_has_suelas` (`id`, `idModelo`, `idSuela`, `created_at`, `updated_at`) VALUES
(35, 75, 8, '2025-01-21 05:38:01', '2025-01-21 05:38:01'),
(39, 90, 9, '2025-01-27 22:27:19', '2025-01-27 22:27:19'),
(40, 78, 10, '2025-01-27 22:30:48', '2025-01-27 22:30:48'),
(41, 72, 11, '2025-01-27 22:48:36', '2025-01-27 22:48:36'),
(42, 72, 12, '2025-01-27 22:48:36', '2025-01-27 22:48:36'),
(43, 72, 109, '2025-01-27 22:48:36', '2025-01-27 22:48:36'),
(44, 79, 13, '2025-01-27 22:51:57', '2025-01-27 22:51:57'),
(52, 83, 8, '2025-01-28 07:30:15', '2025-01-28 07:30:15'),
(53, 83, 13, '2025-01-28 07:30:15', '2025-01-28 07:30:15'),
(54, 106, 100, '2025-02-13 01:47:39', '2025-02-13 01:47:39'),
(55, 106, 110, '2025-02-13 01:47:39', '2025-02-13 01:47:39'),
(57, 95, 56, '2025-02-18 02:36:59', '2025-02-18 02:36:59'),
(62, 104, 111, '2025-02-27 07:56:50', '2025-02-27 07:56:50'),
(63, 105, 21, '2025-03-05 05:09:10', '2025-03-05 05:09:10'),
(64, 81, 28, '2025-03-11 00:17:24', '2025-03-11 00:17:24'),
(65, 69, 59, '2025-03-11 04:47:59', '2025-03-11 04:47:59'),
(66, 87, 27, '2025-03-11 06:39:55', '2025-03-11 06:39:55'),
(67, 87, 111, '2025-03-11 06:39:55', '2025-03-11 06:39:55'),
(68, 86, 5, '2025-03-12 04:55:37', '2025-03-12 04:55:37'),
(69, 102, 57, '2025-03-20 04:17:44', '2025-03-20 04:17:44'),
(70, 108, 56, '2025-03-21 05:32:18', '2025-03-21 05:32:18'),
(74, 71, 6, '2025-04-01 22:21:12', '2025-04-01 22:21:12'),
(75, 71, 64, '2025-04-01 22:21:12', '2025-04-01 22:21:12'),
(76, 71, 113, '2025-04-01 22:21:12', '2025-04-01 22:21:12'),
(77, 107, 112, '2025-04-03 23:17:54', '2025-04-03 23:17:54'),
(78, 73, 6, '2025-04-22 05:50:50', '2025-04-22 05:50:50'),
(79, 85, 5, '2025-05-01 22:39:34', '2025-05-01 22:39:34'),
(80, 85, 27, '2025-05-01 22:39:34', '2025-05-01 22:39:34'),
(81, 85, 80, '2025-05-01 22:39:34', '2025-05-01 22:39:34'),
(82, 85, 100, '2025-05-01 22:39:34', '2025-05-01 22:39:34'),
(83, 99, 5, '2025-05-08 22:36:10', '2025-05-08 22:36:10'),
(84, 99, 7, '2025-05-08 22:36:10', '2025-05-08 22:36:10'),
(85, 99, 79, '2025-05-08 22:36:10', '2025-05-08 22:36:10'),
(86, 88, 5, '2025-05-08 22:40:26', '2025-05-08 22:40:26'),
(87, 88, 7, '2025-05-08 22:40:26', '2025-05-08 22:40:26'),
(88, 88, 79, '2025-05-08 22:40:26', '2025-05-08 22:40:26'),
(89, 80, 9, '2025-06-11 01:45:57', '2025-06-11 01:45:57'),
(90, 80, 13, '2025-06-11 01:45:57', '2025-06-11 01:45:57'),
(91, 80, 64, '2025-06-11 01:45:57', '2025-06-11 01:45:57'),
(92, 96, 9, '2025-06-12 05:01:23', '2025-06-12 05:01:23'),
(93, 109, 114, '2025-06-19 01:59:45', '2025-06-19 01:59:45'),
(94, 110, 115, '2025-06-20 06:14:29', '2025-06-20 06:14:29');

--
-- Volcado de datos para la tabla `notas`
--

INSERT INTO `notas` (`id`, `numero`, `idCliente`, `pares`, `total`, `estado`, `iva`, `envio`, `fecha_entrega`, `created_at`, `updated_at`) VALUES
(84, NULL, 15, 12, 3369.96, 'Abierta', 'False', '0', '2024-12-16 17:29:18', '2024-12-02 23:29:18', '2024-12-02 23:30:36'),
(86, NULL, 16, 356, 87216.44, 'Pagada', 'False', '0', '2025-02-10 17:31:54', '2025-01-20 23:31:54', '2025-02-20 03:12:50'),
(87, NULL, 17, 215, 54172.11, 'Pagada', 'False', '0', '2025-02-11 00:08:08', '2025-01-21 06:08:08', '2025-01-22 05:10:27'),
(88, NULL, 17, 135, 40501.35, 'Pagada', 'False', '0', '2025-02-11 23:06:43', '2025-01-22 05:04:56', '2025-01-22 05:13:32'),
(89, NULL, 17, 135, 40501.35, 'Pagada', 'False', '0', '2025-02-11 23:21:38', '2025-01-22 05:21:38', '2025-01-27 23:24:48'),
(90, NULL, 17, 135, 40501.35, 'Pagada', 'False', '0', '2025-02-11 23:32:01', '2025-01-22 05:32:01', '2025-01-27 23:24:53'),
(91, NULL, 16, 1440, 333302.40, 'Abierta', 'False', '0', '2025-02-26 15:49:10', '2025-01-27 21:49:10', '2025-01-27 21:52:27'),
(92, NULL, 17, 290, 82281.86, 'Pagada', 'False', '0', '2025-02-10 17:20:44', '2025-01-27 23:20:44', '2025-06-12 06:48:05'),
(93, NULL, 18, 24, 7349.28, 'Pagada', 'False', '0', '2025-02-17 18:31:49', '2025-01-28 00:31:49', '2025-03-19 00:03:12'),
(94, NULL, 19, 62, 17638.72, 'Abierta', 'False', '0', '2025-02-17 21:04:58', '2025-01-28 03:04:58', '2025-01-28 03:11:23'),
(95, NULL, 19, 24, 8343.60, 'Abierta', 'False', '0', '2025-02-17 22:28:06', '2025-01-28 04:28:06', '2025-01-28 04:30:06'),
(96, NULL, 15, 50, 14804.50, 'Pendiente', 'False', '0', '2025-02-18 01:39:01', '2025-01-28 07:39:01', '2025-01-28 07:39:23'),
(97, NULL, 19, 50, 17866.50, 'Abierta', 'False', '0', '2025-02-18 01:44:35', '2025-01-28 07:44:35', '2025-01-28 07:45:21'),
(98, NULL, 18, 48, 13468.16, 'Pagada', 'False', '0', '2025-02-13 16:58:42', '2025-01-30 22:58:42', '2025-03-19 00:03:06'),
(99, NULL, 19, 5, 1741.28, 'Abierta', 'False', '0', '2025-02-06 17:23:50', '2025-01-30 23:23:50', '2025-01-30 23:24:43'),
(100, NULL, 18, 24, 7559.04, 'Pagada', 'False', '0', '2025-02-24 22:15:38', '2025-02-04 04:15:38', '2025-03-19 00:02:59'),
(101, NULL, 17, 15, 5030.85, 'Abierta', 'False', '0', '2025-02-24 23:22:19', '2025-02-04 05:22:19', '2025-02-04 05:23:06'),
(102, NULL, 20, 36, 9246.36, 'Abierta', 'False', '0', '2025-03-03 16:00:48', '2025-02-10 22:00:48', '2025-02-10 22:02:42'),
(103, NULL, 19, 140, 36686.30, 'Abierta', 'False', '0', '2025-03-03 17:05:47', '2025-02-10 23:05:47', '2025-02-10 23:06:56'),
(104, NULL, 18, 50, 15989.89, 'Pagada', 'False', '0', '2025-03-05 20:38:57', '2025-02-13 02:38:57', '2025-03-19 00:02:53'),
(105, NULL, 21, 42, 12015.18, 'Pagada', 'False', '0', '2025-03-10 21:22:30', '2025-02-18 03:22:30', '2025-06-02 22:18:29'),
(106, NULL, 17, 567, 177753.69, 'Abierta', 'False', '0', '2025-03-11 23:13:08', '2025-02-19 05:13:08', '2025-02-19 06:14:19'),
(107, NULL, 16, 360, 77230.80, 'Abierta', 'False', '0', '2025-03-21 21:11:33', '2025-02-20 03:11:33', '2025-02-20 03:13:03'),
(108, NULL, 16, 70, 16590.70, 'Abierta', 'False', '0', '2025-03-05 22:04:13', '2025-02-20 04:04:13', '2025-02-20 04:05:51'),
(109, NULL, 17, 25, 7296.80, 'Abierta', 'False', '0', '2025-03-05 22:57:51', '2025-02-20 04:57:51', '2025-02-20 05:00:12'),
(110, NULL, 22, 64, 14674.14, 'Pagada', 'False', '0', '2025-03-13 16:30:07', '2025-02-20 22:30:07', '2025-04-21 23:04:13'),
(113, NULL, 22, 42, 9602.04, 'Pagada', 'False', '0', '2025-03-06 21:37:11', '2025-02-21 03:37:11', '2025-04-21 23:04:18'),
(115, NULL, 16, 436, 103345.08, 'Abierta', 'False', '0', '2025-03-11 00:10:46', '2025-02-25 06:10:46', '2025-02-25 06:13:35'),
(116, NULL, 22, 59, 17163.69, 'Pagada', 'False', '0', '2025-03-20 01:43:58', '2025-02-27 07:42:11', '2025-04-21 23:04:24'),
(117, NULL, 22, 72, 21380.52, 'Pagada', 'False', '0', '2025-03-20 02:47:31', '2025-02-27 08:47:31', '2025-04-21 23:04:29'),
(119, NULL, 18, 25, 7655.50, 'Pagada', 'False', '0', '2025-03-15 23:05:07', '2025-03-02 05:05:07', '2025-03-19 00:02:40'),
(120, NULL, 18, 27, 8425.62, 'Pagada', 'False', '0', '2025-03-18 20:50:46', '2025-03-05 02:50:46', '2025-03-19 00:02:31'),
(121, NULL, 22, 60, 19495.20, 'Pagada', 'False', '0', '2025-03-25 22:08:13', '2025-03-05 04:08:13', '2025-04-21 23:04:34'),
(122, NULL, 24, 37, 11395.19, 'Abierta', 'False', '0', '2025-03-18 23:23:09', '2025-03-05 05:23:09', '2025-03-05 05:24:48'),
(123, NULL, 17, 160, 55289.20, 'Abierta', 'False', '0', '2025-03-24 19:03:59', '2025-03-11 01:03:59', '2025-03-11 01:06:24'),
(124, NULL, 25, 94, 21849.36, 'Abierta', 'False', '0', '2025-03-17 23:00:01', '2025-03-11 05:00:01', '2025-03-11 05:02:39'),
(125, NULL, 20, 36, 10134.84, 'Abierta', 'False', '0', '2025-03-25 00:42:35', '2025-03-11 06:42:35', '2025-03-11 21:15:39'),
(126, NULL, 18, 24, 7904.26, 'Abierta', 'False', '0', '2025-03-25 23:06:38', '2025-03-12 05:06:38', '2025-03-12 05:09:29'),
(127, NULL, 18, 24, 7904.26, 'Pagada', 'False', '0', '2025-03-25 23:12:56', '2025-03-12 05:12:56', '2025-03-19 00:02:45'),
(129, 939, 19, 117, 30665.05, 'Abierta', 'False', '0', '2025-04-01 16:15:18', '2025-03-18 22:15:18', '2025-03-18 22:18:17'),
(130, 940, 26, 151, 47363.48, 'Abierta', 'False', '0', '2025-04-01 18:45:45', '2025-03-19 00:45:45', '2025-03-19 00:50:41'),
(131, 941, 27, 16, 3725.44, 'Abierta', 'False', '0', '2025-04-02 19:50:16', '2025-03-20 01:50:16', '2025-03-20 01:52:02'),
(132, 942, 17, 352, 96184.53, 'Abierta', 'False', '0', '2025-04-02 22:23:00', '2025-03-20 04:23:00', '2025-03-20 04:24:57'),
(133, 943, 15, 51, 15038.20, 'Abierta', 'False', '0', '2025-04-02 23:28:28', '2025-03-20 05:28:28', '2025-03-20 05:32:22'),
(134, 944, 22, 14, 4987.50, 'Pagada', 'False', '0', '2025-04-02 23:44:52', '2025-03-20 05:44:52', '2025-04-21 23:04:40'),
(135, 937, 18, 24, 7489.44, 'Abierta', 'False', '0', '2025-04-03 02:36:28', '2025-03-20 08:36:28', '2025-03-20 08:37:38'),
(136, 944, 22, 14, 4984.70, 'Pagada', 'False', '0', '2025-04-10 19:27:31', '2025-03-21 01:27:31', '2025-04-21 23:04:47'),
(137, 945, 19, 8, 3108.56, 'Abierta', 'False', '0', '2025-03-27 19:41:05', '2025-03-21 01:41:05', '2025-03-21 01:42:36'),
(138, 1, 23, 110, 35910.60, 'Abierta', 'False', '0', '2025-04-09 19:03:09', '2025-03-27 01:03:09', '2025-03-27 01:04:37'),
(139, 2, 23, 45, 15208.20, 'Abierta', 'False', '0', '2025-04-02 20:41:49', '2025-03-27 02:41:49', '2025-03-27 02:46:50'),
(142, 946, 21, 57, 15110.55, 'Abierta', 'False', '0', '2025-04-17 17:41:36', '2025-04-03 23:41:36', '2025-04-04 01:35:37'),
(143, 949, 18, 74, 23434.31, 'Abierta', 'False', '0', '2025-04-17 20:21:28', '2025-04-04 02:18:58', '2025-04-04 02:22:39'),
(145, 31, 16, 360, 86025.00, 'Abierta', 'False', '0', '2025-04-18 15:15:01', '2025-04-04 21:15:01', '2025-04-04 21:17:32'),
(146, 1, 23, 8, 2592.40, 'Abierta', 'False', '0', '2025-04-18 17:45:52', '2025-04-04 23:45:52', '2025-04-04 23:46:20'),
(147, 195, 22, 133, 35587.68, 'Abierta', 'False', '0', '2025-05-12 16:23:56', '2025-04-21 22:23:56', '2025-04-21 22:36:18'),
(148, 953, 17, 9, 2758.86, 'Abierta', 'False', '0', '2025-04-28 17:05:14', '2025-04-21 23:05:14', '2025-04-21 23:06:48'),
(149, 954, 17, 45, 11391.75, 'Abierta', 'False', '0', '2025-05-05 17:16:14', '2025-04-21 23:16:14', '2025-04-21 23:16:56'),
(150, 955, 20, 38, 10984.46, 'Abierta', 'False', '0', '2025-05-05 23:09:20', '2025-04-22 05:09:20', '2025-04-22 05:13:49'),
(152, 956, 17, 90, 31138.20, 'Abierta', 'False', '0', '2025-05-05 23:36:26', '2025-04-22 05:35:55', '2025-04-22 05:38:00'),
(153, 12, 23, 10, 1034.80, 'Abierta', 'False', '0', '2025-04-28 23:49:40', '2025-04-22 05:49:40', '2025-04-22 05:56:56'),
(154, 10, 23, 70, 7243.60, 'Abierta', 'False', '0', '2025-04-28 23:52:34', '2025-04-22 05:52:34', '2025-04-22 05:53:17'),
(155, 11, 23, 10, 1034.80, 'Abierta', 'False', '0', '2025-04-28 23:54:28', '2025-04-22 05:54:28', '2025-04-22 05:55:24'),
(156, 111, 17, 10, 3756.60, 'Abierta', 'False', '0', '2025-05-06 00:11:58', '2025-04-22 06:11:58', '2025-04-29 00:23:20'),
(157, 957, 19, 80, 23716.00, 'Abierta', 'False', '0', '2025-05-06 16:35:49', '2025-04-22 22:35:49', '2025-04-22 22:38:34'),
(158, 958, 21, 48, 12727.20, 'Abierta', 'False', '0', '2025-05-06 17:27:54', '2025-04-22 23:26:21', '2025-04-22 23:29:09'),
(159, 959, 17, 237, 62987.43, 'Abierta', 'False', '0', '2025-05-14 18:56:21', '2025-04-24 00:56:21', '2025-04-24 01:00:53'),
(160, 962, 18, 24, 7489.44, 'Abierta', 'False', '0', '2025-05-12 22:31:11', '2025-04-29 04:31:11', '2025-04-29 04:32:03'),
(161, 32, 16, 360, 86377.44, 'Abierta', 'False', '0', '2025-05-13 18:25:28', '2025-04-30 00:25:28', '2025-04-30 00:33:54'),
(162, 964, 17, 350, 101657.45, 'Abierta', 'False', '0', '2025-05-13 23:11:53', '2025-04-30 05:11:53', '2025-04-30 05:14:17'),
(163, 961, 26, 60, 18476.70, 'Abierta', 'False', '0', '2025-05-14 19:45:41', '2025-05-01 01:45:41', '2025-05-01 01:47:43'),
(164, 966, 16, 28, 9475.00, 'Abierta', 'False', '0', '2025-05-22 16:47:18', '2025-05-01 22:47:18', '2025-05-01 22:50:08'),
(165, NULL, 16, 0, 0.00, 'Pendiente', 'False', '0', NULL, '2025-05-02 01:46:41', '2025-05-02 01:46:41'),
(166, NULL, 16, 0, 0.00, 'Pendiente', 'False', '0', NULL, '2025-05-02 01:51:29', '2025-05-02 01:51:29'),
(167, 967, 19, 23, 6816.55, 'Abierta', 'False', '0', '2025-05-15 16:24:27', '2025-05-08 22:24:27', '2025-05-08 22:26:21'),
(168, 968, 18, 48, 15017.53, 'Abierta', 'False', '0', '2025-05-22 16:43:13', '2025-05-08 22:43:13', '2025-05-08 22:48:12'),
(169, 963, 16, 360, 86377.44, 'Abierta', 'False', '0', '2025-06-11 14:42:58', '2025-05-12 20:42:58', '2025-05-12 20:47:00'),
(170, 969, 17, 135, 34175.25, 'Abierta', 'False', '0', '2025-06-02 15:36:31', '2025-05-12 21:34:46', '2025-05-12 21:39:18'),
(171, 971, 18, 48, 15132.96, 'Abierta', 'False', '0', '2025-05-26 17:43:07', '2025-05-12 23:43:07', '2025-05-12 23:52:58'),
(172, 972, 26, 50, 13369.00, 'Abierta', 'False', '0', '2025-05-27 18:34:05', '2025-05-14 00:34:05', '2025-05-14 00:35:15'),
(173, 974, 22, 165, 47955.71, 'Abierta', 'False', '0', '2025-06-06 16:36:43', '2025-05-16 22:32:27', '2025-05-16 22:41:23'),
(174, 977, 26, 24, 7452.48, 'Abierta', 'False', '0', '2025-06-09 15:54:18', '2025-05-26 21:54:18', '2025-05-26 21:55:35'),
(175, 978, 17, 202, 60618.59, 'Abierta', 'False', '0', '2025-06-09 17:25:41', '2025-05-26 23:25:41', '2025-05-26 23:29:06'),
(176, 979, 19, 90, 25565.20, 'Abierta', 'False', '0', '2025-06-09 17:48:02', '2025-05-26 23:48:02', '2025-05-26 23:50:18'),
(177, 980, 19, 70, 19897.85, 'Abierta', 'False', '0', '2025-06-09 17:54:11', '2025-05-26 23:54:11', '2025-05-26 23:55:13'),
(178, 981, 21, 36, 9397.92, 'Abierta', 'False', '0', '2025-06-09 17:58:20', '2025-05-26 23:58:20', '2025-05-27 00:01:56'),
(179, 975, 24, 56, 17189.52, 'Abierta', 'False', '0', '2025-06-09 18:53:35', '2025-05-27 00:53:35', '2025-05-27 00:56:20'),
(180, NULL, 23, 0, 0.00, 'Pendiente', 'False', '0', NULL, '2025-05-28 04:16:27', '2025-05-28 04:16:27'),
(182, 982, 17, 263, 97089.08, 'Abierta', 'False', '0', '2025-06-16 16:27:50', '2025-06-02 22:27:50', '2025-06-02 22:34:37'),
(183, 983, 23, 15, 5928.30, 'Abierta', 'False', '0', '2025-07-02 22:23:21', '2025-06-03 04:23:21', '2025-06-03 04:24:27'),
(184, 984, 20, 66, 16778.10, 'Abierta', 'False', '0', '2025-07-01 17:23:31', '2025-06-10 23:23:31', '2025-06-11 00:51:24'),
(185, 33, 16, 360, 86405.92, 'Abierta', 'False', '0', '2025-07-10 18:59:57', '2025-06-11 00:59:57', '2025-06-11 01:02:33'),
(186, 986, 28, 170, 51222.92, 'Abierta', 'False', '0', '2025-07-01 19:53:09', '2025-06-11 01:53:09', '2025-06-11 02:10:21'),
(188, 991, 22, 12, 4272.60, 'Abierta', 'False', '0', '2025-06-25 21:32:50', '2025-06-12 03:32:50', '2025-06-12 03:36:38'),
(189, 993, 22, 243, 67015.57, 'Abierta', 'False', '0', '2025-07-02 22:28:15', '2025-06-12 04:28:15', '2025-06-12 04:36:08'),
(190, 994, 17, 123, 39084.37, 'Abierta', 'False', '0', '2025-07-03 00:20:37', '2025-06-12 06:20:37', '2025-06-12 06:22:12'),
(191, 995, 17, 116, 38643.02, 'Abierta', 'False', '0', '2025-07-03 00:32:50', '2025-06-12 06:32:50', '2025-06-12 06:35:50'),
(192, 997, 26, 36, 9874.68, 'Abierta', 'False', '0', '2025-07-03 22:38:06', '2025-06-20 04:38:06', '2025-06-20 04:41:46'),
(193, 998, 18, 24, 7566.48, 'Abierta', 'False', '0', '2025-07-03 22:52:11', '2025-06-20 04:52:11', '2025-06-20 04:54:36'),
(194, 999, 21, 36, 9945.72, 'Abierta', 'False', '0', '2025-07-03 23:00:19', '2025-06-20 05:00:19', '2025-06-20 05:11:25'),
(196, 970, 29, 49, 7246.61, 'Abierta', 'False', '0', '2025-07-04 00:22:32', '2025-06-20 06:22:32', '2025-06-20 06:23:39'),
(197, 150, 20, 24, 5386.44, 'Abierta', 'False', '0', '2025-06-27 21:35:57', '2025-06-21 03:35:57', '2025-06-21 04:36:16');

--
-- Volcado de datos para la tabla `nota_has_cotizaciones`
--

INSERT INTO `nota_has_cotizaciones` (`id`, `idNota`, `idCotizacion`, `totalPares`, `monto`, `descuento`, `created_at`, `updated_at`) VALUES
(40, 84, 132, 12, 3369.96, 0.00, '2024-12-02 23:29:18', '2024-12-02 23:30:20'),
(59, 92, 153, 56, 16353.68, 0.00, '2025-01-27 23:20:44', '2025-01-27 23:24:19'),
(60, 92, 154, 48, 12046.08, 0.00, '2025-01-27 23:20:44', '2025-01-27 23:24:19'),
(62, 92, 156, 27, 7957.71, 0.00, '2025-01-27 23:20:44', '2025-01-27 23:24:19'),
(64, 94, 158, 10, 2839.00, 0.00, '2025-01-28 03:04:59', '2025-01-28 03:08:43'),
(65, 94, 159, 52, 14799.72, 0.00, '2025-01-28 03:04:59', '2025-01-28 03:08:43'),
(66, 95, 160, 24, 8343.60, 0.00, '2025-01-28 04:28:06', '2025-01-28 04:28:40'),
(67, 96, 161, 50, 14804.50, 0.00, '2025-01-28 07:39:01', '2025-01-28 07:39:23'),
(68, 97, 162, 50, 17866.50, 0.00, '2025-01-28 07:44:35', '2025-01-28 07:44:52'),
(70, 98, 165, 16, 4521.28, 0.00, '2025-01-30 22:58:42', '2025-01-30 23:01:16'),
(71, 99, 166, 4, 1479.72, 0.00, '2025-01-30 23:23:50', '2025-01-30 23:24:22'),
(72, 99, 167, 1, 261.56, 0.00, '2025-01-30 23:23:50', '2025-01-30 23:24:22'),
(74, 101, 171, 15, 5030.85, 0.00, '2025-02-04 05:22:19', '2025-02-04 05:22:54'),
(75, 102, 172, 12, 2514.84, 0.00, '2025-02-10 22:00:48', '2025-02-10 22:02:26'),
(76, 102, 173, 12, 2570.64, 0.00, '2025-02-10 22:00:48', '2025-02-10 22:02:26'),
(77, 102, 174, 12, 4160.88, 0.00, '2025-02-10 22:00:48', '2025-02-10 22:02:26'),
(78, 103, 175, 70, 18312.00, 0.00, '2025-02-10 23:05:47', '2025-02-10 23:06:21'),
(79, 103, 176, 70, 18374.30, 0.00, '2025-02-10 23:05:47', '2025-02-10 23:06:21'),
(80, 104, 178, 16, 3928.96, 0.00, '2025-02-13 02:38:57', '2025-02-13 02:41:03'),
(81, 104, 179, 17, 6095.52, 0.00, '2025-02-13 02:38:57', '2025-02-13 02:41:03'),
(82, 104, 180, 14, 5019.84, 0.00, '2025-02-13 02:38:57', '2025-02-13 02:41:03'),
(83, 104, 181, 3, 945.57, 0.00, '2025-02-13 02:38:57', '2025-02-13 02:41:03'),
(84, 105, 182, 12, 4285.80, 0.00, '2025-02-18 03:22:30', '2025-02-18 03:24:51'),
(85, 105, 183, 12, 2557.44, 0.00, '2025-02-18 03:22:30', '2025-02-18 03:24:51'),
(86, 105, 184, 18, 5171.94, 0.00, '2025-02-18 03:22:30', '2025-02-18 03:24:51'),
(87, 106, 185, 160, 49046.40, 0.00, '2025-02-19 05:13:08', '2025-02-19 05:21:37'),
(88, 106, 186, 16, 4906.08, 0.00, '2025-02-19 05:13:08', '2025-02-19 05:21:37'),
(89, 106, 187, 12, 3679.56, 0.00, '2025-02-19 05:13:08', '2025-02-19 05:21:37'),
(90, 106, 188, 97, 35573.78, 0.00, '2025-02-19 05:13:08', '2025-02-19 05:21:37'),
(91, 106, 189, 97, 33560.06, 0.00, '2025-02-19 05:13:08', '2025-02-19 05:21:37'),
(92, 106, 190, 52, 15031.12, 0.00, '2025-02-19 05:13:08', '2025-02-19 05:21:37'),
(93, 106, 191, 52, 15093.52, 0.00, '2025-02-19 05:13:08', '2025-02-19 05:21:37'),
(94, 106, 192, 81, 20863.17, 0.00, '2025-02-19 05:13:08', '2025-02-19 05:21:37'),
(96, 108, 194, 70, 16590.70, 0.00, '2025-02-20 04:04:13', '2025-02-20 04:05:42'),
(97, 109, 195, 13, 3064.88, 0.00, '2025-02-20 04:57:51', '2025-02-20 04:59:56'),
(98, 109, 196, 6, 2115.96, 0.00, '2025-02-20 04:57:51', '2025-02-20 04:59:56'),
(99, 109, 197, 6, 2115.96, 0.00, '2025-02-20 04:57:51', '2025-02-20 04:59:56'),
(100, 110, 198, 22, 5072.10, 0.00, '2025-02-20 22:30:07', '2025-02-20 22:39:10'),
(106, 115, 204, 436, 103345.08, 0.00, '2025-02-25 06:10:46', '2025-02-25 06:13:07'),
(107, 116, 205, 15, 4363.65, 0.00, '2025-02-27 07:42:11', '2025-02-27 07:45:28'),
(108, 116, 206, 24, 6981.84, 0.00, '2025-02-27 07:42:11', '2025-02-27 07:45:28'),
(109, 116, 207, 20, 5818.20, 0.00, '2025-02-27 07:42:11', '2025-02-27 07:45:28'),
(113, 117, 211, 12, 4326.60, 0.00, '2025-02-27 08:47:31', '2025-02-27 08:50:31'),
(114, 117, 212, 12, 3411.84, 0.00, '2025-02-27 08:47:31', '2025-02-27 08:50:31'),
(119, 120, 181, 27, 8425.62, 0.00, '2025-03-05 02:50:46', '2025-03-05 02:51:40'),
(120, 121, 217, 24, 7742.64, 0.00, '2025-03-05 04:08:13', '2025-03-05 04:13:44'),
(121, 121, 218, 12, 3917.52, 0.00, '2025-03-05 04:08:13', '2025-03-05 04:13:44'),
(122, 121, 219, 12, 3917.52, 0.00, '2025-03-05 04:08:13', '2025-03-05 04:13:44'),
(123, 121, 220, 12, 3917.52, 0.00, '2025-03-05 04:08:13', '2025-03-05 04:13:44'),
(124, 122, 221, 19, 5864.73, 0.00, '2025-03-05 05:23:09', '2025-03-05 05:24:36'),
(125, 122, 222, 4, 1209.08, 0.00, '2025-03-05 05:23:09', '2025-03-05 05:24:36'),
(126, 122, 223, 14, 4321.38, 0.00, '2025-03-05 05:23:10', '2025-03-05 05:24:36'),
(127, 123, 156, 90, 31785.30, 0.00, '2025-03-11 01:03:59', '2025-03-11 01:05:16'),
(128, 123, 226, 70, 23503.90, 0.00, '2025-03-11 01:03:59', '2025-03-11 01:05:16'),
(129, 124, 227, 94, 21849.36, 0.00, '2025-03-11 05:00:01', '2025-03-11 05:01:22'),
(130, 125, 172, 12, 2514.84, 0.00, '2025-03-11 06:42:35', '2025-03-11 06:44:24'),
(131, 125, 174, 12, 4160.88, 0.00, '2025-03-11 06:42:35', '2025-03-11 06:44:24'),
(132, 125, 228, 12, 3459.12, 0.00, '2025-03-11 06:42:35', '2025-03-11 06:44:24'),
(133, 126, 181, 10, 3120.60, 0.00, '2025-03-12 05:06:38', '2025-03-12 05:07:50'),
(134, 126, 229, 14, 4783.66, 0.00, '2025-03-12 05:06:38', '2025-03-12 05:07:50'),
(135, 127, 181, 10, 3120.60, 0.00, '2025-03-12 05:12:56', '2025-03-12 05:13:35'),
(136, 127, 229, 14, 4783.66, 0.00, '2025-03-12 05:12:56', '2025-03-12 05:13:35'),
(139, 129, 175, 52, 13603.20, 0.00, '2025-03-18 22:15:18', '2025-03-18 22:17:40'),
(140, 129, 176, 65, 17061.85, 0.00, '2025-03-18 22:15:18', '2025-03-18 22:17:40'),
(141, 130, 235, 21, 6520.92, 0.00, '2025-03-19 00:45:45', '2025-03-19 00:50:22'),
(142, 130, 236, 16, 5393.76, 0.00, '2025-03-19 00:45:45', '2025-03-19 00:50:22'),
(143, 130, 237, 38, 12809.04, 0.00, '2025-03-19 00:45:45', '2025-03-19 00:50:22'),
(144, 130, 238, 20, 4589.00, 0.00, '2025-03-19 00:45:45', '2025-03-19 00:50:22'),
(145, 130, 240, 18, 5022.90, 0.00, '2025-03-19 00:45:45', '2025-03-19 00:50:22'),
(146, 130, 241, 18, 5496.66, 0.00, '2025-03-19 00:45:45', '2025-03-19 00:50:22'),
(147, 130, 242, 20, 7531.20, 0.00, '2025-03-19 00:45:45', '2025-03-19 00:50:22'),
(148, 131, 245, 16, 3725.44, 0.00, '2025-03-20 01:50:16', '2025-03-20 01:51:05'),
(149, 132, 185, 235, 72036.90, 0.00, '2025-03-20 04:23:00', '2025-03-20 04:24:01'),
(150, 132, 246, 117, 24147.63, 0.00, '2025-03-20 04:23:00', '2025-03-20 04:24:01'),
(151, 133, 132, 17, 4774.11, 0.00, '2025-03-20 05:28:28', '2025-03-20 05:31:47'),
(152, 133, 231, 17, 4029.51, 0.00, '2025-03-20 05:28:28', '2025-03-20 05:31:47'),
(153, 133, 247, 17, 6234.58, 0.00, '2025-03-20 05:28:28', '2025-03-20 05:31:47'),
(155, 135, 181, 24, 7489.44, 0.00, '2025-03-20 08:36:28', '2025-03-20 08:36:58'),
(156, 136, 249, 14, 4984.70, 0.00, '2025-03-21 01:27:31', '2025-03-21 01:28:16'),
(157, 137, 166, 8, 3108.56, 0.00, '2025-03-21 01:41:05', '2025-03-21 01:42:18'),
(158, 138, 216, 110, 35910.60, 0.00, '2025-03-27 01:03:09', '2025-03-27 01:03:49'),
(159, 139, 251, 45, 15208.20, 0.00, '2025-03-27 02:41:49', '2025-03-27 02:46:12'),
(168, 142, 184, 21, 5801.67, 0.00, '2025-04-03 23:41:36', '2025-04-03 23:42:20'),
(169, 142, 250, 12, 2946.72, 0.00, '2025-04-03 23:41:36', '2025-04-03 23:42:20'),
(170, 142, 252, 12, 2767.44, 0.00, '2025-04-03 23:41:36', '2025-04-03 23:42:20'),
(171, 142, 253, 12, 3594.72, 0.00, '2025-04-03 23:41:36', '2025-04-03 23:42:20'),
(172, 143, 181, 57, 17787.42, 0.00, '2025-04-04 02:18:58', '2025-04-04 02:22:21'),
(173, 143, 254, 17, 5646.89, 0.00, '2025-04-04 02:18:58', '2025-04-04 02:22:21'),
(176, 145, 194, 195, 46915.05, 0.00, '2025-04-04 21:15:01', '2025-04-04 21:16:15'),
(177, 145, 204, 165, 39109.95, 0.00, '2025-04-04 21:15:01', '2025-04-04 21:16:15'),
(178, 146, 255, 8, 2592.40, 0.00, '2025-04-04 23:45:52', '2025-04-04 23:46:02'),
(182, 147, 201, 27, 6172.74, 0.00, '2025-04-21 22:23:56', '2025-04-21 22:35:35'),
(183, 147, 256, 16, 3689.28, 0.00, '2025-04-21 22:23:56', '2025-04-21 22:35:35'),
(184, 147, 206, 12, 3490.92, 0.00, '2025-04-21 22:23:56', '2025-04-21 22:35:35'),
(185, 147, 207, 10, 2909.10, 0.00, '2025-04-21 22:23:56', '2025-04-21 22:35:35'),
(186, 148, 185, 9, 2758.86, 0.00, '2025-04-21 23:05:14', '2025-04-21 23:05:57'),
(187, 149, 257, 45, 11391.75, 0.00, '2025-04-21 23:16:14', '2025-04-21 23:16:34'),
(188, 150, 228, 14, 4062.38, 0.00, '2025-04-22 05:09:20', '2025-04-22 05:13:20'),
(189, 150, 258, 12, 3482.04, 0.00, '2025-04-22 05:09:20', '2025-04-22 05:13:20'),
(190, 150, 259, 12, 3440.04, 0.00, '2025-04-22 05:09:20', '2025-04-22 05:13:20'),
(192, 152, 189, 90, 31138.20, 0.00, '2025-04-22 05:35:55', '2025-04-22 05:37:32'),
(193, 153, 261, 10, 1034.80, 0.00, '2025-04-22 05:49:40', '2025-04-22 05:56:25'),
(194, 154, 261, 70, 7243.60, 0.00, '2025-04-22 05:52:34', '2025-04-22 05:52:51'),
(195, 155, 261, 10, 1034.80, 0.00, '2025-04-22 05:54:28', '2025-04-22 05:55:02'),
(196, 156, 262, 10, 3756.60, 0.00, '2025-04-22 06:11:58', '2025-04-22 06:12:16'),
(197, 157, 175, 20, 5917.00, 0.00, '2025-04-22 22:35:49', '2025-04-22 22:38:13'),
(198, 157, 176, 60, 17799.00, 0.00, '2025-04-22 22:35:49', '2025-04-22 22:38:13'),
(199, 158, 252, 24, 5534.88, 0.00, '2025-04-22 23:26:21', '2025-04-22 23:28:48'),
(200, 158, 263, 24, 7192.32, 0.00, '2025-04-22 23:26:21', '2025-04-22 23:28:48'),
(201, 159, 264, 67, 15022.07, 0.00, '2025-04-24 00:56:21', '2025-04-24 01:00:18'),
(202, 159, 265, 30, 10595.10, 0.00, '2025-04-24 00:56:21', '2025-04-24 01:00:18'),
(203, 159, 185, 30, 9196.20, 0.00, '2025-04-24 00:56:21', '2025-04-24 01:00:18'),
(204, 159, 154, 24, 6023.04, 0.00, '2025-04-24 00:56:21', '2025-04-24 01:00:18'),
(205, 159, 192, 86, 22151.02, 0.00, '2025-04-24 00:56:21', '2025-04-24 01:00:18'),
(206, 160, 181, 24, 7489.44, 0.00, '2025-04-29 04:31:11', '2025-04-29 04:31:43'),
(207, 161, 194, 294, 70733.46, 0.00, '2025-04-30 00:25:28', '2025-04-30 00:33:25'),
(208, 161, 204, 66, 15643.98, 0.00, '2025-04-30 00:25:28', '2025-04-30 00:33:25'),
(209, 162, 185, 235, 72036.90, NULL, '2025-04-30 05:11:53', '2025-04-30 05:13:53'),
(210, 162, 192, 115, 29620.55, NULL, '2025-04-30 05:11:53', '2025-04-30 05:13:53'),
(211, 163, 235, 30, 9315.60, 0.00, '2025-05-01 01:45:41', '2025-05-01 01:47:23'),
(212, 163, 241, 30, 9161.10, 0.00, '2025-05-01 01:45:41', '2025-05-01 01:47:23'),
(213, 164, 224, 10, 3526.60, 0.00, '2025-05-01 22:47:18', '2025-05-01 22:49:41'),
(214, 164, 225, 6, 2115.96, 0.00, '2025-05-01 22:47:18', '2025-05-01 22:49:41'),
(215, 164, 266, 6, 1799.22, 0.00, '2025-05-01 22:47:18', '2025-05-01 22:49:41'),
(216, 164, 267, 6, 2033.22, 0.00, '2025-05-01 22:47:18', '2025-05-01 22:49:41'),
(217, 165, 225, 0, 0.00, 0.00, '2025-05-02 01:46:41', '2025-05-02 01:46:41'),
(218, 166, 204, 0, 0.00, 0.00, '2025-05-02 01:51:29', '2025-05-02 01:51:29'),
(219, 166, 224, 0, 0.00, 0.00, '2025-05-02 01:51:29', '2025-05-02 01:51:29'),
(220, 166, 225, 0, 0.00, 0.00, '2025-05-02 01:51:29', '2025-05-02 01:51:29'),
(221, 166, 266, 0, 0.00, 0.00, '2025-05-02 01:51:29', '2025-05-02 01:51:29'),
(222, 167, 175, 8, 2366.80, 0.00, '2025-05-08 22:24:27', '2025-05-08 22:25:53'),
(223, 167, 176, 15, 4449.75, 0.00, '2025-05-08 22:24:27', '2025-05-08 22:25:53'),
(224, 168, 165, 17, 5244.16, 0.00, '2025-05-08 22:43:13', '2025-05-08 22:47:05'),
(225, 168, 181, 31, 9773.37, 0.00, '2025-05-08 22:43:13', '2025-05-08 22:47:05'),
(226, 169, 194, 294, 70733.46, 0.00, '2025-05-12 20:42:58', '2025-05-12 20:46:06'),
(227, 169, 204, 66, 15643.98, 0.00, '2025-05-12 20:42:58', '2025-05-12 20:46:06'),
(228, 170, 257, 75, 18986.25, 0.00, '2025-05-12 21:34:46', '2025-05-12 21:38:56'),
(229, 170, 268, 60, 15189.00, 0.00, '2025-05-12 21:34:46', '2025-05-12 21:38:56'),
(230, 171, 181, 48, 15132.96, 0.00, '2025-05-12 23:43:07', '2025-05-12 23:50:42'),
(231, 172, 269, 25, 6744.25, 0.00, '2025-05-14 00:34:05', '2025-05-14 00:34:44'),
(232, 172, 270, 25, 6624.75, 0.00, '2025-05-14 00:34:05', '2025-05-14 00:34:44'),
(233, 173, 205, 14, 4072.74, 0.00, '2025-05-16 22:32:27', '2025-05-16 22:40:40'),
(237, 173, 217, 12, 3871.32, 0.00, '2025-05-16 22:32:27', '2025-05-16 22:40:40'),
(238, 173, 218, 12, 3917.52, 0.00, '2025-05-16 22:32:27', '2025-05-16 22:40:40'),
(239, 174, 235, 24, 7452.48, 0.00, '2025-05-26 21:54:18', '2025-05-26 21:55:04'),
(240, 175, 188, 41, 15036.34, 0.00, '2025-05-26 23:25:41', '2025-05-26 23:28:17'),
(241, 175, 185, 84, 25749.36, 0.00, '2025-05-26 23:25:41', '2025-05-26 23:28:17'),
(242, 175, 192, 77, 19832.89, 0.00, '2025-05-26 23:25:41', '2025-05-26 23:28:17'),
(243, 176, 158, 70, 19873.00, 0.00, '2025-05-26 23:48:02', '2025-05-26 23:49:19'),
(244, 176, 159, 20, 5692.20, 0.00, '2025-05-26 23:48:02', '2025-05-26 23:49:19'),
(245, 177, 158, 35, 9936.50, 0.00, '2025-05-26 23:54:11', '2025-05-26 23:54:50'),
(246, 177, 159, 35, 9961.35, 0.00, '2025-05-26 23:54:11', '2025-05-26 23:54:50'),
(247, 178, 252, 12, 2767.44, 0.00, '2025-05-26 23:58:20', '2025-05-27 00:00:51'),
(248, 178, 184, 24, 6630.48, 0.00, '2025-05-26 23:58:20', '2025-05-27 00:00:51'),
(249, 179, 221, 13, 4012.71, 0.00, '2025-05-27 00:53:35', '2025-05-27 00:55:13'),
(250, 179, 222, 15, 4534.05, 0.00, '2025-05-27 00:53:35', '2025-05-27 00:55:13'),
(251, 179, 223, 28, 8642.76, 0.00, '2025-05-27 00:53:35', '2025-05-27 00:55:13'),
(252, 180, 260, 0, 0.00, 0.00, '2025-05-28 04:16:27', '2025-05-28 04:16:27'),
(253, 180, 261, 0, 0.00, 0.00, '2025-05-28 04:16:27', '2025-05-28 04:16:27'),
(256, 182, 188, 263, 97089.08, 0.00, '2025-06-02 22:27:50', '2025-06-02 22:33:17'),
(257, 183, 271, 15, 5928.30, 0.00, '2025-06-03 04:23:21', '2025-06-03 04:23:56'),
(258, 184, 172, 24, 5631.60, 0.00, '2025-06-10 23:23:31', '2025-06-10 23:26:13'),
(259, 184, 228, 12, 3482.04, 0.00, '2025-06-10 23:23:31', '2025-06-10 23:26:13'),
(260, 184, 258, 18, 5223.06, 0.00, '2025-06-10 23:23:31', '2025-06-10 23:26:13'),
(261, 184, 272, 12, 2441.40, 0.00, '2025-06-10 23:23:31', '2025-06-10 23:26:13'),
(262, 185, 194, 302, 72658.18, 0.00, '2025-06-11 00:59:57', '2025-06-11 01:01:49'),
(263, 185, 204, 58, 13747.74, 0.00, '2025-06-11 00:59:57', '2025-06-11 01:01:49'),
(264, 186, 273, 56, 16288.16, 0.00, '2025-06-11 01:53:09', '2025-06-11 02:09:53'),
(265, 186, 274, 56, 18248.16, 0.00, '2025-06-11 01:53:09', '2025-06-11 02:09:53'),
(266, 186, 275, 58, 16686.60, 0.00, '2025-06-11 01:53:09', '2025-06-11 02:09:53'),
(269, 188, 249, 12, 4272.60, 0.00, '2025-06-12 03:32:50', '2025-06-12 03:35:44'),
(270, 189, 201, 22, 5029.64, 0.00, '2025-06-12 04:28:15', '2025-06-12 04:35:15'),
(271, 189, 206, 16, 4654.56, 0.00, '2025-06-12 04:28:15', '2025-06-12 04:35:15'),
(272, 189, 207, 16, 4654.56, 0.00, '2025-06-12 04:28:15', '2025-06-12 04:35:15'),
(276, 189, 276, 16, 3967.36, 0.00, '2025-06-12 04:28:15', '2025-06-12 04:35:15'),
(277, 189, 277, 13, 3235.05, 0.00, '2025-06-12 04:28:16', '2025-06-12 04:35:15'),
(278, 190, 153, 45, 13141.35, 0.00, '2025-06-12 06:20:37', '2025-06-12 06:21:44'),
(279, 190, 191, 16, 4644.16, 0.00, '2025-06-12 06:20:38', '2025-06-12 06:21:44'),
(280, 190, 278, 62, 21298.86, 0.00, '2025-06-12 06:20:38', '2025-06-12 06:21:44'),
(281, 191, 278, 90, 30917.70, 0.00, '2025-06-12 06:32:50', '2025-06-12 06:35:24'),
(282, 191, 190, 14, 4046.84, 0.00, '2025-06-12 06:32:50', '2025-06-12 06:35:24'),
(283, 191, 185, 12, 3678.48, 0.00, '2025-06-12 06:32:50', '2025-06-12 06:35:24'),
(284, 192, 235, 12, 3456.84, 0.00, '2025-06-20 04:38:06', '2025-06-20 04:40:45'),
(285, 192, 238, 12, 2753.40, 0.00, '2025-06-20 04:38:06', '2025-06-20 04:40:45'),
(286, 192, 241, 12, 3664.44, 0.00, '2025-06-20 04:38:06', '2025-06-20 04:40:45'),
(287, 193, 181, 24, 7566.48, 0.00, '2025-06-20 04:52:11', '2025-06-20 04:53:13'),
(288, 194, 184, 36, 9945.72, 0.00, '2025-06-20 05:00:19', '2025-06-20 05:10:59'),
(291, 196, 284, 13, 1922.57, 0.00, '2025-06-20 06:22:32', '2025-06-20 06:23:15'),
(292, 196, 285, 36, 5324.04, 0.00, '2025-06-20 06:22:32', '2025-06-20 06:23:15'),
(293, 197, 172, 12, 2815.80, 0.00, '2025-06-21 03:35:57', '2025-06-21 04:30:12'),
(294, 197, 173, 12, 2570.64, 0.00, '2025-06-21 03:35:57', '2025-06-21 04:30:12');

--
-- Volcado de datos para la tabla `numeraciones`
--

INSERT INTO `numeraciones` (`id`, `numero`, `created_at`, `updated_at`) VALUES
(13, 12.00, '2024-11-14 22:53:19', '2024-11-14 22:53:19'),
(14, 13.00, '2024-11-14 22:53:55', '2024-11-14 22:53:55'),
(15, 14.00, '2024-11-14 22:54:16', '2024-11-14 22:54:16'),
(16, 15.00, '2024-11-14 22:54:23', '2024-11-14 22:54:23'),
(17, 16.00, '2024-11-14 22:54:29', '2024-11-14 22:54:29'),
(18, 17.00, '2024-11-14 22:54:37', '2024-11-14 22:54:37'),
(19, 18.00, '2024-11-14 22:54:43', '2024-11-14 22:54:43'),
(20, 19.00, '2024-11-14 22:54:48', '2024-11-14 22:54:48'),
(21, 20.00, '2024-11-14 22:54:54', '2024-11-14 22:54:54'),
(22, 21.00, '2024-11-14 22:54:59', '2024-11-14 22:54:59'),
(23, 22.00, '2024-11-14 22:55:06', '2024-11-14 22:55:06'),
(24, 23.00, '2024-11-14 22:55:12', '2024-11-14 22:55:12'),
(25, 24.00, '2024-11-14 22:55:18', '2024-11-14 22:55:18'),
(26, 25.00, '2024-11-14 22:55:24', '2024-11-14 22:55:24'),
(27, 26.00, '2024-11-14 22:55:31', '2024-11-14 22:55:31'),
(28, 27.00, '2024-11-14 22:55:36', '2024-11-14 22:55:36'),
(29, 28.00, '2024-11-14 22:55:40', '2024-11-14 22:55:40'),
(30, 29.00, '2024-11-14 22:55:46', '2024-11-14 22:55:46'),
(31, 30.00, '2024-11-14 22:55:52', '2024-11-14 22:55:52'),
(32, 31.00, '2024-11-14 22:55:57', '2024-11-14 22:55:57'),
(33, 32.00, '2024-11-14 22:56:02', '2024-11-14 22:56:02'),
(34, 22.50, '2025-02-20 22:31:13', '2025-02-20 22:31:13'),
(35, 23.50, '2025-02-20 22:31:24', '2025-02-20 22:31:24'),
(36, 24.50, '2025-02-20 22:31:30', '2025-02-20 22:31:30'),
(37, 25.50, '2025-02-20 22:31:36', '2025-02-20 22:31:36'),
(38, 26.50, '2025-02-20 22:31:46', '2025-02-20 22:31:46'),
(39, 27.50, '2025-02-20 22:31:52', '2025-02-20 22:31:52'),
(40, 28.50, '2025-02-20 22:32:48', '2025-02-20 22:32:48');

--
-- Volcado de datos para la tabla `piezas`
--

INSERT INTO `piezas` (`id`, `nombre`, `alto`, `largo`, `descripcion`, `idModelo`, `cantidad`, `suaje`, `created_at`, `updated_at`) VALUES
(106, '1.Floreta', 10.00, 12.00, NULL, 86, 2, '51-A', '2024-11-15 00:47:20', '2025-03-12 04:44:27'),
(107, '2.Lateral', 13.00, 8.00, NULL, 86, 4, '51-B', '2024-11-15 00:48:02', '2025-03-12 04:44:45'),
(108, '5.Cuello', 6.00, 20.00, NULL, 86, 4, '51-C', '2024-11-15 00:48:54', '2025-03-12 04:47:26'),
(109, '6.Lateral bajo', 5.00, 22.00, NULL, 86, 4, '51-D', '2024-11-15 00:55:48', '2025-03-12 04:47:57'),
(110, '7.Lateral tracero', 4.00, 13.00, NULL, 86, 4, '51-E', '2024-11-15 00:56:26', '2025-03-12 04:48:11'),
(111, '9.Paloma', 10.00, 19.00, NULL, 86, 2, '51-F', '2024-11-15 01:00:01', '2025-03-12 04:49:20'),
(112, '4.Chinela', 18.00, 13.00, NULL, 86, 2, '51-G', '2024-11-15 01:01:01', '2025-03-12 04:47:08'),
(113, '8.Talon', 8.00, 14.00, NULL, 86, 2, '51-H', '2024-11-15 01:01:49', '2025-03-12 04:49:00'),
(115, 'Vivo cuello bajo', 4.00, 9.00, NULL, 86, 2, '51-J', '2024-11-15 01:03:52', '2024-11-15 01:03:52'),
(116, '91.Vivo cuello alto', 7.00, 4.00, NULL, 86, 4, '51-K', '2024-11-15 01:04:44', '2025-03-12 04:51:49'),
(117, '3.Lengua', 14.00, 11.00, NULL, 86, 2, '51-L', '2024-11-15 01:05:33', '2025-03-12 04:45:02'),
(118, 'Forro lengua', 14.00, 11.00, NULL, 86, 2, '51-L', '2024-11-15 01:20:58', '2024-11-15 01:20:58'),
(119, 'Forro delantero', 26.00, 23.00, NULL, 86, 2, '51-M', '2024-11-15 01:21:40', '2024-11-15 01:21:40'),
(120, 'Forro talon', 13.00, 30.00, NULL, 86, 2, '51-N', '2024-11-15 01:22:54', '2024-11-15 01:22:54'),
(121, 'Esponja talon', 7.00, 26.00, NULL, 86, 2, '51-O', '2024-11-15 01:23:46', '2024-11-15 01:23:46'),
(122, 'Esponja lengua', 14.00, 11.00, NULL, 86, 2, '51-Q', '2024-11-15 01:24:31', '2025-03-12 04:43:17'),
(123, 'Cintilla talon', 5.00, 1.00, NULL, 86, 2, 'X', '2024-11-15 01:25:13', '2024-11-15 01:25:13'),
(126, 'Floreta', 25.00, 30.00, NULL, 71, 2, '14-A', '2024-11-20 04:57:17', '2024-11-20 04:57:17'),
(127, 'Remate', 28.00, 14.00, NULL, 71, 2, '14-B', '2024-11-20 04:57:53', '2024-11-20 04:57:53'),
(128, 'Lengua', 10.00, 12.00, NULL, 71, 2, '14-C', '2024-11-20 04:58:38', '2024-11-20 04:58:38'),
(129, 'Forro floreta', 24.00, 18.00, NULL, 71, 2, '14-E', '2024-11-20 04:59:47', '2024-11-20 04:59:47'),
(130, 'Forro talon', 20.00, 37.00, NULL, 71, 2, '14-D', '2024-11-20 05:00:13', '2024-11-20 05:00:13'),
(133, 'Floreta Malla', 17.00, 18.00, NULL, 88, 2, '60-A', '2024-11-30 02:29:35', '2024-11-30 02:29:35'),
(134, 'Paloma malla', 13.00, 31.00, NULL, 88, 2, '60-B', '2024-12-02 22:48:43', '2024-12-02 22:48:43'),
(135, 'Lengua', 18.00, 11.00, NULL, 88, 2, '60-C', '2024-12-02 22:49:10', '2024-12-02 22:49:10'),
(136, 'Chinela', 22.00, 14.00, NULL, 88, 2, '60-D', '2024-12-02 23:15:24', '2024-12-02 23:15:24'),
(137, 'Cuello', 13.00, 5.00, NULL, 88, 2, '60-E', '2024-12-02 23:15:56', '2024-12-02 23:15:56'),
(138, 'Talon', 12.00, 10.00, NULL, 88, 2, '60-F', '2024-12-02 23:16:38', '2024-12-02 23:16:38'),
(139, 'Forro talon', 16.00, 26.00, NULL, 88, 2, '60-G', '2024-12-02 23:17:11', '2024-12-02 23:17:11'),
(140, 'Forro floreta', 16.00, 26.00, NULL, 88, 2, '60-H', '2024-12-02 23:17:34', '2024-12-02 23:17:34'),
(141, 'Forro lengua', 11.00, 18.00, NULL, 88, 2, '60-I', '2024-12-02 23:18:11', '2024-12-02 23:18:11'),
(142, 'Esponja talon', 7.00, 22.00, NULL, 88, 2, '60-J', '2024-12-02 23:18:42', '2024-12-02 23:18:42'),
(143, 'Esponja lengua', 16.00, 11.00, NULL, 88, 2, '60-K', '2024-12-02 23:19:15', '2024-12-02 23:19:15'),
(144, 'Cintilla', 1.00, 6.00, NULL, 88, 2, 'X', '2024-12-02 23:19:49', '2024-12-02 23:19:49'),
(147, 'Lateral', 10.50, 24.50, NULL, 69, 4, '08-B', '2025-01-20 22:16:46', '2025-01-20 22:16:46'),
(148, 'Lengua', 12.00, 10.50, NULL, 69, 2, '08-D', '2025-01-20 22:17:43', '2025-01-20 22:17:43'),
(149, 'Forro lengua', 12.00, 10.50, NULL, 69, 2, '08-D', '2025-01-20 22:18:15', '2025-01-20 22:18:15'),
(150, 'Floreta', 15.50, 10.50, NULL, 69, 2, '08-A', '2025-01-20 22:23:24', '2025-01-20 22:23:24'),
(151, 'Paloma', 5.50, 14.00, NULL, 69, 2, '08-C', '2025-01-20 22:25:46', '2025-01-20 22:25:46'),
(152, 'Oropal Lateral', 25.00, 10.00, NULL, 69, 4, '08-E', '2025-01-20 22:34:11', '2025-01-20 22:34:11'),
(153, 'Oropal Floreta', 10.50, 15.50, NULL, 69, 2, '08-A', '2025-01-20 22:35:54', '2025-01-20 22:35:54'),
(154, 'Forro Talon', 10.00, 26.50, NULL, 69, 2, '08-F', '2025-01-20 22:38:20', '2025-01-20 22:38:20'),
(155, 'Esponja', 19.00, 4.00, NULL, 69, 2, 'Y1', '2025-01-20 22:39:03', '2025-01-20 22:39:03'),
(156, 'Poliflex', 8.00, 5.00, NULL, 69, 2, 'W2', '2025-01-20 22:39:46', '2025-01-20 22:39:46'),
(157, 'Remate', 6.00, 1.50, NULL, 69, 2, 'V1', '2025-01-20 22:40:21', '2025-01-20 22:40:46'),
(158, 'Cuello Corto', 13.00, 2.50, NULL, 69, 4, '08-G', '2025-01-20 22:41:30', '2025-01-20 22:41:30'),
(161, 'Floreta', 15.50, 10.50, NULL, 89, 2, '08-A', '2025-01-20 22:46:03', '2025-01-20 22:46:03'),
(162, 'Lateral', 10.50, 24.50, NULL, 89, 4, '08-B', '2025-01-20 22:48:23', '2025-01-20 22:48:23'),
(163, 'Paloma Aurora', 5.50, 24.50, NULL, 89, 2, '08-C.1', '2025-01-20 22:49:38', '2025-01-20 22:49:38'),
(164, 'Lengua', 12.00, 10.50, NULL, 89, 2, '08-D', '2025-01-20 22:50:26', '2025-01-20 22:50:26'),
(165, 'Oropal Lateral', 10.00, 25.00, NULL, 89, 4, '08-E', '2025-01-20 22:51:31', '2025-01-20 22:51:31'),
(166, 'Forro Talon', 26.50, 10.00, NULL, 89, 2, '08-F', '2025-01-20 22:52:31', '2025-01-20 22:55:17'),
(167, 'Poliflex', 5.00, 8.00, NULL, 89, 2, 'W2', '2025-01-20 22:54:58', '2025-01-20 22:54:58'),
(168, 'Forro Lengua', 12.00, 10.50, NULL, 89, 2, '08-D', '2025-01-20 22:55:42', '2025-01-20 22:55:42'),
(169, 'Remate', 1.50, 6.00, NULL, 89, 2, 'V1', '2025-01-20 22:56:19', '2025-01-20 22:56:19'),
(170, 'Esponja', 19.00, 6.00, NULL, 89, 2, 'Y1', '2025-01-20 22:56:56', '2025-01-20 22:56:56'),
(171, 'Planta', 27.00, 10.00, NULL, 89, 2, 'Planta', '2025-01-20 22:57:16', '2025-01-20 22:57:16'),
(172, 'Plantilla', 29.50, 10.00, NULL, 89, 2, 'Plantilla', '2025-01-20 22:57:41', '2025-01-20 22:57:41'),
(173, 'Floreta', 14.50, 9.00, NULL, 70, 2, '08-A', '2025-01-20 23:02:39', '2025-01-20 23:02:39'),
(174, 'Lateral', 10.00, 24.00, NULL, 70, 4, '08-B', '2025-01-20 23:03:55', '2025-01-21 01:17:03'),
(176, 'Lengua', 14.00, 12.00, NULL, 75, 2, '22-B', '2025-01-20 23:46:43', '2025-01-20 23:46:43'),
(177, 'Chinela', 7.50, 25.00, NULL, 75, 2, '22-C', '2025-01-20 23:47:22', '2025-01-20 23:47:22'),
(178, 'Forro Trasero', 12.00, 30.00, NULL, 75, 2, '22-D', '2025-01-20 23:47:55', '2025-01-20 23:47:55'),
(179, 'Forro Delantero', 27.00, 24.50, NULL, 75, 2, '22-E', '2025-01-20 23:49:11', '2025-01-20 23:49:11'),
(180, 'Forro Lengua', 13.00, 10.00, NULL, 75, 2, '22-B', '2025-01-20 23:49:38', '2025-01-20 23:49:38'),
(181, 'Esponja', 9.00, 23.00, NULL, 75, 2, 'Y2', '2025-01-20 23:50:20', '2025-01-20 23:50:20'),
(182, 'Plantilla', 29.50, 10.00, NULL, 75, 2, 'Plantilla', '2025-01-20 23:51:39', '2025-01-20 23:51:39'),
(184, 'Chinela', 22.00, 15.00, NULL, 90, 2, '56-B', '2025-01-20 23:56:01', '2025-01-20 23:56:01'),
(185, 'Lateral Superior', 11.00, 10.00, NULL, 90, 4, '56-C', '2025-01-20 23:56:22', '2025-01-20 23:56:22'),
(186, 'Lateral Inferior', 9.00, 10.00, NULL, 90, 4, '56-D', '2025-01-20 23:57:10', '2025-01-20 23:57:10'),
(187, 'Talon', 16.00, 8.00, NULL, 90, 2, '56-E', '2025-01-20 23:57:39', '2025-01-20 23:57:39'),
(188, 'Lengua', 17.00, 13.00, NULL, 90, 2, '56-F', '2025-01-20 23:57:57', '2025-01-20 23:57:57'),
(189, 'Tobillera (brasitos)', 12.00, 6.00, NULL, 90, 4, '56-G', '2025-01-20 23:58:48', '2025-01-20 23:58:48'),
(190, 'Forro Talon', 12.00, 29.00, NULL, 90, 2, '56-H', '2025-01-20 23:59:18', '2025-01-20 23:59:18'),
(191, 'Forro Lengua', 13.00, 17.00, NULL, 90, 2, '56-I', '2025-01-20 23:59:56', '2025-01-20 23:59:56'),
(192, 'Forro Floreta', 31.00, 23.00, NULL, 90, 2, '56-J', '2025-01-21 00:00:37', '2025-01-24 04:04:19'),
(193, 'Esponja talon', 8.00, 25.00, NULL, 90, 2, '56-L', '2025-01-21 00:01:12', '2025-01-27 23:20:23'),
(196, 'Planta', 27.00, 10.00, NULL, 90, 2, 'Planta', '2025-01-21 00:05:04', '2025-01-21 00:05:04'),
(197, 'Plantilla', 29.50, 10.00, NULL, 90, 2, 'Plantilla', '2025-01-21 00:05:32', '2025-01-21 00:05:32'),
(198, 'Refuerzo Pala', 26.00, 28.00, NULL, 78, 2, '22-A', '2025-01-21 00:11:35', '2025-01-21 00:11:35'),
(199, 'Pala', 33.00, 33.00, NULL, 78, 2, 'Cuadrado', '2025-01-21 00:11:54', '2025-01-21 00:11:54'),
(200, 'Lengua', 14.00, 12.00, NULL, 78, 2, '22-B', '2025-01-21 00:12:39', '2025-01-21 00:12:39'),
(201, 'Chilena', 7.50, 25.00, NULL, 78, 2, '22-C', '2025-01-21 00:13:22', '2025-01-21 00:13:22'),
(202, 'Forro Trasero', 12.00, 30.00, NULL, 78, 2, '22-D', '2025-01-21 00:13:58', '2025-01-21 00:13:58'),
(203, 'Forro Delantero', 27.00, 24.50, NULL, 78, 2, '22-E', '2025-01-21 00:14:28', '2025-01-21 00:14:28'),
(204, 'Forro Lengua', 13.00, 10.00, NULL, 78, 2, '22-B', '2025-01-21 00:15:08', '2025-01-21 00:15:08'),
(205, 'Esponja', 9.00, 23.00, NULL, 78, 2, 'Y2', '2025-01-21 00:16:23', '2025-01-21 00:16:23'),
(206, 'Planta', 27.00, 10.00, NULL, 78, 2, 'Planta', '2025-01-21 00:16:53', '2025-01-21 00:16:53'),
(207, 'Plantilla', 29.50, 10.00, NULL, 78, 2, 'Plantilla', '2025-01-21 00:17:16', '2025-01-21 00:17:16'),
(208, 'Floreta', 14.00, 10.00, NULL, 72, 2, '18-A', '2025-01-21 00:24:36', '2025-01-21 00:24:36'),
(209, 'Floreta Refuerzo', 14.00, 10.00, NULL, 72, 2, '18-A', '2025-01-21 00:25:46', '2025-01-21 00:25:46'),
(210, 'Lateral', 12.50, 10.50, NULL, 72, 4, '18-B', '2025-01-21 00:26:17', '2025-01-21 00:26:17'),
(211, 'Lateral Refuerzo', 12.50, 10.50, NULL, 72, 4, '18-B', '2025-01-21 00:27:05', '2025-01-21 00:27:05'),
(212, 'Chinela', 12.00, 29.00, NULL, 72, 2, '18-C', '2025-01-21 00:27:33', '2025-01-21 00:27:33'),
(213, 'Paloma', 5.50, 11.00, NULL, 72, 2, '18-D', '2025-01-21 00:28:22', '2025-01-21 00:28:22'),
(214, 'Remate', 2.00, 7.00, NULL, 72, 2, 'V1', '2025-01-21 00:28:52', '2025-01-21 00:28:52'),
(215, 'Lateral Atras', 12.00, 14.50, NULL, 72, 4, '18-E', '2025-01-21 00:29:47', '2025-01-21 00:29:47'),
(216, 'Lateral Atras Refuerzo', 12.00, 14.50, NULL, 72, 4, '18-E', '2025-01-21 00:30:21', '2025-01-21 00:31:42'),
(217, 'Lengua', 10.50, 14.00, NULL, 72, 2, '18-F', '2025-01-21 00:33:09', '2025-01-21 00:33:09'),
(218, 'Pipa', 5.50, 16.00, NULL, 72, 3, '18-H', '2025-01-21 00:34:32', '2025-01-21 00:34:32'),
(220, 'Forro Delantero Refuerzo', 27.00, 24.50, NULL, 72, 4, '22-E', '2025-01-21 00:36:32', '2025-01-21 00:36:32'),
(221, 'Forro Lengua', 10.50, 14.00, NULL, 72, 2, '18-F', '2025-01-21 00:38:29', '2025-01-21 00:38:29'),
(222, 'Cuello', 7.50, 13.50, NULL, 72, 2, '18-G', '2025-01-21 00:39:42', '2025-01-21 00:39:42'),
(223, 'Forro Trasero', 9.50, 28.00, NULL, 72, 2, '18-I', '2025-01-21 00:41:27', '2025-01-21 00:41:27'),
(224, 'Esponja', 5.00, 22.50, NULL, 72, 2, 'Y1', '2025-01-21 00:43:04', '2025-01-21 00:43:04'),
(227, 'Pala', 28.00, 30.00, NULL, 79, 2, '22-A', '2025-01-21 00:52:15', '2025-01-21 00:52:15'),
(228, 'Lengua', 14.00, 12.00, NULL, 79, 2, '22-B', '2025-01-21 00:52:57', '2025-01-21 00:52:57'),
(229, 'Chinela', 7.50, 25.00, NULL, 79, 2, '22-C', '2025-01-21 00:53:25', '2025-01-21 00:53:25'),
(230, 'Forro Trasero', 12.00, 30.00, NULL, 79, 2, '22-D', '2025-01-21 00:54:07', '2025-01-21 00:54:07'),
(231, 'Forro Delantero', 27.00, 24.50, NULL, 79, 2, '22-E', '2025-01-21 00:54:57', '2025-01-21 00:54:57'),
(232, 'Forro Lengua', 13.00, 10.00, NULL, 79, 2, '22-B', '2025-01-21 00:55:47', '2025-01-21 00:55:47'),
(233, 'Esponja', 9.00, 23.00, NULL, 79, 2, 'Y2', '2025-01-21 00:56:17', '2025-01-21 00:56:17'),
(236, 'Paloma', 4.50, 11.50, NULL, 70, 2, '08-C', '2025-01-21 01:09:23', '2025-01-21 01:09:23'),
(237, 'Lengua', 9.50, 11.50, NULL, 70, 2, '08-D', '2025-01-21 01:10:22', '2025-01-21 01:10:22'),
(238, 'Oropal Lateral', 24.00, 10.00, NULL, 70, 4, '08-E', '2025-01-21 01:15:23', '2025-01-21 01:31:29'),
(239, 'Forro Atras', 10.50, 24.50, NULL, 70, 2, '08-F', '2025-01-21 01:16:04', '2025-01-21 01:16:04'),
(240, 'Forro Lengua', 9.50, 11.50, NULL, 70, 2, '08-D', '2025-01-21 01:17:58', '2025-01-21 01:17:58'),
(241, 'Remate', 2.00, 6.50, NULL, 70, 2, 'V1', '2025-01-21 01:18:39', '2025-01-21 01:18:39'),
(242, 'Planta', 8.00, 5.00, NULL, 70, 2, 'Planta', '2025-01-21 01:21:10', '2025-01-21 01:21:10'),
(243, 'Plantilla', 23.00, 10.00, NULL, 70, 2, 'Plantilla', '2025-01-21 01:21:40', '2025-01-21 01:21:40'),
(244, 'Poliflex', 5.00, 8.00, NULL, 70, 2, 'W2', '2025-01-21 01:27:52', '2025-01-21 01:27:52'),
(245, 'Esponja', 4.00, 19.00, NULL, 70, 2, 'Y1', '2025-01-21 01:34:04', '2025-01-21 01:34:04'),
(246, 'Floreta', 30.00, 25.00, NULL, 73, 2, '14-A', '2025-01-21 01:54:29', '2025-01-21 01:54:29'),
(247, 'Remate', 14.00, 28.00, NULL, 73, 2, '14-B', '2025-01-21 01:56:02', '2025-01-21 01:56:02'),
(248, 'Lengua', 12.00, 10.00, NULL, 73, 2, '14-C', '2025-01-21 01:57:00', '2025-01-21 01:57:00'),
(249, 'Poliflex', 15.00, 8.00, NULL, 73, 2, 'W3', '2025-01-21 01:58:04', '2025-01-21 01:58:04'),
(250, 'Forro Delantero', 18.00, 24.00, NULL, 73, 2, '14-E', '2025-01-21 01:58:55', '2025-01-21 01:58:55'),
(251, 'Forro Trasero', 20.00, 37.00, NULL, 73, 2, '14-D', '2025-01-21 02:01:08', '2025-01-21 02:01:08'),
(252, 'Floreta', 10.50, 13.50, NULL, 91, 2, '13-A', '2025-01-21 02:12:17', '2025-01-21 02:12:17'),
(253, 'Chinela', 13.50, 29.50, NULL, 91, 2, '13-B', '2025-01-21 02:13:06', '2025-01-21 02:13:06'),
(254, 'Lateral', 10.50, 14.50, NULL, 91, 4, '13-C', '2025-01-21 02:15:10', '2025-01-21 02:15:10'),
(255, 'Cuello', 7.00, 12.50, NULL, 91, 2, '13-D', '2025-01-21 02:15:55', '2025-01-21 02:15:55'),
(256, 'Lengua', 12.50, 10.50, NULL, 91, 2, '13-E', '2025-01-21 02:16:56', '2025-01-21 02:16:56'),
(257, 'Forro Lengua', 12.50, 10.50, NULL, 91, 2, '13-E', '2025-01-21 02:18:47', '2025-01-21 02:18:47'),
(258, 'Esponja', 6.00, 22.50, NULL, 91, 2, 'Y1', '2025-01-21 02:19:17', '2025-01-21 02:19:17'),
(259, 'Poliflex', 7.50, 22.00, NULL, 91, 2, 'W1', '2025-01-21 02:20:56', '2025-01-21 02:20:56'),
(260, 'Forro', 28.50, 12.30, NULL, 91, 2, '13-G', '2025-01-21 02:24:44', '2025-01-21 02:24:44'),
(261, 'Paloma (brasitos)', 13.00, 7.00, NULL, 91, 4, '13-I', '2025-01-21 02:25:36', '2025-01-21 02:25:36'),
(262, 'Talon', 18.00, 7.00, NULL, 91, 2, '13-J', '2025-01-21 02:27:24', '2025-01-21 02:27:24'),
(263, 'Oropal', 22.00, 21.00, NULL, 91, 2, 'Z1', '2025-01-21 02:28:06', '2025-01-21 02:28:06'),
(264, 'Planta', 27.00, 10.00, NULL, 91, 2, 'Planta', '2025-01-21 02:28:58', '2025-01-21 02:28:58'),
(265, 'Plantilla', 29.50, 10.00, NULL, 91, 2, 'Plantilla', '2025-01-21 02:30:41', '2025-01-21 02:30:41'),
(266, 'Pala', 27.00, 27.00, NULL, 93, 2, '19-A', '2025-01-21 02:42:25', '2025-01-21 02:42:25'),
(267, 'Chinela', 7.00, 13.00, NULL, 93, 2, '19-B', '2025-01-21 02:42:50', '2025-01-21 02:42:50'),
(268, 'Lateral', 11.00, 5.00, NULL, 93, 4, '19-C', '2025-01-21 02:45:32', '2025-01-21 02:45:32'),
(269, 'Lateral Brazitos', 10.00, 12.00, NULL, 93, 4, '19-D', '2025-01-21 02:46:32', '2025-01-21 02:46:32'),
(270, 'Cuello', 7.50, 13.50, NULL, 93, 2, '19-E', '2025-01-21 02:47:10', '2025-01-21 02:47:10'),
(271, 'Paloma', 5.00, 7.00, NULL, 93, 2, '19-G', '2025-01-21 02:51:15', '2025-01-21 02:51:15'),
(272, 'Forro Delantero', 22.00, 23.00, NULL, 93, 2, '19-H', '2025-01-21 02:52:57', '2025-01-21 02:52:57'),
(273, 'Forro Trasero', 11.50, 26.50, NULL, 93, 2, '19-I', '2025-01-21 02:54:37', '2025-01-21 02:54:37'),
(274, 'Esponja', 4.00, 19.00, NULL, 93, 2, 'Y1', '2025-01-21 02:56:42', '2025-01-21 02:56:42'),
(275, 'Poliflex', 5.00, 8.00, NULL, 93, 2, 'W2', '2025-01-21 02:57:13', '2025-01-21 02:57:13'),
(276, 'Lengua', 14.00, 10.00, NULL, 93, 2, '19-J', '2025-01-21 02:57:45', '2025-01-21 02:59:01'),
(277, 'Forro Lengua', 14.00, 10.00, NULL, 93, 2, '19-J', '2025-01-21 02:58:42', '2025-01-21 02:58:42'),
(278, 'Pala', 20.00, 24.00, NULL, 85, 2, '49-A', '2025-01-21 03:01:50', '2025-01-21 03:01:50'),
(279, 'Lateral', 17.00, 10.00, NULL, 85, 4, '49-B', '2025-01-21 03:02:30', '2025-01-21 03:02:30'),
(280, 'Vista Lateral (Sin marca)', 9.00, 5.00, NULL, 85, 4, '49-C', '2025-01-21 03:03:18', '2025-01-28 00:06:43'),
(281, 'Talon', 20.00, 11.00, NULL, 85, 2, '49-D', '2025-01-21 03:05:23', '2025-01-21 03:05:23'),
(282, 'Lengua Sup', 12.00, 12.00, NULL, 85, 2, '49-E', '2025-01-21 03:05:56', '2025-01-21 03:05:56'),
(283, 'Paloma (Talon Sup)', 25.00, 7.00, NULL, 85, 2, '49-F', '2025-01-21 03:06:40', '2025-01-21 03:06:40'),
(284, 'Chinela', 10.50, 27.00, NULL, 85, 2, '49-G', '2025-01-21 03:07:14', '2025-01-21 03:07:14'),
(285, 'Lengua Baja', 8.00, 10.00, NULL, 85, 2, '49-H', '2025-01-21 03:08:03', '2025-01-21 03:08:03'),
(286, 'Esponja Paloma', 20.00, 6.00, NULL, 85, 2, '49-I', '2025-01-21 03:47:16', '2025-01-21 03:47:16'),
(287, 'Esponja Lengua', 18.00, 12.00, NULL, 85, 2, '49-J', '2025-01-21 03:47:52', '2025-01-21 03:47:52'),
(288, 'Forro Lengua', 18.00, 12.00, NULL, 85, 2, '49-J', '2025-01-21 03:48:23', '2025-01-24 01:14:07'),
(289, 'Forro Floreta', 17.00, 22.00, NULL, 85, 2, '22-A', '2025-01-21 03:48:50', '2025-01-24 00:31:47'),
(290, 'Forro Talon', 19.00, 37.00, NULL, 85, 2, '49-M', '2025-01-21 03:49:34', '2025-01-21 03:49:34'),
(293, 'Refuerzo Lateral', 9.00, 16.00, NULL, 85, 4, '49-N', '2025-01-21 03:53:47', '2025-01-21 03:53:47'),
(294, 'Refuerzo Pala', 20.00, 22.00, NULL, 85, 2, '49-A', '2025-01-21 03:54:32', '2025-01-21 03:54:32'),
(295, 'Refuerzo Talon', 19.00, 10.00, NULL, 85, 2, '49-O', '2025-01-21 03:54:58', '2025-01-21 03:54:58'),
(296, 'Refuerzo Vista Lateral', 9.00, 5.00, NULL, 85, 4, '49-C', '2025-01-21 04:04:11', '2025-01-28 00:08:06'),
(297, 'Pala', 20.00, 23.00, NULL, 94, 2, '20-A', '2025-01-21 04:13:33', '2025-01-21 04:13:33'),
(298, 'Chinela', 14.00, 31.00, NULL, 94, 2, '20-B', '2025-01-21 04:15:07', '2025-01-21 04:15:07'),
(299, 'Cuello Alto', 3.00, 5.00, NULL, 94, 4, '20-C', '2025-01-21 04:15:39', '2025-01-21 04:15:39'),
(300, 'Lateral Trasero (Brasito)', 10.00, 10.00, NULL, 94, 4, '20-E', '2025-01-21 04:16:56', '2025-01-21 04:16:56'),
(301, 'Cuello Bajo', 6.00, 7.00, NULL, 94, 2, '20-D', '2025-01-21 04:20:40', '2025-01-21 04:20:40'),
(302, 'Cuello', 13.00, 8.00, NULL, 94, 2, '20-F', '2025-01-21 04:21:38', '2025-01-21 04:21:38'),
(303, 'Paloma', 9.00, 12.00, NULL, 94, 2, '20-G', '2025-01-21 04:23:24', '2025-01-21 04:23:24'),
(304, 'Remate (talon)', 7.50, 10.50, NULL, 94, 2, '20-H', '2025-01-21 04:25:32', '2025-01-21 04:25:32'),
(305, 'Forro Delantero (Suaje Up)', 21.00, 18.50, NULL, 94, 2, '22-E', '2025-01-21 04:26:43', '2025-01-21 04:26:43'),
(306, 'Lengua', 11.00, 13.50, NULL, 94, 2, '20-I', '2025-01-21 04:33:02', '2025-01-21 04:33:02'),
(307, 'Vista Remate', 6.00, 7.00, NULL, 94, 4, '20-J', '2025-01-21 04:34:39', '2025-01-21 04:34:39'),
(308, 'Vista Chinela', 5.00, 10.00, NULL, 94, 2, '20-K', '2025-01-21 04:37:05', '2025-01-21 04:37:05'),
(309, 'Forro Trasero', 11.50, 28.00, NULL, 94, 2, '20-L', '2025-01-21 04:39:18', '2025-01-21 04:39:18'),
(310, 'Poliflex', 6.00, 24.00, NULL, 94, 2, 'W1', '2025-01-21 04:44:19', '2025-01-21 04:44:19'),
(311, 'Esponja', 7.50, 21.00, NULL, 94, 2, 'Y2', '2025-01-21 04:45:09', '2025-01-21 04:45:09'),
(312, 'Planta', 27.00, 10.00, NULL, 94, 2, 'Planta', '2025-01-21 04:45:47', '2025-01-21 04:45:47'),
(313, 'Plantilla', 29.50, 10.00, NULL, 94, 2, 'Plantilla', '2025-01-21 04:46:34', '2025-01-21 04:46:34'),
(314, 'Pala', 20.00, 23.00, NULL, 95, 2, '20-A', '2025-01-21 04:49:43', '2025-01-21 04:49:43'),
(315, 'Chinela', 16.00, 31.00, NULL, 95, 2, '20-B.1', '2025-01-21 04:51:14', '2025-01-21 04:51:14'),
(316, 'Cuello Alto', 3.00, 5.00, NULL, 95, 4, '20-C', '2025-01-21 04:52:05', '2025-01-21 04:52:05'),
(317, 'Cuello Bajo', 6.00, 7.00, NULL, 95, 2, '20-D', '2025-01-21 04:52:50', '2025-01-21 04:52:50'),
(318, 'Lateral Trasero (Brasito)', 10.00, 10.00, NULL, 95, 4, '20-E', '2025-01-21 04:53:28', '2025-01-21 04:53:28'),
(319, 'Cuello', 13.00, 8.00, NULL, 95, 2, '20-F', '2025-01-21 04:54:03', '2025-01-21 04:54:03'),
(320, 'Paloma', 9.00, 12.00, NULL, 95, 2, '20-G', '2025-01-21 04:54:32', '2025-01-21 04:54:32'),
(321, 'Remate (Talon)', 7.50, 10.50, NULL, 95, 2, '20-H', '2025-01-21 04:55:19', '2025-01-21 04:55:19'),
(322, 'Forro Delantero (Suaje Up)', 21.00, 18.50, NULL, 95, 4, '22-E', '2025-01-21 04:56:14', '2025-01-21 05:00:56'),
(323, 'Lengua', 11.00, 13.50, NULL, 95, 2, '20-I', '2025-01-21 04:56:51', '2025-01-21 04:56:51'),
(324, 'Vista Remate', 6.00, 7.00, NULL, 95, 4, '20-J', '2025-01-21 04:58:05', '2025-01-21 04:58:05'),
(325, 'Vista Chinela', 5.00, 10.00, NULL, 95, 2, '20-K', '2025-01-21 04:59:01', '2025-01-21 04:59:01'),
(326, 'Forro trasero', 11.50, 28.00, NULL, 95, 2, '20-L', '2025-01-21 05:04:05', '2025-01-21 05:04:05'),
(327, 'Planta', 27.00, 10.00, NULL, 75, 2, 'Planta', '2025-01-21 20:14:15', '2025-01-21 20:14:15'),
(328, 'Pala', 30.00, 28.00, NULL, 75, 2, '22-A', '2025-01-22 04:40:48', '2025-01-22 04:47:40'),
(329, 'Pala', 31.00, 23.00, NULL, 90, 2, '56-A', '2025-01-24 02:04:32', '2025-01-24 02:04:32'),
(330, 'Refuerzo Pala', 22.00, 23.00, NULL, 90, 2, '56-A', '2025-01-24 02:19:43', '2025-01-24 04:04:40'),
(331, 'Floreta', 22.00, 13.00, NULL, 96, 2, '57-A', '2025-01-24 05:05:55', '2025-01-24 05:05:55'),
(332, 'Lengua', 18.00, 12.00, NULL, 96, 2, '57-B', '2025-01-24 05:06:21', '2025-01-24 05:06:21'),
(333, 'Lateral', 14.00, 19.00, NULL, 96, 4, '57-C', '2025-01-24 05:08:09', '2025-01-24 05:08:09'),
(334, 'Chinela', 24.00, 11.00, NULL, 96, 2, '57-D', '2025-01-24 05:08:33', '2025-01-24 05:08:33'),
(336, 'Cuello', 6.00, 5.00, NULL, 96, 4, '57-F', '2025-01-24 05:11:18', '2025-01-24 05:11:18'),
(338, 'Paloma', 14.00, 5.00, NULL, 96, 4, '57-H', '2025-01-24 05:12:34', '2025-01-24 05:12:34'),
(339, 'Cuello Bajo', 9.00, 4.00, NULL, 96, 2, '57-I', '2025-01-24 05:13:53', '2025-01-24 05:13:53'),
(340, 'Forro Talon', 15.00, 35.00, NULL, 96, 2, '57-J', '2025-01-24 05:14:36', '2025-01-24 05:14:36'),
(341, 'Forro Floreta', 21.00, 17.00, NULL, 96, 2, '57-K', '2025-01-24 05:15:21', '2025-01-24 05:15:21'),
(342, 'Forro Lengua', 18.00, 12.00, NULL, 96, 2, '57-L', '2025-01-24 05:16:29', '2025-01-24 05:16:29'),
(343, 'Refuerzo Floreta', 22.00, 13.00, NULL, 96, 2, '57-M', '2025-01-24 05:17:03', '2025-01-24 05:17:03'),
(344, 'Refuerzo Lateral', 14.00, 19.00, NULL, 96, 4, '57-N', '2025-01-24 05:17:35', '2025-01-24 05:17:44'),
(345, 'Esponja', 25.00, 7.00, NULL, 96, 2, 'Y2', '2025-01-24 05:18:20', '2025-01-24 05:18:20'),
(348, 'Vista lateral (Con marca)', 9.00, 5.00, NULL, 85, 2, '49-C', '2025-01-28 00:07:46', '2025-01-28 00:07:46'),
(349, 'Pala', 30.00, 28.00, NULL, 83, 2, '40-A', '2025-01-28 06:05:28', '2025-01-28 06:10:44'),
(350, 'Lengua', 12.00, 14.00, NULL, 83, 2, '22-B', '2025-01-28 06:07:41', '2025-01-28 06:10:52'),
(351, 'Forro Lengua', 12.00, 14.00, NULL, 83, 2, '22-B', '2025-01-28 06:08:25', '2025-01-28 06:08:25'),
(352, 'Forro floreta', 27.00, 24.00, NULL, 83, 2, '39-M', '2025-01-28 06:10:14', '2025-01-28 06:10:14'),
(353, 'Forro talon', 13.00, 26.00, NULL, 83, 2, '39-N', '2025-01-28 06:11:47', '2025-01-28 06:11:47'),
(354, 'Esponja', 23.00, 9.00, NULL, 83, 2, 'Y-3', '2025-01-28 06:12:24', '2025-01-28 06:12:24'),
(355, 'Refuerzo pala', 30.00, 28.00, NULL, 83, 2, '40-A', '2025-01-28 06:13:15', '2025-01-28 06:13:15'),
(356, 'Cintilla', 1.00, 15.00, NULL, 83, 2, 'Tijera', '2025-01-28 06:14:15', '2025-01-28 06:14:15'),
(357, 'Planta', 27.00, 10.00, NULL, 83, 2, 'Planta', '2025-01-28 20:18:48', '2025-01-28 20:18:48'),
(358, 'Plantilla', 29.50, 10.00, NULL, 83, 2, 'Plantilla', '2025-01-28 20:19:13', '2025-01-28 20:19:13'),
(359, 'Pala', 28.00, 30.00, NULL, 97, 2, '58-A', '2025-01-28 20:31:48', '2025-01-28 20:31:48'),
(360, 'Refuerzo', 23.00, 35.00, NULL, 97, 3, '58-B', '2025-01-28 20:33:26', '2025-01-28 20:33:26'),
(361, 'Poliflex cuello', 16.00, 8.50, NULL, 97, 2, '58-C', '2025-01-28 20:35:18', '2025-01-28 20:35:18'),
(362, 'Lengua', 14.83, 14.83, NULL, 97, 2, '58-D', '2025-01-28 20:36:37', '2025-01-28 20:36:37'),
(363, 'Forro lengua', 12.00, 30.00, NULL, 97, 2, '58-D', '2025-01-28 20:41:12', '2025-01-28 20:41:12'),
(364, 'Talon', 10.00, 19.00, NULL, 97, 2, '58-E', '2025-01-28 20:43:19', '2025-01-28 20:43:19'),
(365, 'Forro trasero', 12.00, 30.00, NULL, 97, 2, '58-F', '2025-01-28 20:43:47', '2025-01-28 20:43:47'),
(366, 'Forro delantero', 27.00, 24.50, NULL, 97, 2, '58-G', '2025-01-28 20:48:51', '2025-01-28 20:48:51'),
(367, 'Cintilla 16 mm', 19.00, 1.00, NULL, 97, 2, 'Tijera', '2025-01-28 20:51:43', '2025-01-28 20:51:43'),
(368, 'Cintilla 10 mm', 1.00, 5.00, NULL, 97, 2, 'Tijera', '2025-01-28 20:52:06', '2025-01-28 20:52:06'),
(369, 'Esponja', 15.81, 15.81, NULL, 97, 2, 'Y-3', '2025-01-28 20:57:05', '2025-01-28 20:57:05'),
(370, 'Planta', 27.50, 10.00, NULL, 97, 2, 'Planta', '2025-01-28 20:57:37', '2025-01-28 20:58:43'),
(371, 'Plantilla', 29.50, 10.00, NULL, 97, 2, 'Plantilla', '2025-01-28 20:58:00', '2025-01-28 20:58:00'),
(372, 'Floreta malla', 15.00, 14.00, NULL, 87, 2, '59-A', '2025-01-28 21:07:40', '2025-01-28 21:07:40'),
(373, 'Lateral malla', 18.00, 13.00, NULL, 87, 4, '59-B', '2025-01-28 21:08:16', '2025-01-28 21:08:16'),
(374, 'Lengua', 11.00, 15.00, NULL, 87, 2, '59-C', '2025-01-28 21:22:53', '2025-01-28 21:22:53'),
(375, 'Chinela baja', 10.00, 30.00, NULL, 87, 2, '59-D', '2025-01-28 21:23:19', '2025-01-28 21:23:19'),
(376, 'Chinela alta', 11.00, 10.00, NULL, 87, 2, '59-E', '2025-01-28 21:25:07', '2025-01-28 21:25:07'),
(377, 'Cuello', 13.00, 9.00, NULL, 87, 2, '59-F', '2025-01-28 21:25:30', '2025-01-28 21:25:30'),
(378, 'Lateral', 13.00, 15.00, NULL, 87, 4, '59-G', '2025-01-28 21:26:17', '2025-01-28 21:26:17'),
(379, 'Talon', 7.00, 19.00, NULL, 87, 2, '59-H', '2025-01-28 21:27:00', '2025-01-28 21:27:00'),
(380, 'Paloma', 11.00, 5.00, NULL, 87, 2, '59-I', '2025-01-28 21:27:24', '2025-01-28 21:27:24'),
(381, 'Forro talon', 14.00, 26.00, NULL, 87, 2, '59-J', '2025-01-28 21:28:50', '2025-01-28 21:28:50'),
(382, 'Forro floreta', 22.00, 23.00, NULL, 87, 3, '59-K', '2025-01-28 21:30:25', '2025-01-28 21:30:25'),
(383, 'Forro Lengua', 11.00, 15.00, NULL, 87, 2, '59-L', '2025-01-28 21:31:44', '2025-01-28 21:31:44'),
(384, 'Esponja talon', 7.00, 22.00, NULL, 87, 2, 'Y-2', '2025-01-28 21:54:25', '2025-01-28 21:54:25'),
(385, 'Esponja lengua', 16.00, 12.00, NULL, 87, 2, '59-M', '2025-01-28 21:57:13', '2025-01-28 21:57:13'),
(386, 'Pala malla', 28.00, 31.00, NULL, 98, 2, '54-A', '2025-01-28 22:11:21', '2025-01-28 22:11:21'),
(387, 'Lengua', 16.00, 12.00, NULL, 98, 2, '54-B', '2025-01-28 22:11:42', '2025-01-28 22:11:42'),
(388, 'Talon', 9.00, 14.00, NULL, 98, 2, '54-C', '2025-01-28 22:13:46', '2025-01-28 22:13:46'),
(389, 'Chinela', 24.00, 17.00, NULL, 98, 2, '54-D', '2025-01-28 22:14:19', '2025-01-28 22:14:19'),
(390, 'Cuello', 15.00, 20.00, NULL, 98, 2, '54-E', '2025-01-28 22:14:48', '2025-01-28 22:14:48'),
(391, 'Pala eva', 28.00, 31.00, NULL, 98, 2, '54-F', '2025-01-28 22:15:17', '2025-01-28 22:15:17'),
(392, 'Paloma', 4.00, 11.00, NULL, 98, 2, '54-G', '2025-01-28 22:16:08', '2025-01-28 22:16:08'),
(393, 'Lateral', 5.00, 20.00, NULL, 98, 4, '54-H', '2025-01-28 22:17:43', '2025-01-28 22:17:43'),
(394, 'Esponja', 6.00, 25.00, NULL, 98, 2, '54-I', '2025-01-28 22:21:57', '2025-01-28 22:21:57'),
(395, 'Forro lengua', 16.00, 12.00, NULL, 98, 2, '54-J', '2025-01-28 22:22:34', '2025-01-28 22:22:34'),
(396, 'Forro talon', 14.00, 30.00, NULL, 98, 2, '54-K', '2025-01-28 22:23:10', '2025-01-28 22:23:10'),
(397, 'Forro floreta', 25.00, 25.00, NULL, 98, 2, '54-L', '2025-01-28 22:24:56', '2025-01-28 22:24:56'),
(398, 'Planta', 27.00, 10.00, NULL, 98, 2, 'Planta', '2025-01-28 22:27:17', '2025-01-28 22:27:17'),
(399, 'Plantilla', 29.50, 10.00, NULL, 98, 2, 'Plantilla', '2025-01-28 22:28:18', '2025-01-28 22:28:18'),
(400, 'Refuerzo cuello', 12.00, 16.00, NULL, 99, 4, '61-A', '2025-01-29 00:02:22', '2025-01-29 00:02:22'),
(401, 'Lengua', 18.00, 18.00, NULL, 99, 2, '61-B', '2025-01-29 00:03:10', '2025-01-29 00:03:10'),
(402, 'Paloma', 10.00, 29.00, NULL, 99, 2, '61-C', '2025-01-29 00:05:04', '2025-01-29 00:05:04'),
(403, 'Forro talon', 19.00, 43.00, NULL, 99, 2, '61-D', '2025-01-29 00:06:12', '2025-01-29 00:06:12'),
(404, 'Forro lengua', 17.00, 14.00, NULL, 99, 2, '61-E', '2025-01-29 00:06:35', '2025-01-29 00:06:35'),
(405, 'Oropal floreta', 18.00, 22.00, NULL, 99, 2, '61-F', '2025-01-29 00:07:07', '2025-01-29 00:07:07'),
(406, 'Esponja talon', 9.00, 25.00, NULL, 99, 2, '61-G', '2025-01-29 00:07:35', '2025-01-29 00:07:35'),
(407, 'Esponja lengua', 16.00, 12.00, NULL, 99, 2, '61-H', '2025-01-29 00:08:46', '2025-01-29 00:08:46'),
(410, 'Pala malla', 25.00, 25.00, NULL, 100, 2, '49-A', '2025-01-30 00:32:38', '2025-01-30 00:32:38'),
(411, 'Lengua', 13.00, 15.00, NULL, 100, 2, '49-B', '2025-01-30 00:33:13', '2025-01-30 00:33:13'),
(412, 'Talon', 9.00, 19.00, NULL, 100, 2, '49-C', '2025-01-30 00:33:46', '2025-01-30 00:33:46'),
(413, 'Chinela', 23.00, 18.00, NULL, 100, 2, '49-D', '2025-01-30 00:34:13', '2025-01-30 00:34:13'),
(414, 'Cuello', 8.00, 14.00, NULL, 100, 2, '49-E', '2025-01-30 00:34:37', '2025-01-30 00:34:37'),
(415, 'Pala eva', 25.00, 25.00, NULL, 100, 2, '49-F', '2025-01-30 00:35:14', '2025-01-30 00:35:14'),
(416, 'Paloma', 2.00, 10.00, NULL, 100, 2, '49-G', '2025-01-30 00:35:35', '2025-01-30 00:36:27'),
(417, 'Tiras', 12.00, 1.00, NULL, 100, 16, '49-H', '2025-01-30 00:36:18', '2025-01-30 00:36:18'),
(418, 'Esponja', 6.00, 25.00, NULL, 100, 2, '49-I', '2025-01-30 00:40:58', '2025-01-30 00:40:58'),
(419, 'Forro lengua', 13.00, 15.00, NULL, 100, 2, '49-K', '2025-01-30 00:41:40', '2025-01-30 00:41:40'),
(420, 'Forro talon', 14.00, 30.00, NULL, 100, 2, '49-L', '2025-01-30 00:42:15', '2025-01-30 00:42:15'),
(421, 'Forro floreta', 25.00, 26.00, NULL, 100, 2, '49-M', '2025-01-30 00:42:49', '2025-01-30 00:42:49'),
(422, 'Planta', 27.00, 10.00, NULL, 100, 2, 'Planta', '2025-01-30 00:44:05', '2025-01-30 00:44:05'),
(423, 'Plantilla', 29.50, 10.00, NULL, 100, 2, 'Plantilla', '2025-01-30 00:44:19', '2025-01-30 00:44:19'),
(424, 'Chinela', 10.00, 28.00, NULL, 101, 2, '52-A', '2025-01-30 00:47:43', '2025-01-30 00:47:43'),
(425, 'Lengua', 10.00, 12.00, NULL, 101, 2, '52-B', '2025-01-30 00:48:08', '2025-01-30 00:48:08'),
(426, 'Floreta', 12.00, 11.00, NULL, 101, 2, '52-C', '2025-01-30 00:48:30', '2025-01-30 00:48:30'),
(427, 'Lateral', 11.00, 17.00, NULL, 101, 4, '52-D', '2025-01-30 00:48:54', '2025-01-30 00:48:54'),
(428, 'Paloma', 7.00, 6.00, NULL, 101, 2, '52-E', '2025-01-30 00:49:28', '2025-01-30 00:49:28'),
(429, 'Cuello', 15.00, 4.00, NULL, 101, 4, '52-F', '2025-01-30 00:50:08', '2025-01-30 00:50:08'),
(430, 'Talon', 21.00, 8.00, NULL, 101, 2, '52-G', '2025-01-30 00:50:37', '2025-01-30 00:50:37'),
(431, 'Forro floreta', 19.00, 13.00, NULL, 101, 2, '52-H', '2025-01-30 00:51:02', '2025-01-30 00:51:02'),
(432, 'Forro lengua', 10.00, 12.00, NULL, 101, 2, '52-I', '2025-01-30 00:51:55', '2025-01-30 00:51:55'),
(433, 'Forro talon', 12.00, 28.00, NULL, 101, 2, '52-J', '2025-01-30 00:52:40', '2025-01-30 00:52:40'),
(434, 'Refuerzo lateral', 11.00, 18.00, NULL, 101, 4, '52-K', '2025-01-30 00:53:28', '2025-01-30 00:53:28'),
(435, 'Esponja', 18.00, 12.00, NULL, 101, 2, '52-L', '2025-01-30 00:57:04', '2025-01-30 00:57:56'),
(436, 'Tiras laterales', 10.00, 1.00, NULL, 101, 16, '52-M', '2025-01-30 00:57:44', '2025-01-30 00:58:12'),
(437, 'Refuerzo chinela', 6.00, 24.00, NULL, 101, 2, '52-N', '2025-01-30 00:58:58', '2025-01-30 00:58:58'),
(438, 'Planta', 27.00, 10.00, NULL, 101, 2, 'Planta', '2025-01-30 00:59:52', '2025-01-30 00:59:52'),
(439, 'Plantilla', 29.50, 10.00, NULL, 101, 2, 'Plantilla', '2025-01-30 01:00:34', '2025-01-30 01:00:34'),
(440, 'Pala malla', 35.00, 33.00, NULL, 102, 2, '50-A', '2025-01-30 01:06:26', '2025-01-30 01:06:26'),
(441, 'Forro completo', 35.00, 33.00, NULL, 102, 2, '50-B', '2025-01-30 01:07:04', '2025-01-30 01:07:04'),
(442, 'Forro delantero', 35.00, 33.00, NULL, 102, 2, '50-C', '2025-01-30 01:07:27', '2025-01-30 01:07:27'),
(443, 'Talon', 10.00, 19.00, NULL, 102, 2, '50-D', '2025-01-30 01:07:54', '2025-01-30 01:07:54'),
(444, 'Cintilla 10 mm', 1.00, 10.00, NULL, 102, 2, 'X', '2025-01-30 01:09:15', '2025-01-30 01:20:42'),
(445, 'Cintilla 16 mm', 1.00, 6.00, NULL, 102, 2, 'X', '2025-01-30 01:12:49', '2025-01-30 01:20:55'),
(448, 'Lateral', 10.50, 25.00, NULL, 103, 4, '48-A', '2025-01-30 01:30:34', '2025-01-30 01:31:58'),
(449, 'Lengua', 10.50, 12.00, NULL, 103, 2, '48-B', '2025-01-30 01:31:10', '2025-01-30 01:31:10'),
(450, 'Floreta', 15.50, 10.50, NULL, 103, 2, '48-C', '2025-01-30 01:31:49', '2025-01-30 01:31:49'),
(451, 'Paloma larga', 29.00, 8.00, NULL, 103, 2, '48-D', '2025-01-30 01:32:53', '2025-01-30 01:34:57'),
(452, 'Paloma corta', 7.00, 5.00, NULL, 103, 2, '48-E', '2025-01-30 01:33:20', '2025-01-30 01:35:11'),
(453, 'Talon superior', 6.00, 16.00, NULL, 103, 2, '48-F', '2025-01-30 01:33:44', '2025-01-30 01:35:54'),
(454, 'Talon inferior', 5.00, 14.00, NULL, 103, 2, '48-G', '2025-01-30 01:34:19', '2025-01-30 01:36:04'),
(455, 'Forro atras', 26.50, 10.00, NULL, 103, 2, '48-H', '2025-01-30 01:34:46', '2025-01-30 01:34:46'),
(456, 'Forro lengua', 12.00, 10.50, NULL, 103, 2, '49-I', '2025-01-30 01:37:02', '2025-01-30 01:37:02'),
(457, 'Oropal lateral', 25.00, 10.00, NULL, 103, 4, '49-J', '2025-01-30 02:07:53', '2025-01-30 02:23:24'),
(458, 'Oropal floreta', 15.50, 10.50, NULL, 103, 2, '49-K', '2025-01-30 02:10:15', '2025-01-30 02:10:15'),
(459, 'Poliflex', 8.00, 5.00, NULL, 103, 2, 'W2', '2025-01-30 02:12:58', '2025-01-30 02:22:11'),
(460, 'Esponja', 19.00, 4.00, NULL, 103, 2, 'Y1', '2025-01-30 02:21:40', '2025-01-30 02:21:40'),
(461, 'Planta', 29.00, 10.00, NULL, 103, 2, 'Planta', '2025-01-30 02:23:49', '2025-01-30 02:23:49'),
(462, 'Plantilla', 29.50, 10.00, NULL, 103, 2, 'Plantilla', '2025-01-30 02:24:22', '2025-01-30 02:24:22'),
(463, 'Pala malla', 30.00, 28.00, NULL, 104, 2, '47-A', '2025-01-30 02:28:16', '2025-01-30 02:28:16'),
(464, 'Forro delantero', 15.50, 19.50, NULL, 104, 2, '47-B', '2025-01-30 02:28:47', '2025-01-30 02:28:47'),
(465, 'Talon', 12.00, 11.00, NULL, 104, 2, '47-C', '2025-01-30 02:30:10', '2025-02-27 08:36:49'),
(467, 'Cintilla 16 mm', 1.00, 6.00, NULL, 104, 2, 'X', '2025-01-30 02:32:45', '2025-01-30 02:32:45'),
(470, '1.Floreta', 25.00, 30.00, NULL, 105, 2, '46-A', '2025-01-30 02:37:49', '2025-03-05 04:58:43'),
(471, '3.Remate', 14.00, 28.00, NULL, 105, 2, '46-B', '2025-01-30 02:39:34', '2025-03-05 04:59:14'),
(472, '2.Lengua', 12.00, 10.00, NULL, 105, 2, '46-C', '2025-01-30 05:58:01', '2025-03-05 04:59:00'),
(473, 'Celaste', 5.00, 15.00, NULL, 88, 2, 'C1', '2025-01-30 22:06:40', '2025-01-30 22:06:40'),
(474, 'Celaste', 5.00, 15.00, NULL, 85, 2, 'C1', '2025-01-30 22:19:23', '2025-01-30 22:19:23'),
(475, 'Cintilla agujeta', 1.00, 8.00, NULL, 85, 16, 'X', '2025-02-04 04:01:01', '2025-02-04 04:06:36'),
(476, 'Cintilla jaladera', 1.00, 10.00, NULL, 85, 2, 'X', '2025-02-04 04:07:03', '2025-02-04 04:07:03'),
(477, 'Celaste', 5.00, 15.00, NULL, 72, 2, 'Celaste', '2025-02-11 23:56:24', '2025-02-11 23:56:24'),
(478, 'Lateral', 21.00, 16.00, NULL, 106, 4, '31-A', '2025-02-13 01:28:00', '2025-02-13 01:28:00'),
(479, 'Floreta', 23.00, 12.50, NULL, 106, 2, '31-B', '2025-02-13 01:28:59', '2025-02-13 01:28:59'),
(480, 'Chinela', 17.00, 10.50, NULL, 106, 2, '31-C', '2025-02-13 01:29:48', '2025-02-13 01:29:48'),
(481, 'Forro talon', 38.50, 18.00, NULL, 106, 2, '31-D', '2025-02-13 01:30:28', '2025-02-13 01:30:28'),
(482, 'Forro floreta', 16.50, 23.00, NULL, 106, 2, '31-E', '2025-02-13 01:35:09', '2025-02-13 01:35:09'),
(483, 'Celaste', 5.00, 15.00, NULL, 106, 2, 'Celaste', '2025-02-13 01:35:28', '2025-02-13 01:35:28'),
(484, 'Cintilla talon', 15.00, 1.00, NULL, 106, 2, 'X', '2025-02-13 01:36:58', '2025-02-13 01:36:58'),
(485, 'Bies elastico', 40.00, 1.00, NULL, 106, 2, 'x', '2025-02-13 01:37:26', '2025-02-13 01:37:26'),
(486, 'Planta', 27.00, 10.00, NULL, 106, 2, 'Planta', '2025-02-13 01:37:48', '2025-02-13 01:37:48'),
(487, 'Plantilla', 27.00, 11.00, NULL, 106, 2, 'Plantilla', '2025-02-13 01:38:04', '2025-02-13 01:38:04'),
(488, 'Pala', 30.00, 28.00, NULL, 80, 2, '40-A', '2025-02-13 01:52:57', '2025-02-13 01:52:57'),
(489, 'Refuerzo', 27.00, 24.00, NULL, 80, 2, '40-B', '2025-02-13 01:54:05', '2025-02-13 01:54:05'),
(490, 'Lengua', 17.00, 10.00, NULL, 80, 2, '40-C', '2025-02-13 01:55:37', '2025-02-13 01:55:37'),
(491, 'Talon', 18.00, 11.00, NULL, 80, 2, '40-D', '2025-02-13 01:56:24', '2025-02-13 01:56:24'),
(492, 'Forro tracero', 13.00, 26.00, NULL, 80, 2, '40-E', '2025-02-13 01:57:24', '2025-02-13 01:57:24'),
(493, 'Forro delantero', 27.00, 24.00, NULL, 80, 2, '40-F', '2025-02-13 02:00:22', '2025-02-13 02:00:22'),
(494, 'Forro lengua', 10.00, 17.00, NULL, 80, 2, '40-C', '2025-02-13 02:00:59', '2025-02-13 02:00:59'),
(495, 'Cintilla', 5.00, 1.00, NULL, 80, 2, 'X', '2025-02-13 02:02:16', '2025-02-13 02:02:16'),
(496, 'Esponja', 5.00, 20.00, NULL, 80, 2, '40-G', '2025-02-13 02:03:01', '2025-02-13 02:03:01'),
(499, 'Celaste', 5.00, 15.00, NULL, 80, 2, 'Celaste', '2025-02-13 02:05:12', '2025-02-13 02:05:12'),
(500, 'Celaste', 5.00, 15.00, NULL, 95, 2, 'Celaste', '2025-02-18 02:18:05', '2025-02-18 02:18:05'),
(503, 'Celaste', 5.00, 15.00, NULL, 75, 2, 'Celaste', '2025-02-18 02:41:20', '2025-02-18 02:41:20'),
(504, 'Celaste', 5.00, 15.00, NULL, 90, 2, 'Celaste', '2025-02-18 02:52:48', '2025-02-18 02:52:48'),
(505, 'Pasa agujetas', 5.00, 1.00, NULL, 90, 16, 'X', '2025-02-19 03:20:54', '2025-02-19 03:20:54'),
(506, 'Celaste', 5.00, 15.00, NULL, 78, 2, 'Celaste', '2025-02-19 05:00:51', '2025-02-19 05:00:51'),
(507, '4.Paloma', 11.00, 5.50, NULL, 105, 2, '46-D', '2025-03-05 04:58:26', '2025-03-05 04:58:26'),
(508, '5.Triangulo floreta', 3.00, 3.00, NULL, 105, 2, '46-E', '2025-03-05 04:59:53', '2025-03-05 04:59:53'),
(509, '6.Forro talon', 37.00, 20.00, NULL, 105, 2, '46-F', '2025-03-05 05:00:34', '2025-03-05 05:00:34'),
(510, '7.Forro floreta', 24.00, 18.00, NULL, 105, 2, '46-G', '2025-03-05 05:01:15', '2025-03-05 05:01:15'),
(511, '8.Cintilla', 80.00, 1.00, NULL, 105, 1, 'X', '2025-03-05 05:02:03', '2025-03-05 05:02:03'),
(512, 'Pala', 28.00, 30.00, NULL, 81, 2, '43-A', '2025-03-11 00:05:00', '2025-03-11 00:05:00'),
(513, 'Refuerzo', 30.00, 37.50, NULL, 81, 2, '43-A', '2025-03-11 00:08:28', '2025-03-11 00:08:28'),
(514, 'Poliflex cuello', 18.80, 10.00, NULL, 81, 2, '43-B', '2025-03-11 00:09:11', '2025-03-11 00:09:11'),
(515, 'Lengua', 22.00, 10.00, NULL, 81, 2, '43-C', '2025-03-11 00:09:59', '2025-03-11 00:09:59'),
(516, 'Forro Lengua', 22.00, 10.00, NULL, 81, 2, '43-C', '2025-03-11 00:10:31', '2025-03-11 00:10:31'),
(517, 'Talon', 19.00, 10.00, NULL, 81, 2, '43-D', '2025-03-11 00:12:00', '2025-03-11 00:12:00'),
(518, 'Forro talon', 30.00, 12.00, NULL, 81, 2, '43-E', '2025-03-11 00:13:05', '2025-03-11 00:13:05'),
(519, 'Forro floreta', 24.50, 27.00, NULL, 81, 2, '43-F', '2025-03-11 00:13:43', '2025-03-11 00:13:43'),
(520, 'Cintilla talon', 5.00, 1.00, NULL, 81, 2, 'X', '2025-03-11 00:14:14', '2025-03-11 00:14:14'),
(521, 'Esponja', 25.00, 10.00, NULL, 81, 2, '43-G', '2025-03-11 00:23:21', '2025-03-11 00:23:21'),
(522, 'Cintilla talon', 5.00, 1.00, NULL, 79, 2, 'X', '2025-03-11 00:31:47', '2025-03-11 00:31:47'),
(523, 'Esponja lengua', 11.00, 9.00, NULL, 69, 2, '08-D', '2025-03-11 04:43:47', '2025-03-11 04:43:47'),
(524, 'Celaste', 5.00, 15.00, NULL, 69, 2, 'Celaste', '2025-03-11 04:50:44', '2025-03-11 04:50:44'),
(525, 'Celaste', 5.00, 15.00, NULL, 87, 2, 'Celaste', '2025-03-11 05:24:33', '2025-03-11 05:24:33'),
(527, 'Refuerzo lateral', 13.00, 8.00, NULL, 86, 4, '51-B', '2025-03-18 22:48:08', '2025-03-18 22:48:08'),
(528, '1. Floreta', 25.00, 30.00, NULL, 107, 2, '14-A', '2025-03-21 02:27:52', '2025-03-21 02:30:20'),
(529, '2. Remate', 28.00, 14.00, NULL, 107, 2, '14-B', '2025-03-21 02:28:48', '2025-03-21 02:28:48'),
(530, '3. Lengua', 10.00, 12.00, NULL, 107, 2, '14-C', '2025-03-21 02:29:17', '2025-03-21 02:29:17'),
(531, '4. Forro floreta', 27.00, 20.00, NULL, 107, 2, '14-D', '2025-03-21 02:30:09', '2025-03-21 02:30:09'),
(532, '5. Forro talon', 24.00, 18.00, NULL, 107, 2, '14-E', '2025-03-21 02:31:17', '2025-03-21 02:31:17'),
(533, '6. Cintilla', 15.00, 1.00, NULL, 107, 2, 'X', '2025-03-21 02:32:04', '2025-03-21 02:32:04'),
(534, '7. Contrafuerte', 5.00, 15.00, NULL, 107, 2, 'Celaste', '2025-03-21 02:33:15', '2025-03-21 02:33:15'),
(535, 'Pala', 22.00, 24.00, NULL, 108, 2, '39-A', '2025-03-21 05:11:40', '2025-03-21 05:14:11'),
(537, 'Chinela', 15.00, 20.00, NULL, 108, 2, '39-C', '2025-03-21 05:13:29', '2025-03-21 05:14:01'),
(538, 'Vivo floreta', 5.00, 8.00, NULL, 108, 2, '39-D', '2025-03-21 05:15:01', '2025-03-21 05:15:01'),
(539, 'Lateral', 8.00, 16.00, NULL, 108, 4, '39-E', '2025-03-21 05:16:32', '2025-03-21 05:16:32'),
(540, 'Lateral frontal', 7.00, 13.00, NULL, 108, 4, '39-F', '2025-03-21 05:17:10', '2025-03-21 05:17:10'),
(541, 'Paloma (bracitos)', 14.00, 14.00, NULL, 108, 4, '39-G', '2025-03-21 05:17:56', '2025-03-21 05:17:56'),
(542, 'Lengua alta', 6.00, 12.00, NULL, 108, 2, '39-H', '2025-03-21 05:18:44', '2025-03-21 05:18:44'),
(543, 'Lengua baja', 11.00, 11.00, NULL, 108, 2, '39-I', '2025-03-21 05:19:11', '2025-03-21 05:19:11'),
(544, 'Cuello alto', 4.00, 8.00, NULL, 108, 4, '39-J', '2025-03-21 05:19:44', '2025-03-21 05:19:44'),
(545, 'Cuello bajo', 4.00, 13.00, NULL, 108, 2, '39-K', '2025-03-21 05:20:17', '2025-03-21 05:20:17'),
(546, 'Talon', 11.00, 18.00, NULL, 108, 2, '39-M', '2025-03-21 05:20:55', '2025-03-21 05:20:55'),
(547, 'Forro lengua', 15.00, 12.00, NULL, 108, 2, '39-N', '2025-03-21 05:21:52', '2025-03-21 05:21:52'),
(548, 'Forro floreta', 27.00, 24.00, NULL, 108, 2, '39-L', '2025-03-21 05:23:21', '2025-03-21 05:23:21'),
(549, 'Forro talon', 13.00, 26.00, NULL, 108, 2, '39-O', '2025-03-21 05:24:06', '2025-03-21 05:24:06'),
(550, 'Esponja talon', 6.00, 23.00, NULL, 108, 2, '39-P', '2025-03-21 05:25:04', '2025-03-21 05:25:04'),
(551, 'Esponja lengua', 16.00, 10.00, NULL, 108, 2, '39-N', '2025-03-21 05:25:56', '2025-03-21 05:26:16'),
(552, 'Pala', 20.00, 27.00, NULL, 109, 2, 'A-65', '2025-06-19 01:18:45', '2025-06-19 01:18:45'),
(553, 'Cuello', 13.00, 6.00, NULL, 109, 2, 'B-65', '2025-06-19 01:19:35', '2025-06-19 01:19:35'),
(554, 'Remate', 1.00, 1.00, NULL, 109, 2, 'C-65', '2025-06-19 01:20:21', '2025-06-19 01:20:21'),
(555, 'Chinela', 10.00, 22.00, NULL, 109, 2, 'E-65', '2025-06-19 01:22:53', '2025-06-19 01:29:29'),
(556, 'Paloma', 15.00, 6.00, NULL, 109, 2, 'F-65', '2025-06-19 01:23:40', '2025-06-19 01:30:08'),
(557, 'Tiras', 10.00, 1.00, NULL, 109, 4, 'G-65', '2025-06-19 01:24:15', '2025-06-19 01:30:26'),
(558, 'Entretela paloma', 13.00, 5.00, NULL, 109, 2, 'H-65', '2025-06-19 01:24:56', '2025-06-19 01:30:56'),
(559, 'Lengua', 12.00, 9.00, NULL, 109, 2, 'D-65', '2025-06-19 01:26:01', '2025-06-19 01:28:56'),
(560, 'Forro Lengua', 12.00, 9.00, NULL, 109, 2, 'D-65', '2025-06-19 01:26:43', '2025-06-19 01:29:47'),
(561, 'Forro floreta', 21.00, 9.00, NULL, 109, 2, 'J-65', '2025-06-19 01:27:50', '2025-06-19 01:31:08'),
(562, 'Entretela pala', 9.00, 21.00, NULL, 109, 2, 'I-65', '2025-06-19 01:31:50', '2025-06-19 01:31:50'),
(563, 'Forro talon', 12.00, 28.00, NULL, 109, 2, 'K-65', '2025-06-19 01:32:51', '2025-06-19 01:32:51'),
(564, 'Poliflex', 24.00, 5.00, NULL, 109, 2, 'L-65', '2025-06-19 01:34:01', '2025-06-19 01:34:01'),
(565, 'Esponja', 22.00, 5.00, NULL, 109, 2, 'M-65', '2025-06-19 01:34:54', '2025-06-19 01:34:54'),
(566, 'Celaste', 5.00, 15.00, NULL, 109, 2, 'Celaste', '2025-06-19 01:35:43', '2025-06-19 01:35:43'),
(567, 'Floreta', 10.00, 12.00, NULL, 110, 2, 'A-62', '2025-06-20 05:22:10', '2025-06-20 05:22:10'),
(568, 'Chinela', 7.00, 16.00, NULL, 110, 2, 'B-62', '2025-06-20 05:22:32', '2025-06-20 05:22:32'),
(569, 'Paloma', 7.00, 24.00, NULL, 110, 2, 'C-62', '2025-06-20 05:23:28', '2025-06-20 05:23:28'),
(570, 'Talon', 5.00, 22.00, NULL, 110, 2, 'D-62', '2025-06-20 05:23:55', '2025-06-20 05:23:55'),
(571, 'Latigo largo', 2.00, 14.00, NULL, 110, 2, 'E-62', '2025-06-20 05:24:25', '2025-06-20 05:24:25'),
(572, 'Latigo corto', 2.00, 13.00, NULL, 110, 2, 'F-62', '2025-06-20 05:25:32', '2025-06-20 05:25:32'),
(573, 'Jaladera', 1.00, 9.00, NULL, 110, 2, 'G-62', '2025-06-20 05:26:31', '2025-06-20 05:26:31'),
(574, 'Forro floreta', 15.00, 10.00, NULL, 110, 2, 'H-62', '2025-06-20 05:27:25', '2025-06-20 05:27:25'),
(575, 'Forro talon', 9.00, 24.00, NULL, 110, 2, 'I-62', '2025-06-20 05:27:52', '2025-06-20 05:27:52'),
(576, 'Forro plantilla', 14.50, 7.00, NULL, 110, 2, 'J-62', '2025-06-20 05:28:49', '2025-06-20 05:28:49');

--
-- Volcado de datos para la tabla `proveedores`
--

INSERT INTO `proveedores` (`id`, `nombre`, `telefono`, `direccion`, `created_at`, `updated_at`) VALUES
(4, 'Acopol', NULL, NULL, '2024-11-15 00:05:59', '2024-11-15 00:05:59'),
(5, 'La Sultana', NULL, NULL, '2024-11-15 00:06:11', '2024-11-15 00:06:11'),
(6, 'Gusgor', NULL, NULL, '2024-11-15 00:06:22', '2024-11-15 00:06:22'),
(7, 'Italatek', NULL, NULL, '2024-11-15 00:06:55', '2024-11-15 00:06:55'),
(8, 'Revilla', NULL, NULL, '2024-11-15 00:07:06', '2024-11-15 00:07:06'),
(9, 'Casa Venegas', NULL, NULL, '2024-11-15 00:07:15', '2024-11-15 00:07:15'),
(10, 'Garsan', NULL, NULL, '2024-11-15 00:07:33', '2024-11-15 00:07:33'),
(11, 'Casa Blanca', NULL, NULL, '2024-11-15 00:08:20', '2024-11-15 00:08:20'),
(12, 'Wellbonding', NULL, NULL, '2024-11-15 00:08:47', '2024-11-15 00:08:47'),
(13, 'Curtidos RL', NULL, NULL, '2024-12-02 23:08:37', '2024-12-02 23:08:37'),
(14, 'Nexpelle', NULL, NULL, '2025-01-21 05:31:57', '2025-01-21 05:31:57'),
(15, 'Gujama', NULL, NULL, '2025-01-21 05:58:56', '2025-01-21 05:59:08'),
(16, 'Produtec', NULL, NULL, '2025-01-21 20:45:14', '2025-01-21 20:45:14'),
(17, 'Zadar', NULL, NULL, '2025-01-21 21:17:51', '2025-01-21 21:17:51'),
(18, 'Kether', NULL, NULL, '2025-01-21 21:39:17', '2025-01-21 21:39:17'),
(19, 'Leather', NULL, NULL, '2025-01-21 22:05:53', '2025-01-21 22:05:53'),
(20, 'Husujan', NULL, NULL, '2025-01-21 22:06:17', '2025-01-21 22:06:17'),
(21, 'Eurolatina', NULL, NULL, '2025-01-21 22:07:32', '2025-01-21 22:07:32'),
(22, 'Rala', NULL, NULL, '2025-01-21 22:07:40', '2025-01-21 22:07:40'),
(23, 'La Luz', NULL, NULL, '2025-01-21 22:08:00', '2025-01-21 22:08:00'),
(24, 'CMD', NULL, NULL, '2025-01-21 22:08:37', '2025-01-21 22:08:37'),
(25, 'Plasticos Muñoz', NULL, NULL, '2025-01-21 22:08:54', '2025-01-21 22:08:54'),
(26, 'Omar', NULL, NULL, '2025-01-21 22:09:15', '2025-01-21 22:09:15'),
(27, 'Plymont', NULL, NULL, '2025-01-21 22:09:36', '2025-01-21 22:09:36'),
(28, 'N/a', NULL, NULL, '2025-01-21 23:53:27', '2025-01-21 23:53:27'),
(29, 'Sport Marysol', NULL, NULL, '2025-01-22 00:19:08', '2025-01-22 00:19:08'),
(30, 'Eurolatina', NULL, NULL, '2025-01-22 04:30:27', '2025-01-22 04:30:27');

--
-- Volcado de datos para la tabla `proveedor_has_materiales`
--

INSERT INTO `proveedor_has_materiales` (`id`, `idProveedor`, `idMaterial`, `created_at`, `updated_at`) VALUES
(8, 4, 8, '2024-11-15 00:12:19', '2024-11-15 00:12:19'),
(9, 4, 9, '2024-11-15 00:13:34', '2024-11-15 00:13:34'),
(10, 4, 10, '2024-11-15 00:14:05', '2024-11-15 00:14:05'),
(11, 10, 11, '2024-11-15 00:14:55', '2024-11-15 00:14:55'),
(12, 5, 12, '2024-11-15 00:17:02', '2024-11-15 00:17:02'),
(14, 8, 14, '2024-11-15 00:18:55', '2024-11-15 00:18:55'),
(15, 5, 15, '2024-11-15 00:20:59', '2025-01-21 20:35:15'),
(16, 6, 16, '2024-11-15 00:24:48', '2024-11-15 00:24:48'),
(17, 5, 17, '2024-11-15 00:28:04', '2024-11-15 00:28:04'),
(18, 5, 18, '2024-11-15 00:29:16', '2024-11-15 00:29:16'),
(19, 9, 19, '2024-11-15 00:30:28', '2024-11-15 00:30:28'),
(20, 9, 20, '2024-11-15 00:31:20', '2024-11-15 00:31:20'),
(21, 9, 21, '2024-11-15 00:31:59', '2024-11-15 01:58:45'),
(22, 17, 22, '2024-11-15 00:33:35', '2025-01-28 07:33:41'),
(24, 5, 24, '2024-11-20 05:13:11', '2024-11-20 05:13:11'),
(25, 13, 25, '2024-12-02 23:08:03', '2024-12-02 23:09:05'),
(26, 14, 26, '2025-01-21 05:31:43', '2025-01-21 05:32:15'),
(27, 4, 27, '2025-01-21 05:33:26', '2025-01-21 22:31:04'),
(28, 14, 28, '2025-01-21 05:34:11', '2025-01-21 22:31:18'),
(29, 11, 29, '2025-01-21 05:34:47', '2025-01-21 22:31:44'),
(30, 5, 30, '2025-01-21 05:35:18', '2025-01-21 22:47:32'),
(31, 15, 31, '2025-01-21 05:58:44', '2025-01-30 09:22:53'),
(32, 8, 32, '2025-01-21 20:29:13', '2025-01-28 02:56:02'),
(33, 5, 33, '2025-01-21 20:31:59', '2025-01-21 20:31:59'),
(34, 5, 34, '2025-01-21 20:35:52', '2025-01-21 20:35:52'),
(35, 5, 35, '2025-01-21 20:38:44', '2025-01-21 20:38:44'),
(36, 5, 36, '2025-01-21 20:39:40', '2025-01-21 20:39:40'),
(37, 16, 37, '2025-01-21 20:42:32', '2025-01-28 07:35:12'),
(38, 5, 38, '2025-01-21 20:51:57', '2025-01-21 20:51:57'),
(39, 5, 39, '2025-01-21 20:53:22', '2025-01-21 20:53:22'),
(40, 5, 40, '2025-01-21 20:54:27', '2025-01-21 20:54:27'),
(41, 5, 41, '2025-01-21 20:55:59', '2025-01-21 20:55:59'),
(42, 5, 42, '2025-01-21 20:58:11', '2025-01-21 20:58:11'),
(43, 5, 43, '2025-01-21 20:59:30', '2025-01-21 20:59:30'),
(44, 5, 44, '2025-01-21 21:03:44', '2025-01-21 21:03:44'),
(45, 14, 45, '2025-01-21 21:05:51', '2025-01-21 21:05:51'),
(46, 14, 46, '2025-01-21 21:09:17', '2025-01-21 22:47:51'),
(47, 5, 47, '2025-01-21 21:10:16', '2025-01-21 21:10:16'),
(48, 5, 48, '2025-01-21 21:13:58', '2025-01-21 21:13:58'),
(49, 5, 49, '2025-01-21 21:15:40', '2025-01-21 21:15:40'),
(50, 5, 50, '2025-01-21 21:17:27', '2025-01-21 21:17:27'),
(51, 17, 51, '2025-01-21 21:18:48', '2025-02-04 04:03:13'),
(52, 17, 52, '2025-01-21 21:19:27', '2025-01-28 07:34:40'),
(53, 17, 53, '2025-01-21 21:19:58', '2025-01-28 07:34:53'),
(54, 16, 54, '2025-01-21 21:21:52', '2025-01-28 07:34:28'),
(55, 16, 55, '2025-01-21 21:22:48', '2025-01-21 21:22:48'),
(56, 5, 56, '2025-01-21 21:23:59', '2025-01-21 21:23:59'),
(57, 14, 57, '2025-01-21 21:26:18', '2025-01-21 21:26:18'),
(58, 14, 58, '2025-01-21 21:27:34', '2025-01-21 21:27:34'),
(59, 5, 59, '2025-01-21 21:29:30', '2025-01-21 21:29:30'),
(60, 11, 60, '2025-01-21 21:30:20', '2025-01-21 21:30:20'),
(61, 5, 61, '2025-01-21 21:32:10', '2025-01-21 21:32:10'),
(62, 4, 62, '2025-01-21 21:32:56', '2025-01-21 21:32:56'),
(63, 5, 63, '2025-01-21 21:33:44', '2025-01-21 21:33:44'),
(64, 5, 64, '2025-01-21 21:35:06', '2025-01-21 21:35:06'),
(65, 5, 65, '2025-01-21 21:35:56', '2025-01-21 21:35:56'),
(66, 18, 66, '2025-01-21 21:36:50', '2025-01-21 21:41:44'),
(67, 5, 67, '2025-01-21 21:43:57', '2025-01-21 21:43:57'),
(68, 4, 68, '2025-01-21 21:45:15', '2025-01-21 21:45:15'),
(69, 4, 69, '2025-01-21 21:47:13', '2025-01-21 21:47:13'),
(71, 10, 71, '2025-01-21 21:50:21', '2025-01-21 21:50:21'),
(72, 4, 72, '2025-01-21 21:51:15', '2025-01-21 21:51:15'),
(73, 6, 73, '2025-01-21 21:53:48', '2025-01-21 21:53:48'),
(75, 19, 75, '2025-01-21 22:13:00', '2025-01-21 22:13:00'),
(76, 18, 76, '2025-01-21 22:14:19', '2025-01-21 22:15:23'),
(77, 11, 77, '2025-01-21 22:16:22', '2025-01-21 22:16:22'),
(78, 5, 78, '2025-01-21 22:19:03', '2025-01-21 22:19:03'),
(79, 5, 79, '2025-01-21 22:21:09', '2025-01-21 22:21:09'),
(80, 4, 80, '2025-01-21 22:21:40', '2025-01-21 22:21:40'),
(81, 5, 81, '2025-01-21 22:23:38', '2025-01-21 22:23:38'),
(82, 12, 82, '2025-01-21 22:24:56', '2025-01-21 22:24:56'),
(83, 11, 83, '2025-01-21 22:26:35', '2025-01-21 22:26:35'),
(84, 4, 84, '2025-01-21 22:27:06', '2025-01-21 22:27:06'),
(85, 4, 85, '2025-01-21 22:27:42', '2025-01-21 22:27:42'),
(86, 4, 86, '2025-01-21 22:28:13', '2025-05-12 21:30:03'),
(87, 4, 87, '2025-01-21 22:29:22', '2025-01-21 22:29:22'),
(88, 12, 88, '2025-01-21 22:30:38', '2025-01-21 22:30:38'),
(90, 4, 90, '2025-01-21 22:36:49', '2025-01-21 22:36:49'),
(91, 4, 91, '2025-01-21 22:38:08', '2025-01-21 22:38:08'),
(92, 14, 92, '2025-01-21 22:39:31', '2025-01-21 22:39:31'),
(93, 14, 93, '2025-01-21 22:40:18', '2025-01-21 22:40:18'),
(94, 14, 94, '2025-01-21 22:41:03', '2025-01-21 22:41:03'),
(95, 5, 95, '2025-01-21 22:41:50', '2025-01-21 22:41:50'),
(96, 5, 96, '2025-01-21 22:42:18', '2025-01-21 22:42:18'),
(97, 5, 97, '2025-01-21 22:45:28', '2025-01-21 22:45:28'),
(98, 7, 98, '2025-01-21 22:46:42', '2025-01-21 22:47:09'),
(99, 20, 99, '2025-01-21 22:48:43', '2025-01-21 22:48:43'),
(101, 5, 101, '2025-01-21 22:50:54', '2025-01-21 22:50:54'),
(102, 5, 102, '2025-01-21 22:51:55', '2025-01-21 22:51:55'),
(103, 5, 103, '2025-01-21 23:35:42', '2025-01-21 23:35:42'),
(104, 18, 104, '2025-01-21 23:37:32', '2025-01-21 23:37:32'),
(105, 7, 105, '2025-01-21 23:38:34', '2025-01-21 23:38:34'),
(106, 7, 106, '2025-01-21 23:40:56', '2025-01-21 23:40:56'),
(107, 7, 107, '2025-01-21 23:41:34', '2025-01-21 23:41:34'),
(108, 6, 108, '2025-01-21 23:42:15', '2025-01-21 23:42:15'),
(109, 21, 109, '2025-01-21 23:42:50', '2025-01-21 23:42:50'),
(110, 21, 110, '2025-01-21 23:44:00', '2025-03-11 00:54:15'),
(111, 21, 111, '2025-01-21 23:45:53', '2025-01-21 23:45:53'),
(112, 21, 112, '2025-01-21 23:47:42', '2025-01-21 23:47:42'),
(113, 26, 113, '2025-01-21 23:48:10', '2025-01-21 23:51:13'),
(114, 21, 114, '2025-01-21 23:50:45', '2025-01-28 07:40:08'),
(115, 21, 115, '2025-01-21 23:52:30', '2025-01-21 23:52:30'),
(116, 28, 116, '2025-01-21 23:53:16', '2025-01-21 23:53:53'),
(117, 28, 117, '2025-01-21 23:54:41', '2025-01-21 23:54:41'),
(118, 28, 118, '2025-01-21 23:55:32', '2025-01-21 23:55:32'),
(119, 22, 119, '2025-01-21 23:57:01', '2025-01-21 23:57:01'),
(120, 22, 120, '2025-01-21 23:58:19', '2025-01-21 23:58:19'),
(121, 23, 121, '2025-01-21 23:59:16', '2025-01-21 23:59:16'),
(122, 8, 122, '2025-01-22 00:00:00', '2025-01-22 00:00:00'),
(123, 5, 123, '2025-01-22 00:01:39', '2025-01-22 00:01:39'),
(124, 6, 124, '2025-01-22 00:07:46', '2025-01-22 00:07:46'),
(126, 7, 126, '2025-01-22 00:11:32', '2025-01-22 00:11:32'),
(127, 10, 127, '2025-01-22 00:12:20', '2025-01-22 00:12:20'),
(128, 10, 128, '2025-01-22 00:15:58', '2025-01-22 00:15:58'),
(129, 4, 129, '2025-01-22 00:16:45', '2025-02-11 23:59:44'),
(130, 29, 130, '2025-01-22 00:18:33', '2025-01-22 00:21:18'),
(131, 24, 131, '2025-01-22 00:22:04', '2025-01-22 00:22:04'),
(132, 24, 132, '2025-01-22 00:24:14', '2025-01-22 00:24:14'),
(133, 24, 133, '2025-01-22 00:25:25', '2025-01-22 00:25:25'),
(134, 24, 134, '2025-01-22 00:26:14', '2025-01-22 00:26:14'),
(135, 24, 135, '2025-01-22 00:27:00', '2025-01-22 00:27:00'),
(136, 24, 136, '2025-01-22 00:30:51', '2025-01-22 00:30:51'),
(137, 24, 137, '2025-01-22 00:31:52', '2025-01-22 00:31:52'),
(138, 10, 138, '2025-01-22 00:32:38', '2025-01-22 00:32:38'),
(139, 9, 139, '2025-01-22 00:33:17', '2025-01-22 00:33:17'),
(140, 14, 140, '2025-01-22 00:35:01', '2025-01-22 00:35:01'),
(141, 24, 141, '2025-01-22 00:36:06', '2025-01-22 00:36:06'),
(142, 24, 142, '2025-01-22 00:37:19', '2025-01-22 00:37:19'),
(143, 24, 143, '2025-01-22 00:38:14', '2025-01-22 00:38:14'),
(144, 24, 144, '2025-01-22 00:38:44', '2025-01-22 00:38:44'),
(145, 24, 145, '2025-01-22 00:39:25', '2025-01-22 00:39:25'),
(146, 24, 146, '2025-01-22 00:39:48', '2025-01-22 00:39:48'),
(147, 24, 147, '2025-01-22 00:41:07', '2025-01-22 00:41:07'),
(148, 24, 148, '2025-01-22 00:41:40', '2025-01-22 00:41:40'),
(149, 25, 149, '2025-01-22 00:42:43', '2025-01-22 00:42:43'),
(150, 25, 150, '2025-01-22 00:43:48', '2025-01-22 00:43:48'),
(151, 5, 151, '2025-01-22 00:45:12', '2025-01-22 00:45:12'),
(152, 5, 152, '2025-01-22 00:49:33', '2025-01-22 00:49:33'),
(153, 14, 153, '2025-01-22 00:50:11', '2025-01-22 00:50:11'),
(154, 5, 154, '2025-01-22 00:53:36', '2025-01-22 00:53:36'),
(155, 6, 155, '2025-01-22 00:56:18', '2025-01-22 00:56:18'),
(156, 11, 156, '2025-01-22 00:57:55', '2025-01-22 00:57:55'),
(157, 5, 157, '2025-01-22 00:58:28', '2025-01-22 00:58:28'),
(158, 5, 158, '2025-01-22 00:59:45', '2025-01-22 00:59:45'),
(160, 5, 160, '2025-01-22 01:02:21', '2025-01-22 01:02:21'),
(161, 14, 161, '2025-01-22 01:05:37', '2025-01-22 01:05:37'),
(162, 5, 162, '2025-01-22 01:06:11', '2025-01-22 01:06:11'),
(163, 5, 163, '2025-01-22 01:07:50', '2025-01-22 01:07:50'),
(164, 5, 164, '2025-01-22 01:08:42', '2025-01-22 01:08:42'),
(165, 5, 165, '2025-01-22 01:09:19', '2025-01-22 01:09:19'),
(166, 27, 166, '2025-01-22 01:09:45', '2025-01-22 01:09:45'),
(167, 27, 167, '2025-01-22 01:10:14', '2025-01-22 01:10:14'),
(168, 28, 168, '2025-01-22 01:11:38', '2025-01-22 01:11:38'),
(169, 21, 169, '2025-01-22 04:30:10', '2025-01-22 04:34:30'),
(170, 4, 170, '2025-01-22 04:37:21', '2025-01-22 04:37:21'),
(171, 21, 171, '2025-01-22 04:38:27', '2025-01-22 04:38:27'),
(172, 8, 172, '2025-01-28 02:56:56', '2025-01-28 02:56:56'),
(173, 8, 173, '2025-01-28 02:57:44', '2025-01-28 02:57:44'),
(174, 28, 174, '2025-01-28 04:15:48', '2025-01-28 04:15:48'),
(175, 4, 175, '2025-01-30 22:23:14', '2025-01-30 22:23:14'),
(176, 5, 176, '2025-02-10 21:47:53', '2025-02-10 21:47:53'),
(177, 5, 177, '2025-02-20 04:15:01', '2025-02-20 04:15:01'),
(178, 5, 178, '2025-02-20 04:17:17', '2025-02-20 04:17:17'),
(179, 5, 179, '2025-02-20 04:20:34', '2025-02-20 04:20:54'),
(180, 5, 180, '2025-02-20 04:21:46', '2025-02-20 04:21:46'),
(181, 5, 181, '2025-02-20 22:12:55', '2025-02-20 22:12:55'),
(182, 21, 182, '2025-02-27 06:36:27', '2025-02-27 06:36:27'),
(183, 21, 183, '2025-02-27 08:07:02', '2025-02-27 08:07:02'),
(184, 5, 184, '2025-02-27 08:08:35', '2025-02-27 08:08:35'),
(185, 5, 185, '2025-02-27 08:09:56', '2025-02-27 08:09:56'),
(186, 5, 186, '2025-03-05 03:43:36', '2025-03-05 03:43:36'),
(187, 5, 187, '2025-03-05 03:44:15', '2025-03-05 03:44:15'),
(188, 5, 188, '2025-03-05 03:47:26', '2025-03-05 03:47:26'),
(189, 4, 189, '2025-03-05 04:52:23', '2025-03-05 04:52:23'),
(190, 4, 190, '2025-03-12 04:57:47', '2025-03-12 04:57:47'),
(191, 4, 191, '2025-03-12 04:58:34', '2025-03-12 04:58:34'),
(192, 11, 192, '2025-03-18 23:44:30', '2025-03-18 23:44:30'),
(193, 11, 193, '2025-03-27 02:21:44', '2025-03-27 02:21:44'),
(194, 4, 194, '2025-03-27 02:22:24', '2025-03-27 02:22:24'),
(195, 4, 195, '2025-04-03 23:20:16', '2025-04-03 23:20:16'),
(196, 5, 196, '2025-04-22 05:43:52', '2025-04-22 05:43:52'),
(197, 4, 197, '2025-04-22 22:29:22', '2025-04-22 22:31:02'),
(198, 4, 198, '2025-05-12 21:29:45', '2025-05-12 21:29:45'),
(199, 4, 199, '2025-05-12 21:30:24', '2025-05-12 21:30:24'),
(200, 11, 200, '2025-06-12 04:10:34', '2025-06-12 04:10:34'),
(201, 28, 201, '2025-06-20 05:46:02', '2025-06-20 05:46:02'),
(202, 28, 202, '2025-06-20 05:46:57', '2025-06-20 05:46:57'),
(203, 28, 203, '2025-06-20 05:47:42', '2025-06-20 05:49:42'),
(204, 28, 204, '2025-06-20 05:48:07', '2025-06-20 05:49:30'),
(205, 28, 205, '2025-06-20 05:50:26', '2025-06-20 05:50:37'),
(206, 28, 206, '2025-06-20 05:51:25', '2025-06-20 05:51:25');

--
-- Volcado de datos para la tabla `suelas`
--

INSERT INTO `suelas` (`id`, `nombre`, `precio`, `proveedor`, `descripcion`, `created_at`, `updated_at`) VALUES
(5, 'City', 119.00, 'Phymex', '#25 - #29', '2024-11-15 00:40:06', '2024-12-02 23:14:16'),
(6, 'Cosmos', 52.00, 'ANDA', '#22 - #30', '2024-11-20 05:18:18', '2024-11-20 05:18:18'),
(7, 'Caiman', 49.00, 'Challenger', '#25 - #29', '2024-12-02 23:14:00', '2024-12-02 23:14:00'),
(8, 'Pegaso Negro', 57.50, 'Anda', '#22 - #31', '2025-01-21 05:18:59', '2025-01-21 05:18:59'),
(9, 'Hopper Negra/Negra', 80.00, 'Challenger', '#23 - #30', '2025-01-21 05:20:30', '2025-01-21 05:20:30'),
(10, 'Luna Blanca', 34.00, 'Evamack', '#22 - #29', '2025-01-21 05:21:27', '2025-01-21 05:21:27'),
(11, 'Air Force', 35.00, 'Hulera Sky', '#23 - #28', '2025-01-21 05:22:39', '2025-01-28 02:24:43'),
(12, 'Air Force 1 Blanco', 48.00, 'DQO', '#22 - #29', '2025-01-21 05:23:12', '2025-01-21 05:23:12'),
(13, 'CTY-012 (Valvula)', 122.00, 'Phymex', '#23 - #29', '2025-01-21 05:25:35', '2025-01-21 05:25:35'),
(14, 'Alpha', 43.50, 'Anda', '#22 - #29', '2025-01-22 01:13:49', '2025-01-22 01:13:49'),
(15, 'Bugy', 48.00, 'Anda', '#22 - #26', '2025-01-22 01:14:43', '2025-01-22 01:14:43'),
(16, 'Cobra', 44.00, 'Anda', '#22 - #29', '2025-01-22 01:15:07', '2025-01-22 01:15:07'),
(17, 'Cool', 46.00, 'Anda', '#22 - #31', '2025-01-22 01:15:40', '2025-01-22 01:15:40'),
(18, 'Italy', 50.00, 'Anda', '#22 - #26', '2025-01-22 01:16:09', '2025-01-22 01:16:09'),
(19, 'New York', 50.00, 'Anda', '#22 - #26', '2025-01-22 01:16:51', '2025-01-22 01:16:51'),
(20, 'Orion', 47.00, 'Anda', '#22 - #29', '2025-01-22 01:18:23', '2025-01-22 01:18:23'),
(21, 'Pegasso', 57.50, 'Anda', '#22 - #31', '2025-01-22 01:18:52', '2025-01-22 01:18:52'),
(22, 'Prince', 64.00, 'Anda', '#22 - #26', '2025-01-22 01:19:32', '2025-01-22 01:19:32'),
(23, 'Steisy', 52.00, 'Anda', '#22 - #29', '2025-01-22 01:20:01', '2025-01-22 01:20:01'),
(24, 'Tommy', 42.00, 'Cajas del Bajio', 'Cajas', '2025-01-22 01:20:32', '2025-01-22 01:20:32'),
(25, 'BST MAX', 123.00, 'Challenger', '#22 - #30', '2025-01-22 01:21:18', '2025-01-22 01:21:18'),
(26, 'Grislee', 39.00, 'Challenger', '#25 - #29', '2025-01-22 01:22:14', '2025-01-22 01:22:14'),
(27, 'Hooper', 80.00, 'Challenger', '#23 - #30', '2025-01-22 01:23:22', '2025-01-22 01:23:22'),
(28, 'Jaguar', 57.00, 'Challenger', 'Piso de Llanta', '2025-01-22 01:24:10', '2025-01-22 01:24:10'),
(29, 'Outdoor', 33.00, 'Challenger', '#22 - #25', '2025-01-22 01:25:03', '2025-01-22 01:25:03'),
(30, 'Outdoor', 37.00, 'Challenger', '#26 - #30', '2025-01-22 01:26:17', '2025-01-22 01:26:17'),
(31, 'Pegasso', 132.00, 'Challenger', '#22 - #30', '2025-01-22 01:26:55', '2025-01-22 01:26:55'),
(32, 'Speed', 110.00, 'Challenger', '#22 - #26', '2025-01-22 01:27:20', '2025-01-22 01:27:20'),
(33, 'Suela de Hule', 70.00, 'Chino', 'Suela de Hule', '2025-01-22 01:28:27', '2025-01-22 01:28:27'),
(34, 'Ranil', 60.00, 'Dasha Ucrania', NULL, '2025-01-22 01:30:39', '2025-01-22 01:31:17'),
(35, 'TR Bco', 60.00, 'Dasha Ucrania', NULL, '2025-01-22 01:32:41', '2025-01-22 01:32:41'),
(36, 'Tr Cristal', 68.00, 'Dasha Ucrania', NULL, '2025-01-22 01:36:08', '2025-01-22 01:36:08'),
(37, 'TR Neg', 50.00, 'Dasha Ucrania', NULL, '2025-01-22 01:37:37', '2025-01-22 01:37:37'),
(38, 'De Dientes Y Viborita en el piso', 62.00, 'DIC', NULL, '2025-01-22 01:38:08', '2025-01-22 01:38:08'),
(39, 'Nueva 6 Julio', 68.00, 'DIC', NULL, '2025-01-22 01:38:58', '2025-01-22 01:38:58'),
(40, 'Ax', 57.00, 'DIC', NULL, '2025-01-22 01:39:54', '2025-01-22 01:39:54'),
(41, 'Golden', 48.00, 'DIC', NULL, '2025-01-22 01:40:31', '2025-01-22 01:40:31'),
(42, 'March (Cajita)', 38.00, 'DIC', NULL, '2025-01-22 01:41:36', '2025-01-22 01:41:36'),
(43, 'March (Plataforma)', 55.00, 'DIC', NULL, '2025-01-22 01:42:00', '2025-01-22 01:42:00'),
(44, 'Pachon', 48.00, 'DIC', NULL, '2025-01-22 01:42:26', '2025-01-22 01:42:26'),
(45, 'QIU', 78.00, 'DIC', NULL, '2025-01-22 01:42:54', '2025-01-22 01:42:54'),
(46, 'Xtreme', 80.00, 'DIC', NULL, '2025-01-22 01:44:06', '2025-01-22 01:44:06'),
(47, 'Yak', 75.00, 'DIC', NULL, '2025-01-22 01:44:26', '2025-01-22 01:44:26'),
(48, 'Classic (Air de Phylon)', 46.00, 'Evalom', '#22 - #29', '2025-01-22 01:47:57', '2025-01-22 01:47:57'),
(49, 'Galactica', 43.00, 'Evalom', NULL, '2025-01-22 01:48:44', '2025-01-22 01:48:44'),
(50, 'Galactica Kids', 36.00, 'Evalom', NULL, '2025-01-22 01:49:06', '2025-01-22 01:49:06'),
(51, 'Bibi', 45.00, 'Evamak', '#22 - #26', '2025-01-22 01:49:58', '2025-01-22 01:49:58'),
(52, 'Estefania', 48.00, 'Evamak', '#22 - #26', '2025-01-22 01:50:25', '2025-01-22 01:50:25'),
(53, 'Frida', 47.00, 'Evamak', '#22 - #29', '2025-01-22 01:50:55', '2025-01-22 01:50:55'),
(54, 'Luna', 34.00, 'Evamak', '#22 - #29', '2025-01-22 01:51:42', '2025-01-22 01:51:42'),
(55, 'Rosy TPU', 81.00, 'Evamak', '#22 - #25', '2025-01-22 01:52:25', '2025-01-22 01:52:25'),
(56, 'Rosy TPU', 84.00, 'Evamak', '#26 - #29', '2025-01-22 01:54:03', '2025-01-22 01:54:03'),
(57, 'Ganesha', 37.00, 'Genesis', NULL, '2025-01-22 01:54:29', '2025-01-22 01:54:29'),
(58, 'Raptor', 165.75, 'GR', '#5 - #9', '2025-01-22 01:55:17', '2025-01-22 01:55:17'),
(59, 'Retro', 30.00, 'Hulera Sky', NULL, '2025-01-22 01:57:24', '2025-01-28 02:24:15'),
(60, 'Retro Blanco y Bicolor', 35.00, 'Hulera Sky', NULL, '2025-01-22 01:57:57', '2025-01-22 01:57:57'),
(61, 'AIR', 35.00, 'Hulera Sky', NULL, '2025-01-22 01:58:39', '2025-01-22 01:58:39'),
(62, 'Caja', 40.00, 'Humca', NULL, '2025-01-22 01:59:05', '2025-01-22 01:59:05'),
(63, 'Plataforma', 50.00, 'Humca', NULL, '2025-01-22 01:59:23', '2025-01-22 01:59:23'),
(64, 'Skin', 45.00, 'Humca', NULL, '2025-01-22 01:59:59', '2025-01-22 01:59:59'),
(65, 'Grecia', 55.00, 'Jhalous', '#23 - #26', '2025-01-22 02:00:26', '2025-01-22 02:00:26'),
(66, 'Qatar (Ranil Ligero)', 55.00, 'Jhalous', '#23 - #26', '2025-01-22 02:01:28', '2025-01-22 02:01:28'),
(67, 'Stanlee', 20.50, 'Jhalous', '#15 - #21', '2025-01-22 02:04:02', '2025-01-22 02:04:02'),
(68, 'Stanlee', 30.00, 'Jhalous', '#22 - #28', '2025-01-22 02:05:05', '2025-01-22 02:05:05'),
(69, 'Converse TR', 24.00, 'Jhalous', '#15 - #21', '2025-01-22 02:06:44', '2025-01-22 02:06:44'),
(70, 'Converse TR', 32.00, 'Jhalous', '#22 - #28', '2025-01-22 02:07:55', '2025-01-22 02:07:55'),
(71, 'Hule', 45.00, 'Jorge Hule', '#18 - #21', '2025-01-22 02:09:15', '2025-01-22 02:09:15'),
(72, 'Hule', 50.00, 'Jorge Hule', '#22 - #29', '2025-01-22 02:09:41', '2025-01-22 02:09:41'),
(73, 'Bebe', 52.00, 'Lozano', NULL, '2025-01-22 02:10:04', '2025-01-22 02:10:04'),
(74, 'Felina', 58.00, 'Lozano', NULL, '2025-01-22 02:10:26', '2025-01-22 02:10:26'),
(75, 'Kudai', 61.00, 'Lozano', NULL, '2025-01-22 02:10:48', '2025-01-22 02:10:48'),
(76, 'Neo', 69.00, 'Lozano', NULL, '2025-01-22 02:11:10', '2025-01-22 02:11:10'),
(77, 'Nidia', 56.00, 'Lozano', NULL, '2025-01-22 02:11:44', '2025-01-22 02:11:44'),
(78, 'Hiking OX TPU', 133.12, 'Marysol', NULL, '2025-01-22 02:12:46', '2025-01-22 02:12:46'),
(79, 'Tactica Doble Dencidad', 83.52, 'Marysol', '#22 - #24', '2025-01-22 03:42:32', '2025-02-04 03:48:37'),
(80, 'Tactica Doble Dencidad', 98.60, 'Marysol', '#25 - #29', '2025-01-22 04:01:01', '2025-02-04 03:48:53'),
(81, 'Tactica Doble Dencidad', 114.84, 'Marysol', '#30 - #31', '2025-01-22 04:01:53', '2025-02-04 03:49:18'),
(82, 'Tactica Monodencidad', 58.27, 'Marysol', '#22 - #24', '2025-01-22 04:02:28', '2025-01-22 04:02:28'),
(83, 'Tactica Monodencidad', 71.82, 'Marysol', '#25 - #29', '2025-01-22 04:04:16', '2025-01-22 04:04:16'),
(84, 'Fiusha', 50.00, 'MP Suelas', '#22 - #26', '2025-01-22 04:04:54', '2025-01-22 04:04:54'),
(85, 'Obsesiva', 69.00, 'Na', NULL, '2025-01-22 04:05:43', '2025-01-22 04:05:43'),
(86, 'Air Force TR', 32.00, 'Pablito', NULL, '2025-01-22 04:06:22', '2025-01-22 04:06:22'),
(87, 'Blast Bicolor', 68.00, 'Phylon', NULL, '2025-01-22 04:07:16', '2025-01-22 04:07:16'),
(88, 'Pao', 67.00, 'Phylon', '#22 - #27', '2025-01-22 04:07:37', '2025-01-22 04:07:37'),
(89, 'Step', 35.00, 'Phylon', NULL, '2025-01-22 04:07:59', '2025-01-22 04:07:59'),
(90, 'Trendy', 47.00, 'Phylon', '#23 - #27', '2025-01-22 04:09:20', '2025-01-22 04:09:20'),
(91, 'Coach de caja', 49.00, 'Phymex', '#22 - #25', '2025-01-22 04:09:50', '2025-01-22 04:09:50'),
(92, 'Coach de Caja', 52.00, 'Phymex', '#26 - #29', '2025-01-22 04:10:27', '2025-01-22 04:10:27'),
(93, 'CTY - 012 (Valvula)', 122.00, 'Phymex', NULL, '2025-01-22 04:11:10', '2025-01-22 04:11:10'),
(94, 'Piso de Huelo', 119.00, 'Phymex', NULL, '2025-01-22 04:11:34', '2025-01-22 04:11:34'),
(95, 'Rayitas', 49.50, 'Phymex', '#18 - #21', '2025-01-22 04:12:02', '2025-01-22 04:12:02'),
(96, 'Rayitas', 54.00, 'Phymex', '#22 - #26', '2025-01-22 04:12:35', '2025-01-22 04:12:35'),
(97, 'Terrex Bicolor TR', 61.00, 'Phymex', NULL, '2025-01-22 04:13:19', '2025-01-22 04:13:19'),
(98, 'Terrex Monocolor TR', 61.00, 'Phymex', NULL, '2025-01-22 04:13:56', '2025-01-22 04:13:56'),
(99, 'Italia', 44.00, 'Sami', '#5 - #9', '2025-01-22 04:15:46', '2025-01-22 04:15:46'),
(100, 'Sin Suela', 0.00, 'Na', NULL, '2025-01-22 04:16:16', '2025-01-22 04:16:16'),
(101, 'Cobra', 60.00, 'Styleto', NULL, '2025-01-22 04:16:50', '2025-01-22 04:16:50'),
(102, 'Suela PU', 36.50, 'Suela PU', NULL, '2025-01-22 04:17:21', '2025-01-22 04:17:21'),
(103, 'Two', 99.50, 'Top Suelas', NULL, '2025-01-22 04:17:48', '2025-01-22 04:17:48'),
(104, 'Yoda', 42.00, 'Top Suelas', '#22 - #26', '2025-01-22 04:18:36', '2025-01-22 04:18:36'),
(105, 'Yoda', 33.20, 'Top Suelas', '#18 - #21', '2025-01-22 04:19:12', '2025-01-22 04:19:12'),
(106, 'Vale kids', 27.00, 'Triunfo', NULL, '2025-01-22 04:20:16', '2025-01-22 04:20:16'),
(107, 'XT - 005', 48.00, 'Xtiger', NULL, '2025-01-22 04:20:50', '2025-01-22 04:20:50'),
(108, 'XT-016', 43.00, 'Xtiger', NULL, '2025-01-22 04:21:17', '2025-01-22 04:21:17'),
(109, 'XT-032 (Air Plataforma)', 43.00, 'Xtiger', NULL, '2025-01-22 04:21:44', '2025-01-22 04:21:44'),
(110, 'Winflow', 35.00, 'Evalom', NULL, '2025-02-13 01:46:08', '2025-02-13 01:46:08'),
(111, 'CTY-25 Blanca con piso negro', 122.00, 'Domingo', '25-29', '2025-02-27 07:53:39', '2025-02-27 07:53:39'),
(112, 'Dior', 48.00, 'ANDA', 'Numeracion #22 - #29', '2025-03-21 02:38:03', '2025-03-21 02:38:03'),
(113, 'Brenda', 55.00, 'Aldo gutierrez', 'PU - #22 - #29', '2025-04-01 22:20:37', '2025-04-01 22:20:37'),
(114, 'Samba', 45.00, 'Hulera Sky', '#3-#6', '2025-06-19 01:59:11', '2025-06-19 01:59:11'),
(115, 'Bebe', 0.00, 'Reyna', NULL, '2025-06-20 06:08:03', '2025-06-20 06:08:03');

--
-- Volcado de datos para la tabla `users`
--

INSERT INTO `users` (`id`, `name`, `email`, `email_verified_at`, `password`, `remember_token`, `created_at`, `updated_at`) VALUES
(3, 'Pablo Sanchez', 'pabloprogramador77@gmail.com', NULL, '$2y$12$9Lt7ELNniTD/UdU1K0F6.e0ejdRRRLA/UBTeqkZL.hSdVKGi6lFzW', 'vkl8XBRARAVVMJkLn22ZVwolC89LJYYRaCBJsryhSyfpZWY5UuVWxAb6aLo2', '2024-10-25 04:14:21', '2024-10-25 04:14:21'),
(4, 'yo', 'el_duv@hotmail.com', NULL, '$2y$12$6gF0ZD9EOloXiiBmemqAE.Zk7KxU3O952NucXUE3ktlryCS7sAd..', NULL, '2024-11-02 05:37:27', '2024-11-02 05:37:27'),
(5, 'Alejandro Márquez', 'el.duva74@gmail.com', NULL, '$2y$12$toU74xs.vsrjDaOa.l74EevKFCrNi2acoKG/rjT9pmlaBhBcSfJ8W', '7pGQA8pbUTo8D8RVMgYplgYdV9WqPq8YaMUVBXZVdFhHHKFzVbDhCIB2LxkS', '2024-11-14 21:50:18', '2024-11-14 21:50:18'),
(6, 'Andrea Gtz', 'aydeefootwear@gmail.com', NULL, '$2y$12$DprrmUIlpZd8DGCcJxeVW.1dVJsHF7IdS4w4jGSOquFUIsnY.NNhe', NULL, '2025-01-15 03:51:39', '2025-01-15 03:51:39'),
(7, 'Auxiliar Producción', 'prov.aydfootwear@gmail.com', NULL, '$2y$12$cm1YI9/hkQkQVeq3DJz2iOlN1zBGtqu.2Jlb9KuRNo8nx6GNk.832', NULL, '2025-01-20 22:53:57', '2025-01-20 22:53:57'),
(8, 'Ventas', 'aydshoesmx@gmail.com', NULL, '$2y$12$3Nz5dy/xdeJmNmDeL8liYOyYGprXyLoEDMkR6i7VakCTC5F83K7p.', NULL, '2025-01-20 22:54:39', '2025-01-20 22:54:39');
COMMIT;

/*!40101 SET CHARACTER_SET_CLIENT=@OLD_CHARACTER_SET_CLIENT */;
/*!40101 SET CHARACTER_SET_RESULTS=@OLD_CHARACTER_SET_RESULTS */;
/*!40101 SET COLLATION_CONNECTION=@OLD_COLLATION_CONNECTION */;
